"cal_age","c14_age","c14_error"
0,199,11
1,197,11
2,195,11
3,193,11
4,190,11
5,188,11
6,185,11
7,181,11
8,178,11
9,174,11
10,170,11
11,166,11
12,163,11
13,161,11
14,160,10
15,160,10
16,161,10
17,162,10
18,163,10
19,164,10
20,163,10
21,162,10
22,160,10
23,156,10
24,153,10
25,149,10
26,146,10
27,143,10
28,141,9
29,140,10
30,137,10
31,135,10
32,132,10
33,129,10
34,126,10
35,123,10
36,121,10
37,120,10
38,119,9
39,119,10
40,118,10
41,116,10
42,113,10
43,110,10
44,106,10
45,102,9
46,99,10
47,96,10
48,95,10
49,95,10
50,96,10
51,97,10
52,98,10
53,99,10
54,98,9
55,99,9
56,99,10
57,101,9
58,103,9
59,107,9
60,110,9
61,113,9
62,115,9
63,116,9
64,117,10
65,116,9
66,115,10
67,114,10
68,114,10
69,116,10
70,118,10
71,121,10
72,125,10
73,128,10
74,130,10
75,130,10
76,130,9
77,129,9
78,127,9
79,125,9
80,124,9
81,123,9
82,124,9
83,125,9
84,127,9
85,128,9
86,129,9
87,128,9
88,127,9
89,126,9
90,125,9
91,124,10
92,125,10
93,125,10
94,126,10
95,127,10
96,127,10
97,127,10
98,126,10
99,125,10
100,124,10
101,124,10
102,123,10
103,124,10
104,124,10
105,125,10
106,126,10
107,127,10
108,128,10
109,129,10
110,129,10
111,128,10
112,127,10
113,124,9
114,121,10
115,117,9
116,112,10
117,108,10
118,104,9
119,100,9
120,98,9
121,96,10
122,96,10
123,96,9
124,98,9
125,100,9
126,102,9
127,104,9
128,104,9
129,105,9
130,104,9
131,104,9
132,105,9
133,106,10
134,107,10
135,110,10
136,113,10
137,117,10
138,121,10
139,127,10
140,133,10
141,139,10
142,145,10
143,150,10
144,153,10
145,156,10
146,157,10
147,159,10
148,161,10
149,163,10
150,167,10
151,173,10
152,180,10
153,189,10
154,198,10
155,207,10
156,215,10
157,221,10
158,225,10
159,227,10
160,228,10
161,227,10
162,224,10
163,221,10
164,218,10
165,214,10
166,209,10
167,205,10
168,200,10
169,195,10
170,189,10
171,184,10
172,179,10
173,176,10
174,174,10
175,174,10
176,175,10
177,178,10
178,181,10
179,183,10
180,185,10
181,185,10
182,184,10
183,182,10
184,179,10
185,177,10
186,174,10
187,171,10
188,168,10
189,165,10
190,161,10
191,159,10
192,158,10
193,159,10
194,161,9
195,163,9
196,166,10
197,169,10
198,172,10
199,175,10
200,177,10
201,178,10
202,179,10
203,180,10
204,180,10
205,180,10
206,180,10
207,178,10
208,176,10
209,173,10
210,170,10
211,167,10
212,165,10
213,163,10
214,162,10
215,161,10
216,160,10
217,159,10
218,157,10
219,154,10
220,149,10
221,145,10
222,140,10
223,135,10
224,131,10
225,127,10
226,123,9
227,119,9
228,115,9
229,111,9
230,107,9
231,103,9
232,100,9
233,97,9
234,96,9
235,96,9
236,97,9
237,98,9
238,99,9
239,101,9
240,103,9
241,105,9
242,107,9
243,108,9
244,108,9
245,108,9
246,108,9
247,107,9
248,107,9
249,108,9
250,110,9
251,112,9
252,115,9
253,118,9
254,122,9
255,125,9
256,129,9
257,132,9
258,135,9
259,138,9
260,141,9
261,144,9
262,147,9
263,150,9
264,153,9
265,156,10
266,159,10
267,163,10
268,166,10
269,168,10
270,171,10
271,173,10
272,175,10
273,176,10
274,176,10
275,176,10
276,176,10
277,177,10
278,179,10
279,183,10
280,187,10
281,192,10
282,196,10
283,201,10
284,206,10
285,210,10
286,214,10
287,217,10
288,221,10
289,225,10
290,229,10
291,233,10
292,236,10
293,239,10
294,242,10
295,244,10
296,245,10
297,247,10
298,248,10
299,250,10
300,252,10
301,254,10
302,257,10
303,261,10
304,264,10
305,267,10
306,270,10
307,274,10
308,278,10
309,282,10
310,287,10
311,291,10
312,295,10
313,298,10
314,302,10
315,306,10
316,311,10
317,315,10
318,320,10
319,324,10
320,326,10
321,328,10
322,330,10
323,330,10
324,329,10
325,329,10
326,330,10
327,331,10
328,333,10
329,337,10
330,341,10
331,345,10
332,348,10
333,352,10
334,355,10
335,356,10
336,357,10
337,357,10
338,357,10
339,357,10
340,358,10
341,360,10
342,362,10
343,364,10
344,366,10
345,366,10
346,365,10
347,363,10
348,360,10
349,357,10
350,355,10
351,354,10
352,353,10
353,352,10
354,351,10
355,351,10
356,349,10
357,347,10
358,345,10
359,343,10
360,340,10
361,338,10
362,336,10
363,335,10
364,334,10
365,334,10
366,335,10
367,335,10
368,335,10
369,335,10
370,335,10
371,334,10
372,334,10
373,333,10
374,332,10
375,330,10
376,329,10
377,327,10
378,326,10
379,324,10
380,323,10
381,321,10
382,321,9
383,321,10
384,322,10
385,323,10
386,325,10
387,326,10
388,327,10
389,326,10
390,325,10
391,323,10
392,321,10
393,320,10
394,318,10
395,317,10
396,316,10
397,315,10
398,313,10
399,311,10
400,309,10
401,307,10
402,307,10
403,307,10
404,308,10
405,309,10
406,310,10
407,311,10
408,310,9
409,309,10
410,308,9
411,306,10
412,304,10
413,302,9
414,300,10
415,299,10
416,298,10
417,298,10
418,299,10
419,301,10
420,303,10
421,306,9
422,309,9
423,313,9
424,317,9
425,321,9
426,325,10
427,328,10
428,331,10
429,334,10
430,336,10
431,339,10
432,340,10
433,341,10
434,341,10
435,341,10
436,341,9
437,341,9
438,342,9
439,343,10
440,345,10
441,346,10
442,348,10
443,349,10
444,350,10
445,351,10
446,352,10
447,353,10
448,354,10
449,355,10
450,355,10
451,355,10
452,356,10
453,356,10
454,357,10
455,358,10
456,360,10
457,361,10
458,363,10
459,364,10
460,365,10
461,366,10
462,367,10
463,368,9
464,368,9
465,368,9
466,368,9
467,368,9
468,369,9
469,370,10
470,371,10
471,373,10
472,375,10
473,377,10
474,380,10
475,383,10
476,386,10
477,388,10
478,390,10
479,391,10
480,391,10
481,392,10
482,393,10
483,394,10
484,395,10
485,394,10
486,393,10
487,392,10
488,391,10
489,392,10
490,393,10
491,397,10
492,401,10
493,406,10
494,411,10
495,416,10
496,420,10
497,423,10
498,425,10
499,427,10
500,429,10
501,432,10
502,435,10
503,439,10
504,443,10
505,446,10
506,450,10
507,454,10
508,457,10
509,460,10
510,463,10
511,465,10
512,468,10
513,471,10
514,475,10
515,478,10
516,482,10
517,484,10
518,486,10
519,488,10
520,489,10
521,490,10
522,491,10
523,493,10
524,496,10
525,500,10
526,504,10
527,509,10
528,514,10
529,518,10
530,522,10
531,524,10
532,525,10
533,526,10
534,526,10
535,526,10
536,526,10
537,527,10
538,529,10
539,531,10
540,534,10
541,538,10
542,542,10
543,546,10
544,551,10
545,555,10
546,558,10
547,561,10
548,564,10
549,566,10
550,568,10
551,570,10
552,574,10
553,578,10
554,583,10
555,589,10
556,594,10
557,599,10
558,605,10
559,610,10
560,615,10
561,620,10
562,624,10
563,628,10
564,631,10
565,633,10
566,635,10
567,637,10
568,640,10
569,643,10
570,646,10
571,651,10
572,655,10
573,659,10
574,663,10
575,665,11
576,665,11
577,664,11
578,662,11
579,660,11
580,656,11
581,653,11
582,649,11
583,645,11
584,642,11
585,638,11
586,635,11
587,631,11
588,628,11
589,626,11
590,623,11
591,619,11
592,616,11
593,612,11
594,607,10
595,603,10
596,599,10
597,595,10
598,592,10
599,591,10
600,590,10
601,590,10
602,590,10
603,589,10
604,589,10
605,588,10
606,587,10
607,587,10
608,587,10
609,587,10
610,587,10
611,587,10
612,587,10
613,586,10
614,585,10
615,583,10
616,582,10
617,581,10
618,580,10
619,580,10
620,580,10
621,582,10
622,584,10
623,588,10
624,592,10
625,597,10
626,601,10
627,606,10
628,610,10
629,614,10
630,618,10
631,621,10
632,623,10
633,625,10
634,625,10
635,625,10
636,625,10
637,625,10
638,625,11
639,625,11
640,626,11
641,627,11
642,628,11
643,630,11
644,633,11
645,637,11
646,641,11
647,645,11
648,650,10
649,654,10
650,659,11
651,663,11
652,668,11
653,672,11
654,675,11
655,678,11
656,680,11
657,681,11
658,683,11
659,684,11
660,686,11
661,688,11
662,689,11
663,692,11
664,694,11
665,696,11
666,699,11
667,703,11
668,707,11
669,712,11
670,718,11
671,725,11
672,732,11
673,739,11
674,745,11
675,750,11
676,754,11
677,758,11
678,761,11
679,764,11
680,767,11
681,771,11
682,774,11
683,778,11
684,781,11
685,785,11
686,788,11
687,792,11
688,795,11
689,797,11
690,800,11
691,802,11
692,803,11
693,804,11
694,805,11
695,805,11
696,806,11
697,807,11
698,808,11
699,809,11
700,809,11
701,808,11
702,808,11
703,807,11
704,806,11
705,805,11
706,804,11
707,803,11
708,802,11
709,801,11
710,800,11
711,799,11
712,798,11
713,797,11
714,797,11
715,797,11
716,797,11
717,799,11
718,800,11
719,802,11
720,803,11
721,805,11
722,806,11
723,808,11
724,809,11
725,812,10
726,815,10
727,819,10
728,824,10
729,829,10
730,835,11
731,842,10
732,848,11
733,853,10
734,857,10
735,860,10
736,862,10
737,864,10
738,866,10
739,867,10
740,868,11
741,869,11
742,870,11
743,871,11
744,871,11
745,871,11
746,871,11
747,872,11
748,874,11
749,876,11
750,879,11
751,881,11
752,882,11
753,883,11
754,882,11
755,881,11
756,879,11
757,876,11
758,874,11
759,872,11
760,870,11
761,869,11
762,868,11
763,867,11
764,865,11
765,864,11
766,863,11
767,863,11
768,864,11
769,866,11
770,868,11
771,871,11
772,874,11
773,877,11
774,879,11
775,881,11
776,883,11
777,883,11
778,883,11
779,883,11
780,882,11
781,882,11
782,882,11
783,884,11
784,886,10
785,889,10
786,893,10
787,896,10
788,899,10
789,903,10
790,906,10
791,910,11
792,914,11
793,919,11
794,923,11
795,928,11
796,933,10
797,937,10
798,940,11
799,942,11
800,944,11
801,945,11
802,947,11
803,948,11
804,949,11
805,950,11
806,950,11
807,950,11
808,950,11
809,948,11
810,946,11
811,944,11
812,942,11
813,940,10
814,939,10
815,939,10
816,940,10
817,941,10
818,942,10
819,942,10
820,943,10
821,943,10
822,944,10
823,944,10
824,946,10
825,947,10
826,949,10
827,950,10
828,951,10
829,952,10
830,952,10
831,953,10
832,954,10
833,955,10
834,956,10
835,957,10
836,959,10
837,960,10
838,961,10
839,961,11
840,961,11
841,960,11
842,959,11
843,957,11
844,955,10
845,953,10
846,951,10
847,949,10
848,947,10
849,945,11
850,944,11
851,943,11
852,943,11
853,944,11
854,945,11
855,947,11
856,950,10
857,953,10
858,955,10
859,956,10
860,957,11
861,957,10
862,957,10
863,956,10
864,954,10
865,952,10
866,950,10
867,947,10
868,943,10
869,939,10
870,935,10
871,930,10
872,926,10
873,924,10
874,922,10
875,921,10
876,921,10
877,921,10
878,921,10
879,921,10
880,921,10
881,921,10
882,921,10
883,921,10
884,922,10
885,922,10
886,922,10
887,922,10
888,922,10
889,921,10
890,920,10
891,918,10
892,917,10
893,915,10
894,914,10
895,914,10
896,917,10
897,921,10
898,926,10
899,931,10
900,936,10
901,940,10
902,944,10
903,948,11
904,950,10
905,952,11
906,954,11
907,955,10
908,956,10
909,957,10
910,959,10
911,961,10
912,963,10
913,966,10
914,969,10
915,972,10
916,976,10
917,980,10
918,984,10
919,988,10
920,992,10
921,995,10
922,999,10
923,1002,10
924,1006,10
925,1009,10
926,1014,10
927,1019,10
928,1025,10
929,1030,10
930,1035,10
931,1039,10
932,1042,10
933,1044,10
934,1046,10
935,1046,10
936,1047,10
937,1048,10
938,1049,10
939,1050,10
940,1051,10
941,1052,10
942,1051,10
943,1050,10
944,1047,10
945,1044,10
946,1040,10
947,1036,10
948,1033,10
949,1030,10
950,1028,10
951,1027,10
952,1027,10
953,1030,10
954,1035,10
955,1043,10
956,1054,10
957,1066,10
958,1077,10
959,1085,10
960,1091,10
961,1094,10
962,1096,10
963,1097,10
964,1096,10
965,1095,10
966,1094,10
967,1093,10
968,1092,10
969,1091,10
970,1091,10
971,1093,10
972,1096,10
973,1100,10
974,1104,10
975,1109,10
976,1113,10
977,1116,10
978,1118,10
979,1119,10
980,1119,10
981,1118,11
982,1116,11
983,1115,11
984,1113,11
985,1113,11
986,1112,12
987,1112,12
988,1112,13
989,1113,13
990,1113,13
991,1114,12
992,1115,12
993,1116,12
994,1118,12
995,1119,12
996,1120,12
997,1122,12
998,1123,12
999,1125,13
1000,1126,13
1001,1128,13
1002,1129,13
1003,1131,13
1004,1132,14
1005,1133,14
1006,1134,13
1007,1135,13
1008,1136,13
1009,1137,13
1010,1138,13
1011,1138,13
1012,1139,13
1013,1139,13
1014,1139,13
1015,1139,13
1016,1139,13
1017,1138,13
1018,1138,13
1019,1137,13
1020,1136,13
1021,1135,13
1022,1134,13
1023,1132,13
1024,1130,13
1025,1128,13
1026,1126,13
1027,1124,13
1028,1122,12
1029,1120,12
1030,1118,12
1031,1116,12
1032,1114,12
1033,1112,12
1034,1110,12
1035,1108,12
1036,1106,12
1037,1105,12
1038,1103,12
1039,1102,12
1040,1102,12
1041,1101,12
1042,1101,13
1043,1101,13
1044,1101,13
1045,1102,13
1046,1103,13
1047,1105,13
1048,1106,13
1049,1109,12
1050,1111,12
1051,1114,12
1052,1117,12
1053,1120,12
1054,1124,12
1055,1127,12
1056,1131,12
1057,1135,12
1058,1139,12
1059,1143,12
1060,1147,12
1061,1151,13
1062,1155,13
1063,1159,13
1064,1163,14
1065,1166,14
1066,1170,14
1067,1174,14
1068,1177,14
1069,1180,14
1070,1183,14
1071,1186,14
1072,1188,14
1073,1191,14
1074,1193,14
1075,1195,14
1076,1196,14
1077,1198,14
1078,1199,13
1079,1200,13
1080,1201,13
1081,1201,13
1082,1202,13
1083,1202,13
1084,1202,13
1085,1202,13
1086,1202,13
1087,1202,13
1088,1202,14
1089,1202,14
1090,1201,14
1091,1201,14
1092,1200,14
1093,1199,14
1094,1199,14
1095,1198,14
1096,1197,14
1097,1196,14
1098,1195,13
1099,1195,13
1100,1194,13
1101,1193,13
1102,1192,13
1103,1191,13
1104,1191,13
1105,1190,13
1106,1189,14
1107,1189,14
1108,1189,14
1109,1188,14
1110,1188,15
1111,1188,15
1112,1188,15
1113,1189,16
1114,1189,16
1115,1190,16
1116,1191,16
1117,1192,16
1118,1193,15
1119,1195,15
1120,1196,15
1121,1198,14
1122,1200,14
1123,1203,14
1124,1205,14
1125,1207,14
1126,1210,14
1127,1212,14
1128,1215,14
1129,1217,13
1130,1219,13
1131,1220,12
1132,1222,12
1133,1223,12
1134,1224,11
1135,1224,11
1136,1224,11
1137,1223,12
1138,1222,12
1139,1220,12
1140,1218,12
1141,1217,12
1142,1217,12
1143,1217,12
1144,1217,12
1145,1218,12
1146,1218,12
1147,1219,11
1148,1219,11
1149,1220,11
1150,1220,11
1151,1221,10
1152,1223,10
1153,1225,10
1154,1226,10
1155,1228,10
1156,1228,10
1157,1228,10
1158,1226,10
1159,1222,10
1160,1217,10
1161,1211,10
1162,1205,10
1163,1199,10
1164,1194,10
1165,1191,10
1166,1188,10
1167,1185,10
1168,1183,10
1169,1179,10
1170,1174,10
1171,1168,10
1172,1163,9
1173,1166,9
1174,1178,9
1175,1203,9
1176,1238,9
1177,1269,10
1178,1289,9
1179,1299,10
1180,1302,10
1181,1301,10
1182,1299,10
1183,1295,10
1184,1291,10
1185,1287,10
1186,1284,10
1187,1283,10
1188,1284,10
1189,1286,10
1190,1290,10
1191,1295,10
1192,1300,10
1193,1305,10
1194,1308,10
1195,1310,10
1196,1309,10
1197,1307,10
1198,1304,10
1199,1302,10
1200,1301,10
1201,1299,10
1202,1298,10
1203,1297,10
1204,1296,10
1205,1294,10
1206,1291,10
1207,1287,10
1208,1284,10
1209,1279,10
1210,1275,10
1211,1271,10
1212,1267,10
1213,1265,10
1214,1263,10
1215,1263,10
1216,1263,10
1217,1263,10
1218,1263,10
1219,1264,10
1220,1264,10
1221,1265,10
1222,1265,10
1223,1265,10
1224,1263,10
1225,1262,10
1226,1260,10
1227,1258,10
1228,1256,10
1229,1254,10
1230,1253,11
1231,1253,11
1232,1253,11
1233,1254,11
1234,1254,11
1235,1255,11
1236,1254,11
1237,1254,11
1238,1253,11
1239,1252,11
1240,1251,11
1241,1252,11
1242,1255,11
1243,1259,11
1244,1264,11
1245,1270,11
1246,1274,11
1247,1278,11
1248,1281,11
1249,1283,11
1250,1284,11
1251,1283,11
1252,1282,11
1253,1281,11
1254,1279,11
1255,1277,11
1256,1276,11
1257,1275,11
1258,1276,12
1259,1277,12
1260,1278,12
1261,1280,12
1262,1281,13
1263,1283,13
1264,1285,14
1265,1286,14
1266,1288,14
1267,1290,14
1268,1292,14
1269,1294,14
1270,1295,14
1271,1297,14
1272,1299,14
1273,1302,13
1274,1304,13
1275,1306,13
1276,1308,13
1277,1311,13
1278,1313,13
1279,1316,13
1280,1318,13
1281,1321,13
1282,1324,14
1283,1327,14
1284,1331,14
1285,1334,14
1286,1337,14
1287,1341,14
1288,1345,14
1289,1349,14
1290,1353,14
1291,1357,13
1292,1361,13
1293,1365,13
1294,1369,13
1295,1374,13
1296,1378,13
1297,1382,13
1298,1387,13
1299,1391,13
1300,1396,13
1301,1400,13
1302,1404,13
1303,1409,13
1304,1413,13
1305,1417,14
1306,1421,13
1307,1425,13
1308,1429,13
1309,1432,13
1310,1436,13
1311,1439,12
1312,1442,12
1313,1445,12
1314,1448,13
1315,1450,13
1316,1451,13
1317,1453,13
1318,1453,13
1319,1453,13
1320,1453,13
1321,1452,13
1322,1451,13
1323,1450,13
1324,1448,14
1325,1447,14
1326,1445,14
1327,1444,13
1328,1442,13
1329,1441,13
1330,1439,14
1331,1438,14
1332,1437,14
1333,1435,14
1334,1434,14
1335,1434,14
1336,1433,13
1337,1433,13
1338,1433,13
1339,1434,14
1340,1436,14
1341,1438,14
1342,1440,14
1343,1443,13
1344,1447,13
1345,1451,13
1346,1455,13
1347,1459,13
1348,1463,14
1349,1467,14
1350,1470,14
1351,1474,14
1352,1477,14
1353,1479,13
1354,1481,13
1355,1483,13
1356,1485,13
1357,1487,14
1358,1488,14
1359,1489,14
1360,1490,14
1361,1491,14
1362,1491,13
1363,1492,13
1364,1493,13
1365,1493,14
1366,1494,14
1367,1494,14
1368,1495,14
1369,1496,14
1370,1496,13
1371,1497,13
1372,1498,14
1373,1499,14
1374,1500,14
1375,1501,14
1376,1503,14
1377,1504,13
1378,1506,13
1379,1508,13
1380,1509,14
1381,1511,14
1382,1513,14
1383,1515,14
1384,1517,14
1385,1519,13
1386,1521,13
1387,1523,13
1388,1525,13
1389,1526,13
1390,1528,14
1391,1529,14
1392,1529,14
1393,1530,13
1394,1531,13
1395,1531,13
1396,1532,13
1397,1533,13
1398,1534,13
1399,1535,13
1400,1537,13
1401,1539,13
1402,1541,13
1403,1544,13
1404,1547,13
1405,1550,13
1406,1553,13
1407,1556,13
1408,1559,12
1409,1562,12
1410,1566,13
1411,1569,13
1412,1572,13
1413,1575,13
1414,1579,13
1415,1582,12
1416,1585,12
1417,1588,13
1418,1591,13
1419,1593,13
1420,1595,13
1421,1597,13
1422,1599,13
1423,1600,12
1424,1601,13
1425,1602,13
1426,1603,13
1427,1603,12
1428,1603,12
1429,1602,13
1430,1602,13
1431,1600,13
1432,1599,13
1433,1597,13
1434,1595,13
1435,1593,13
1436,1592,13
1437,1591,13
1438,1591,13
1439,1592,13
1440,1592,12
1441,1594,12
1442,1595,13
1443,1596,13
1444,1597,13
1445,1598,13
1446,1598,12
1447,1598,12
1448,1598,12
1449,1597,13
1450,1595,13
1451,1593,13
1452,1590,12
1453,1588,12
1454,1585,12
1455,1582,13
1456,1580,13
1457,1578,12
1458,1577,12
1459,1575,12
1460,1575,12
1461,1574,12
1462,1574,12
1463,1573,12
1464,1573,11
1465,1573,11
1466,1573,11
1467,1574,11
1468,1574,11
1469,1576,11
1470,1578,11
1471,1580,11
1472,1584,11
1473,1587,11
1474,1591,11
1475,1595,11
1476,1598,11
1477,1601,11
1478,1603,11
1479,1604,11
1480,1603,11
1481,1603,11
1482,1601,11
1483,1600,11
1484,1598,11
1485,1596,11
1486,1594,11
1487,1592,11
1488,1589,11
1489,1587,11
1490,1585,11
1491,1583,11
1492,1582,11
1493,1582,11
1494,1583,11
1495,1584,11
1496,1585,11
1497,1586,11
1498,1586,11
1499,1585,11
1500,1583,11
1501,1581,11
1502,1579,11
1503,1577,11
1504,1576,11
1505,1576,11
1506,1577,11
1507,1578,11
1508,1580,11
1509,1582,11
1510,1584,11
1511,1585,11
1512,1587,11
1513,1590,11
1514,1593,11
1515,1596,11
1516,1599,11
1517,1603,11
1518,1605,11
1519,1608,11
1520,1609,11
1521,1611,11
1522,1613,11
1523,1615,11
1524,1616,11
1525,1618,11
1526,1620,11
1527,1622,11
1528,1624,11
1529,1626,11
1530,1629,11
1531,1632,11
1532,1637,11
1533,1642,11
1534,1648,11
1535,1653,11
1536,1658,11
1537,1662,11
1538,1665,11
1539,1667,11
1540,1668,11
1541,1670,11
1542,1672,11
1543,1675,11
1544,1678,11
1545,1682,11
1546,1687,11
1547,1691,11
1548,1694,11
1549,1696,11
1550,1697,11
1551,1697,11
1552,1697,11
1553,1695,11
1554,1694,11
1555,1693,11
1556,1693,11
1557,1693,11
1558,1694,11
1559,1695,11
1560,1695,11
1561,1695,11
1562,1695,11
1563,1694,11
1564,1693,11
1565,1693,11
1566,1693,11
1567,1693,11
1568,1695,11
1569,1697,11
1570,1699,11
1571,1701,11
1572,1703,11
1573,1705,11
1574,1705,11
1575,1706,11
1576,1706,11
1577,1706,11
1578,1706,11
1579,1706,11
1580,1706,11
1581,1705,11
1582,1704,11
1583,1704,11
1584,1704,11
1585,1705,11
1586,1706,11
1587,1708,12
1588,1710,12
1589,1712,12
1590,1713,12
1591,1714,11
1592,1714,12
1593,1713,11
1594,1712,11
1595,1711,11
1596,1711,11
1597,1710,11
1598,1711,11
1599,1712,12
1600,1714,12
1601,1717,12
1602,1720,12
1603,1722,12
1604,1725,12
1605,1726,12
1606,1727,11
1607,1727,11
1608,1728,11
1609,1728,11
1610,1729,11
1611,1731,11
1612,1734,11
1613,1736,12
1614,1738,12
1615,1740,12
1616,1741,12
1617,1741,12
1618,1742,12
1619,1742,12
1620,1743,12
1621,1745,12
1622,1748,12
1623,1752,12
1624,1755,12
1625,1759,11
1626,1762,11
1627,1764,11
1628,1766,11
1629,1766,11
1630,1767,11
1631,1767,11
1632,1768,11
1633,1770,11
1634,1771,11
1635,1772,11
1636,1773,11
1637,1774,11
1638,1774,12
1639,1775,12
1640,1775,12
1641,1775,12
1642,1776,12
1643,1778,12
1644,1780,12
1645,1782,12
1646,1783,12
1647,1785,12
1648,1785,12
1649,1785,12
1650,1784,12
1651,1782,12
1652,1780,12
1653,1778,12
1654,1776,12
1655,1775,12
1656,1773,12
1657,1772,12
1658,1770,12
1659,1769,12
1660,1767,13
1661,1766,13
1662,1764,13
1663,1762,13
1664,1760,13
1665,1758,13
1666,1756,13
1667,1753,13
1668,1750,14
1669,1747,14
1670,1743,14
1671,1739,14
1672,1735,14
1673,1731,14
1674,1727,13
1675,1722,13
1676,1719,13
1677,1715,13
1678,1712,13
1679,1710,13
1680,1708,13
1681,1707,13
1682,1707,13
1683,1708,13
1684,1710,13
1685,1713,13
1686,1716,13
1687,1721,13
1688,1725,12
1689,1730,12
1690,1735,12
1691,1740,13
1692,1745,13
1693,1750,13
1694,1754,13
1695,1759,13
1696,1762,13
1697,1766,13
1698,1769,12
1699,1772,12
1700,1775,12
1701,1777,12
1702,1780,12
1703,1783,12
1704,1785,13
1705,1788,13
1706,1791,13
1707,1794,13
1708,1797,13
1709,1800,13
1710,1804,13
1711,1807,13
1712,1811,13
1713,1814,13
1714,1818,13
1715,1821,13
1716,1824,13
1717,1827,14
1718,1829,14
1719,1831,14
1720,1833,14
1721,1834,14
1722,1835,14
1723,1835,14
1724,1835,13
1725,1836,14
1726,1836,14
1727,1836,14
1728,1836,14
1729,1836,15
1730,1837,15
1731,1838,15
1732,1839,15
1733,1841,15
1734,1843,15
1735,1845,14
1736,1847,14
1737,1850,14
1738,1853,14
1739,1856,14
1740,1859,14
1741,1862,14
1742,1865,14
1743,1868,15
1744,1870,14
1745,1873,14
1746,1875,14
1747,1878,14
1748,1880,14
1749,1881,15
1750,1883,15
1751,1884,15
1752,1885,15
1753,1885,15
1754,1885,15
1755,1885,15
1756,1885,14
1757,1884,14
1758,1883,15
1759,1882,15
1760,1882,14
1761,1881,14
1762,1880,14
1763,1879,14
1764,1878,14
1765,1877,14
1766,1877,14
1767,1876,14
1768,1876,14
1769,1876,14
1770,1876,14
1771,1876,14
1772,1876,14
1773,1876,14
1774,1876,14
1775,1876,14
1776,1876,14
1777,1876,14
1778,1876,14
1779,1876,14
1780,1877,14
1781,1877,14
1782,1878,14
1783,1878,14
1784,1879,14
1785,1880,14
1786,1880,14
1787,1880,14
1788,1881,14
1789,1881,14
1790,1881,14
1791,1881,14
1792,1882,14
1793,1883,14
1794,1884,14
1795,1884,14
1796,1885,14
1797,1886,14
1798,1887,14
1799,1887,14
1800,1887,14
1801,1887,14
1802,1887,14
1803,1887,14
1804,1886,14
1805,1886,14
1806,1885,14
1807,1884,14
1808,1883,14
1809,1882,14
1810,1882,14
1811,1881,14
1812,1880,14
1813,1879,13
1814,1878,13
1815,1878,13
1816,1878,13
1817,1879,13
1818,1880,13
1819,1882,13
1820,1884,13
1821,1886,13
1822,1889,13
1823,1893,13
1824,1897,13
1825,1902,13
1826,1906,13
1827,1911,13
1828,1915,14
1829,1920,14
1830,1923,14
1831,1926,14
1832,1929,14
1833,1931,14
1834,1933,14
1835,1935,15
1836,1936,14
1837,1938,14
1838,1939,14
1839,1940,14
1840,1942,14
1841,1943,15
1842,1945,14
1843,1947,14
1844,1948,14
1845,1950,14
1846,1950,14
1847,1951,14
1848,1950,14
1849,1949,14
1850,1947,14
1851,1945,14
1852,1942,14
1853,1939,14
1854,1935,14
1855,1932,14
1856,1929,14
1857,1926,14
1858,1923,14
1859,1921,14
1860,1921,14
1861,1921,14
1862,1922,14
1863,1924,14
1864,1926,14
1865,1929,14
1866,1933,14
1867,1936,14
1868,1939,14
1869,1942,14
1870,1945,14
1871,1947,14
1872,1949,14
1873,1951,14
1874,1951,14
1875,1952,14
1876,1952,14
1877,1952,14
1878,1952,14
1879,1953,14
1880,1953,14
1881,1954,14
1882,1955,14
1883,1957,14
1884,1958,14
1885,1960,14
1886,1962,14
1887,1964,14
1888,1966,14
1889,1968,14
1890,1971,14
1891,1973,14
1892,1975,14
1893,1977,14
1894,1979,14
1895,1981,14
1896,1982,14
1897,1982,14
1898,1982,14
1899,1982,14
1900,1981,14
1901,1980,14
1902,1979,14
1903,1978,14
1904,1976,14
1905,1975,14
1906,1974,14
1907,1973,14
1908,1972,14
1909,1971,14
1910,1970,14
1911,1969,15
1912,1969,15
1913,1968,15
1914,1968,14
1915,1967,14
1916,1968,14
1917,1968,14
1918,1968,14
1919,1969,15
1920,1971,15
1921,1972,15
1922,1974,15
1923,1977,14
1924,1979,14
1925,1982,14
1926,1985,14
1927,1987,14
1928,1990,14
1929,1992,15
1930,1995,15
1931,1996,14
1932,1998,14
1933,1999,14
1934,2000,14
1935,2000,14
1936,2001,14
1937,2002,14
1938,2002,14
1939,2003,14
1940,2004,14
1941,2006,14
1942,2007,14
1943,2009,14
1944,2012,14
1945,2015,14
1946,2018,14
1947,2022,14
1948,2026,14
1949,2030,14
1950,2033,14
1951,2036,14
1952,2038,14
1953,2039,14
1954,2040,14
1955,2039,14
1956,2038,14
1957,2036,14
1958,2034,14
1959,2031,14
1960,2027,14
1961,2023,14
1962,2020,14
1963,2016,14
1964,2013,14
1965,2011,14
1966,2009,14
1967,2008,14
1968,2008,15
1969,2008,15
1970,2008,15
1971,2008,15
1972,2008,14
1973,2009,14
1974,2009,14
1975,2010,14
1976,2010,14
1977,2010,14
1978,2010,14
1979,2010,14
1980,2010,13
1981,2010,14
1982,2011,13
1983,2013,13
1984,2015,13
1985,2017,13
1986,2019,13
1987,2022,13
1988,2025,14
1989,2029,14
1990,2032,14
1991,2036,14
1992,2039,14
1993,2043,14
1994,2047,14
1995,2051,14
1996,2054,14
1997,2058,14
1998,2062,14
1999,2066,14
2000,2070,14
2001,2074,14
2002,2078,14
2003,2082,14
2004,2085,13
2005,2089,13
2006,2092,14
2007,2095,14
2008,2098,14
2009,2100,14
2010,2101,14
2011,2101,14
2012,2101,14
2013,2101,14
2014,2100,14
2015,2099,14
2016,2098,14
2017,2096,14
2018,2095,14
2019,2093,14
2020,2091,14
2021,2090,14
2022,2088,14
2023,2086,14
2024,2085,14
2025,2083,14
2026,2082,14
2027,2081,14
2028,2079,14
2029,2078,14
2030,2077,14
2031,2076,14
2032,2075,14
2033,2075,14
2034,2074,14
2035,2074,14
2036,2075,14
2037,2075,14
2038,2077,14
2039,2078,14
2040,2080,14
2041,2082,14
2042,2084,14
2043,2086,14
2044,2088,14
2045,2090,14
2046,2092,14
2047,2094,14
2048,2095,14
2049,2097,14
2050,2098,14
2051,2099,14
2052,2100,14
2053,2102,14
2054,2103,14
2055,2104,14
2056,2105,14
2057,2106,14
2058,2107,14
2059,2107,14
2060,2108,14
2061,2108,14
2062,2109,14
2063,2109,14
2064,2109,14
2065,2110,14
2066,2110,14
2067,2111,14
2068,2111,14
2069,2112,14
2070,2112,14
2071,2113,14
2072,2114,14
2073,2114,14
2074,2115,14
2075,2115,14
2076,2115,14
2077,2114,14
2078,2114,14
2079,2113,14
2080,2112,14
2081,2111,14
2082,2110,14
2083,2109,14
2084,2109,14
2085,2108,14
2086,2107,14
2087,2107,15
2088,2106,15
2089,2105,15
2090,2105,15
2091,2104,15
2092,2104,15
2093,2103,15
2094,2104,15
2095,2105,15
2096,2106,15
2097,2107,15
2098,2109,15
2099,2111,15
2100,2113,15
2101,2115,15
2102,2116,16
2103,2117,16
2104,2118,16
2105,2119,15
2106,2119,15
2107,2120,15
2108,2120,15
2109,2120,15
2110,2121,15
2111,2122,15
2112,2123,15
2113,2124,14
2114,2125,14
2115,2127,14
2116,2129,14
2117,2131,14
2118,2133,15
2119,2136,15
2120,2139,15
2121,2142,15
2122,2145,15
2123,2149,15
2124,2152,15
2125,2155,15
2126,2158,15
2127,2160,15
2128,2162,16
2129,2163,16
2130,2163,15
2131,2162,15
2132,2162,15
2133,2160,15
2134,2159,15
2135,2157,15
2136,2156,15
2137,2154,15
2138,2153,15
2139,2153,15
2140,2152,15
2141,2152,15
2142,2153,15
2143,2154,15
2144,2156,15
2145,2159,15
2146,2162,15
2147,2165,15
2148,2169,15
2149,2174,15
2150,2179,15
2151,2183,15
2152,2188,15
2153,2193,15
2154,2198,15
2155,2202,14
2156,2206,14
2157,2210,14
2158,2213,14
2159,2216,15
2160,2218,15
2161,2219,15
2162,2220,14
2163,2220,14
2164,2219,14
2165,2218,14
2166,2217,14
2167,2216,14
2168,2214,15
2169,2213,15
2170,2211,15
2171,2211,15
2172,2210,15
2173,2210,15
2174,2210,15
2175,2211,15
2176,2212,15
2177,2214,15
2178,2217,15
2179,2221,15
2180,2225,15
2181,2230,14
2182,2234,14
2183,2238,14
2184,2242,15
2185,2245,15
2186,2246,15
2187,2247,15
2188,2247,15
2189,2245,15
2190,2244,14
2191,2241,14
2192,2239,14
2193,2236,15
2194,2234,15
2195,2231,15
2196,2230,16
2197,2229,16
2198,2228,16
2199,2227,17
2200,2227,17
2201,2227,17
2202,2228,17
2203,2228,16
2204,2229,16
2205,2230,16
2206,2232,16
2207,2233,16
2208,2234,15
2209,2236,15
2210,2237,15
2211,2239,15
2212,2240,15
2213,2241,16
2214,2242,16
2215,2243,16
2216,2244,16
2217,2244,16
2218,2244,17
2219,2244,17
2220,2244,16
2221,2243,16
2222,2242,16
2223,2240,16
2224,2239,16
2225,2237,15
2226,2235,15
2227,2233,15
2228,2231,15
2229,2228,15
2230,2226,15
2231,2224,15
2232,2222,15
2233,2220,15
2234,2218,15
2235,2216,15
2236,2214,15
2237,2213,15
2238,2212,15
2239,2211,15
2240,2210,15
2241,2209,15
2242,2209,15
2243,2209,15
2244,2209,14
2245,2208,14
2246,2208,14
2247,2208,14
2248,2209,14
2249,2209,14
2250,2209,14
2251,2209,14
2252,2208,14
2253,2208,14
2254,2208,15
2255,2207,15
2256,2207,15
2257,2206,16
2258,2205,16
2259,2204,16
2260,2202,16
2261,2201,16
2262,2199,16
2263,2197,16
2264,2194,15
2265,2192,15
2266,2189,15
2267,2187,15
2268,2184,15
2269,2182,14
2270,2180,14
2271,2177,14
2272,2175,14
2273,2172,14
2274,2170,14
2275,2168,14
2276,2167,15
2277,2165,15
2278,2164,15
2279,2163,15
2280,2162,16
2281,2162,16
2282,2162,16
2283,2162,16
2284,2163,16
2285,2164,16
2286,2165,16
2287,2167,16
2288,2169,16
2289,2172,16
2290,2175,15
2291,2178,15
2292,2181,15
2293,2184,14
2294,2188,14
2295,2192,14
2296,2196,14
2297,2199,13
2298,2203,13
2299,2207,13
2300,2211,13
2301,2215,13
2302,2219,13
2303,2223,13
2304,2226,13
2305,2230,13
2306,2233,13
2307,2236,13
2308,2239,13
2309,2241,13
2310,2244,13
2311,2245,13
2312,2247,13
2313,2249,13
2314,2250,13
2315,2251,13
2316,2252,13
2317,2253,13
2318,2254,12
2319,2255,12
2320,2256,12
2321,2257,12
2322,2258,12
2323,2259,12
2324,2259,12
2325,2261,13
2326,2262,13
2327,2263,13
2328,2264,13
2329,2266,13
2330,2268,13
2331,2270,13
2332,2272,14
2333,2275,14
2334,2278,14
2335,2281,14
2336,2285,13
2337,2289,13
2338,2293,13
2339,2297,13
2340,2301,13
2341,2306,13
2342,2311,13
2343,2316,13
2344,2321,12
2345,2326,12
2346,2331,12
2347,2336,12
2348,2341,12
2349,2346,13
2350,2352,13
2351,2357,13
2352,2362,13
2353,2366,13
2354,2371,13
2355,2376,13
2356,2380,14
2357,2385,14
2358,2389,14
2359,2392,14
2360,2396,14
2361,2399,13
2362,2402,13
2363,2405,13
2364,2407,13
2365,2410,13
2366,2412,13
2367,2414,13
2368,2416,13
2369,2417,13
2370,2419,13
2371,2420,13
2372,2421,13
2373,2422,13
2374,2422,13
2375,2423,13
2376,2423,13
2377,2423,13
2378,2423,14
2379,2423,14
2380,2423,14
2381,2422,14
2382,2422,13
2383,2421,13
2384,2420,13
2385,2419,13
2386,2418,13
2387,2417,13
2388,2416,13
2389,2415,13
2390,2414,13
2391,2413,13
2392,2412,13
2393,2411,14
2394,2410,14
2395,2409,14
2396,2409,14
2397,2408,14
2398,2408,14
2399,2408,14
2400,2409,14
2401,2409,13
2402,2410,13
2403,2410,13
2404,2411,13
2405,2412,13
2406,2413,13
2407,2414,14
2408,2415,14
2409,2416,14
2410,2417,14
2411,2418,14
2412,2419,14
2413,2419,14
2414,2419,14
2415,2420,13
2416,2420,13
2417,2420,13
2418,2420,13
2419,2420,13
2420,2420,13
2421,2421,14
2422,2421,14
2423,2421,14
2424,2421,14
2425,2422,14
2426,2423,14
2427,2423,14
2428,2424,13
2429,2425,13
2430,2425,13
2431,2426,13
2432,2427,13
2433,2428,14
2434,2428,14
2435,2429,14
2436,2429,14
2437,2430,14
2438,2430,14
2439,2431,13
2440,2431,13
2441,2431,13
2442,2431,13
2443,2431,13
2444,2431,13
2445,2431,13
2446,2430,14
2447,2430,14
2448,2430,14
2449,2429,14
2450,2428,14
2451,2427,14
2452,2427,14
2453,2426,13
2454,2425,13
2455,2425,13
2456,2425,13
2457,2424,13
2458,2424,14
2459,2425,14
2460,2425,14
2461,2426,14
2462,2427,14
2463,2429,14
2464,2431,14
2465,2432,13
2466,2434,13
2467,2436,13
2468,2438,13
2469,2440,13
2470,2441,13
2471,2442,13
2472,2443,14
2473,2443,14
2474,2443,14
2475,2442,13
2476,2441,13
2477,2439,13
2478,2437,13
2479,2436,13
2480,2434,13
2481,2433,13
2482,2432,13
2483,2431,13
2484,2431,14
2485,2432,14
2486,2433,14
2487,2435,14
2488,2438,14
2489,2442,13
2490,2446,13
2491,2450,13
2492,2455,13
2493,2459,13
2494,2464,13
2495,2468,13
2496,2472,14
2497,2476,14
2498,2479,14
2499,2481,14
2500,2482,14
2501,2483,13
2502,2483,13
2503,2483,13
2504,2483,13
2505,2483,13
2506,2482,13
2507,2481,13
2508,2481,14
2509,2480,14
2510,2480,14
2511,2481,14
2512,2481,14
2513,2482,14
2514,2483,13
2515,2485,13
2516,2486,13
2517,2488,13
2518,2489,13
2519,2491,13
2520,2492,14
2521,2493,14
2522,2494,14
2523,2495,14
2524,2494,14
2525,2494,14
2526,2494,14
2527,2493,14
2528,2492,13
2529,2491,13
2530,2490,13
2531,2489,13
2532,2489,13
2533,2488,13
2534,2488,14
2535,2489,14
2536,2489,14
2537,2491,13
2538,2492,13
2539,2494,13
2540,2496,13
2541,2498,13
2542,2501,13
2543,2503,13
2544,2505,14
2545,2507,14
2546,2509,14
2547,2511,14
2548,2512,14
2549,2512,14
2550,2512,14
2551,2512,13
2552,2511,13
2553,2510,13
2554,2509,13
2555,2508,13
2556,2506,13
2557,2504,13
2558,2502,13
2559,2500,13
2560,2498,13
2561,2497,13
2562,2495,14
2563,2494,14
2564,2493,14
2565,2492,13
2566,2492,13
2567,2492,13
2568,2493,13
2569,2494,13
2570,2495,13
2571,2496,13
2572,2498,13
2573,2499,12
2574,2501,12
2575,2502,12
2576,2503,12
2577,2503,12
2578,2502,12
2579,2501,12
2580,2500,12
2581,2499,12
2582,2497,12
2583,2495,11
2584,2493,12
2585,2492,12
2586,2491,12
2587,2490,12
2588,2489,12
2589,2489,12
2590,2488,12
2591,2487,12
2592,2485,12
2593,2483,11
2594,2480,11
2595,2477,11
2596,2474,11
2597,2471,11
2598,2468,11
2599,2465,12
2600,2462,12
2601,2458,12
2602,2454,11
2603,2451,11
2604,2447,11
2605,2444,11
2606,2442,11
2607,2441,11
2608,2442,11
2609,2445,11
2610,2451,11
2611,2458,11
2612,2467,11
2613,2475,11
2614,2483,11
2615,2490,11
2616,2495,11
2617,2500,11
2618,2503,11
2619,2506,11
2620,2510,11
2621,2513,11
2622,2515,11
2623,2517,11
2624,2518,11
2625,2517,11
2626,2516,11
2627,2514,11
2628,2511,12
2629,2507,12
2630,2503,12
2631,2500,12
2632,2496,11
2633,2494,11
2634,2491,11
2635,2489,11
2636,2487,11
2637,2485,12
2638,2483,12
2639,2480,11
2640,2477,11
2641,2475,11
2642,2472,11
2643,2469,11
2644,2467,11
2645,2465,11
2646,2464,11
2647,2462,11
2648,2462,11
2649,2461,11
2650,2462,11
2651,2462,11
2652,2463,11
2653,2464,11
2654,2463,11
2655,2462,11
2656,2460,11
2657,2457,11
2658,2453,11
2659,2449,11
2660,2446,11
2661,2444,11
2662,2443,11
2663,2443,11
2664,2445,11
2665,2447,11
2666,2450,11
2667,2454,11
2668,2456,11
2669,2458,11
2670,2459,11
2671,2460,11
2672,2461,11
2673,2462,11
2674,2462,11
2675,2463,11
2676,2462,11
2677,2462,11
2678,2462,11
2679,2462,11
2680,2463,11
2681,2464,11
2682,2465,11
2683,2466,11
2684,2467,11
2685,2468,11
2686,2470,11
2687,2471,11
2688,2472,11
2689,2473,11
2690,2474,11
2691,2475,11
2692,2476,11
2693,2477,11
2694,2478,11
2695,2480,11
2696,2483,11
2697,2486,11
2698,2489,11
2699,2493,11
2700,2496,11
2701,2498,11
2702,2501,11
2703,2503,11
2704,2505,11
2705,2508,11
2706,2510,11
2707,2512,11
2708,2514,12
2709,2516,12
2710,2517,12
2711,2518,12
2712,2518,12
2713,2518,12
2714,2519,12
2715,2520,12
2716,2522,12
2717,2524,12
2718,2526,12
2719,2530,12
2720,2534,12
2721,2538,12
2722,2542,12
2723,2547,12
2724,2552,12
2725,2557,11
2726,2561,11
2727,2565,11
2728,2569,11
2729,2572,11
2730,2573,11
2731,2573,11
2732,2572,11
2733,2572,11
2734,2571,11
2735,2572,11
2736,2574,11
2737,2577,11
2738,2580,11
2739,2584,11
2740,2588,11
2741,2592,11
2742,2597,11
2743,2601,11
2744,2605,11
2745,2608,11
2746,2611,11
2747,2614,11
2748,2616,11
2749,2618,11
2750,2621,11
2751,2624,12
2752,2629,11
2753,2633,11
2754,2639,11
2755,2645,11
2756,2651,11
2757,2657,11
2758,2663,11
2759,2668,11
2760,2672,11
2761,2675,11
2762,2678,11
2763,2679,11
2764,2681,11
2765,2683,11
2766,2684,11
2767,2686,11
2768,2688,11
2769,2690,11
2770,2692,11
2771,2693,11
2772,2694,11
2773,2695,11
2774,2696,11
2775,2697,11
2776,2698,11
2777,2699,11
2778,2702,11
2779,2706,11
2780,2710,11
2781,2714,11
2782,2717,11
2783,2721,11
2784,2723,11
2785,2726,12
2786,2728,12
2787,2730,12
2788,2731,12
2789,2733,12
2790,2734,12
2791,2735,12
2792,2735,12
2793,2736,12
2794,2736,12
2795,2737,12
2796,2738,12
2797,2738,12
2798,2739,12
2799,2739,12
2800,2739,12
2801,2739,12
2802,2739,12
2803,2739,13
2804,2739,13
2805,2740,14
2806,2740,14
2807,2740,15
2808,2739,16
2809,2739,17
2810,2739,18
2811,2739,18
2812,2739,18
2813,2738,18
2814,2738,18
2815,2737,18
2816,2737,17
2817,2736,17
2818,2735,17
2819,2734,17
2820,2733,18
2821,2732,18
2822,2731,19
2823,2730,19
2824,2729,19
2825,2727,19
2826,2726,19
2827,2724,19
2828,2723,19
2829,2721,18
2830,2720,18
2831,2718,18
2832,2717,18
2833,2716,18
2834,2716,18
2835,2715,18
2836,2715,18
2837,2716,18
2838,2716,18
2839,2717,19
2840,2719,18
2841,2721,18
2842,2723,18
2843,2726,18
2844,2729,17
2845,2732,17
2846,2735,17
2847,2738,17
2848,2742,17
2849,2745,17
2850,2749,17
2851,2752,18
2852,2755,18
2853,2758,18
2854,2761,18
2855,2763,18
2856,2765,18
2857,2767,18
2858,2769,18
2859,2770,17
2860,2771,17
2861,2773,17
2862,2774,17
2863,2775,17
2864,2775,17
2865,2776,17
2866,2777,18
2867,2778,18
2868,2779,18
2869,2781,19
2870,2782,19
2871,2784,19
2872,2786,19
2873,2788,19
2874,2790,19
2875,2792,19
2876,2795,18
2877,2797,18
2878,2800,17
2879,2802,17
2880,2805,17
2881,2807,16
2882,2809,16
2883,2812,16
2884,2814,16
2885,2816,17
2886,2818,17
2887,2819,17
2888,2820,17
2889,2821,18
2890,2822,18
2891,2822,17
2892,2822,17
2893,2822,17
2894,2822,17
2895,2821,16
2896,2820,16
2897,2819,16
2898,2817,16
2899,2816,16
2900,2815,16
2901,2813,16
2902,2812,16
2903,2810,17
2904,2809,17
2905,2807,18
2906,2806,18
2907,2805,18
2908,2804,18
2909,2804,18
2910,2803,18
2911,2803,17
2912,2803,17
2913,2803,17
2914,2803,16
2915,2803,16
2916,2804,16
2917,2805,16
2918,2805,16
2919,2806,16
2920,2807,17
2921,2808,17
2922,2809,17
2923,2810,17
2924,2812,17
2925,2813,17
2926,2814,17
2927,2816,16
2928,2817,16
2929,2818,16
2930,2819,16
2931,2821,16
2932,2822,16
2933,2823,16
2934,2824,17
2935,2825,17
2936,2825,18
2937,2826,18
2938,2826,18
2939,2827,18
2940,2827,18
2941,2827,18
2942,2827,17
2943,2827,17
2944,2827,17
2945,2827,16
2946,2827,16
2947,2827,16
2948,2828,16
2949,2828,17
2950,2829,17
2951,2830,17
2952,2831,17
2953,2833,17
2954,2835,17
2955,2837,17
2956,2840,17
2957,2843,16
2958,2846,16
2959,2849,16
2960,2852,15
2961,2856,15
2962,2859,15
2963,2862,15
2964,2865,16
2965,2868,16
2966,2871,16
2967,2873,17
2968,2875,17
2969,2877,18
2970,2878,18
2971,2879,18
2972,2880,18
2973,2880,18
2974,2880,18
2975,2879,17
2976,2878,17
2977,2877,17
2978,2876,17
2979,2874,16
2980,2873,16
2981,2872,16
2982,2870,16
2983,2869,17
2984,2868,17
2985,2867,17
2986,2866,18
2987,2865,18
2988,2865,18
2989,2865,18
2990,2866,18
2991,2867,18
2992,2868,18
2993,2870,17
2994,2872,17
2995,2875,17
2996,2877,16
2997,2880,16
2998,2883,16
2999,2886,16
3000,2889,16
3001,2892,16
3002,2895,17
3003,2897,17
3004,2900,18
3005,2902,18
3006,2903,18
3007,2904,18
3008,2905,18
3009,2906,18
3010,2906,18
3011,2906,17
3012,2905,17
3013,2904,17
3014,2904,17
3015,2903,17
3016,2902,17
3017,2901,17
3018,2900,17
3019,2899,17
3020,2898,18
3021,2897,18
3022,2897,18
3023,2897,18
3024,2897,18
3025,2897,18
3026,2898,18
3027,2899,17
3028,2899,17
3029,2900,17
3030,2901,17
3031,2902,17
3032,2903,17
3033,2903,18
3034,2904,18
3035,2904,18
3036,2905,18
3037,2905,18
3038,2905,18
3039,2905,18
3040,2904,17
3041,2903,17
3042,2903,17
3043,2902,16
3044,2901,16
3045,2900,16
3046,2900,17
3047,2899,17
3048,2898,17
3049,2898,18
3050,2897,18
3051,2897,18
3052,2897,18
3053,2898,17
3054,2898,17
3055,2899,16
3056,2900,16
3057,2901,16
3058,2903,15
3059,2904,15
3060,2906,15
3061,2907,15
3062,2909,15
3063,2910,15
3064,2912,15
3065,2913,15
3066,2915,15
3067,2917,15
3068,2919,15
3069,2921,15
3070,2923,15
3071,2926,16
3072,2929,16
3073,2932,15
3074,2935,15
3075,2939,15
3076,2942,15
3077,2946,15
3078,2949,15
3079,2952,15
3080,2955,15
3081,2958,15
3082,2960,15
3083,2962,15
3084,2963,15
3085,2964,14
3086,2964,14
3087,2964,15
3088,2963,15
3089,2961,15
3090,2959,15
3091,2956,15
3092,2953,15
3093,2950,14
3094,2946,14
3095,2943,14
3096,2939,15
3097,2937,15
3098,2935,15
3099,2934,15
3100,2934,15
3101,2934,14
3102,2935,14
3103,2937,15
3104,2938,15
3105,2940,15
3106,2943,16
3107,2945,16
3108,2947,16
3109,2949,16
3110,2951,16
3111,2953,16
3112,2955,17
3113,2957,17
3114,2958,18
3115,2959,18
3116,2959,19
3117,2959,19
3118,2958,19
3119,2957,19
3120,2956,18
3121,2955,18
3122,2953,18
3123,2951,18
3124,2949,18
3125,2947,19
3126,2945,19
3127,2944,19
3128,2942,20
3129,2941,20
3130,2939,20
3131,2939,20
3132,2938,20
3133,2938,20
3134,2938,20
3135,2939,19
3136,2940,19
3137,2941,18
3138,2942,18
3139,2943,18
3140,2945,17
3141,2946,17
3142,2948,18
3143,2949,18
3144,2951,18
3145,2953,19
3146,2954,19
3147,2956,20
3148,2957,20
3149,2959,20
3150,2960,20
3151,2961,20
3152,2961,19
3153,2962,19
3154,2963,19
3155,2963,18
3156,2964,18
3157,2964,18
3158,2965,18
3159,2966,18
3160,2968,18
3161,2969,17
3162,2971,17
3163,2974,16
3164,2976,16
3165,2979,15
3166,2982,15
3167,2984,15
3168,2987,15
3169,2990,15
3170,2992,15
3171,2994,15
3172,2996,15
3173,2998,15
3174,2999,15
3175,3000,15
3176,3001,15
3177,3003,15
3178,3004,15
3179,3005,15
3180,3006,15
3181,3007,15
3182,3008,15
3183,3009,15
3184,3010,15
3185,3011,15
3186,3011,15
3187,3011,15
3188,3011,15
3189,3011,15
3190,3010,15
3191,3009,15
3192,3007,15
3193,3006,15
3194,3004,15
3195,3002,15
3196,3001,15
3197,2999,15
3198,2998,15
3199,2997,15
3200,2996,15
3201,2995,15
3202,2996,15
3203,2997,15
3204,2998,15
3205,3000,14
3206,3003,14
3207,3005,14
3208,3008,14
3209,3011,15
3210,3014,15
3211,3017,15
3212,3020,15
3213,3022,15
3214,3024,14
3215,3026,15
3216,3028,15
3217,3030,15
3218,3031,15
3219,3032,15
3220,3032,15
3221,3033,15
3222,3033,15
3223,3033,15
3224,3034,15
3225,3034,15
3226,3034,15
3227,3035,15
3228,3036,15
3229,3037,15
3230,3038,15
3231,3039,15
3232,3040,14
3233,3042,14
3234,3043,14
3235,3044,14
3236,3044,14
3237,3045,14
3238,3046,15
3239,3046,15
3240,3047,15
3241,3047,15
3242,3048,15
3243,3048,15
3244,3049,15
3245,3050,16
3246,3051,16
3247,3052,15
3248,3053,15
3249,3055,15
3250,3057,15
3251,3059,15
3252,3062,15
3253,3064,15
3254,3066,15
3255,3068,15
3256,3070,15
3257,3071,15
3258,3072,15
3259,3074,15
3260,3074,15
3261,3075,15
3262,3076,15
3263,3077,15
3264,3078,15
3265,3079,15
3266,3080,15
3267,3081,15
3268,3082,15
3269,3084,15
3270,3086,15
3271,3088,15
3272,3091,15
3273,3093,16
3274,3095,16
3275,3097,16
3276,3098,16
3277,3099,15
3278,3100,15
3279,3100,15
3280,3099,15
3281,3098,15
3282,3097,16
3283,3095,16
3284,3092,16
3285,3089,15
3286,3086,15
3287,3083,15
3288,3079,16
3289,3076,16
3290,3074,16
3291,3071,16
3292,3069,16
3293,3068,16
3294,3066,16
3295,3065,16
3296,3063,16
3297,3062,16
3298,3060,16
3299,3059,16
3300,3057,16
3301,3056,16
3302,3054,16
3303,3052,16
3304,3051,16
3305,3049,17
3306,3048,17
3307,3047,18
3308,3046,18
3309,3045,19
3310,3044,19
3311,3044,19
3312,3044,19
3313,3044,19
3314,3044,19
3315,3045,18
3316,3046,18
3317,3047,18
3318,3048,17
3319,3049,17
3320,3051,18
3321,3052,18
3322,3054,18
3323,3056,19
3324,3058,19
3325,3060,19
3326,3062,19
3327,3064,19
3328,3066,19
3329,3068,19
3330,3070,18
3331,3073,18
3332,3075,17
3333,3077,17
3334,3079,17
3335,3081,17
3336,3083,17
3337,3085,17
3338,3087,17
3339,3089,18
3340,3090,18
3341,3092,18
3342,3093,18
3343,3094,17
3344,3096,17
3345,3097,17
3346,3098,16
3347,3099,16
3348,3100,16
3349,3101,16
3350,3102,17
3351,3103,17
3352,3104,17
3353,3105,18
3354,3107,18
3355,3108,18
3356,3110,18
3357,3112,18
3358,3114,18
3359,3116,18
3360,3118,17
3361,3121,17
3362,3123,17
3363,3126,17
3364,3128,17
3365,3131,17
3366,3133,17
3367,3136,18
3368,3139,18
3369,3141,19
3370,3143,19
3371,3146,19
3372,3148,19
3373,3150,19
3374,3152,19
3375,3154,19
3376,3155,18
3377,3157,18
3378,3159,17
3379,3160,17
3380,3162,16
3381,3164,16
3382,3165,16
3383,3167,16
3384,3168,16
3385,3169,16
3386,3171,17
3387,3172,17
3388,3174,17
3389,3176,17
3390,3177,17
3391,3179,17
3392,3181,17
3393,3182,17
3394,3184,16
3395,3186,16
3396,3188,15
3397,3190,15
3398,3192,15
3399,3193,15
3400,3195,15
3401,3197,15
3402,3199,15
3403,3201,16
3404,3202,16
3405,3204,16
3406,3205,17
3407,3207,17
3408,3208,17
3409,3210,17
3410,3211,17
3411,3212,17
3412,3213,17
3413,3214,17
3414,3214,17
3415,3215,16
3416,3215,17
3417,3215,17
3418,3215,17
3419,3214,17
3420,3214,18
3421,3213,18
3422,3212,18
3423,3210,18
3424,3209,17
3425,3207,17
3426,3204,16
3427,3202,16
3428,3200,16
3429,3197,16
3430,3195,16
3431,3193,16
3432,3191,16
3433,3189,16
3434,3188,15
3435,3187,15
3436,3187,15
3437,3187,15
3438,3188,15
3439,3189,15
3440,3191,15
3441,3194,15
3442,3197,14
3443,3200,14
3444,3203,14
3445,3207,14
3446,3211,13
3447,3215,13
3448,3219,13
3449,3223,12
3450,3227,12
3451,3231,12
3452,3236,12
3453,3240,12
3454,3244,12
3455,3249,12
3456,3253,12
3457,3257,12
3458,3261,11
3459,3263,11
3460,3264,11
3461,3264,11
3462,3264,11
3463,3263,11
3464,3264,11
3465,3266,11
3466,3268,11
3467,3271,11
3468,3275,11
3469,3279,11
3470,3281,11
3471,3282,11
3472,3282,11
3473,3279,11
3474,3275,11
3475,3270,11
3476,3267,11
3477,3266,11
3478,3267,11
3479,3271,11
3480,3276,11
3481,3282,11
3482,3287,11
3483,3291,11
3484,3294,11
3485,3296,11
3486,3297,11
3487,3299,11
3488,3301,11
3489,3303,11
3490,3305,11
3491,3307,11
3492,3309,11
3493,3311,11
3494,3314,11
3495,3316,11
3496,3318,11
3497,3321,11
3498,3322,11
3499,3323,11
3500,3322,11
3501,3321,11
3502,3319,11
3503,3317,11
3504,3314,11
3505,3311,11
3506,3310,11
3507,3310,11
3508,3311,11
3509,3314,11
3510,3316,11
3511,3318,11
3512,3320,11
3513,3321,11
3514,3322,11
3515,3322,11
3516,3323,11
3517,3324,11
3518,3325,11
3519,3325,11
3520,3325,11
3521,3324,11
3522,3323,11
3523,3321,11
3524,3318,11
3525,3316,11
3526,3314,11
3527,3313,11
3528,3313,11
3529,3313,11
3530,3312,11
3531,3312,11
3532,3312,11
3533,3311,11
3534,3310,11
3535,3309,11
3536,3308,11
3537,3308,11
3538,3309,11
3539,3309,11
3540,3308,11
3541,3307,11
3542,3305,11
3543,3302,11
3544,3301,11
3545,3301,11
3546,3303,11
3547,3305,11
3548,3308,11
3549,3310,11
3550,3311,11
3551,3312,11
3552,3313,11
3553,3312,11
3554,3311,11
3555,3311,11
3556,3311,11
3557,3312,11
3558,3314,11
3559,3317,11
3560,3320,11
3561,3323,11
3562,3326,11
3563,3329,11
3564,3333,11
3565,3336,11
3566,3339,11
3567,3342,11
3568,3344,11
3569,3347,11
3570,3350,11
3571,3354,11
3572,3357,11
3573,3361,11
3574,3364,11
3575,3367,11
3576,3370,11
3577,3372,11
3578,3373,11
3579,3374,11
3580,3375,11
3581,3376,11
3582,3377,11
3583,3377,11
3584,3378,11
3585,3379,11
3586,3380,11
3587,3380,11
3588,3381,11
3589,3381,11
3590,3381,11
3591,3382,11
3592,3384,11
3593,3386,11
3594,3389,11
3595,3391,11
3596,3393,11
3597,3393,11
3598,3392,11
3599,3390,11
3600,3388,11
3601,3385,11
3602,3382,11
3603,3380,11
3604,3378,11
3605,3377,11
3606,3376,11
3607,3376,11
3608,3375,11
3609,3374,11
3610,3373,11
3611,3373,11
3612,3373,11
3613,3373,11
3614,3374,11
3615,3375,11
3616,3377,11
3617,3378,11
3618,3379,12
3619,3380,12
3620,3381,12
3621,3381,12
3622,3381,12
3623,3381,12
3624,3382,12
3625,3382,12
3626,3382,12
3627,3382,12
3628,3382,12
3629,3383,12
3630,3383,12
3631,3383,12
3632,3384,12
3633,3385,12
3634,3386,13
3635,3388,13
3636,3390,13
3637,3393,13
3638,3397,13
3639,3401,13
3640,3405,13
3641,3409,13
3642,3413,13
3643,3417,13
3644,3420,13
3645,3422,13
3646,3425,13
3647,3428,13
3648,3431,14
3649,3433,14
3650,3436,14
3651,3438,15
3652,3439,15
3653,3439,16
3654,3439,16
3655,3438,16
3656,3437,16
3657,3435,17
3658,3433,17
3659,3430,17
3660,3428,17
3661,3425,17
3662,3421,17
3663,3418,18
3664,3415,18
3665,3411,19
3666,3408,19
3667,3405,20
3668,3402,20
3669,3400,20
3670,3398,20
3671,3396,19
3672,3395,19
3673,3394,19
3674,3393,18
3675,3393,18
3676,3393,17
3677,3393,17
3678,3394,17
3679,3395,17
3680,3397,18
3681,3399,18
3682,3401,18
3683,3404,19
3684,3407,19
3685,3410,19
3686,3414,19
3687,3418,18
3688,3422,18
3689,3427,18
3690,3431,18
3691,3435,17
3692,3440,17
3693,3444,17
3694,3448,18
3695,3452,18
3696,3456,18
3697,3459,18
3698,3461,19
3699,3464,19
3700,3465,19
3701,3466,18
3702,3467,18
3703,3467,18
3704,3467,17
3705,3466,17
3706,3465,17
3707,3465,17
3708,3464,17
3709,3463,17
3710,3462,17
3711,3462,17
3712,3462,18
3713,3462,18
3714,3463,18
3715,3464,18
3716,3465,18
3717,3468,18
3718,3470,17
3719,3473,17
3720,3476,17
3721,3479,16
3722,3483,16
3723,3486,16
3724,3490,16
3725,3493,16
3726,3496,16
3727,3500,17
3728,3503,17
3729,3505,17
3730,3508,18
3731,3509,18
3732,3511,18
3733,3512,18
3734,3512,17
3735,3513,17
3736,3512,17
3737,3512,17
3738,3511,16
3739,3510,16
3740,3509,16
3741,3508,16
3742,3506,16
3743,3504,16
3744,3503,17
3745,3501,17
3746,3499,18
3747,3497,18
3748,3495,18
3749,3494,18
3750,3492,18
3751,3491,18
3752,3489,18
3753,3488,18
3754,3487,17
3755,3486,17
3756,3486,17
3757,3485,16
3758,3485,16
3759,3485,16
3760,3485,16
3761,3485,17
3762,3486,17
3763,3487,17
3764,3488,18
3765,3489,18
3766,3490,18
3767,3492,19
3768,3494,19
3769,3496,19
3770,3499,18
3771,3502,18
3772,3504,18
3773,3507,18
3774,3510,18
3775,3513,18
3776,3515,18
3777,3517,18
3778,3519,19
3779,3521,19
3780,3523,19
3781,3524,20
3782,3524,20
3783,3524,20
3784,3523,20
3785,3522,20
3786,3520,19
3787,3517,19
3788,3514,19
3789,3511,18
3790,3508,18
3791,3504,18
3792,3500,18
3793,3496,18
3794,3492,18
3795,3489,19
3796,3485,19
3797,3481,19
3798,3478,19
3799,3475,19
3800,3472,19
3801,3470,19
3802,3468,18
3803,3466,18
3804,3465,18
3805,3464,18
3806,3463,18
3807,3463,18
3808,3463,18
3809,3463,18
3810,3463,19
3811,3464,19
3812,3465,19
3813,3467,19
3814,3469,19
3815,3471,19
3816,3473,19
3817,3475,18
3818,3478,18
3819,3481,17
3820,3484,17
3821,3488,17
3822,3491,16
3823,3495,16
3824,3498,16
3825,3502,17
3826,3506,17
3827,3509,18
3828,3513,18
3829,3517,18
3830,3521,19
3831,3524,19
3832,3528,19
3833,3531,19
3834,3534,18
3835,3538,18
3836,3541,18
3837,3544,17
3838,3547,17
3839,3549,17
3840,3552,17
3841,3554,17
3842,3557,17
3843,3559,17
3844,3561,18
3845,3562,18
3846,3564,19
3847,3566,19
3848,3567,19
3849,3568,20
3850,3569,20
3851,3569,20
3852,3570,19
3853,3570,19
3854,3570,19
3855,3570,18
3856,3570,18
3857,3570,18
3858,3569,18
3859,3569,18
3860,3568,18
3861,3568,18
3862,3568,19
3863,3568,19
3864,3567,19
3865,3567,20
3866,3567,20
3867,3567,20
3868,3568,19
3869,3568,19
3870,3569,18
3871,3570,18
3872,3570,17
3873,3571,17
3874,3572,17
3875,3573,16
3876,3574,16
3877,3576,16
3878,3577,16
3879,3578,16
3880,3579,16
3881,3580,16
3882,3581,15
3883,3582,15
3884,3583,15
3885,3584,14
3886,3585,14
3887,3586,15
3888,3587,15
3889,3588,16
3890,3589,16
3891,3590,16
3892,3592,17
3893,3593,17
3894,3595,16
3895,3597,16
3896,3599,16
3897,3600,16
3898,3602,16
3899,3604,16
3900,3606,16
3901,3607,16
3902,3609,16
3903,3611,16
3904,3612,16
3905,3613,16
3906,3614,16
3907,3615,16
3908,3616,16
3909,3617,16
3910,3617,16
3911,3617,17
3912,3617,17
3913,3617,17
3914,3617,17
3915,3617,17
3916,3616,16
3917,3616,16
3918,3616,16
3919,3616,16
3920,3616,16
3921,3617,16
3922,3618,16
3923,3619,16
3924,3621,16
3925,3623,16
3926,3625,16
3927,3628,16
3928,3631,16
3929,3635,16
3930,3638,16
3931,3641,16
3932,3644,16
3933,3647,16
3934,3649,17
3935,3651,17
3936,3652,18
3937,3652,18
3938,3652,18
3939,3651,17
3940,3649,17
3941,3646,17
3942,3644,16
3943,3641,16
3944,3637,16
3945,3634,16
3946,3631,17
3947,3627,17
3948,3624,17
3949,3621,17
3950,3619,17
3951,3617,17
3952,3616,17
3953,3615,16
3954,3615,16
3955,3615,16
3956,3615,17
3957,3616,17
3958,3617,17
3959,3618,17
3960,3619,17
3961,3620,16
3962,3622,16
3963,3624,16
3964,3626,16
3965,3628,16
3966,3630,16
3967,3632,17
3968,3634,17
3969,3636,17
3970,3638,17
3971,3640,17
3972,3642,17
3973,3644,16
3974,3646,16
3975,3648,16
3976,3650,16
3977,3653,16
3978,3655,17
3979,3658,16
3980,3662,16
3981,3665,16
3982,3668,16
3983,3671,15
3984,3675,15
3985,3678,16
3986,3681,16
3987,3684,16
3988,3687,17
3989,3690,17
3990,3692,17
3991,3695,17
3992,3696,17
3993,3698,17
3994,3699,17
3995,3700,17
3996,3702,17
3997,3702,17
3998,3703,17
3999,3704,17
4000,3705,17
4001,3706,16
4002,3706,16
4003,3707,16
4004,3708,16
4005,3708,16
4006,3709,16
4007,3710,16
4008,3710,16
4009,3711,17
4010,3712,17
4011,3713,17
4012,3714,16
4013,3714,17
4014,3715,17
4015,3716,17
4016,3717,17
4017,3717,17
4018,3717,17
4019,3718,17
4020,3718,17
4021,3718,16
4022,3718,16
4023,3718,16
4024,3717,15
4025,3717,16
4026,3716,16
4027,3715,16
4028,3714,16
4029,3713,17
4030,3712,17
4031,3710,16
4032,3709,16
4033,3707,16
4034,3705,16
4035,3703,16
4036,3702,16
4037,3700,16
4038,3698,16
4039,3696,16
4040,3694,16
4041,3692,16
4042,3690,16
4043,3688,16
4044,3686,16
4045,3685,17
4046,3683,17
4047,3682,18
4048,3680,18
4049,3679,18
4050,3677,17
4051,3676,17
4052,3675,17
4053,3675,16
4054,3674,16
4055,3674,16
4056,3674,17
4057,3674,17
4058,3674,17
4059,3675,16
4060,3676,16
4061,3676,16
4062,3678,16
4063,3679,16
4064,3680,16
4065,3681,16
4066,3682,17
4067,3683,17
4068,3684,17
4069,3685,17
4070,3686,17
4071,3687,16
4072,3688,16
4073,3688,17
4074,3689,17
4075,3690,17
4076,3692,17
4077,3694,17
4078,3696,17
4079,3698,17
4080,3701,17
4081,3703,17
4082,3707,17
4083,3710,17
4084,3713,17
4085,3717,17
4086,3721,18
4087,3725,18
4088,3729,18
4089,3733,17
4090,3737,17
4091,3741,17
4092,3745,16
4093,3749,16
4094,3753,16
4095,3756,16
4096,3760,15
4097,3763,15
4098,3766,15
4099,3769,15
4100,3771,15
4101,3772,15
4102,3774,15
4103,3775,15
4104,3776,15
4105,3776,15
4106,3776,15
4107,3775,15
4108,3774,15
4109,3774,16
4110,3773,16
4111,3772,16
4112,3770,16
4113,3769,16
4114,3768,16
4115,3766,16
4116,3765,16
4117,3763,17
4118,3762,17
4119,3760,17
4120,3758,17
4121,3757,16
4122,3755,16
4123,3753,16
4124,3751,15
4125,3750,15
4126,3748,15
4127,3746,15
4128,3744,15
4129,3743,15
4130,3741,15
4131,3739,15
4132,3738,15
4133,3737,15
4134,3736,15
4135,3736,15
4136,3736,15
4137,3736,15
4138,3737,15
4139,3738,15
4140,3740,15
4141,3742,15
4142,3745,16
4143,3748,16
4144,3752,15
4145,3755,15
4146,3760,15
4147,3764,16
4148,3769,16
4149,3774,16
4150,3779,17
4151,3784,17
4152,3790,17
4153,3795,16
4154,3800,16
4155,3805,16
4156,3809,16
4157,3813,16
4158,3817,16
4159,3820,16
4160,3822,16
4161,3824,16
4162,3825,16
4163,3825,16
4164,3825,16
4165,3824,15
4166,3822,15
4167,3821,15
4168,3819,16
4169,3817,16
4170,3816,16
4171,3815,16
4172,3814,16
4173,3813,16
4174,3813,16
4175,3813,16
4176,3813,16
4177,3813,16
4178,3814,16
4179,3815,16
4180,3816,16
4181,3818,15
4182,3820,15
4183,3821,15
4184,3823,15
4185,3825,15
4186,3827,15
4187,3828,16
4188,3830,15
4189,3831,15
4190,3831,16
4191,3831,16
4192,3831,16
4193,3830,16
4194,3829,16
4195,3828,16
4196,3826,16
4197,3824,16
4198,3822,16
4199,3819,16
4200,3816,16
4201,3814,16
4202,3811,16
4203,3808,16
4204,3806,16
4205,3803,16
4206,3801,16
4207,3798,16
4208,3796,16
4209,3795,16
4210,3793,17
4211,3792,17
4212,3791,17
4213,3791,17
4214,3791,17
4215,3791,17
4216,3792,16
4217,3793,16
4218,3794,17
4219,3795,17
4220,3796,17
4221,3798,17
4222,3800,17
4223,3801,17
4224,3803,17
4225,3805,16
4226,3807,16
4227,3809,16
4228,3811,16
4229,3813,16
4230,3815,16
4231,3818,16
4232,3820,16
4233,3822,16
4234,3824,16
4235,3826,16
4236,3829,16
4237,3832,16
4238,3835,16
4239,3838,16
4240,3841,15
4241,3844,15
4242,3847,15
4243,3850,16
4244,3852,16
4245,3854,16
4246,3856,15
4247,3858,16
4248,3860,16
4249,3861,16
4250,3863,17
4251,3864,17
4252,3865,17
4253,3866,17
4254,3867,17
4255,3868,17
4256,3868,17
4257,3869,17
4258,3869,17
4259,3870,17
4260,3870,18
4261,3870,18
4262,3870,17
4263,3870,17
4264,3870,17
4265,3869,17
4266,3869,17
4267,3868,17
4268,3868,17
4269,3867,17
4270,3866,17
4271,3865,17
4272,3864,17
4273,3862,16
4274,3861,16
4275,3859,15
4276,3858,15
4277,3857,15
4278,3856,16
4279,3855,16
4280,3855,16
4281,3855,16
4282,3855,16
4283,3856,16
4284,3857,16
4285,3858,15
4286,3859,16
4287,3861,16
4288,3863,16
4289,3866,17
4290,3868,17
4291,3871,17
4292,3874,17
4293,3877,17
4294,3880,16
4295,3883,16
4296,3886,16
4297,3889,16
4298,3891,16
4299,3893,16
4300,3895,17
4301,3897,17
4302,3898,17
4303,3899,17
4304,3899,17
4305,3900,17
4306,3900,17
4307,3900,17
4308,3900,17
4309,3900,18
4310,3900,18
4311,3900,18
4312,3900,17
4313,3900,17
4314,3900,17
4315,3901,16
4316,3901,16
4317,3901,16
4318,3901,16
4319,3901,16
4320,3901,16
4321,3900,16
4322,3899,16
4323,3898,16
4324,3897,16
4325,3896,16
4326,3894,16
4327,3893,17
4328,3891,17
4329,3889,17
4330,3887,17
4331,3885,17
4332,3883,17
4333,3882,17
4334,3880,17
4335,3878,17
4336,3877,17
4337,3876,17
4338,3875,17
4339,3874,17
4340,3874,16
4341,3874,17
4342,3874,17
4343,3875,17
4344,3876,18
4345,3877,18
4346,3878,18
4347,3879,18
4348,3881,18
4349,3883,18
4350,3885,18
4351,3887,18
4352,3889,18
4353,3891,18
4354,3893,17
4355,3895,17
4356,3898,17
4357,3900,16
4358,3902,16
4359,3903,16
4360,3905,16
4361,3905,16
4362,3906,16
4363,3906,16
4364,3905,16
4365,3903,16
4366,3902,16
4367,3900,16
4368,3898,16
4369,3896,17
4370,3894,17
4371,3893,17
4372,3892,17
4373,3891,16
4374,3890,16
4375,3889,16
4376,3889,15
4377,3889,15
4378,3889,15
4379,3889,15
4380,3889,15
4381,3889,16
4382,3890,16
4383,3890,16
4384,3890,15
4385,3891,15
4386,3891,15
4387,3891,15
4388,3892,16
4389,3892,16
4390,3892,16
4391,3892,17
4392,3892,17
4393,3892,17
4394,3892,16
4395,3892,16
4396,3892,16
4397,3893,16
4398,3893,16
4399,3894,16
4400,3894,16
4401,3896,17
4402,3897,17
4403,3899,17
4404,3901,17
4405,3904,17
4406,3907,17
4407,3910,16
4408,3914,16
4409,3918,16
4410,3922,16
4411,3926,16
4412,3930,16
4413,3934,15
4414,3939,15
4415,3945,15
4416,3951,15
4417,3957,15
4418,3963,14
4419,3970,14
4420,3976,15
4421,3982,15
4422,3987,15
4423,3991,15
4424,3995,15
4425,3997,15
4426,3998,15
4427,3998,15
4428,3998,15
4429,3997,15
4430,3996,16
4431,3995,16
4432,3994,16
4433,3993,16
4434,3993,16
4435,3993,16
4436,3994,16
4437,3994,16
4438,3996,16
4439,3997,16
4440,3999,17
4441,4002,16
4442,4005,16
4443,4009,16
4444,4013,16
4445,4017,16
4446,4021,17
4447,4025,17
4448,4029,17
4449,4032,17
4450,4035,17
4451,4038,17
4452,4041,17
4453,4043,16
4454,4045,16
4455,4046,16
4456,4046,16
4457,4047,16
4458,4046,16
4459,4046,16
4460,4044,16
4461,4043,16
4462,4041,16
4463,4039,16
4464,4037,16
4465,4034,16
4466,4032,16
4467,4030,17
4468,4028,17
4469,4027,17
4470,4026,17
4471,4025,16
4472,4024,16
4473,4024,16
4474,4023,16
4475,4022,16
4476,4021,16
4477,4019,16
4478,4018,16
4479,4016,16
4480,4014,16
4481,4012,16
4482,4010,16
4483,4008,16
4484,4006,16
4485,4004,16
4486,4002,16
4487,4000,16
4488,3999,16
4489,3998,16
4490,3997,16
4491,3996,16
4492,3995,16
4493,3995,16
4494,3995,16
4495,3995,16
4496,3994,16
4497,3994,16
4498,3994,16
4499,3994,16
4500,3994,16
4501,3994,16
4502,3994,16
4503,3995,16
4504,3995,16
4505,3996,16
4506,3996,17
4507,3997,17
4508,3998,17
4509,4000,17
4510,4001,16
4511,4003,16
4512,4005,16
4513,4007,16
4514,4010,16
4515,4014,17
4516,4017,16
4517,4021,16
4518,4026,16
4519,4030,16
4520,4035,16
4521,4040,16
4522,4045,16
4523,4050,16
4524,4055,16
4525,4060,16
4526,4064,17
4527,4069,17
4528,4073,17
4529,4076,16
4530,4079,16
4531,4082,16
4532,4085,16
4533,4087,16
4534,4088,16
4535,4089,16
4536,4090,16
4537,4090,16
4538,4090,15
4539,4090,15
4540,4090,15
4541,4089,15
4542,4088,16
4543,4087,16
4544,4087,16
4545,4086,16
4546,4085,17
4547,4085,17
4548,4084,17
4549,4084,17
4550,4084,17
4551,4084,17
4552,4083,17
4553,4083,17
4554,4083,17
4555,4082,17
4556,4081,17
4557,4080,17
4558,4079,17
4559,4078,17
4560,4077,16
4561,4076,16
4562,4075,16
4563,4075,16
4564,4075,17
4565,4075,17
4566,4076,17
4567,4077,17
4568,4079,17
4569,4081,16
4570,4083,16
4571,4086,16
4572,4089,16
4573,4092,16
4574,4095,17
4575,4098,17
4576,4101,16
4577,4104,16
4578,4106,16
4579,4109,15
4580,4111,15
4581,4113,15
4582,4115,15
4583,4116,16
4584,4118,16
4585,4119,16
4586,4120,16
4587,4121,16
4588,4122,16
4589,4122,17
4590,4122,17
4591,4122,17
4592,4122,17
4593,4121,18
4594,4120,18
4595,4119,18
4596,4118,18
4597,4117,18
4598,4115,17
4599,4114,17
4600,4113,17
4601,4111,17
4602,4110,16
4603,4109,17
4604,4108,17
4605,4107,17
4606,4107,17
4607,4107,17
4608,4107,17
4609,4108,17
4610,4109,16
4611,4110,16
4612,4112,16
4613,4114,15
4614,4116,15
4615,4118,15
4616,4120,16
4617,4122,16
4618,4125,16
4619,4127,16
4620,4129,16
4621,4131,16
4622,4133,16
4623,4135,16
4624,4136,16
4625,4138,15
4626,4139,15
4627,4140,16
4628,4140,16
4629,4141,16
4630,4141,16
4631,4141,16
4632,4140,16
4633,4140,16
4634,4139,16
4635,4138,15
4636,4137,15
4637,4137,15
4638,4136,15
4639,4136,16
4640,4135,16
4641,4136,16
4642,4136,16
4643,4137,17
4644,4139,17
4645,4141,17
4646,4143,16
4647,4146,16
4648,4149,16
4649,4152,15
4650,4155,15
4651,4158,15
4652,4161,15
4653,4164,15
4654,4167,15
4655,4169,15
4656,4171,16
4657,4173,16
4658,4174,15
4659,4174,15
4660,4175,15
4661,4174,15
4662,4174,15
4663,4173,15
4664,4171,15
4665,4170,15
4666,4168,15
4667,4166,16
4668,4164,16
4669,4161,16
4670,4159,17
4671,4156,17
4672,4154,17
4673,4151,17
4674,4149,16
4675,4146,16
4676,4144,16
4677,4141,15
4678,4139,15
4679,4137,15
4680,4135,14
4681,4134,14
4682,4132,15
4683,4131,15
4684,4131,15
4685,4130,16
4686,4130,16
4687,4130,16
4688,4131,16
4689,4132,16
4690,4134,16
4691,4135,16
4692,4137,15
4693,4139,15
4694,4141,15
4695,4144,15
4696,4146,15
4697,4149,15
4698,4151,15
4699,4153,15
4700,4155,15
4701,4158,15
4702,4159,15
4703,4161,15
4704,4162,15
4705,4164,15
4706,4165,15
4707,4166,15
4708,4166,15
4709,4167,15
4710,4167,15
4711,4168,15
4712,4168,15
4713,4168,15
4714,4169,15
4715,4169,15
4716,4169,15
4717,4170,15
4718,4170,15
4719,4170,16
4720,4171,16
4721,4171,16
4722,4172,16
4723,4173,16
4724,4174,16
4725,4175,16
4726,4176,16
4727,4178,16
4728,4180,16
4729,4181,15
4730,4183,15
4731,4185,15
4732,4187,14
4733,4189,14
4734,4191,14
4735,4192,14
4736,4194,14
4737,4195,14
4738,4196,14
4739,4196,15
4740,4196,15
4741,4196,15
4742,4195,15
4743,4194,15
4744,4192,15
4745,4190,15
4746,4188,15
4747,4186,15
4748,4183,15
4749,4180,14
4750,4176,14
4751,4173,14
4752,4169,14
4753,4165,14
4754,4161,14
4755,4158,14
4756,4154,14
4757,4150,14
4758,4146,14
4759,4142,14
4760,4139,15
4761,4135,15
4762,4132,15
4763,4128,15
4764,4126,15
4765,4123,15
4766,4120,15
4767,4118,15
4768,4116,15
4769,4115,15
4770,4114,15
4771,4113,14
4772,4112,14
4773,4111,14
4774,4111,14
4775,4111,14
4776,4111,14
4777,4111,14
4778,4112,14
4779,4113,14
4780,4113,14
4781,4114,14
4782,4115,14
4783,4117,15
4784,4118,15
4785,4119,15
4786,4121,15
4787,4122,14
4788,4124,14
4789,4126,14
4790,4127,14
4791,4129,14
4792,4131,14
4793,4133,14
4794,4135,14
4795,4136,14
4796,4138,14
4797,4140,14
4798,4142,15
4799,4144,15
4800,4146,15
4801,4148,15
4802,4149,16
4803,4151,16
4804,4153,16
4805,4154,16
4806,4156,15
4807,4157,15
4808,4159,15
4809,4160,15
4810,4162,15
4811,4163,14
4812,4165,14
4813,4166,14
4814,4168,14
4815,4170,15
4816,4172,15
4817,4174,15
4818,4177,15
4819,4179,15
4820,4182,15
4821,4185,15
4822,4188,15
4823,4192,15
4824,4196,15
4825,4200,14
4826,4204,14
4827,4208,14
4828,4212,14
4829,4216,14
4830,4220,14
4831,4225,15
4832,4229,15
4833,4233,15
4834,4237,15
4835,4241,15
4836,4245,15
4837,4249,15
4838,4252,15
4839,4256,15
4840,4259,15
4841,4262,15
4842,4266,15
4843,4269,15
4844,4272,15
4845,4275,15
4846,4278,15
4847,4281,15
4848,4284,15
4849,4287,15
4850,4290,16
4851,4293,16
4852,4296,16
4853,4299,16
4854,4302,16
4855,4305,16
4856,4308,15
4857,4312,15
4858,4315,15
4859,4318,15
4860,4322,14
4861,4325,14
4862,4329,14
4863,4332,15
4864,4335,15
4865,4338,15
4866,4342,15
4867,4345,16
4868,4348,16
4869,4351,16
4870,4354,16
4871,4356,16
4872,4359,16
4873,4361,15
4874,4364,15
4875,4366,15
4876,4368,15
4877,4370,15
4878,4372,15
4879,4374,15
4880,4376,15
4881,4377,16
4882,4379,16
4883,4380,16
4884,4381,16
4885,4382,16
4886,4383,17
4887,4383,17
4888,4384,17
4889,4384,16
4890,4384,16
4891,4384,16
4892,4384,16
4893,4384,15
4894,4383,15
4895,4383,15
4896,4383,15
4897,4382,15
4898,4382,15
4899,4381,15
4900,4381,15
4901,4380,16
4902,4380,16
4903,4380,16
4904,4380,16
4905,4380,16
4906,4380,16
4907,4380,15
4908,4380,15
4909,4381,15
4910,4381,15
4911,4381,15
4912,4381,15
4913,4382,15
4914,4382,16
4915,4383,16
4916,4383,16
4917,4383,16
4918,4383,17
4919,4384,17
4920,4384,17
4921,4384,17
4922,4384,17
4923,4384,16
4924,4384,16
4925,4383,16
4926,4383,16
4927,4383,15
4928,4382,15
4929,4382,15
4930,4381,15
4931,4380,15
4932,4379,16
4933,4379,16
4934,4378,16
4935,4377,16
4936,4375,16
4937,4374,16
4938,4373,16
4939,4371,15
4940,4370,15
4941,4369,15
4942,4367,15
4943,4366,15
4944,4365,15
4945,4364,15
4946,4364,16
4947,4363,16
4948,4363,16
4949,4363,16
4950,4364,16
4951,4365,16
4952,4366,16
4953,4368,15
4954,4370,15
4955,4372,15
4956,4374,15
4957,4376,15
4958,4379,15
4959,4381,15
4960,4384,15
4961,4386,15
4962,4388,15
4963,4390,15
4964,4392,15
4965,4394,15
4966,4396,15
4967,4397,15
4968,4398,15
4969,4400,15
4970,4402,15
4971,4403,15
4972,4405,15
4973,4408,15
4974,4410,15
4975,4413,15
4976,4416,15
4977,4420,14
4978,4423,15
4979,4426,15
4980,4429,15
4981,4432,15
4982,4434,15
4983,4435,15
4984,4436,15
4985,4437,15
4986,4438,15
4987,4438,15
4988,4438,15
4989,4438,15
4990,4439,15
4991,4439,15
4992,4439,15
4993,4439,15
4994,4439,15
4995,4440,15
4996,4440,15
4997,4440,15
4998,4440,15
4999,4439,15
5000,4439,15
5001,4437.6,15.2
5002,4436.2,15.4
5003,4434.8,15.6
5004,4433.4,15.8
5005,4432,16
5006,4429.8,15.8
5007,4427.6,15.6
5008,4425.4,15.4
5009,4423.2,15.2
5010,4421,15
5011,4419,15.2
5012,4417,15.4
5013,4415,15.6
5014,4413,15.8
5015,4411,16
5016,4410.6,15.8
5017,4410.2,15.6
5018,4409.8,15.4
5019,4409.4,15.2
5020,4409,15
5021,4410,15
5022,4411,15
5023,4412,15
5024,4413,15
5025,4414,15
5026,4415.4,15.2
5027,4416.8,15.4
5028,4418.2,15.6
5029,4419.6,15.8
5030,4421,16
5031,4422.2,16
5032,4423.4,16
5033,4424.6,16
5034,4425.8,16
5035,4427,16
5036,4428.8,16
5037,4430.6,16
5038,4432.4,16
5039,4434.2,16
5040,4436,16
5041,4439,15.8
5042,4442,15.6
5043,4445,15.4
5044,4448,15.2
5045,4451,15
5046,4454.8,15.2
5047,4458.6,15.4
5048,4462.4,15.6
5049,4466.2,15.8
5050,4470,16
5051,4473.8,16
5052,4477.6,16
5053,4481.4,16
5054,4485.2,16
5055,4489,16
5056,4491,16
5057,4493,16
5058,4495,16
5059,4497,16
5060,4499,16
5061,4499.2,16
5062,4499.4,16
5063,4499.6,16
5064,4499.8,16
5065,4500,16
5066,4500.6,16
5067,4501.2,16
5068,4501.8,16
5069,4502.4,16
5070,4503,16
5071,4503.6,16
5072,4504.2,16
5073,4504.8,16
5074,4505.4,16
5075,4506,16
5076,4506,16
5077,4506,16
5078,4506,16
5079,4506,16
5080,4506,16
5081,4506.8,16
5082,4507.6,16
5083,4508.4,16
5084,4509.2,16
5085,4510,16
5086,4510.8,16
5087,4511.6,16
5088,4512.4,16
5089,4513.2,16
5090,4514,16
5091,4514,15.8
5092,4514,15.6
5093,4514,15.4
5094,4514,15.2
5095,4514,15
5096,4512.6,15.2
5097,4511.2,15.4
5098,4509.8,15.6
5099,4508.4,15.8
5100,4507,16
5101,4504.8,15.8
5102,4502.6,15.6
5103,4500.4,15.4
5104,4498.2,15.2
5105,4496,15
5106,4494,15.2
5107,4492,15.4
5108,4490,15.6
5109,4488,15.8
5110,4486,16
5111,4485.2,16
5112,4484.4,16
5113,4483.6,16
5114,4482.8,16
5115,4482,16
5116,4482,15.8
5117,4482,15.6
5118,4482,15.4
5119,4482,15.2
5120,4482,15
5121,4483,15
5122,4484,15
5123,4485,15
5124,4486,15
5125,4487,15
5126,4488.6,15.2
5127,4490.2,15.4
5128,4491.8,15.6
5129,4493.4,15.8
5130,4495,16
5131,4496.6,15.8
5132,4498.2,15.6
5133,4499.8,15.4
5134,4501.4,15.2
5135,4503,15
5136,4505.2,15.2
5137,4507.4,15.4
5138,4509.6,15.6
5139,4511.8,15.8
5140,4514,16
5141,4516,15.8
5142,4518,15.6
5143,4520,15.4
5144,4522,15.2
5145,4524,15
5146,4525,14.8
5147,4526,14.6
5148,4527,14.4
5149,4528,14.2
5150,4529,14
5151,4528.4,14
5152,4527.8,14
5153,4527.2,14
5154,4526.6,14
5155,4526,14
5156,4524.4,14.2
5157,4522.8,14.4
5158,4521.2,14.6
5159,4519.6,14.8
5160,4518,15
5161,4515.6,14.8
5162,4513.2,14.6
5163,4510.8,14.4
5164,4508.4,14.2
5165,4506,14
5166,4504.6,14
5167,4503.2,14
5168,4501.8,14
5169,4500.4,14
5170,4499,14
5171,4498.8,14
5172,4498.6,14
5173,4498.4,14
5174,4498.2,14
5175,4498,14
5176,4497.4,14.2
5177,4496.8,14.4
5178,4496.2,14.6
5179,4495.6,14.8
5180,4495,15
5181,4493.6,14.8
5182,4492.2,14.6
5183,4490.8,14.4
5184,4489.4,14.2
5185,4488,14
5186,4486,14
5187,4484,14
5188,4482,14
5189,4480,14
5190,4478,14
5191,4476.4,14.2
5192,4474.8,14.4
5193,4473.2,14.6
5194,4471.6,14.8
5195,4470,15
5196,4468.8,14.8
5197,4467.6,14.6
5198,4466.4,14.4
5199,4465.2,14.2
5200,4464,14
5201,4462.8,14.2
5202,4461.6,14.4
5203,4460.4,14.6
5204,4459.2,14.8
5205,4458,15
5206,4459.2,14.8
5207,4460.4,14.6
5208,4461.6,14.4
5209,4462.8,14.2
5210,4464,14
5211,4466.4,14
5212,4468.8,14
5213,4471.2,14
5214,4473.6,14
5215,4476,14
5216,4476.8,14.2
5217,4477.6,14.4
5218,4478.4,14.6
5219,4479.2,14.8
5220,4480,15
5221,4479,14.8
5222,4478,14.6
5223,4477,14.4
5224,4476,14.2
5225,4475,14
5226,4474.6,14.2
5227,4474.2,14.4
5228,4473.8,14.6
5229,4473.4,14.8
5230,4473,15
5231,4474.4,14.8
5232,4475.8,14.6
5233,4477.2,14.4
5234,4478.6,14.2
5235,4480,14
5236,4480.8,14
5237,4481.6,14
5238,4482.4,14
5239,4483.2,14
5240,4484,14
5241,4483.2,14
5242,4482.4,14
5243,4481.6,14
5244,4480.8,14
5245,4480,14
5246,4479,14
5247,4478,14
5248,4477,14
5249,4476,14
5250,4475,14
5251,4475,14.2
5252,4475,14.4
5253,4475,14.6
5254,4475,14.8
5255,4475,15
5256,4475.6,15
5257,4476.2,15
5258,4476.8,15
5259,4477.4,15
5260,4478,15
5261,4478.8,15
5262,4479.6,15
5263,4480.4,15
5264,4481.2,15
5265,4482,15
5266,4483,15
5267,4484,15
5268,4485,15
5269,4486,15
5270,4487,15
5271,4488.6,15
5272,4490.2,15
5273,4491.8,15
5274,4493.4,15
5275,4495,15
5276,4497.2,15
5277,4499.4,15
5278,4501.6,15
5279,4503.8,15
5280,4506,15
5281,4508.4,14.8
5282,4510.8,14.6
5283,4513.2,14.4
5284,4515.6,14.2
5285,4518,14
5286,4520.6,14
5287,4523.2,14
5288,4525.8,14
5289,4528.4,14
5290,4531,14
5291,4532.8,14
5292,4534.6,14
5293,4536.4,14
5294,4538.2,14
5295,4540,14
5296,4541.8,14.4
5297,4543.6,14.8
5298,4545.4,15.2
5299,4547.2,15.6
5300,4549,16
5301,4551.2,15.8
5302,4553.4,15.6
5303,4555.6,15.4
5304,4557.8,15.2
5305,4560,15
5306,4563.4,15
5307,4566.8,15
5308,4570.2,15
5309,4573.6,15
5310,4577,15
5311,4581.6,15
5312,4586.2,15
5313,4590.8,15
5314,4595.4,15
5315,4600,15
5316,4605.8,15
5317,4611.6,15
5318,4617.4,15
5319,4623.2,15
5320,4629,15
5321,4635.6,15
5322,4642.2,15
5323,4648.8,15
5324,4655.4,15
5325,4662,15
5326,4667.6,15
5327,4673.2,15
5328,4678.8,15
5329,4684.4,15
5330,4690,15
5331,4693.2,15
5332,4696.4,15
5333,4699.6,15
5334,4702.8,15
5335,4706,15
5336,4706,15
5337,4706,15
5338,4706,15
5339,4706,15
5340,4706,15
5341,4704.4,15
5342,4702.8,15
5343,4701.2,15
5344,4699.6,15
5345,4698,15
5346,4696.6,15.2
5347,4695.2,15.4
5348,4693.8,15.6
5349,4692.4,15.8
5350,4691,16
5351,4691.6,15.8
5352,4692.2,15.6
5353,4692.8,15.4
5354,4693.4,15.2
5355,4694,15
5356,4695.4,15.2
5357,4696.8,15.4
5358,4698.2,15.6
5359,4699.6,15.8
5360,4701,16
5361,4702,15.8
5362,4703,15.6
5363,4704,15.4
5364,4705,15.2
5365,4706,15
5366,4705.8,15
5367,4705.6,15
5368,4705.4,15
5369,4705.2,15
5370,4705,15
5371,4703.4,15
5372,4701.8,15
5373,4700.2,15
5374,4698.6,15
5375,4697,15
5376,4694.6,15
5377,4692.2,15
5378,4689.8,15
5379,4687.4,15
5380,4685,15
5381,4683,15
5382,4681,15
5383,4679,15
5384,4677,15
5385,4675,15
5386,4674,15
5387,4673,15
5388,4672,15
5389,4671,15
5390,4670,15
5391,4670.4,15
5392,4670.8,15
5393,4671.2,15
5394,4671.6,15
5395,4672,15
5396,4672,15
5397,4672,15
5398,4672,15
5399,4672,15
5400,4672,15
5401,4671.2,15
5402,4670.4,15
5403,4669.6,15
5404,4668.8,15
5405,4668,15
5406,4666.4,15
5407,4664.8,15
5408,4663.2,15
5409,4661.6,15
5410,4660,15
5411,4658.2,14.8
5412,4656.4,14.6
5413,4654.6,14.4
5414,4652.8,14.2
5415,4651,14
5416,4648.6,14.2
5417,4646.2,14.4
5418,4643.8,14.6
5419,4641.4,14.8
5420,4639,15
5421,4637.2,15
5422,4635.4,15
5423,4633.6,15
5424,4631.8,15
5425,4630,15
5426,4629.6,15
5427,4629.2,15
5428,4628.8,15
5429,4628.4,15
5430,4628,15
5431,4629.6,15
5432,4631.2,15
5433,4632.8,15
5434,4634.4,15
5435,4636,15
5436,4639.4,15
5437,4642.8,15
5438,4646.2,15
5439,4649.6,15
5440,4653,15
5441,4657,15
5442,4661,15
5443,4665,15
5444,4669,15
5445,4673,15
5446,4675.2,15
5447,4677.4,15
5448,4679.6,15
5449,4681.8,15
5450,4684,15
5451,4684.8,15
5452,4685.6,15
5453,4686.4,15
5454,4687.2,15
5455,4688,15
5456,4689.2,15.2
5457,4690.4,15.4
5458,4691.6,15.6
5459,4692.8,15.8
5460,4694,16
5461,4696.4,15.8
5462,4698.8,15.6
5463,4701.2,15.4
5464,4703.6,15.2
5465,4706,15
5466,4709.4,15.2
5467,4712.8,15.4
5468,4716.2,15.6
5469,4719.6,15.8
5470,4723,16
5471,4727.2,15.8
5472,4731.4,15.6
5473,4735.6,15.4
5474,4739.8,15.2
5475,4744,15
5476,4748,15.2
5477,4752,15.4
5478,4756,15.6
5479,4760,15.8
5480,4764,16
5481,4767.8,15.8
5482,4771.6,15.6
5483,4775.4,15.4
5484,4779.2,15.2
5485,4783,15
5486,4785.6,15.2
5487,4788.2,15.4
5488,4790.8,15.6
5489,4793.4,15.8
5490,4796,16
5491,4797.4,15.8
5492,4798.8,15.6
5493,4800.2,15.4
5494,4801.6,15.2
5495,4803,15
5496,4802.2,15.2
5497,4801.4,15.4
5498,4800.6,15.6
5499,4799.8,15.8
5500,4799,16
5501,4796.4,16
5502,4793.8,16
5503,4791.2,16
5504,4788.6,16
5505,4786,16
5506,4783.4,16.2
5507,4780.8,16.4
5508,4778.2,16.6
5509,4775.6,16.8
5510,4773,17
5511,4772.4,16.8
5512,4771.8,16.6
5513,4771.2,16.4
5514,4770.6,16.2
5515,4770,16
5516,4770.6,16
5517,4771.2,16
5518,4771.8,16
5519,4772.4,16
5520,4773,16
5521,4773,16
5522,4773,16
5523,4773,16
5524,4773,16
5525,4773,16
5526,4771.6,15.8
5527,4770.2,15.6
5528,4768.8,15.4
5529,4767.4,15.2
5530,4766,15
5531,4764.2,15.2
5532,4762.4,15.4
5533,4760.6,15.6
5534,4758.8,15.8
5535,4757,16
5536,4755.8,15.8
5537,4754.6,15.6
5538,4753.4,15.4
5539,4752.2,15.2
5540,4751,15
5541,4750.8,15.2
5542,4750.6,15.4
5543,4750.4,15.6
5544,4750.2,15.8
5545,4750,16
5546,4750.6,16
5547,4751.2,16
5548,4751.8,16
5549,4752.4,16
5550,4753,16
5551,4753.6,15.8
5552,4754.2,15.6
5553,4754.8,15.4
5554,4755.4,15.2
5555,4756,15
5556,4756,14.6
5557,4756,14.2
5558,4756,13.8
5559,4756,13.4
5560,4756,13
5561,4755.8,13.2
5562,4755.6,13.4
5563,4755.4,13.6
5564,4755.2,13.8
5565,4755,14
5566,4756.2,14
5567,4757.4,14
5568,4758.6,14
5569,4759.8,14
5570,4761,14
5571,4763.6,14
5572,4766.2,14
5573,4768.8,14
5574,4771.4,14
5575,4774,14
5576,4778,14
5577,4782,14
5578,4786,14
5579,4790,14
5580,4794,14
5581,4800.2,13.8
5582,4806.4,13.6
5583,4812.6,13.4
5584,4818.8,13.2
5585,4825,13
5586,4831.2,13
5587,4837.4,13
5588,4843.6,13
5589,4849.8,13
5590,4856,13
5591,4861.2,13
5592,4866.4,13
5593,4871.6,13
5594,4876.8,13
5595,4882,13
5596,4887,13.2
5597,4892,13.4
5598,4897,13.6
5599,4902,13.8
5600,4907,14
5601,4912.2,14
5602,4917.4,14
5603,4922.6,14
5604,4927.8,14
5605,4933,14
5606,4937,14
5607,4941,14
5608,4945,14
5609,4949,14
5610,4953,14
5611,4954,13.8
5612,4955,13.6
5613,4956,13.4
5614,4957,13.2
5615,4958,13
5616,4955.8,13
5617,4953.6,13
5618,4951.4,13
5619,4949.2,13
5620,4947,13
5621,4945,13
5622,4943,13
5623,4941,13
5624,4939,13
5625,4937,13
5626,4935.8,13
5627,4934.6,13
5628,4933.4,13
5629,4932.2,13
5630,4931,13
5631,4929.6,13
5632,4928.2,13
5633,4926.8,13
5634,4925.4,13
5635,4924,13
5636,4923,13.2
5637,4922,13.4
5638,4921,13.6
5639,4920,13.8
5640,4919,14
5641,4919,14.4
5642,4919,14.8
5643,4919,15.2
5644,4919,15.6
5645,4919,16
5646,4920.8,16
5647,4922.6,16
5648,4924.4,16
5649,4926.2,16
5650,4928,16
5651,4931.6,16
5652,4935.2,16
5653,4938.8,16
5654,4942.4,16
5655,4946,16
5656,4950.6,15.8
5657,4955.2,15.6
5658,4959.8,15.4
5659,4964.4,15.2
5660,4969,15
5661,4971.8,15.2
5662,4974.6,15.4
5663,4977.4,15.6
5664,4980.2,15.8
5665,4983,16
5666,4982.8,16
5667,4982.6,16
5668,4982.4,16
5669,4982.2,16
5670,4982,16
5671,4981.4,16
5672,4980.8,16
5673,4980.2,16
5674,4979.6,16
5675,4979,16
5676,4978.8,15.8
5677,4978.6,15.6
5678,4978.4,15.4
5679,4978.2,15.2
5680,4978,15
5681,4977.8,15.2
5682,4977.6,15.4
5683,4977.4,15.6
5684,4977.2,15.8
5685,4977,16
5686,4976.2,15.8
5687,4975.4,15.6
5688,4974.6,15.4
5689,4973.8,15.2
5690,4973,15
5691,4972.2,15.2
5692,4971.4,15.4
5693,4970.6,15.6
5694,4969.8,15.8
5695,4969,16
5696,4968.8,15.8
5697,4968.6,15.6
5698,4968.4,15.4
5699,4968.2,15.2
5700,4968,15
5701,4968.2,15
5702,4968.4,15
5703,4968.6,15
5704,4968.8,15
5705,4969,15
5706,4970,15.2
5707,4971,15.4
5708,4972,15.6
5709,4973,15.8
5710,4974,16
5711,4975.2,16
5712,4976.4,16
5713,4977.6,16
5714,4978.8,16
5715,4980,16
5716,4981.2,16
5717,4982.4,16
5718,4983.6,16
5719,4984.8,16
5720,4986,16
5721,4987.6,16
5722,4989.2,16
5723,4990.8,16
5724,4992.4,16
5725,4994,16
5726,4995.4,16.2
5727,4996.8,16.4
5728,4998.2,16.6
5729,4999.6,16.8
5730,5001,17
5731,5002.4,16.8
5732,5003.8,16.6
5733,5005.2,16.4
5734,5006.6,16.2
5735,5008,16
5736,5009.6,16
5737,5011.2,16
5738,5012.8,16
5739,5014.4,16
5740,5016,16
5741,5018.2,16.2
5742,5020.4,16.4
5743,5022.6,16.6
5744,5024.8,16.8
5745,5027,17
5746,5030.2,16.8
5747,5033.4,16.6
5748,5036.6,16.4
5749,5039.8,16.2
5750,5043,16
5751,5046.2,16.2
5752,5049.4,16.4
5753,5052.6,16.6
5754,5055.8,16.8
5755,5059,17
5756,5061.6,16.8
5757,5064.2,16.6
5758,5066.8,16.4
5759,5069.4,16.2
5760,5072,16
5761,5073.4,16.2
5762,5074.8,16.4
5763,5076.2,16.6
5764,5077.6,16.8
5765,5079,17
5766,5080,17
5767,5081,17
5768,5082,17
5769,5083,17
5770,5084,17
5771,5084,16.8
5772,5084,16.6
5773,5084,16.4
5774,5084,16.2
5775,5084,16
5776,5083.8,16.2
5777,5083.6,16.4
5778,5083.4,16.6
5779,5083.2,16.8
5780,5083,17
5781,5082.6,16.8
5782,5082.2,16.6
5783,5081.8,16.4
5784,5081.4,16.2
5785,5081,16
5786,5080.8,16.2
5787,5080.6,16.4
5788,5080.4,16.6
5789,5080.2,16.8
5790,5080,17
5791,5080.4,16.8
5792,5080.8,16.6
5793,5081.2,16.4
5794,5081.6,16.2
5795,5082,16
5796,5082.4,16
5797,5082.8,16
5798,5083.2,16
5799,5083.6,16
5800,5084,16
5801,5083.4,15.8
5802,5082.8,15.6
5803,5082.2,15.4
5804,5081.6,15.2
5805,5081,15
5806,5079.8,15
5807,5078.6,15
5808,5077.4,15
5809,5076.2,15
5810,5075,15
5811,5074,15
5812,5073,15
5813,5072,15
5814,5071,15
5815,5070,15
5816,5069.2,15
5817,5068.4,15
5818,5067.6,15
5819,5066.8,15
5820,5066,15
5821,5063.6,15.2
5822,5061.2,15.4
5823,5058.8,15.6
5824,5056.4,15.8
5825,5054,16
5826,5050.2,16
5827,5046.4,16
5828,5042.6,16
5829,5038.8,16
5830,5035,16
5831,5033.4,16
5832,5031.8,16
5833,5030.2,16
5834,5028.6,16
5835,5027,16
5836,5027.8,16
5837,5028.6,16
5838,5029.4,16
5839,5030.2,16
5840,5031,16
5841,5032.4,16
5842,5033.8,16
5843,5035.2,16
5844,5036.6,16
5845,5038,16
5846,5038.6,16
5847,5039.2,16
5848,5039.8,16
5849,5040.4,16
5850,5041,16
5851,5042,16
5852,5043,16
5853,5044,16
5854,5045,16
5855,5046,16
5856,5047,16.2
5857,5048,16.4
5858,5049,16.6
5859,5050,16.8
5860,5051,17
5861,5051.4,17.2
5862,5051.8,17.4
5863,5052.2,17.6
5864,5052.6,17.8
5865,5053,18
5866,5053,18
5867,5053,18
5868,5053,18
5869,5053,18
5870,5053,18
5871,5052.8,18
5872,5052.6,18
5873,5052.4,18
5874,5052.2,18
5875,5052,18
5876,5052.2,18.4
5877,5052.4,18.8
5878,5052.6,19.2
5879,5052.8,19.6
5880,5053,20
5881,5054.2,19.8
5882,5055.4,19.6
5883,5056.6,19.4
5884,5057.8,19.2
5885,5059,19
5886,5061.2,18.6
5887,5063.4,18.2
5888,5065.6,17.8
5889,5067.8,17.4
5890,5070,17
5891,5073,17.4
5892,5076,17.8
5893,5079,18.2
5894,5082,18.6
5895,5085,19
5896,5088.6,19
5897,5092.2,19
5898,5095.8,19
5899,5099.4,19
5900,5103,19
5901,5106.8,18.6
5902,5110.6,18.2
5903,5114.4,17.8
5904,5118.2,17.4
5905,5122,17
5906,5125.6,17
5907,5129.2,17
5908,5132.8,17
5909,5136.4,17
5910,5140,17
5911,5142.8,17
5912,5145.6,17
5913,5148.4,17
5914,5151.2,17
5915,5154,17
5916,5156.2,16.8
5917,5158.4,16.6
5918,5160.6,16.4
5919,5162.8,16.2
5920,5165,16
5921,5167,16
5922,5169,16
5923,5171,16
5924,5173,16
5925,5175,16
5926,5177.4,16.2
5927,5179.8,16.4
5928,5182.2,16.6
5929,5184.6,16.8
5930,5187,17
5931,5190,17
5932,5193,17
5933,5196,17
5934,5199,17
5935,5202,17
5936,5205.2,16.8
5937,5208.4,16.6
5938,5211.6,16.4
5939,5214.8,16.2
5940,5218,16
5941,5220.8,16.2
5942,5223.6,16.4
5943,5226.4,16.6
5944,5229.2,16.8
5945,5232,17
5946,5234,17.2
5947,5236,17.4
5948,5238,17.6
5949,5240,17.8
5950,5242,18
5951,5242.4,18
5952,5242.8,18
5953,5243.2,18
5954,5243.6,18
5955,5244,18
5956,5243,17.8
5957,5242,17.6
5958,5241,17.4
5959,5240,17.2
5960,5239,17
5961,5237.2,17
5962,5235.4,17
5963,5233.6,17
5964,5231.8,17
5965,5230,17
5966,5227.6,17.2
5967,5225.2,17.4
5968,5222.8,17.6
5969,5220.4,17.8
5970,5218,18
5971,5215.8,17.8
5972,5213.6,17.6
5973,5211.4,17.4
5974,5209.2,17.2
5975,5207,17
5976,5205.6,16.8
5977,5204.2,16.6
5978,5202.8,16.4
5979,5201.4,16.2
5980,5200,16
5981,5201.4,16
5982,5202.8,16
5983,5204.2,16
5984,5205.6,16
5985,5207,16
5986,5211.2,16
5987,5215.4,16
5988,5219.6,16
5989,5223.8,16
5990,5228,16
5991,5232,16
5992,5236,16
5993,5240,16
5994,5244,16
5995,5248,16
5996,5253.6,16.2
5997,5259.2,16.4
5998,5264.8,16.6
5999,5270.4,16.8
6000,5276,17
6001,5280.2,17.6
6002,5284.4,18.2
6003,5288.6,18.8
6004,5292.8,19.4
6005,5297,20
6006,5299,20.6
6007,5301,21.2
6008,5303,21.8
6009,5305,22.4
6010,5307,23
6011,5308.4,23
6012,5309.8,23
6013,5311.2,23
6014,5312.6,23
6015,5314,23
6016,5315,22.6
6017,5316,22.2
6018,5317,21.8
6019,5318,21.4
6020,5319,21
6021,5319.8,21
6022,5320.6,21
6023,5321.4,21
6024,5322.2,21
6025,5323,21
6026,5323.6,21
6027,5324.2,21
6028,5324.8,21
6029,5325.4,21
6030,5326,21
6031,5326.4,20.6
6032,5326.8,20.2
6033,5327.2,19.8
6034,5327.6,19.4
6035,5328,19
6036,5327.6,19
6037,5327.2,19
6038,5326.8,19
6039,5326.4,19
6040,5326,19
6041,5324.2,18.6
6042,5322.4,18.2
6043,5320.6,17.8
6044,5318.8,17.4
6045,5317,17
6046,5315,17
6047,5313,17
6048,5311,17
6049,5309,17
6050,5307,17
6051,5306.4,17.2
6052,5305.8,17.4
6053,5305.2,17.6
6054,5304.6,17.8
6055,5304,18
6056,5305.2,17.8
6057,5306.4,17.6
6058,5307.6,17.4
6059,5308.8,17.2
6060,5310,17
6061,5311.6,17.2
6062,5313.2,17.4
6063,5314.8,17.6
6064,5316.4,17.8
6065,5318,18
6066,5318.2,18
6067,5318.4,18
6068,5318.6,18
6069,5318.8,18
6070,5319,18
6071,5318,17.6
6072,5317,17.2
6073,5316,16.8
6074,5315,16.4
6075,5314,16
6076,5311.8,16.2
6077,5309.6,16.4
6078,5307.4,16.6
6079,5305.2,16.8
6080,5303,17
6081,5300.4,17.2
6082,5297.8,17.4
6083,5295.2,17.6
6084,5292.6,17.8
6085,5290,18
6086,5287.6,17.8
6087,5285.2,17.6
6088,5282.8,17.4
6089,5280.4,17.2
6090,5278,17
6091,5276.4,17.4
6092,5274.8,17.8
6093,5273.2,18.2
6094,5271.6,18.6
6095,5270,19
6096,5270,19.4
6097,5270,19.8
6098,5270,20.2
6099,5270,20.6
6100,5270,21
6101,5271.8,21.2
6102,5273.6,21.4
6103,5275.4,21.6
6104,5277.2,21.8
6105,5279,22
6106,5282.4,21.8
6107,5285.8,21.6
6108,5289.2,21.4
6109,5292.6,21.2
6110,5296,21
6111,5300,20.6
6112,5304,20.2
6113,5308,19.8
6114,5312,19.4
6115,5316,19
6116,5320,18.8
6117,5324,18.6
6118,5328,18.4
6119,5332,18.2
6120,5336,18
6121,5339.2,18.2
6122,5342.4,18.4
6123,5345.6,18.6
6124,5348.8,18.8
6125,5352,19
6126,5353.2,19
6127,5354.4,19
6128,5355.6,19
6129,5356.8,19
6130,5358,19
6131,5357,19
6132,5356,19
6133,5355,19
6134,5354,19
6135,5353,19
6136,5350.2,18.8
6137,5347.4,18.6
6138,5344.6,18.4
6139,5341.8,18.2
6140,5339,18
6141,5335.4,17.8
6142,5331.8,17.6
6143,5328.2,17.4
6144,5324.6,17.2
6145,5321,17
6146,5317.4,17.2
6147,5313.8,17.4
6148,5310.2,17.6
6149,5306.6,17.8
6150,5303,18
6151,5300.6,18
6152,5298.2,18
6153,5295.8,18
6154,5293.4,18
6155,5291,18
6156,5290.2,18
6157,5289.4,18
6158,5288.6,18
6159,5287.8,18
6160,5287,18
6161,5288,17.8
6162,5289,17.6
6163,5290,17.4
6164,5291,17.2
6165,5292,17
6166,5294,17
6167,5296,17
6168,5298,17
6169,5300,17
6170,5302,17
6171,5304.8,17.2
6172,5307.6,17.4
6173,5310.4,17.6
6174,5313.2,17.8
6175,5316,18
6176,5318.8,18
6177,5321.6,18
6178,5324.4,18
6179,5327.2,18
6180,5330,18
6181,5333,17.8
6182,5336,17.6
6183,5339,17.4
6184,5342,17.2
6185,5345,17
6186,5347.8,16.8
6187,5350.6,16.6
6188,5353.4,16.4
6189,5356.2,16.2
6190,5359,16
6191,5361.6,16
6192,5364.2,16
6193,5366.8,16
6194,5369.4,16
6195,5372,16
6196,5374.6,16.2
6197,5377.2,16.4
6198,5379.8,16.6
6199,5382.4,16.8
6200,5385,17
6201,5387.8,17.2
6202,5390.6,17.4
6203,5393.4,17.6
6204,5396.2,17.8
6205,5399,18
6206,5401.8,17.8
6207,5404.6,17.6
6208,5407.4,17.4
6209,5410.2,17.2
6210,5413,17
6211,5415.4,16.8
6212,5417.8,16.6
6213,5420.2,16.4
6214,5422.6,16.2
6215,5425,16
6216,5426.8,16
6217,5428.6,16
6218,5430.4,16
6219,5432.2,16
6220,5434,16
6221,5435,16.2
6222,5436,16.4
6223,5437,16.6
6224,5438,16.8
6225,5439,17
6226,5438.6,17
6227,5438.2,17
6228,5437.8,17
6229,5437.4,17
6230,5437,17
6231,5435,17
6232,5433,17
6233,5431,17
6234,5429,17
6235,5427,17
6236,5424.2,16.8
6237,5421.4,16.6
6238,5418.6,16.4
6239,5415.8,16.2
6240,5413,16
6241,5409.8,16.2
6242,5406.6,16.4
6243,5403.4,16.6
6244,5400.2,16.8
6245,5397,17
6246,5394.6,17.2
6247,5392.2,17.4
6248,5389.8,17.6
6249,5387.4,17.8
6250,5385,18
6251,5383.8,18.2
6252,5382.6,18.4
6253,5381.4,18.6
6254,5380.2,18.8
6255,5379,19
6256,5379.4,18.8
6257,5379.8,18.6
6258,5380.2,18.4
6259,5380.6,18.2
6260,5381,18
6261,5383,17.8
6262,5385,17.6
6263,5387,17.4
6264,5389,17.2
6265,5391,17
6266,5394,17
6267,5397,17
6268,5400,17
6269,5403,17
6270,5406,17
6271,5409.6,17.2
6272,5413.2,17.4
6273,5416.8,17.6
6274,5420.4,17.8
6275,5424,18
6276,5428,18.2
6277,5432,18.4
6278,5436,18.6
6279,5440,18.8
6280,5444,19
6281,5447.8,18.6
6282,5451.6,18.2
6283,5455.4,17.8
6284,5459.2,17.4
6285,5463,17
6286,5466.8,16.8
6287,5470.6,16.6
6288,5474.4,16.4
6289,5478.2,16.2
6290,5482,16
6291,5485.8,16.2
6292,5489.6,16.4
6293,5493.4,16.6
6294,5497.2,16.8
6295,5501,17
6296,5504.8,17.4
6297,5508.6,17.8
6298,5512.4,18.2
6299,5516.2,18.6
6300,5520,19
6301,5523.8,19
6302,5527.6,19
6303,5531.4,19
6304,5535.2,19
6305,5539,19
6306,5542.4,18.8
6307,5545.8,18.6
6308,5549.2,18.4
6309,5552.6,18.2
6310,5556,18
6311,5559.2,18
6312,5562.4,18
6313,5565.6,18
6314,5568.8,18
6315,5572,18
6316,5574.2,18.2
6317,5576.4,18.4
6318,5578.6,18.6
6319,5580.8,18.8
6320,5583,19
6321,5583.8,18.8
6322,5584.6,18.6
6323,5585.4,18.4
6324,5586.2,18.2
6325,5587,18
6326,5586.4,18
6327,5585.8,18
6328,5585.2,18
6329,5584.6,18
6330,5584,18
6331,5583.2,18.4
6332,5582.4,18.8
6333,5581.6,19.2
6334,5580.8,19.6
6335,5580,20
6336,5579.6,19.8
6337,5579.2,19.6
6338,5578.8,19.4
6339,5578.4,19.2
6340,5578,19
6341,5578.6,19.2
6342,5579.2,19.4
6343,5579.8,19.6
6344,5580.4,19.8
6345,5581,20
6346,5582,20.2
6347,5583,20.4
6348,5584,20.6
6349,5585,20.8
6350,5586,21
6351,5587.6,20.6
6352,5589.2,20.2
6353,5590.8,19.8
6354,5592.4,19.4
6355,5594,19
6356,5594.8,19.2
6357,5595.6,19.4
6358,5596.4,19.6
6359,5597.2,19.8
6360,5598,20
6361,5597.2,20.2
6362,5596.4,20.4
6363,5595.6,20.6
6364,5594.8,20.8
6365,5594,21
6366,5591.4,20.8
6367,5588.8,20.6
6368,5586.2,20.4
6369,5583.6,20.2
6370,5581,20
6371,5578.2,20
6372,5575.4,20
6373,5572.6,20
6374,5569.8,20
6375,5567,20
6376,5565,20
6377,5563,20
6378,5561,20
6379,5559,20
6380,5557,20
6381,5557.6,19.8
6382,5558.2,19.6
6383,5558.8,19.4
6384,5559.4,19.2
6385,5560,19
6386,5563.2,18.8
6387,5566.4,18.6
6388,5569.6,18.4
6389,5572.8,18.2
6390,5576,18
6391,5580.4,17.8
6392,5584.8,17.6
6393,5589.2,17.4
6394,5593.6,17.2
6395,5598,17
6396,5603,17
6397,5608,17
6398,5613,17
6399,5618,17
6400,5623,17
6401,5627,17
6402,5631,17
6403,5635,17
6404,5639,17
6405,5643,17
6406,5646.8,17
6407,5650.6,17
6408,5654.4,17
6409,5658.2,17
6410,5662,17
6411,5663.4,17
6412,5664.8,17
6413,5666.2,17
6414,5667.6,17
6415,5669,17
6416,5667.6,17.2
6417,5666.2,17.4
6418,5664.8,17.6
6419,5663.4,17.8
6420,5662,18
6421,5659.6,18.2
6422,5657.2,18.4
6423,5654.8,18.6
6424,5652.4,18.8
6425,5650,19
6426,5648.4,19.2
6427,5646.8,19.4
6428,5645.2,19.6
6429,5643.6,19.8
6430,5642,20
6431,5642.6,20
6432,5643.2,20
6433,5643.8,20
6434,5644.4,20
6435,5645,20
6436,5647.6,20
6437,5650.2,20
6438,5652.8,20
6439,5655.4,20
6440,5658,20
6441,5661,20.2
6442,5664,20.4
6443,5667,20.6
6444,5670,20.8
6445,5673,21
6446,5675.2,20.6
6447,5677.4,20.2
6448,5679.6,19.8
6449,5681.8,19.4
6450,5684,19
6451,5685.4,19.2
6452,5686.8,19.4
6453,5688.2,19.6
6454,5689.6,19.8
6455,5691,20
6456,5691.4,20
6457,5691.8,20
6458,5692.2,20
6459,5692.6,20
6460,5693,20
6461,5692.6,19.8
6462,5692.2,19.6
6463,5691.8,19.4
6464,5691.4,19.2
6465,5691,19
6466,5690.2,19.4
6467,5689.4,19.8
6468,5688.6,20.2
6469,5687.8,20.6
6470,5687,21
6471,5686.4,20.8
6472,5685.8,20.6
6473,5685.2,20.4
6474,5684.6,20.2
6475,5684,20
6476,5684,20
6477,5684,20
6478,5684,20
6479,5684,20
6480,5684,20
6481,5685.4,20.2
6482,5686.8,20.4
6483,5688.2,20.6
6484,5689.6,20.8
6485,5691,21
6486,5694,20.8
6487,5697,20.6
6488,5700,20.4
6489,5703,20.2
6490,5706,20
6491,5710,20
6492,5714,20
6493,5718,20
6494,5722,20
6495,5726,20
6496,5729.4,20
6497,5732.8,20
6498,5736.2,20
6499,5739.6,20
6500,5743,20
6501,5744.6,19.8
6502,5746.2,19.6
6503,5747.8,19.4
6504,5749.4,19.2
6505,5751,19
6506,5751.2,19.2
6507,5751.4,19.4
6508,5751.6,19.6
6509,5751.8,19.8
6510,5752,20
6511,5751.2,20
6512,5750.4,20
6513,5749.6,20
6514,5748.8,20
6515,5748,20
6516,5747,19.6
6517,5746,19.2
6518,5745,18.8
6519,5744,18.4
6520,5743,18
6521,5742.4,18.2
6522,5741.8,18.4
6523,5741.2,18.6
6524,5740.6,18.8
6525,5740,19
6526,5740.4,19
6527,5740.8,19
6528,5741.2,19
6529,5741.6,19
6530,5742,19
6531,5742.8,19
6532,5743.6,19
6533,5744.4,19
6534,5745.2,19
6535,5746,19
6536,5746.6,19
6537,5747.2,19
6538,5747.8,19
6539,5748.4,19
6540,5749,19
6541,5749,19
6542,5749,19
6543,5749,19
6544,5749,19
6545,5749,19
6546,5749.2,19.2
6547,5749.4,19.4
6548,5749.6,19.6
6549,5749.8,19.8
6550,5750,20
6551,5751.4,20
6552,5752.8,20
6553,5754.2,20
6554,5755.6,20
6555,5757,20
6556,5759.4,19.8
6557,5761.8,19.6
6558,5764.2,19.4
6559,5766.6,19.2
6560,5769,19
6561,5771.4,18.8
6562,5773.8,18.6
6563,5776.2,18.4
6564,5778.6,18.2
6565,5781,18
6566,5782.8,18.2
6567,5784.6,18.4
6568,5786.4,18.6
6569,5788.2,18.8
6570,5790,19
6571,5790.8,19
6572,5791.6,19
6573,5792.4,19
6574,5793.2,19
6575,5794,19
6576,5793,18.8
6577,5792,18.6
6578,5791,18.4
6579,5790,18.2
6580,5789,18
6581,5787.2,17.8
6582,5785.4,17.6
6583,5783.6,17.4
6584,5781.8,17.2
6585,5780,17
6586,5778.4,17.2
6587,5776.8,17.4
6588,5775.2,17.6
6589,5773.6,17.8
6590,5772,18
6591,5771.4,18
6592,5770.8,18
6593,5770.2,18
6594,5769.6,18
6595,5769,18
6596,5769.8,17.8
6597,5770.6,17.6
6598,5771.4,17.4
6599,5772.2,17.2
6600,5773,17
6601,5774.2,17.4
6602,5775.4,17.8
6603,5776.6,18.2
6604,5777.8,18.6
6605,5779,19
6606,5779.6,19.2
6607,5780.2,19.4
6608,5780.8,19.6
6609,5781.4,19.8
6610,5782,20
6611,5781.6,19.8
6612,5781.2,19.6
6613,5780.8,19.4
6614,5780.4,19.2
6615,5780,19
6616,5780,19.2
6617,5780,19.4
6618,5780,19.6
6619,5780,19.8
6620,5780,20
6621,5781.2,19.8
6622,5782.4,19.6
6623,5783.6,19.4
6624,5784.8,19.2
6625,5786,19
6626,5788,18.8
6627,5790,18.6
6628,5792,18.4
6629,5794,18.2
6630,5796,18
6631,5798.2,17.6
6632,5800.4,17.2
6633,5802.6,16.8
6634,5804.8,16.4
6635,5807,16
6636,5808.4,16
6637,5809.8,16
6638,5811.2,16
6639,5812.6,16
6640,5814,16
6641,5814.6,16.4
6642,5815.2,16.8
6643,5815.8,17.2
6644,5816.4,17.6
6645,5817,18
6646,5817.6,18
6647,5818.2,18
6648,5818.8,18
6649,5819.4,18
6650,5820,18
6651,5821,18
6652,5822,18
6653,5823,18
6654,5824,18
6655,5825,18
6656,5826.8,18
6657,5828.6,18
6658,5830.4,18
6659,5832.2,18
6660,5834,18
6661,5837,18.2
6662,5840,18.4
6663,5843,18.6
6664,5846,18.8
6665,5849,19
6666,5852.4,19.4
6667,5855.8,19.8
6668,5859.2,20.2
6669,5862.6,20.6
6670,5866,21
6671,5869.4,20.6
6672,5872.8,20.2
6673,5876.2,19.8
6674,5879.6,19.4
6675,5883,19
6676,5885.4,19
6677,5887.8,19
6678,5890.2,19
6679,5892.6,19
6680,5895,19
6681,5895.8,19
6682,5896.6,19
6683,5897.4,19
6684,5898.2,19
6685,5899,19
6686,5898.8,19.2
6687,5898.6,19.4
6688,5898.4,19.6
6689,5898.2,19.8
6690,5898,20
6691,5897.2,20.4
6692,5896.4,20.8
6693,5895.6,21.2
6694,5894.8,21.6
6695,5894,22
6696,5893.2,22
6697,5892.4,22
6698,5891.6,22
6699,5890.8,22
6700,5890,22
6701,5889.2,21.8
6702,5888.4,21.6
6703,5887.6,21.4
6704,5886.8,21.2
6705,5886,21
6706,5885.2,21
6707,5884.4,21
6708,5883.6,21
6709,5882.8,21
6710,5882,21
6711,5881.6,21.2
6712,5881.2,21.4
6713,5880.8,21.6
6714,5880.4,21.8
6715,5880,22
6716,5880.2,22.2
6717,5880.4,22.4
6718,5880.6,22.6
6719,5880.8,22.8
6720,5881,23
6721,5881.6,22.6
6722,5882.2,22.2
6723,5882.8,21.8
6724,5883.4,21.4
6725,5884,21
6726,5885.4,21
6727,5886.8,21
6728,5888.2,21
6729,5889.6,21
6730,5891,21
6731,5893.2,21.2
6732,5895.4,21.4
6733,5897.6,21.6
6734,5899.8,21.8
6735,5902,22
6736,5904.8,22
6737,5907.6,22
6738,5910.4,22
6739,5913.2,22
6740,5916,22
6741,5919.6,21.4
6742,5923.2,20.8
6743,5926.8,20.2
6744,5930.4,19.6
6745,5934,19
6746,5937.2,19
6747,5940.4,19
6748,5943.6,19
6749,5946.8,19
6750,5950,19
6751,5951.4,19
6752,5952.8,19
6753,5954.2,19
6754,5955.6,19
6755,5957,19
6756,5956.4,18.8
6757,5955.8,18.6
6758,5955.2,18.4
6759,5954.6,18.2
6760,5954,18
6761,5952.2,18.2
6762,5950.4,18.4
6763,5948.6,18.6
6764,5946.8,18.8
6765,5945,19
6766,5943.6,19
6767,5942.2,19
6768,5940.8,19
6769,5939.4,19
6770,5938,19
6771,5937.8,18.8
6772,5937.6,18.6
6773,5937.4,18.4
6774,5937.2,18.2
6775,5937,18
6776,5938.6,18
6777,5940.2,18
6778,5941.8,18
6779,5943.4,18
6780,5945,18
6781,5947,18.2
6782,5949,18.4
6783,5951,18.6
6784,5953,18.8
6785,5955,19
6786,5957.6,19
6787,5960.2,19
6788,5962.8,19
6789,5965.4,19
6790,5968,19
6791,5971.2,19
6792,5974.4,19
6793,5977.6,19
6794,5980.8,19
6795,5984,19
6796,5987.8,18.8
6797,5991.6,18.6
6798,5995.4,18.4
6799,5999.2,18.2
6800,6003,18
6801,6005.6,17.8
6802,6008.2,17.6
6803,6010.8,17.4
6804,6013.4,17.2
6805,6016,17
6806,6015.8,17.2
6807,6015.6,17.4
6808,6015.4,17.6
6809,6015.2,17.8
6810,6015,18
6811,6012.4,18
6812,6009.8,18
6813,6007.2,18
6814,6004.6,18
6815,6002,18
6816,5999,18.2
6817,5996,18.4
6818,5993,18.6
6819,5990,18.8
6820,5987,19
6821,5986,18.8
6822,5985,18.6
6823,5984,18.4
6824,5983,18.2
6825,5982,18
6826,5983,18
6827,5984,18
6828,5985,18
6829,5986,18
6830,5987,18
6831,5987.4,17.8
6832,5987.8,17.6
6833,5988.2,17.4
6834,5988.6,17.2
6835,5989,17
6836,5989.2,17.2
6837,5989.4,17.4
6838,5989.6,17.6
6839,5989.8,17.8
6840,5990,18
6841,5991.4,17.8
6842,5992.8,17.6
6843,5994.2,17.4
6844,5995.6,17.2
6845,5997,17
6846,5999.4,17
6847,6001.8,17
6848,6004.2,17
6849,6006.6,17
6850,6009,17
6851,6011,17
6852,6013,17
6853,6015,17
6854,6017,17
6855,6019,17
6856,6020.2,17
6857,6021.4,17
6858,6022.6,17
6859,6023.8,17
6860,6025,17
6861,6025,17.2
6862,6025,17.4
6863,6025,17.6
6864,6025,17.8
6865,6025,18
6866,6024,18
6867,6023,18
6868,6022,18
6869,6021,18
6870,6020,18
6871,6019,18.2
6872,6018,18.4
6873,6017,18.6
6874,6016,18.8
6875,6015,19
6876,6015.4,18.8
6877,6015.8,18.6
6878,6016.2,18.4
6879,6016.6,18.2
6880,6017,18
6881,6019,18
6882,6021,18
6883,6023,18
6884,6025,18
6885,6027,18
6886,6029.4,18
6887,6031.8,18
6888,6034.2,18
6889,6036.6,18
6890,6039,18
6891,6041.2,18
6892,6043.4,18
6893,6045.6,18
6894,6047.8,18
6895,6050,18
6896,6051.6,18
6897,6053.2,18
6898,6054.8,18
6899,6056.4,18
6900,6058,18
6901,6058.8,18
6902,6059.6,18
6903,6060.4,18
6904,6061.2,18
6905,6062,18
6906,6062.2,18.4
6907,6062.4,18.8
6908,6062.6,19.2
6909,6062.8,19.6
6910,6063,20
6911,6062.8,19.8
6912,6062.6,19.6
6913,6062.4,19.4
6914,6062.2,19.2
6915,6062,19
6916,6061.6,18.8
6917,6061.2,18.6
6918,6060.8,18.4
6919,6060.4,18.2
6920,6060,18
6921,6059.6,18.2
6922,6059.2,18.4
6923,6058.8,18.6
6924,6058.4,18.8
6925,6058,19
6926,6058,19.2
6927,6058,19.4
6928,6058,19.6
6929,6058,19.8
6930,6058,20
6931,6058.4,19.6
6932,6058.8,19.2
6933,6059.2,18.8
6934,6059.6,18.4
6935,6060,18
6936,6061.4,18.2
6937,6062.8,18.4
6938,6064.2,18.6
6939,6065.6,18.8
6940,6067,19
6941,6069.8,19
6942,6072.6,19
6943,6075.4,19
6944,6078.2,19
6945,6081,19
6946,6084,19.2
6947,6087,19.4
6948,6090,19.6
6949,6093,19.8
6950,6096,20
6951,6097.8,20.2
6952,6099.6,20.4
6953,6101.4,20.6
6954,6103.2,20.8
6955,6105,21
6956,6105.8,20.8
6957,6106.6,20.6
6958,6107.4,20.4
6959,6108.2,20.2
6960,6109,20
6961,6109.2,20.2
6962,6109.4,20.4
6963,6109.6,20.6
6964,6109.8,20.8
6965,6110,21
6966,6109.8,21.2
6967,6109.6,21.4
6968,6109.4,21.6
6969,6109.2,21.8
6970,6109,22
6971,6109,21.6
6972,6109,21.2
6973,6109,20.8
6974,6109,20.4
6975,6109,20
6976,6109.6,19.8
6977,6110.2,19.6
6978,6110.8,19.4
6979,6111.4,19.2
6980,6112,19
6981,6113,19.2
6982,6114,19.4
6983,6115,19.6
6984,6116,19.8
6985,6117,20
6986,6118.4,19.8
6987,6119.8,19.6
6988,6121.2,19.4
6989,6122.6,19.2
6990,6124,19
6991,6125.8,19
6992,6127.6,19
6993,6129.4,19
6994,6131.2,19
6995,6133,19
6996,6134.8,19.2
6997,6136.6,19.4
6998,6138.4,19.6
6999,6140.2,19.8
7000,6142,20
7001,6143.8,19.8
7002,6145.6,19.6
7003,6147.4,19.4
7004,6149.2,19.2
7005,6151,19
7006,6152.6,19
7007,6154.2,19
7008,6155.8,19
7009,6157.4,19
7010,6159,19
7011,6160.6,19.2
7012,6162.2,19.4
7013,6163.8,19.6
7014,6165.4,19.8
7015,6167,20
7016,6168.4,20.2
7017,6169.8,20.4
7018,6171.2,20.6
7019,6172.6,20.8
7020,6174,21
7021,6175.4,20.8
7022,6176.8,20.6
7023,6178.2,20.4
7024,6179.6,20.2
7025,6181,20
7026,6182,19.8
7027,6183,19.6
7028,6184,19.4
7029,6185,19.2
7030,6186,19
7031,6186.6,19
7032,6187.2,19
7033,6187.8,19
7034,6188.4,19
7035,6189,19
7036,6188.6,19
7037,6188.2,19
7038,6187.8,19
7039,6187.4,19
7040,6187,19
7041,6186.2,19
7042,6185.4,19
7043,6184.6,19
7044,6183.8,19
7045,6183,19
7046,6182,19.2
7047,6181,19.4
7048,6180,19.6
7049,6179,19.8
7050,6178,20
7051,6177.4,20.2
7052,6176.8,20.4
7053,6176.2,20.6
7054,6175.6,20.8
7055,6175,21
7056,6175,20.8
7057,6175,20.6
7058,6175,20.4
7059,6175,20.2
7060,6175,20
7061,6175.8,19.8
7062,6176.6,19.6
7063,6177.4,19.4
7064,6178.2,19.2
7065,6179,19
7066,6180,19.2
7067,6181,19.4
7068,6182,19.6
7069,6183,19.8
7070,6184,20
7071,6185,19.8
7072,6186,19.6
7073,6187,19.4
7074,6188,19.2
7075,6189,19
7076,6189.8,19
7077,6190.6,19
7078,6191.4,19
7079,6192.2,19
7080,6193,19
7081,6193.2,19.2
7082,6193.4,19.4
7083,6193.6,19.6
7084,6193.8,19.8
7085,6194,20
7086,6194.2,19.6
7087,6194.4,19.2
7088,6194.6,18.8
7089,6194.8,18.4
7090,6195,18
7091,6194.6,18.2
7092,6194.2,18.4
7093,6193.8,18.6
7094,6193.4,18.8
7095,6193,19
7096,6192.6,19.4
7097,6192.2,19.8
7098,6191.8,20.2
7099,6191.4,20.6
7100,6191,21
7101,6190.6,21
7102,6190.2,21
7103,6189.8,21
7104,6189.4,21
7105,6189,21
7106,6188.4,21
7107,6187.8,21
7108,6187.2,21
7109,6186.6,21
7110,6186,21
7111,6185.2,21
7112,6184.4,21
7113,6183.6,21
7114,6182.8,21
7115,6182,21
7116,6180.8,20.6
7117,6179.6,20.2
7118,6178.4,19.8
7119,6177.2,19.4
7120,6176,19
7121,6174.4,18.8
7122,6172.8,18.6
7123,6171.2,18.4
7124,6169.6,18.2
7125,6168,18
7126,6166,18.4
7127,6164,18.8
7128,6162,19.2
7129,6160,19.6
7130,6158,20
7131,6155.2,19.8
7132,6152.4,19.6
7133,6149.6,19.4
7134,6146.8,19.2
7135,6144,19
7136,6141.8,18.8
7137,6139.6,18.6
7138,6137.4,18.4
7139,6135.2,18.2
7140,6133,18
7141,6132.6,18.4
7142,6132.2,18.8
7143,6131.8,19.2
7144,6131.4,19.6
7145,6131,20
7146,6134.2,20.2
7147,6137.4,20.4
7148,6140.6,20.6
7149,6143.8,20.8
7150,6147,21
7151,6153,20.8
7152,6159,20.6
7153,6165,20.4
7154,6171,20.2
7155,6177,20
7156,6184.6,20
7157,6192.2,20
7158,6199.8,20
7159,6207.4,20
7160,6215,20
7161,6222.8,20.4
7162,6230.6,20.8
7163,6238.4,21.2
7164,6246.2,21.6
7165,6254,22
7166,6260,22.2
7167,6266,22.4
7168,6272,22.6
7169,6278,22.8
7170,6284,23
7171,6287.8,22.8
7172,6291.6,22.6
7173,6295.4,22.4
7174,6299.2,22.2
7175,6303,22
7176,6305,22
7177,6307,22
7178,6309,22
7179,6311,22
7180,6313,22
7181,6313.4,22.4
7182,6313.8,22.8
7183,6314.2,23.2
7184,6314.6,23.6
7185,6315,24
7186,6314.4,24.6
7187,6313.8,25.2
7188,6313.2,25.8
7189,6312.6,26.4
7190,6312,27
7191,6310.8,27
7192,6309.6,27
7193,6308.4,27
7194,6307.2,27
7195,6306,27
7196,6304.2,26.6
7197,6302.4,26.2
7198,6300.6,25.8
7199,6298.8,25.4
7200,6297,25
7201,6295,24.6
7202,6293,24.2
7203,6291,23.8
7204,6289,23.4
7205,6287,23
7206,6285,22.8
7207,6283,22.6
7208,6281,22.4
7209,6279,22.2
7210,6277,22
7211,6275.2,21.8
7212,6273.4,21.6
7213,6271.6,21.4
7214,6269.8,21.2
7215,6268,21
7216,6266.6,21
7217,6265.2,21
7218,6263.8,21
7219,6262.4,21
7220,6261,21
7221,6260.2,20.8
7222,6259.4,20.6
7223,6258.6,20.4
7224,6257.8,20.2
7225,6257,20
7226,6256.8,19.6
7227,6256.6,19.2
7228,6256.4,18.8
7229,6256.2,18.4
7230,6256,18
7231,6256.6,18
7232,6257.2,18
7233,6257.8,18
7234,6258.4,18
7235,6259,18
7236,6260.4,18.2
7237,6261.8,18.4
7238,6263.2,18.6
7239,6264.6,18.8
7240,6266,19
7241,6268.2,19.2
7242,6270.4,19.4
7243,6272.6,19.6
7244,6274.8,19.8
7245,6277,20
7246,6280.2,19.8
7247,6283.4,19.6
7248,6286.6,19.4
7249,6289.8,19.2
7250,6293,19
7251,6296.8,18.6
7252,6300.6,18.2
7253,6304.4,17.8
7254,6308.2,17.4
7255,6312,17
7256,6315.8,17.2
7257,6319.6,17.4
7258,6323.4,17.6
7259,6327.2,17.8
7260,6331,18
7261,6334.4,18.2
7262,6337.8,18.4
7263,6341.2,18.6
7264,6344.6,18.8
7265,6348,19
7266,6350.6,18.8
7267,6353.2,18.6
7268,6355.8,18.4
7269,6358.4,18.2
7270,6361,18
7271,6363,18
7272,6365,18
7273,6367,18
7274,6369,18
7275,6371,18
7276,6372.2,18.2
7277,6373.4,18.4
7278,6374.6,18.6
7279,6375.8,18.8
7280,6377,19
7281,6377.6,19.2
7282,6378.2,19.4
7283,6378.8,19.6
7284,6379.4,19.8
7285,6380,20
7286,6380,20
7287,6380,20
7288,6380,20
7289,6380,20
7290,6380,20
7291,6379.6,19.8
7292,6379.2,19.6
7293,6378.8,19.4
7294,6378.4,19.2
7295,6378,19
7296,6377.8,18.8
7297,6377.6,18.6
7298,6377.4,18.4
7299,6377.2,18.2
7300,6377,18
7301,6377,18
7302,6377,18
7303,6377,18
7304,6377,18
7305,6377,18
7306,6377.8,18.2
7307,6378.6,18.4
7308,6379.4,18.6
7309,6380.2,18.8
7310,6381,19
7311,6382.8,19
7312,6384.6,19
7313,6386.4,19
7314,6388.2,19
7315,6390,19
7316,6392.8,18.8
7317,6395.6,18.6
7318,6398.4,18.4
7319,6401.2,18.2
7320,6404,18
7321,6407.2,18
7322,6410.4,18
7323,6413.6,18
7324,6416.8,18
7325,6420,18
7326,6423,18.2
7327,6426,18.4
7328,6429,18.6
7329,6432,18.8
7330,6435,19
7331,6437.4,19.2
7332,6439.8,19.4
7333,6442.2,19.6
7334,6444.6,19.8
7335,6447,20
7336,6448,19.8
7337,6449,19.6
7338,6450,19.4
7339,6451,19.2
7340,6452,19
7341,6452.2,18.8
7342,6452.4,18.6
7343,6452.6,18.4
7344,6452.8,18.2
7345,6453,18
7346,6452.6,18.2
7347,6452.2,18.4
7348,6451.8,18.6
7349,6451.4,18.8
7350,6451,19
7351,6451,19
7352,6451,19
7353,6451,19
7354,6451,19
7355,6451,19
7356,6451.8,18.6
7357,6452.6,18.2
7358,6453.4,17.8
7359,6454.2,17.4
7360,6455,17
7361,6456.8,16.8
7362,6458.6,16.6
7363,6460.4,16.4
7364,6462.2,16.2
7365,6464,16
7366,6465.4,16
7367,6466.8,16
7368,6468.2,16
7369,6469.6,16
7370,6471,16
7371,6470.2,16
7372,6469.4,16
7373,6468.6,16
7374,6467.8,16
7375,6467,16
7376,6464.6,16
7377,6462.2,16
7378,6459.8,16
7379,6457.4,16
7380,6455,16
7381,6452.8,15.8
7382,6450.6,15.6
7383,6448.4,15.4
7384,6446.2,15.2
7385,6444,15
7386,6443,15.2
7387,6442,15.4
7388,6441,15.6
7389,6440,15.8
7390,6439,16
7391,6437.6,16
7392,6436.2,16
7393,6434.8,16
7394,6433.4,16
7395,6432,16
7396,6430.2,15.8
7397,6428.4,15.6
7398,6426.6,15.4
7399,6424.8,15.2
7400,6423,15
7401,6421.2,15
7402,6419.4,15
7403,6417.6,15
7404,6415.8,15
7405,6414,15
7406,6414.6,14.8
7407,6415.2,14.6
7408,6415.8,14.4
7409,6416.4,14.2
7410,6417,14
7411,6419.2,14
7412,6421.4,14
7413,6423.6,14
7414,6425.8,14
7415,6428,14
7416,6432.2,14
7417,6436.4,14
7418,6440.6,14
7419,6444.8,14
7420,6449,14
7421,6459.4,14
7422,6469.8,14
7423,6480.2,14
7424,6490.6,14
7425,6501,14
7426,6512.8,14
7427,6524.6,14
7428,6536.4,14
7429,6548.2,14
7430,6560,14
7431,6566.4,14
7432,6572.8,14
7433,6579.2,14
7434,6585.6,14
7435,6592,14
7436,6591.6,14.6
7437,6591.2,15.2
7438,6590.8,15.8
7439,6590.4,16.4
7440,6590,17
7441,6587.8,17.2
7442,6585.6,17.4
7443,6583.4,17.6
7444,6581.2,17.8
7445,6579,18
7446,6577,18.4
7447,6575,18.8
7448,6573,19.2
7449,6571,19.6
7450,6569,20
7451,6567.8,20.2
7452,6566.6,20.4
7453,6565.4,20.6
7454,6564.2,20.8
7455,6563,21
7456,6563,20.8
7457,6563,20.6
7458,6563,20.4
7459,6563,20.2
7460,6563,20
7461,6564.2,20
7462,6565.4,20
7463,6566.6,20
7464,6567.8,20
7465,6569,20
7466,6570.6,20.4
7467,6572.2,20.8
7468,6573.8,21.2
7469,6575.4,21.6
7470,6577,22
7471,6578.8,22.2
7472,6580.6,22.4
7473,6582.4,22.6
7474,6584.2,22.8
7475,6586,23
7476,6587.8,22.6
7477,6589.6,22.2
7478,6591.4,21.8
7479,6593.2,21.4
7480,6595,21
7481,6596.4,20.8
7482,6597.8,20.6
7483,6599.2,20.4
7484,6600.6,20.2
7485,6602,20
7486,6602.6,20.4
7487,6603.2,20.8
7488,6603.8,21.2
7489,6604.4,21.6
7490,6605,22
7491,6604.8,22
7492,6604.6,22
7493,6604.4,22
7494,6604.2,22
7495,6604,22
7496,6603.8,21.6
7497,6603.6,21.2
7498,6603.4,20.8
7499,6603.2,20.4
7500,6603,20
7501,6604,20.4
7502,6605,20.8
7503,6606,21.2
7504,6607,21.6
7505,6608,22
7506,6611.4,22
7507,6614.8,22
7508,6618.2,22
7509,6621.6,22
7510,6625,22
7511,6630.2,21.6
7512,6635.4,21.2
7513,6640.6,20.8
7514,6645.8,20.4
7515,6651,20
7516,6655.6,20.2
7517,6660.2,20.4
7518,6664.8,20.6
7519,6669.4,20.8
7520,6674,21
7521,6675.4,21
7522,6676.8,21
7523,6678.2,21
7524,6679.6,21
7525,6681,21
7526,6679.2,20.8
7527,6677.4,20.6
7528,6675.6,20.4
7529,6673.8,20.2
7530,6672,20
7531,6668,20
7532,6664,20
7533,6660,20
7534,6656,20
7535,6652,20
7536,6647.8,20.2
7537,6643.6,20.4
7538,6639.4,20.6
7539,6635.2,20.8
7540,6631,21
7541,6628,21
7542,6625,21
7543,6622,21
7544,6619,21
7545,6616,21
7546,6614.6,20.6
7547,6613.2,20.2
7548,6611.8,19.8
7549,6610.4,19.4
7550,6609,19
7551,6609.6,19.2
7552,6610.2,19.4
7553,6610.8,19.6
7554,6611.4,19.8
7555,6612,20
7556,6614.6,20.2
7557,6617.2,20.4
7558,6619.8,20.6
7559,6622.4,20.8
7560,6625,21
7561,6629.6,20.8
7562,6634.2,20.6
7563,6638.8,20.4
7564,6643.4,20.2
7565,6648,20
7566,6653.8,20
7567,6659.6,20
7568,6665.4,20
7569,6671.2,20
7570,6677,20
7571,6682.8,20.4
7572,6688.6,20.8
7573,6694.4,21.2
7574,6700.2,21.6
7575,6706,22
7576,6710.6,21.8
7577,6715.2,21.6
7578,6719.8,21.4
7579,6724.4,21.2
7580,6729,21
7581,6732,20.8
7582,6735,20.6
7583,6738,20.4
7584,6741,20.2
7585,6744,20
7586,6745.6,20.2
7587,6747.2,20.4
7588,6748.8,20.6
7589,6750.4,20.8
7590,6752,21
7591,6752.4,21
7592,6752.8,21
7593,6753.2,21
7594,6753.6,21
7595,6754,21
7596,6753.6,20.8
7597,6753.2,20.6
7598,6752.8,20.4
7599,6752.4,20.2
7600,6752,20
7601,6752.4,20.4
7602,6752.8,20.8
7603,6753.2,21.2
7604,6753.6,21.6
7605,6754,22
7606,6756,21.8
7607,6758,21.6
7608,6760,21.4
7609,6762,21.2
7610,6764,21
7611,6767,20.8
7612,6770,20.6
7613,6773,20.4
7614,6776,20.2
7615,6779,20
7616,6781.8,20.2
7617,6784.6,20.4
7618,6787.4,20.6
7619,6790.2,20.8
7620,6793,21
7621,6794.6,21
7622,6796.2,21
7623,6797.8,21
7624,6799.4,21
7625,6801,21
7626,6801,20.8
7627,6801,20.6
7628,6801,20.4
7629,6801,20.2
7630,6801,20
7631,6800.2,20.2
7632,6799.4,20.4
7633,6798.6,20.6
7634,6797.8,20.8
7635,6797,21
7636,6795.8,21.4
7637,6794.6,21.8
7638,6793.4,22.2
7639,6792.2,22.6
7640,6791,23
7641,6790.2,23
7642,6789.4,23
7643,6788.6,23
7644,6787.8,23
7645,6787,23
7646,6786.6,22.6
7647,6786.2,22.2
7648,6785.8,21.8
7649,6785.4,21.4
7650,6785,21
7651,6785.6,21
7652,6786.2,21
7653,6786.8,21
7654,6787.4,21
7655,6788,21
7656,6789.6,21.2
7657,6791.2,21.4
7658,6792.8,21.6
7659,6794.4,21.8
7660,6796,22
7661,6798.6,22
7662,6801.2,22
7663,6803.8,22
7664,6806.4,22
7665,6809,22
7666,6812.6,22.4
7667,6816.2,22.8
7668,6819.8,23.2
7669,6823.4,23.6
7670,6827,24
7671,6830.8,24.4
7672,6834.6,24.8
7673,6838.4,25.2
7674,6842.2,25.6
7675,6846,26
7676,6849.4,25.6
7677,6852.8,25.2
7678,6856.2,24.8
7679,6859.6,24.4
7680,6863,24
7681,6866,23.6
7682,6869,23.2
7683,6872,22.8
7684,6875,22.4
7685,6878,22
7686,6880.6,22
7687,6883.2,22
7688,6885.8,22
7689,6888.4,22
7690,6891,22
7691,6892.8,21.8
7692,6894.6,21.6
7693,6896.4,21.4
7694,6898.2,21.2
7695,6900,21
7696,6901.2,21.2
7697,6902.4,21.4
7698,6903.6,21.6
7699,6904.8,21.8
7700,6906,22
7701,6906.8,22.4
7702,6907.6,22.8
7703,6908.4,23.2
7704,6909.2,23.6
7705,6910,24
7706,6910.4,23.8
7707,6910.8,23.6
7708,6911.2,23.4
7709,6911.6,23.2
7710,6912,23
7711,6912,22.8
7712,6912,22.6
7713,6912,22.4
7714,6912,22.2
7715,6912,22
7716,6912.2,22
7717,6912.4,22
7718,6912.6,22
7719,6912.8,22
7720,6913,22
7721,6913.2,22
7722,6913.4,22
7723,6913.6,22
7724,6913.8,22
7725,6914,22
7726,6914.4,21.8
7727,6914.8,21.6
7728,6915.2,21.4
7729,6915.6,21.2
7730,6916,21
7731,6916.8,21.2
7732,6917.6,21.4
7733,6918.4,21.6
7734,6919.2,21.8
7735,6920,22
7736,6920.8,22.2
7737,6921.6,22.4
7738,6922.4,22.6
7739,6923.2,22.8
7740,6924,23
7741,6925.4,22.8
7742,6926.8,22.6
7743,6928.2,22.4
7744,6929.6,22.2
7745,6931,22
7746,6932.2,21.8
7747,6933.4,21.6
7748,6934.6,21.4
7749,6935.8,21.2
7750,6937,21
7751,6938,21.2
7752,6939,21.4
7753,6940,21.6
7754,6941,21.8
7755,6942,22
7756,6942.2,22
7757,6942.4,22
7758,6942.6,22
7759,6942.8,22
7760,6943,22
7761,6942.6,21.8
7762,6942.2,21.6
7763,6941.8,21.4
7764,6941.4,21.2
7765,6941,21
7766,6940.6,21
7767,6940.2,21
7768,6939.8,21
7769,6939.4,21
7770,6939,21
7771,6938.8,21.2
7772,6938.6,21.4
7773,6938.4,21.6
7774,6938.2,21.8
7775,6938,22
7776,6938.8,21.6
7777,6939.6,21.2
7778,6940.4,20.8
7779,6941.2,20.4
7780,6942,20
7781,6943.6,20.2
7782,6945.2,20.4
7783,6946.8,20.6
7784,6948.4,20.8
7785,6950,21
7786,6952.8,21.2
7787,6955.6,21.4
7788,6958.4,21.6
7789,6961.2,21.8
7790,6964,22
7791,6967.6,21.6
7792,6971.2,21.2
7793,6974.8,20.8
7794,6978.4,20.4
7795,6982,20
7796,6984.6,20.2
7797,6987.2,20.4
7798,6989.8,20.6
7799,6992.4,20.8
7800,6995,21
7801,6995,21
7802,6995,21
7803,6995,21
7804,6995,21
7805,6995,21
7806,6993,20.8
7807,6991,20.6
7808,6989,20.4
7809,6987,20.2
7810,6985,20
7811,6982.6,20.2
7812,6980.2,20.4
7813,6977.8,20.6
7814,6975.4,20.8
7815,6973,21
7816,6971.6,21
7817,6970.2,21
7818,6968.8,21
7819,6967.4,21
7820,6966,21
7821,6966.8,20.8
7822,6967.6,20.6
7823,6968.4,20.4
7824,6969.2,20.2
7825,6970,20
7826,6972,20.2
7827,6974,20.4
7828,6976,20.6
7829,6978,20.8
7830,6980,21
7831,6982.6,21
7832,6985.2,21
7833,6987.8,21
7834,6990.4,21
7835,6993,21
7836,6995.6,20.8
7837,6998.2,20.6
7838,7000.8,20.4
7839,7003.4,20.2
7840,7006,20
7841,7008,20.2
7842,7010,20.4
7843,7012,20.6
7844,7014,20.8
7845,7016,21
7846,7017.2,20.8
7847,7018.4,20.6
7848,7019.6,20.4
7849,7020.8,20.2
7850,7022,20
7851,7022,20
7852,7022,20
7853,7022,20
7854,7022,20
7855,7022,20
7856,7022.6,20.4
7857,7023.2,20.8
7858,7023.8,21.2
7859,7024.4,21.6
7860,7025,22
7861,7027.2,22
7862,7029.4,22
7863,7031.6,22
7864,7033.8,22
7865,7036,22
7866,7039.6,22
7867,7043.2,22
7868,7046.8,22
7869,7050.4,22
7870,7054,22
7871,7057.4,22.2
7872,7060.8,22.4
7873,7064.2,22.6
7874,7067.6,22.8
7875,7071,23
7876,7073.2,23
7877,7075.4,23
7878,7077.6,23
7879,7079.8,23
7880,7082,23
7881,7082.2,22.8
7882,7082.4,22.6
7883,7082.6,22.4
7884,7082.8,22.2
7885,7083,22
7886,7081,22
7887,7079,22
7888,7077,22
7889,7075,22
7890,7073,22
7891,7069,21.6
7892,7065,21.2
7893,7061,20.8
7894,7057,20.4
7895,7053,20
7896,7048.2,20.2
7897,7043.4,20.4
7898,7038.6,20.6
7899,7033.8,20.8
7900,7029,21
7901,7026.2,21
7902,7023.4,21
7903,7020.6,21
7904,7017.8,21
7905,7015,21
7906,7014.6,20.8
7907,7014.2,20.6
7908,7013.8,20.4
7909,7013.4,20.2
7910,7013,20
7911,7014.2,20
7912,7015.4,20
7913,7016.6,20
7914,7017.8,20
7915,7019,20
7916,7021,20.2
7917,7023,20.4
7918,7025,20.6
7919,7027,20.8
7920,7029,21
7921,7032,21.4
7922,7035,21.8
7923,7038,22.2
7924,7041,22.6
7925,7044,23
7926,7048.4,23
7927,7052.8,23
7928,7057.2,23
7929,7061.6,23
7930,7066,23
7931,7071.4,22.6
7932,7076.8,22.2
7933,7082.2,21.8
7934,7087.6,21.4
7935,7093,21
7936,7097.4,21.2
7937,7101.8,21.4
7938,7106.2,21.6
7939,7110.6,21.8
7940,7115,22
7941,7116.8,22
7942,7118.6,22
7943,7120.4,22
7944,7122.2,22
7945,7124,22
7946,7124,22
7947,7124,22
7948,7124,22
7949,7124,22
7950,7124,22
7951,7123.8,22.4
7952,7123.6,22.8
7953,7123.4,23.2
7954,7123.2,23.6
7955,7123,24
7956,7124.2,24
7957,7125.4,24
7958,7126.6,24
7959,7127.8,24
7960,7129,24
7961,7131.6,23.8
7962,7134.2,23.6
7963,7136.8,23.4
7964,7139.4,23.2
7965,7142,23
7966,7145.2,22.6
7967,7148.4,22.2
7968,7151.6,21.8
7969,7154.8,21.4
7970,7158,21
7971,7161,20.8
7972,7164,20.6
7973,7167,20.4
7974,7170,20.2
7975,7173,20
7976,7175,20.2
7977,7177,20.4
7978,7179,20.6
7979,7181,20.8
7980,7183,21
7981,7183.6,20.8
7982,7184.2,20.6
7983,7184.8,20.4
7984,7185.4,20.2
7985,7186,20
7986,7185.8,20
7987,7185.6,20
7988,7185.4,20
7989,7185.2,20
7990,7185,20
7991,7184.2,20
7992,7183.4,20
7993,7182.6,20
7994,7181.8,20
7995,7181,20
7996,7180.4,20.4
7997,7179.8,20.8
7998,7179.2,21.2
7999,7178.6,21.6
8000,7178,22
8001,7178.6,22.6
8002,7179.2,23.2
8003,7179.8,23.8
8004,7180.4,24.4
8005,7181,25
8006,7183.2,25
8007,7185.4,25
8008,7187.6,25
8009,7189.8,25
8010,7192,25
8011,7195.4,24.8
8012,7198.8,24.6
8013,7202.2,24.4
8014,7205.6,24.2
8015,7209,24
8016,7213.2,23.8
8017,7217.4,23.6
8018,7221.6,23.4
8019,7225.8,23.2
8020,7230,23
8021,7234.2,23.4
8022,7238.4,23.8
8023,7242.6,24.2
8024,7246.8,24.6
8025,7251,25
8026,7254.8,25.2
8027,7258.6,25.4
8028,7262.4,25.6
8029,7266.2,25.8
8030,7270,26
8031,7273.2,26.2
8032,7276.4,26.4
8033,7279.6,26.6
8034,7282.8,26.8
8035,7286,27
8036,7288.6,26.8
8037,7291.2,26.6
8038,7293.8,26.4
8039,7296.4,26.2
8040,7299,26
8041,7300.8,26
8042,7302.6,26
8043,7304.4,26
8044,7306.2,26
8045,7308,26
8046,7309.4,25.8
8047,7310.8,25.6
8048,7312.2,25.4
8049,7313.6,25.2
8050,7315,25
8051,7316,25.2
8052,7317,25.4
8053,7318,25.6
8054,7319,25.8
8055,7320,26
8056,7320.4,26.2
8057,7320.8,26.4
8058,7321.2,26.6
8059,7321.6,26.8
8060,7322,27
8061,7322.2,27.2
8062,7322.4,27.4
8063,7322.6,27.6
8064,7322.8,27.8
8065,7323,28
8066,7322.6,28
8067,7322.2,28
8068,7321.8,28
8069,7321.4,28
8070,7321,28
8071,7320.4,27.6
8072,7319.8,27.2
8073,7319.2,26.8
8074,7318.6,26.4
8075,7318,26
8076,7317,25.6
8077,7316,25.2
8078,7315,24.8
8079,7314,24.4
8080,7313,24
8081,7312,23.6
8082,7311,23.2
8083,7310,22.8
8084,7309,22.4
8085,7308,22
8086,7307,22.2
8087,7306,22.4
8088,7305,22.6
8089,7304,22.8
8090,7303,23
8091,7302,23.2
8092,7301,23.4
8093,7300,23.6
8094,7299,23.8
8095,7298,24
8096,7297.4,24.4
8097,7296.8,24.8
8098,7296.2,25.2
8099,7295.6,25.6
8100,7295,26
8101,7294.6,26
8102,7294.2,26
8103,7293.8,26
8104,7293.4,26
8105,7293,26
8106,7293,25.6
8107,7293,25.2
8108,7293,24.8
8109,7293,24.4
8110,7293,24
8111,7293.6,23.4
8112,7294.2,22.8
8113,7294.8,22.2
8114,7295.4,21.6
8115,7296,21
8116,7296.6,21
8117,7297.2,21
8118,7297.8,21
8119,7298.4,21
8120,7299,21
8121,7299.4,21.2
8122,7299.8,21.4
8123,7300.2,21.6
8124,7300.6,21.8
8125,7301,22
8126,7301,21.6
8127,7301,21.2
8128,7301,20.8
8129,7301,20.4
8130,7301,20
8131,7300.6,19.8
8132,7300.2,19.6
8133,7299.8,19.4
8134,7299.4,19.2
8135,7299,19
8136,7298.2,19.2
8137,7297.4,19.4
8138,7296.6,19.6
8139,7295.8,19.8
8140,7295,20
8141,7294.2,20.2
8142,7293.4,20.4
8143,7292.6,20.6
8144,7291.8,20.8
8145,7291,21
8146,7290.4,20.8
8147,7289.8,20.6
8148,7289.2,20.4
8149,7288.6,20.2
8150,7288,20
8151,7287.8,20
8152,7287.6,20
8153,7287.4,20
8154,7287.2,20
8155,7287,20
8156,7288,20.2
8157,7289,20.4
8158,7290,20.6
8159,7291,20.8
8160,7292,21
8161,7294,21.4
8162,7296,21.8
8163,7298,22.2
8164,7300,22.6
8165,7302,23
8166,7305.4,22.8
8167,7308.8,22.6
8168,7312.2,22.4
8169,7315.6,22.2
8170,7319,22
8171,7323.6,21.8
8172,7328.2,21.6
8173,7332.8,21.4
8174,7337.4,21.2
8175,7342,21
8176,7346.8,21
8177,7351.6,21
8178,7356.4,21
8179,7361.2,21
8180,7366,21
8181,7370.4,21.4
8182,7374.8,21.8
8183,7379.2,22.2
8184,7383.6,22.6
8185,7388,23
8186,7391.8,23
8187,7395.6,23
8188,7399.4,23
8189,7403.2,23
8190,7407,23
8191,7409.4,22.8
8192,7411.8,22.6
8193,7414.2,22.4
8194,7416.6,22.2
8195,7419,22
8196,7420.6,21.8
8197,7422.2,21.6
8198,7423.8,21.4
8199,7425.4,21.2
8200,7427,21
8201,7428.2,21.2
8202,7429.4,21.4
8203,7430.6,21.6
8204,7431.8,21.8
8205,7433,22
8206,7434.2,22
8207,7435.4,22
8208,7436.6,22
8209,7437.8,22
8210,7439,22
8211,7440.6,21.8
8212,7442.2,21.6
8213,7443.8,21.4
8214,7445.4,21.2
8215,7447,21
8216,7448.8,21
8217,7450.6,21
8218,7452.4,21
8219,7454.2,21
8220,7456,21
8221,7457.6,21.4
8222,7459.2,21.8
8223,7460.8,22.2
8224,7462.4,22.6
8225,7464,23
8226,7464.6,23.2
8227,7465.2,23.4
8228,7465.8,23.6
8229,7466.4,23.8
8230,7467,24
8231,7466.2,23.4
8232,7465.4,22.8
8233,7464.6,22.2
8234,7463.8,21.6
8235,7463,21
8236,7461.8,21
8237,7460.6,21
8238,7459.4,21
8239,7458.2,21
8240,7457,21
8241,7456,21.2
8242,7455,21.4
8243,7454,21.6
8244,7453,21.8
8245,7452,22
8246,7451.4,21.6
8247,7450.8,21.2
8248,7450.2,20.8
8249,7449.6,20.4
8250,7449,20
8251,7448.6,20
8252,7448.2,20
8253,7447.8,20
8254,7447.4,20
8255,7447,20
8256,7445.6,20
8257,7444.2,20
8258,7442.8,20
8259,7441.4,20
8260,7440,20
8261,7437.6,19.8
8262,7435.2,19.6
8263,7432.8,19.4
8264,7430.4,19.2
8265,7428,19
8266,7425.8,19.2
8267,7423.6,19.4
8268,7421.4,19.6
8269,7419.2,19.8
8270,7417,20
8271,7416.4,20
8272,7415.8,20
8273,7415.2,20
8274,7414.6,20
8275,7414,20
8276,7415.2,20
8277,7416.4,20
8278,7417.6,20
8279,7418.8,20
8280,7420,20
8281,7422,20.2
8282,7424,20.4
8283,7426,20.6
8284,7428,20.8
8285,7430,21
8286,7431.2,20.8
8287,7432.4,20.6
8288,7433.6,20.4
8289,7434.8,20.2
8290,7436,20
8291,7436,20
8292,7436,20
8293,7436,20
8294,7436,20
8295,7436,20
8296,7436,20
8297,7436,20
8298,7436,20
8299,7436,20
8300,7436,20
8301,7436.4,20.2
8302,7436.8,20.4
8303,7437.2,20.6
8304,7437.6,20.8
8305,7438,21
8306,7438.6,21
8307,7439.2,21
8308,7439.8,21
8309,7440.4,21
8310,7441,21
8311,7441.8,20.6
8312,7442.6,20.2
8313,7443.4,19.8
8314,7444.2,19.4
8315,7445,19
8316,7446.6,19
8317,7448.2,19
8318,7449.8,19
8319,7451.4,19
8320,7453,19
8321,7455,19
8322,7457,19
8323,7459,19
8324,7461,19
8325,7463,19
8326,7465.2,18.8
8327,7467.4,18.6
8328,7469.6,18.4
8329,7471.8,18.2
8330,7474,18
8331,7475,18
8332,7476,18
8333,7477,18
8334,7478,18
8335,7479,18
8336,7480.4,18
8337,7481.8,18
8338,7483.2,18
8339,7484.6,18
8340,7486,18
8341,7489.2,18
8342,7492.4,18
8343,7495.6,18
8344,7498.8,18
8345,7502,18
8346,7504.4,18
8347,7506.8,18
8348,7509.2,18
8349,7511.6,18
8350,7514,18
8351,7514,18
8352,7514,18
8353,7514,18
8354,7514,18
8355,7514,18
8356,7514.2,18
8357,7514.4,18
8358,7514.6,18
8359,7514.8,18
8360,7515,18
8361,7516.8,18.2
8362,7518.6,18.4
8363,7520.4,18.6
8364,7522.2,18.8
8365,7524,19
8366,7526.8,19.2
8367,7529.6,19.4
8368,7532.4,19.6
8369,7535.2,19.8
8370,7538,20
8371,7540.8,20
8372,7543.6,20
8373,7546.4,20
8374,7549.2,20
8375,7552,20
8376,7554.8,20.2
8377,7557.6,20.4
8378,7560.4,20.6
8379,7563.2,20.8
8380,7566,21
8381,7569.2,20.8
8382,7572.4,20.6
8383,7575.6,20.4
8384,7578.8,20.2
8385,7582,20
8386,7584.8,20
8387,7587.6,20
8388,7590.4,20
8389,7593.2,20
8390,7596,20
8391,7597.2,19.8
8392,7598.4,19.6
8393,7599.6,19.4
8394,7600.8,19.2
8395,7602,19
8396,7602.6,19.2
8397,7603.2,19.4
8398,7603.8,19.6
8399,7604.4,19.8
8400,7605,20
8401,7607,19.8
8402,7609,19.6
8403,7611,19.4
8404,7613,19.2
8405,7615,19
8406,7617.8,19.4
8407,7620.6,19.8
8408,7623.4,20.2
8409,7626.2,20.6
8410,7629,21
8411,7632,20.8
8412,7635,20.6
8413,7638,20.4
8414,7641,20.2
8415,7644,20
8416,7647.2,20
8417,7650.4,20
8418,7653.6,20
8419,7656.8,20
8420,7660,20
8421,7663.4,19.8
8422,7666.8,19.6
8423,7670.2,19.4
8424,7673.6,19.2
8425,7677,19
8426,7679.2,19.4
8427,7681.4,19.8
8428,7683.6,20.2
8429,7685.8,20.6
8430,7688,21
8431,7688.4,21
8432,7688.8,21
8433,7689.2,21
8434,7689.6,21
8435,7690,21
8436,7689.4,21
8437,7688.8,21
8438,7688.2,21
8439,7687.6,21
8440,7687,21
8441,7687,21.2
8442,7687,21.4
8443,7687,21.6
8444,7687,21.8
8445,7687,22
8446,7688.6,21.6
8447,7690.2,21.2
8448,7691.8,20.8
8449,7693.4,20.4
8450,7695,20
8451,7697.6,19.8
8452,7700.2,19.6
8453,7702.8,19.4
8454,7705.4,19.2
8455,7708,19
8456,7710,19.2
8457,7712,19.4
8458,7714,19.6
8459,7716,19.8
8460,7718,20
8461,7718.6,19.8
8462,7719.2,19.6
8463,7719.8,19.4
8464,7720.4,19.2
8465,7721,19
8466,7721,19
8467,7721,19
8468,7721,19
8469,7721,19
8470,7721,19
8471,7720.8,19.2
8472,7720.6,19.4
8473,7720.4,19.6
8474,7720.2,19.8
8475,7720,20
8476,7720.2,20.2
8477,7720.4,20.4
8478,7720.6,20.6
8479,7720.8,20.8
8480,7721,21
8481,7721.4,20.6
8482,7721.8,20.2
8483,7722.2,19.8
8484,7722.6,19.4
8485,7723,19
8486,7723.4,19.2
8487,7723.8,19.4
8488,7724.2,19.6
8489,7724.6,19.8
8490,7725,20
8491,7724.4,20.2
8492,7723.8,20.4
8493,7723.2,20.6
8494,7722.6,20.8
8495,7722,21
8496,7720,20.6
8497,7718,20.2
8498,7716,19.8
8499,7714,19.4
8500,7712,19
8501,7710.2,19.2
8502,7708.4,19.4
8503,7706.6,19.6
8504,7704.8,19.8
8505,7703,20
8506,7702.8,20.4
8507,7702.6,20.8
8508,7702.4,21.2
8509,7702.2,21.6
8510,7702,22
8511,7704.2,21.8
8512,7706.4,21.6
8513,7708.6,21.4
8514,7710.8,21.2
8515,7713,21
8516,7715.6,20.8
8517,7718.2,20.6
8518,7720.8,20.4
8519,7723.4,20.2
8520,7726,20
8521,7727,20
8522,7728,20
8523,7729,20
8524,7730,20
8525,7731,20
8526,7730.2,20
8527,7729.4,20
8528,7728.6,20
8529,7727.8,20
8530,7727,20
8531,7726.8,20.2
8532,7726.6,20.4
8533,7726.4,20.6
8534,7726.2,20.8
8535,7726,21
8536,7728.2,20.8
8537,7730.4,20.6
8538,7732.6,20.4
8539,7734.8,20.2
8540,7737,20
8541,7742.2,19.8
8542,7747.4,19.6
8543,7752.6,19.4
8544,7757.8,19.2
8545,7763,19
8546,7766.6,19
8547,7770.2,19
8548,7773.8,19
8549,7777.4,19
8550,7781,19
8551,7782.6,19.2
8552,7784.2,19.4
8553,7785.8,19.6
8554,7787.4,19.8
8555,7789,20
8556,7789.4,20
8557,7789.8,20
8558,7790.2,20
8559,7790.6,20
8560,7791,20
8561,7790.4,20.2
8562,7789.8,20.4
8563,7789.2,20.6
8564,7788.6,20.8
8565,7788,21
8566,7786.8,21.2
8567,7785.6,21.4
8568,7784.4,21.6
8569,7783.2,21.8
8570,7782,22
8571,7780.6,21.8
8572,7779.2,21.6
8573,7777.8,21.4
8574,7776.4,21.2
8575,7775,21
8576,7774.2,20.8
8577,7773.4,20.6
8578,7772.6,20.4
8579,7771.8,20.2
8580,7771,20
8581,7771.8,20.2
8582,7772.6,20.4
8583,7773.4,20.6
8584,7774.2,20.8
8585,7775,21
8586,7778.8,20.8
8587,7782.6,20.6
8588,7786.4,20.4
8589,7790.2,20.2
8590,7794,20
8591,7799.4,20
8592,7804.8,20
8593,7810.2,20
8594,7815.6,20
8595,7821,20
8596,7826.4,20.2
8597,7831.8,20.4
8598,7837.2,20.6
8599,7842.6,20.8
8600,7848,21
8601,7851.8,21.4
8602,7855.6,21.8
8603,7859.4,22.2
8604,7863.2,22.6
8605,7867,23
8606,7868.2,23
8607,7869.4,23
8608,7870.6,23
8609,7871.8,23
8610,7873,23
8611,7872,22.8
8612,7871,22.6
8613,7870,22.4
8614,7869,22.2
8615,7868,22
8616,7866.2,21.8
8617,7864.4,21.6
8618,7862.6,21.4
8619,7860.8,21.2
8620,7859,21
8621,7857.6,21
8622,7856.2,21
8623,7854.8,21
8624,7853.4,21
8625,7852,21
8626,7852.4,21.2
8627,7852.8,21.4
8628,7853.2,21.6
8629,7853.6,21.8
8630,7854,22
8631,7856.6,22
8632,7859.2,22
8633,7861.8,22
8634,7864.4,22
8635,7867,22
8636,7870.8,22
8637,7874.6,22
8638,7878.4,22
8639,7882.2,22
8640,7886,22
8641,7889.4,21.6
8642,7892.8,21.2
8643,7896.2,20.8
8644,7899.6,20.4
8645,7903,20
8646,7906,20.2
8647,7909,20.4
8648,7912,20.6
8649,7915,20.8
8650,7918,21
8651,7920.2,21
8652,7922.4,21
8653,7924.6,21
8654,7926.8,21
8655,7929,21
8656,7930,21
8657,7931,21
8658,7932,21
8659,7933,21
8660,7934,21
8661,7933,20.8
8662,7932,20.6
8663,7931,20.4
8664,7930,20.2
8665,7929,20
8666,7927,20.4
8667,7925,20.8
8668,7923,21.2
8669,7921,21.6
8670,7919,22
8671,7917,22
8672,7915,22
8673,7913,22
8674,7911,22
8675,7909,22
8676,7907.8,22
8677,7906.6,22
8678,7905.4,22
8679,7904.2,22
8680,7903,22
8681,7902.8,21.8
8682,7902.6,21.6
8683,7902.4,21.4
8684,7902.2,21.2
8685,7902,21
8686,7902.8,20.8
8687,7903.6,20.6
8688,7904.4,20.4
8689,7905.2,20.2
8690,7906,20
8691,7907.2,20.2
8692,7908.4,20.4
8693,7909.6,20.6
8694,7910.8,20.8
8695,7912,21
8696,7913.6,20.8
8697,7915.2,20.6
8698,7916.8,20.4
8699,7918.4,20.2
8700,7920,20
8701,7920.2,19.8
8702,7920.4,19.6
8703,7920.6,19.4
8704,7920.8,19.2
8705,7921,19
8706,7920.2,19.2
8707,7919.4,19.4
8708,7918.6,19.6
8709,7917.8,19.8
8710,7917,20
8711,7916.8,20
8712,7916.6,20
8713,7916.4,20
8714,7916.2,20
8715,7916,20
8716,7917.8,20
8717,7919.6,20
8718,7921.4,20
8719,7923.2,20
8720,7925,20
8721,7927.4,20.2
8722,7929.8,20.4
8723,7932.2,20.6
8724,7934.6,20.8
8725,7937,21
8726,7938.4,21
8727,7939.8,21
8728,7941.2,21
8729,7942.6,21
8730,7944,21
8731,7943.4,21
8732,7942.8,21
8733,7942.2,21
8734,7941.6,21
8735,7941,21
8736,7939.8,21.2
8737,7938.6,21.4
8738,7937.4,21.6
8739,7936.2,21.8
8740,7935,22
8741,7934.4,21.8
8742,7933.8,21.6
8743,7933.2,21.4
8744,7932.6,21.2
8745,7932,21
8746,7932.2,21
8747,7932.4,21
8748,7932.6,21
8749,7932.8,21
8750,7933,21
8751,7933.2,20.8
8752,7933.4,20.6
8753,7933.6,20.4
8754,7933.8,20.2
8755,7934,20
8756,7934,20.2
8757,7934,20.4
8758,7934,20.6
8759,7934,20.8
8760,7934,21
8761,7934.2,21
8762,7934.4,21
8763,7934.6,21
8764,7934.8,21
8765,7935,21
8766,7936.4,21.2
8767,7937.8,21.4
8768,7939.2,21.6
8769,7940.6,21.8
8770,7942,22
8771,7944.6,21.8
8772,7947.2,21.6
8773,7949.8,21.4
8774,7952.4,21.2
8775,7955,21
8776,7958.2,21
8777,7961.4,21
8778,7964.6,21
8779,7967.8,21
8780,7971,21
8781,7973,21
8782,7975,21
8783,7977,21
8784,7979,21
8785,7981,21
8786,7982,21.4
8787,7983,21.8
8788,7984,22.2
8789,7985,22.6
8790,7986,23
8791,7986.2,23.2
8792,7986.4,23.4
8793,7986.6,23.6
8794,7986.8,23.8
8795,7987,24
8796,7986.6,23.8
8797,7986.2,23.6
8798,7985.8,23.4
8799,7985.4,23.2
8800,7985,23
8801,7984.8,23
8802,7984.6,23
8803,7984.4,23
8804,7984.2,23
8805,7984,23
8806,7984.6,23
8807,7985.2,23
8808,7985.8,23
8809,7986.4,23
8810,7987,23
8811,7988.6,22.6
8812,7990.2,22.2
8813,7991.8,21.8
8814,7993.4,21.4
8815,7995,21
8816,7995.8,21
8817,7996.6,21
8818,7997.4,21
8819,7998.2,21
8820,7999,21
8821,7997.4,21
8822,7995.8,21
8823,7994.2,21
8824,7992.6,21
8825,7991,21
8826,7988,21.2
8827,7985,21.4
8828,7982,21.6
8829,7979,21.8
8830,7976,22
8831,7972.6,21.8
8832,7969.2,21.6
8833,7965.8,21.4
8834,7962.4,21.2
8835,7959,21
8836,7957,20.8
8837,7955,20.6
8838,7953,20.4
8839,7951,20.2
8840,7949,20
8841,7948.6,20
8842,7948.2,20
8843,7947.8,20
8844,7947.4,20
8845,7947,20
8846,7947.6,20.2
8847,7948.2,20.4
8848,7948.8,20.6
8849,7949.4,20.8
8850,7950,21
8851,7951.4,21.2
8852,7952.8,21.4
8853,7954.2,21.6
8854,7955.6,21.8
8855,7957,22
8856,7959.2,22.2
8857,7961.4,22.4
8858,7963.6,22.6
8859,7965.8,22.8
8860,7968,23
8861,7970.8,22.8
8862,7973.6,22.6
8863,7976.4,22.4
8864,7979.2,22.2
8865,7982,22
8866,7984.2,21.8
8867,7986.4,21.6
8868,7988.6,21.4
8869,7990.8,21.2
8870,7993,21
8871,7992.6,20.8
8872,7992.2,20.6
8873,7991.8,20.4
8874,7991.4,20.2
8875,7991,20
8876,7989,20.2
8877,7987,20.4
8878,7985,20.6
8879,7983,20.8
8880,7981,21
8881,7978.6,21
8882,7976.2,21
8883,7973.8,21
8884,7971.4,21
8885,7969,21
8886,7968.4,21.2
8887,7967.8,21.4
8888,7967.2,21.6
8889,7966.6,21.8
8890,7966,22
8891,7968.4,21.8
8892,7970.8,21.6
8893,7973.2,21.4
8894,7975.6,21.2
8895,7978,21
8896,7980.6,21
8897,7983.2,21
8898,7985.8,21
8899,7988.4,21
8900,7991,21
8901,7992,20.8
8902,7993,20.6
8903,7994,20.4
8904,7995,20.2
8905,7996,20
8906,7995.2,20
8907,7994.4,20
8908,7993.6,20
8909,7992.8,20
8910,7992,20
8911,7989.4,20
8912,7986.8,20
8913,7984.2,20
8914,7981.6,20
8915,7979,20
8916,7976,20.4
8917,7973,20.8
8918,7970,21.2
8919,7967,21.6
8920,7964,22
8921,7962.6,22.4
8922,7961.2,22.8
8923,7959.8,23.2
8924,7958.4,23.6
8925,7957,24
8926,7957.6,23.6
8927,7958.2,23.2
8928,7958.8,22.8
8929,7959.4,22.4
8930,7960,22
8931,7961,22
8932,7962,22
8933,7963,22
8934,7964,22
8935,7965,22
8936,7965.8,21.8
8937,7966.6,21.6
8938,7967.4,21.4
8939,7968.2,21.2
8940,7969,21
8941,7969.2,21.2
8942,7969.4,21.4
8943,7969.6,21.6
8944,7969.8,21.8
8945,7970,22
8946,7970.2,21.8
8947,7970.4,21.6
8948,7970.6,21.4
8949,7970.8,21.2
8950,7971,21
8951,7971,20.8
8952,7971,20.6
8953,7971,20.4
8954,7971,20.2
8955,7971,20
8956,7969.6,19.8
8957,7968.2,19.6
8958,7966.8,19.4
8959,7965.4,19.2
8960,7964,19
8961,7962.8,19.2
8962,7961.6,19.4
8963,7960.4,19.6
8964,7959.2,19.8
8965,7958,20
8966,7958.6,19.8
8967,7959.2,19.6
8968,7959.8,19.4
8969,7960.4,19.2
8970,7961,19
8971,7962.8,19.2
8972,7964.6,19.4
8973,7966.4,19.6
8974,7968.2,19.8
8975,7970,20
8976,7972.6,20.2
8977,7975.2,20.4
8978,7977.8,20.6
8979,7980.4,20.8
8980,7983,21
8981,7986,21
8982,7989,21
8983,7992,21
8984,7995,21
8985,7998,21
8986,8001.6,21.2
8987,8005.2,21.4
8988,8008.8,21.6
8989,8012.4,21.8
8990,8016,22
8991,8021,21.6
8992,8026,21.2
8993,8031,20.8
8994,8036,20.4
8995,8041,20
8996,8045.4,19.8
8997,8049.8,19.6
8998,8054.2,19.4
8999,8058.6,19.2
9000,8063,19
9001,8065.4,19
9002,8067.8,19
9003,8070.2,19
9004,8072.6,19
9005,8075,19
9006,8078.4,19
9007,8081.8,19
9008,8085.2,19
9009,8088.6,19
9010,8092,19
9011,8095.8,19
9012,8099.6,19
9013,8103.4,19
9014,8107.2,19
9015,8111,19
9016,8113.6,19
9017,8116.2,19
9018,8118.8,19
9019,8121.4,19
9020,8124,19
9021,8127.6,19
9022,8131.2,19
9023,8134.8,19
9024,8138.4,19
9025,8142,19
9026,8146.6,19.2
9027,8151.2,19.4
9028,8155.8,19.6
9029,8160.4,19.8
9030,8165,20
9031,8168.6,20
9032,8172.2,20
9033,8175.8,20
9034,8179.4,20
9035,8183,20
9036,8184.6,20.2
9037,8186.2,20.4
9038,8187.8,20.6
9039,8189.4,20.8
9040,8191,21
9041,8190,21.4
9042,8189,21.8
9043,8188,22.2
9044,8187,22.6
9045,8186,23
9046,8183.4,23
9047,8180.8,23
9048,8178.2,23
9049,8175.6,23
9050,8173,23
9051,8170.2,23
9052,8167.4,23
9053,8164.6,23
9054,8161.8,23
9055,8159,23
9056,8157,22.6
9057,8155,22.2
9058,8153,21.8
9059,8151,21.4
9060,8149,21
9061,8148.4,21
9062,8147.8,21
9063,8147.2,21
9064,8146.6,21
9065,8146,21
9066,8145.4,21.2
9067,8144.8,21.4
9068,8144.2,21.6
9069,8143.6,21.8
9070,8143,22
9071,8143,22
9072,8143,22
9073,8143,22
9074,8143,22
9075,8143,22
9076,8144,22.2
9077,8145,22.4
9078,8146,22.6
9079,8147,22.8
9080,8148,23
9081,8150.4,22.6
9082,8152.8,22.2
9083,8155.2,21.8
9084,8157.6,21.4
9085,8160,21
9086,8162.8,21.2
9087,8165.6,21.4
9088,8168.4,21.6
9089,8171.2,21.8
9090,8174,22
9091,8175.6,21.8
9092,8177.2,21.6
9093,8178.8,21.4
9094,8180.4,21.2
9095,8182,21
9096,8182.4,21
9097,8182.8,21
9098,8183.2,21
9099,8183.6,21
9100,8184,21
9101,8183.4,21
9102,8182.8,21
9103,8182.2,21
9104,8181.6,21
9105,8181,21
9106,8179.8,21
9107,8178.6,21
9108,8177.4,21
9109,8176.2,21
9110,8175,21
9111,8174.2,20.8
9112,8173.4,20.6
9113,8172.6,20.4
9114,8171.8,20.2
9115,8171,20
9116,8171.4,20.2
9117,8171.8,20.4
9118,8172.2,20.6
9119,8172.6,20.8
9120,8173,21
9121,8176,20.8
9122,8179,20.6
9123,8182,20.4
9124,8185,20.2
9125,8188,20
9126,8191.4,20.2
9127,8194.8,20.4
9128,8198.2,20.6
9129,8201.6,20.8
9130,8205,21
9131,8207.4,20.8
9132,8209.8,20.6
9133,8212.2,20.4
9134,8214.6,20.2
9135,8217,20
9136,8219.2,20.2
9137,8221.4,20.4
9138,8223.6,20.6
9139,8225.8,20.8
9140,8228,21
9141,8230.6,21
9142,8233.2,21
9143,8235.8,21
9144,8238.4,21
9145,8241,21
9146,8243.2,21.6
9147,8245.4,22.2
9148,8247.6,22.8
9149,8249.8,23.4
9150,8252,24
9151,8253.4,24.2
9152,8254.8,24.4
9153,8256.2,24.6
9154,8257.6,24.8
9155,8259,25
9156,8259.4,25
9157,8259.8,25
9158,8260.2,25
9159,8260.6,25
9160,8261,25
9161,8260.4,25
9162,8259.8,25
9163,8259.2,25
9164,8258.6,25
9165,8258,25
9166,8256.2,25.2
9167,8254.4,25.4
9168,8252.6,25.6
9169,8250.8,25.8
9170,8249,26
9171,8246.2,25.6
9172,8243.4,25.2
9173,8240.6,24.8
9174,8237.8,24.4
9175,8235,24
9176,8232.2,23.8
9177,8229.4,23.6
9178,8226.6,23.4
9179,8223.8,23.2
9180,8221,23
9181,8219,23.4
9182,8217,23.8
9183,8215,24.2
9184,8213,24.6
9185,8211,25
9186,8210.6,25
9187,8210.2,25
9188,8209.8,25
9189,8209.4,25
9190,8209,25
9191,8210.2,24.8
9192,8211.4,24.6
9193,8212.6,24.4
9194,8213.8,24.2
9195,8215,24
9196,8217,24
9197,8219,24
9198,8221,24
9199,8223,24
9200,8225,24
9201,8226.6,24.2
9202,8228.2,24.4
9203,8229.8,24.6
9204,8231.4,24.8
9205,8233,25
9206,8233.6,24.6
9207,8234.2,24.2
9208,8234.8,23.8
9209,8235.4,23.4
9210,8236,23
9211,8236,23.2
9212,8236,23.4
9213,8236,23.6
9214,8236,23.8
9215,8236,24
9216,8235.6,24.4
9217,8235.2,24.8
9218,8234.8,25.2
9219,8234.4,25.6
9220,8234,26
9221,8233.4,26.2
9222,8232.8,26.4
9223,8232.2,26.6
9224,8231.6,26.8
9225,8231,27
9226,8230.4,27.2
9227,8229.8,27.4
9228,8229.2,27.6
9229,8228.6,27.8
9230,8228,28
9231,8227.6,28
9232,8227.2,28
9233,8226.8,28
9234,8226.4,28
9235,8226,28
9236,8225.6,28
9237,8225.2,28
9238,8224.8,28
9239,8224.4,28
9240,8224,28
9241,8223.8,28.4
9242,8223.6,28.8
9243,8223.4,29.2
9244,8223.2,29.6
9245,8223,30
9246,8223.2,30.2
9247,8223.4,30.4
9248,8223.6,30.6
9249,8223.8,30.8
9250,8224,31
9251,8224.6,31.2
9252,8225.2,31.4
9253,8225.8,31.6
9254,8226.4,31.8
9255,8227,32
9256,8227.8,32
9257,8228.6,32
9258,8229.4,32
9259,8230.2,32
9260,8231,32
9261,8232.6,31.4
9262,8234.2,30.8
9263,8235.8,30.2
9264,8237.4,29.6
9265,8239,29
9266,8241,28.4
9267,8243,27.8
9268,8245,27.2
9269,8247,26.6
9270,8249,26
9271,8251.2,25.8
9272,8253.4,25.6
9273,8255.6,25.4
9274,8257.8,25.2
9275,8260,25
9276,8262.2,25.2
9277,8264.4,25.4
9278,8266.6,25.6
9279,8268.8,25.8
9280,8271,26
9281,8273,25.8
9282,8275,25.6
9283,8277,25.4
9284,8279,25.2
9285,8281,25
9286,8282.8,24.6
9287,8284.6,24.2
9288,8286.4,23.8
9289,8288.2,23.4
9290,8290,23
9291,8291.4,23.2
9292,8292.8,23.4
9293,8294.2,23.6
9294,8295.6,23.8
9295,8297,24
9296,8298.2,24.2
9297,8299.4,24.4
9298,8300.6,24.6
9299,8301.8,24.8
9300,8303,25
9301,8304,24.8
9302,8305,24.6
9303,8306,24.4
9304,8307,24.2
9305,8308,24
9306,8309.2,24.2
9307,8310.4,24.4
9308,8311.6,24.6
9309,8312.8,24.8
9310,8314,25
9311,8315.2,25.4
9312,8316.4,25.8
9313,8317.6,26.2
9314,8318.8,26.6
9315,8320,27
9316,8321.6,27.2
9317,8323.2,27.4
9318,8324.8,27.6
9319,8326.4,27.8
9320,8328,28
9321,8330,27.6
9322,8332,27.2
9323,8334,26.8
9324,8336,26.4
9325,8338,26
9326,8339.8,25.6
9327,8341.6,25.2
9328,8343.4,24.8
9329,8345.2,24.4
9330,8347,24
9331,8348,23.8
9332,8349,23.6
9333,8350,23.4
9334,8351,23.2
9335,8352,23
9336,8351.6,22.8
9337,8351.2,22.6
9338,8350.8,22.4
9339,8350.4,22.2
9340,8350,22
9341,8348.8,22.2
9342,8347.6,22.4
9343,8346.4,22.6
9344,8345.2,22.8
9345,8344,23
9346,8342.4,23.4
9347,8340.8,23.8
9348,8339.2,24.2
9349,8337.6,24.6
9350,8336,25
9351,8334.6,24.6
9352,8333.2,24.2
9353,8331.8,23.8
9354,8330.4,23.4
9355,8329,23
9356,8327.2,23
9357,8325.4,23
9358,8323.6,23
9359,8321.8,23
9360,8320,23
9361,8318,22.6
9362,8316,22.2
9363,8314,21.8
9364,8312,21.4
9365,8310,21
9366,8309.2,21
9367,8308.4,21
9368,8307.6,21
9369,8306.8,21
9370,8306,21
9371,8306.8,21.4
9372,8307.6,21.8
9373,8308.4,22.2
9374,8309.2,22.6
9375,8310,23
9376,8309.6,23.2
9377,8309.2,23.4
9378,8308.8,23.6
9379,8308.4,23.8
9380,8308,24
9381,8306.4,24
9382,8304.8,24
9383,8303.2,24
9384,8301.6,24
9385,8300,24
9386,8298.8,24.4
9387,8297.6,24.8
9388,8296.4,25.2
9389,8295.2,25.6
9390,8294,26
9391,8294.6,26
9392,8295.2,26
9393,8295.8,26
9394,8296.4,26
9395,8297,26
9396,8299.8,25.4
9397,8302.6,24.8
9398,8305.4,24.2
9399,8308.2,23.6
9400,8311,23
9401,8314.2,22.8
9402,8317.4,22.6
9403,8320.6,22.4
9404,8323.8,22.2
9405,8327,22
9406,8329.4,21.8
9407,8331.8,21.6
9408,8334.2,21.4
9409,8336.6,21.2
9410,8339,21
9411,8340,21
9412,8341,21
9413,8342,21
9414,8343,21
9415,8344,21
9416,8345.4,21.4
9417,8346.8,21.8
9418,8348.2,22.2
9419,8349.6,22.6
9420,8351,23
9421,8353.4,22.8
9422,8355.8,22.6
9423,8358.2,22.4
9424,8360.6,22.2
9425,8363,22
9426,8365.6,22.4
9427,8368.2,22.8
9428,8370.8,23.2
9429,8373.4,23.6
9430,8376,24
9431,8378,24.2
9432,8380,24.4
9433,8382,24.6
9434,8384,24.8
9435,8386,25
9436,8387,24.8
9437,8388,24.6
9438,8389,24.4
9439,8390,24.2
9440,8391,24
9441,8391.6,24.2
9442,8392.2,24.4
9443,8392.8,24.6
9444,8393.4,24.8
9445,8394,25
9446,8394.4,25.2
9447,8394.8,25.4
9448,8395.2,25.6
9449,8395.6,25.8
9450,8396,26
9451,8397,25.6
9452,8398,25.2
9453,8399,24.8
9454,8400,24.4
9455,8401,24
9456,8402.2,23.6
9457,8403.4,23.2
9458,8404.6,22.8
9459,8405.8,22.4
9460,8407,22
9461,8408.8,21.8
9462,8410.6,21.6
9463,8412.4,21.4
9464,8414.2,21.2
9465,8416,21
9466,8418,21.2
9467,8420,21.4
9468,8422,21.6
9469,8424,21.8
9470,8426,22
9471,8428.4,21.8
9472,8430.8,21.6
9473,8433.2,21.4
9474,8435.6,21.2
9475,8438,21
9476,8440.8,21.2
9477,8443.6,21.4
9478,8446.4,21.6
9479,8449.2,21.8
9480,8452,22
9481,8455,22.2
9482,8458,22.4
9483,8461,22.6
9484,8464,22.8
9485,8467,23
9486,8470,23
9487,8473,23
9488,8476,23
9489,8479,23
9490,8482,23
9491,8484.2,23.2
9492,8486.4,23.4
9493,8488.6,23.6
9494,8490.8,23.8
9495,8493,24
9496,8494,23.8
9497,8495,23.6
9498,8496,23.4
9499,8497,23.2
9500,8498,23
9501,8497.6,22.8
9502,8497.2,22.6
9503,8496.8,22.4
9504,8496.4,22.2
9505,8496,22
9506,8494.2,22.2
9507,8492.4,22.4
9508,8490.6,22.6
9509,8488.8,22.8
9510,8487,23
9511,8484.6,23
9512,8482.2,23
9513,8479.8,23
9514,8477.4,23
9515,8475,23
9516,8475,22.8
9517,8475,22.6
9518,8475,22.4
9519,8475,22.2
9520,8475,22
9521,8477.8,22
9522,8480.6,22
9523,8483.4,22
9524,8486.2,22
9525,8489,22
9526,8494,22
9527,8499,22
9528,8504,22
9529,8509,22
9530,8514,22
9531,8520.6,21.8
9532,8527.2,21.6
9533,8533.8,21.4
9534,8540.4,21.2
9535,8547,21
9536,8554.6,21
9537,8562.2,21
9538,8569.8,21
9539,8577.4,21
9540,8585,21
9541,8592.6,21.2
9542,8600.2,21.4
9543,8607.8,21.6
9544,8615.4,21.8
9545,8623,22
9546,8629.4,22
9547,8635.8,22
9548,8642.2,22
9549,8648.6,22
9550,8655,22
9551,8659.8,22
9552,8664.6,22
9553,8669.4,22
9554,8674.2,22
9555,8679,22
9556,8682.4,21.8
9557,8685.8,21.6
9558,8689.2,21.4
9559,8692.6,21.2
9560,8696,21
9561,8697.2,21
9562,8698.4,21
9563,8699.6,21
9564,8700.8,21
9565,8702,21
9566,8700.8,21
9567,8699.6,21
9568,8698.4,21
9569,8697.2,21
9570,8696,21
9571,8694.2,21.4
9572,8692.4,21.8
9573,8690.6,22.2
9574,8688.8,22.6
9575,8687,23
9576,8686,23
9577,8685,23
9578,8684,23
9579,8683,23
9580,8682,23
9581,8681.4,23
9582,8680.8,23
9583,8680.2,23
9584,8679.6,23
9585,8679,23
9586,8679.2,23
9587,8679.4,23
9588,8679.6,23
9589,8679.8,23
9590,8680,23
9591,8680.8,23
9592,8681.6,23
9593,8682.4,23
9594,8683.2,23
9595,8684,23
9596,8685.4,22.8
9597,8686.8,22.6
9598,8688.2,22.4
9599,8689.6,22.2
9600,8691,22
9601,8692.6,22
9602,8694.2,22
9603,8695.8,22
9604,8697.4,22
9605,8699,22
9606,8700,22.4
9607,8701,22.8
9608,8702,23.2
9609,8703,23.6
9610,8704,24
9611,8703.6,23.8
9612,8703.2,23.6
9613,8702.8,23.4
9614,8702.4,23.2
9615,8702,23
9616,8701.4,23.2
9617,8700.8,23.4
9618,8700.2,23.6
9619,8699.6,23.8
9620,8699,24
9621,8699.4,23.8
9622,8699.8,23.6
9623,8700.2,23.4
9624,8700.6,23.2
9625,8701,23
9626,8702,23.2
9627,8703,23.4
9628,8704,23.6
9629,8705,23.8
9630,8706,24
9631,8706.4,23.8
9632,8706.8,23.6
9633,8707.2,23.4
9634,8707.6,23.2
9635,8708,23
9636,8707.4,22.8
9637,8706.8,22.6
9638,8706.2,22.4
9639,8705.6,22.2
9640,8705,22
9641,8703.6,22
9642,8702.2,22
9643,8700.8,22
9644,8699.4,22
9645,8698,22
9646,8697,22.2
9647,8696,22.4
9648,8695,22.6
9649,8694,22.8
9650,8693,23
9651,8693.4,23
9652,8693.8,23
9653,8694.2,23
9654,8694.6,23
9655,8695,23
9656,8696.4,22.8
9657,8697.8,22.6
9658,8699.2,22.4
9659,8700.6,22.2
9660,8702,22
9661,8703,22.2
9662,8704,22.4
9663,8705,22.6
9664,8706,22.8
9665,8707,23
9666,8707.2,23.2
9667,8707.4,23.4
9668,8707.6,23.6
9669,8707.8,23.8
9670,8708,24
9671,8708.2,24.4
9672,8708.4,24.8
9673,8708.6,25.2
9674,8708.8,25.6
9675,8709,26
9676,8710,26.2
9677,8711,26.4
9678,8712,26.6
9679,8713,26.8
9680,8714,27
9681,8716,26.6
9682,8718,26.2
9683,8720,25.8
9684,8722,25.4
9685,8724,25
9686,8726.4,25
9687,8728.8,25
9688,8731.2,25
9689,8733.6,25
9690,8736,25
9691,8738.2,25.2
9692,8740.4,25.4
9693,8742.6,25.6
9694,8744.8,25.8
9695,8747,26
9696,8748.4,25.6
9697,8749.8,25.2
9698,8751.2,24.8
9699,8752.6,24.4
9700,8754,24
9701,8755,23.4
9702,8756,22.8
9703,8757,22.2
9704,8758,21.6
9705,8759,21
9706,8759.6,21
9707,8760.2,21
9708,8760.8,21
9709,8761.4,21
9710,8762,21
9711,8762.6,21.2
9712,8763.2,21.4
9713,8763.8,21.6
9714,8764.4,21.8
9715,8765,22
9716,8765.4,22
9717,8765.8,22
9718,8766.2,22
9719,8766.6,22
9720,8767,22
9721,8767.4,21.8
9722,8767.8,21.6
9723,8768.2,21.4
9724,8768.6,21.2
9725,8769,21
9726,8769.2,21
9727,8769.4,21
9728,8769.6,21
9729,8769.8,21
9730,8770,21
9731,8770.2,21.2
9732,8770.4,21.4
9733,8770.6,21.6
9734,8770.8,21.8
9735,8771,22
9736,8771.2,22.2
9737,8771.4,22.4
9738,8771.6,22.6
9739,8771.8,22.8
9740,8772,23
9741,8772.2,22.8
9742,8772.4,22.6
9743,8772.6,22.4
9744,8772.8,22.2
9745,8773,22
9746,8773.2,21.6
9747,8773.4,21.2
9748,8773.6,20.8
9749,8773.8,20.4
9750,8774,20
9751,8774.2,20
9752,8774.4,20
9753,8774.6,20
9754,8774.8,20
9755,8775,20
9756,8775.6,20
9757,8776.2,20
9758,8776.8,20
9759,8777.4,20
9760,8778,20
9761,8778.6,20
9762,8779.2,20
9763,8779.8,20
9764,8780.4,20
9765,8781,20
9766,8782,19.8
9767,8783,19.6
9768,8784,19.4
9769,8785,19.2
9770,8786,19
9771,8787,19
9772,8788,19
9773,8789,19
9774,8790,19
9775,8791,19
9776,8792,19.2
9777,8793,19.4
9778,8794,19.6
9779,8795,19.8
9780,8796,20
9781,8796.8,20.2
9782,8797.6,20.4
9783,8798.4,20.6
9784,8799.2,20.8
9785,8800,21
9786,8800.6,21.2
9787,8801.2,21.4
9788,8801.8,21.6
9789,8802.4,21.8
9790,8803,22
9791,8803.2,22
9792,8803.4,22
9793,8803.6,22
9794,8803.8,22
9795,8804,22
9796,8804,22.2
9797,8804,22.4
9798,8804,22.6
9799,8804,22.8
9800,8804,23
9801,8804,23.4
9802,8804,23.8
9803,8804,24.2
9804,8804,24.6
9805,8804,25
9806,8804.2,25.2
9807,8804.4,25.4
9808,8804.6,25.6
9809,8804.8,25.8
9810,8805,26
9811,8805.4,25.6
9812,8805.8,25.2
9813,8806.2,24.8
9814,8806.6,24.4
9815,8807,24
9816,8807.4,23.6
9817,8807.8,23.2
9818,8808.2,22.8
9819,8808.6,22.4
9820,8809,22
9821,8809.6,21.8
9822,8810.2,21.6
9823,8810.8,21.4
9824,8811.4,21.2
9825,8812,21
9826,8812.2,21.2
9827,8812.4,21.4
9828,8812.6,21.6
9829,8812.8,21.8
9830,8813,22
9831,8812.6,21.8
9832,8812.2,21.6
9833,8811.8,21.4
9834,8811.4,21.2
9835,8811,21
9836,8810,20.8
9837,8809,20.6
9838,8808,20.4
9839,8807,20.2
9840,8806,20
9841,8804.8,20.2
9842,8803.6,20.4
9843,8802.4,20.6
9844,8801.2,20.8
9845,8800,21
9846,8799.2,21
9847,8798.4,21
9848,8797.6,21
9849,8796.8,21
9850,8796,21
9851,8795.6,20.8
9852,8795.2,20.6
9853,8794.8,20.4
9854,8794.4,20.2
9855,8794,20
9856,8793.8,20.2
9857,8793.6,20.4
9858,8793.4,20.6
9859,8793.2,20.8
9860,8793,21
9861,8792.4,21.2
9862,8791.8,21.4
9863,8791.2,21.6
9864,8790.6,21.8
9865,8790,22
9866,8789,21.8
9867,8788,21.6
9868,8787,21.4
9869,8786,21.2
9870,8785,21
9871,8784.2,21.2
9872,8783.4,21.4
9873,8782.6,21.6
9874,8781.8,21.8
9875,8781,22
9876,8781.6,21.8
9877,8782.2,21.6
9878,8782.8,21.4
9879,8783.4,21.2
9880,8784,21
9881,8785.6,21
9882,8787.2,21
9883,8788.8,21
9884,8790.4,21
9885,8792,21
9886,8794.6,21
9887,8797.2,21
9888,8799.8,21
9889,8802.4,21
9890,8805,21
9891,8808,21
9892,8811,21
9893,8814,21
9894,8817,21
9895,8820,21
9896,8823.2,21
9897,8826.4,21
9898,8829.6,21
9899,8832.8,21
9900,8836,21
9901,8839,21
9902,8842,21
9903,8845,21
9904,8848,21
9905,8851,21
9906,8853.6,21
9907,8856.2,21
9908,8858.8,21
9909,8861.4,21
9910,8864,21
9911,8866.2,21.6
9912,8868.4,22.2
9913,8870.6,22.8
9914,8872.8,23.4
9915,8875,24
9916,8876.2,24
9917,8877.4,24
9918,8878.6,24
9919,8879.8,24
9920,8881,24
9921,8881.8,24
9922,8882.6,24
9923,8883.4,24
9924,8884.2,24
9925,8885,24
9926,8885,24
9927,8885,24
9928,8885,24
9929,8885,24
9930,8885,24
9931,8884.6,24.4
9932,8884.2,24.8
9933,8883.8,25.2
9934,8883.4,25.6
9935,8883,26
9936,8882.2,26
9937,8881.4,26
9938,8880.6,26
9939,8879.8,26
9940,8879,26
9941,8878.2,25.8
9942,8877.4,25.6
9943,8876.6,25.4
9944,8875.8,25.2
9945,8875,25
9946,8874.6,25
9947,8874.2,25
9948,8873.8,25
9949,8873.4,25
9950,8873,25
9951,8873.6,24.8
9952,8874.2,24.6
9953,8874.8,24.4
9954,8875.4,24.2
9955,8876,24
9956,8878.2,23.2
9957,8880.4,22.4
9958,8882.6,21.6
9959,8884.8,20.8
9960,8887,20
9961,8890.6,19.8
9962,8894.2,19.6
9963,8897.8,19.4
9964,8901.4,19.2
9965,8905,19
9966,8908.4,19
9967,8911.8,19
9968,8915.2,19
9969,8918.6,19
9970,8922,19
9971,8923.4,19.2
9972,8924.8,19.4
9973,8926.2,19.6
9974,8927.6,19.8
9975,8929,20
9976,8927.4,20
9977,8925.8,20
9978,8924.2,20
9979,8922.6,20
9980,8921,20
9981,8917.8,20
9982,8914.6,20
9983,8911.4,20
9984,8908.2,20
9985,8905,20
9986,8901.6,20.2
9987,8898.2,20.4
9988,8894.8,20.6
9989,8891.4,20.8
9990,8888,21
9991,8885.6,20.8
9992,8883.2,20.6
9993,8880.8,20.4
9994,8878.4,20.2
9995,8876,20
9996,8875.2,20.2
9997,8874.4,20.4
9998,8873.6,20.6
9999,8872.8,20.8
10000,8872,21
10001,8872.6,21.4
10002,8873.2,21.8
10003,8873.8,22.2
10004,8874.4,22.6
10005,8875,23
10006,8877.4,22.8
10007,8879.8,22.6
10008,8882.2,22.4
10009,8884.6,22.2
10010,8887,22
10011,8889.8,21.6
10012,8892.6,21.2
10013,8895.4,20.8
10014,8898.2,20.4
10015,8901,20
10016,8900.8,20
10017,8900.6,20
10018,8900.4,20
10019,8900.2,20
10020,8900,20
10021,8898,20.4
10022,8896,20.8
10023,8894,21.2
10024,8892,21.6
10025,8890,22
10026,8888.6,22.2
10027,8887.2,22.4
10028,8885.8,22.6
10029,8884.4,22.8
10030,8883,23
10031,8883.2,22.8
10032,8883.4,22.6
10033,8883.6,22.4
10034,8883.8,22.2
10035,8884,22
10036,8885.6,21.8
10037,8887.2,21.6
10038,8888.8,21.4
10039,8890.4,21.2
10040,8892,21
10041,8894.8,20.6
10042,8897.6,20.2
10043,8900.4,19.8
10044,8903.2,19.4
10045,8906,19
10046,8908.2,19
10047,8910.4,19
10048,8912.6,19
10049,8914.8,19
10050,8917,19
10051,8916.6,19.2
10052,8916.2,19.4
10053,8915.8,19.6
10054,8915.4,19.8
10055,8915,20
10056,8912,20
10057,8909,20
10058,8906,20
10059,8903,20
10060,8900,20
10061,8896.4,20
10062,8892.8,20
10063,8889.2,20
10064,8885.6,20
10065,8882,20
10066,8879.2,20.2
10067,8876.4,20.4
10068,8873.6,20.6
10069,8870.8,20.8
10070,8868,21
10071,8866.8,21
10072,8865.6,21
10073,8864.4,21
10074,8863.2,21
10075,8862,21
10076,8861.8,21.2
10077,8861.6,21.4
10078,8861.4,21.6
10079,8861.2,21.8
10080,8861,22
10081,8861,22
10082,8861,22
10083,8861,22
10084,8861,22
10085,8861,22
10086,8861,21.8
10087,8861,21.6
10088,8861,21.4
10089,8861,21.2
10090,8861,21
10091,8860.2,20.8
10092,8859.4,20.6
10093,8858.6,20.4
10094,8857.8,20.2
10095,8857,20
10096,8856,20
10097,8855,20
10098,8854,20
10099,8853,20
10100,8852,20
10101,8852,20.6
10102,8852,21.2
10103,8852,21.8
10104,8852,22.4
10105,8852,23
10106,8853.8,22.8
10107,8855.6,22.6
10108,8857.4,22.4
10109,8859.2,22.2
10110,8861,22
10111,8863.8,22
10112,8866.6,22
10113,8869.4,22
10114,8872.2,22
10115,8875,22
10116,8877.4,22
10117,8879.8,22
10118,8882.2,22
10119,8884.6,22
10120,8887,22
10121,8888.6,22
10122,8890.2,22
10123,8891.8,22
10124,8893.4,22
10125,8895,22
10126,8895.8,21.8
10127,8896.6,21.6
10128,8897.4,21.4
10129,8898.2,21.2
10130,8899,21
10131,8899.2,20.8
10132,8899.4,20.6
10133,8899.6,20.4
10134,8899.8,20.2
10135,8900,20
10136,8899.8,20
10137,8899.6,20
10138,8899.4,20
10139,8899.2,20
10140,8899,20
10141,8899.4,20.6
10142,8899.8,21.2
10143,8900.2,21.8
10144,8900.6,22.4
10145,8901,23
10146,8902.8,22.8
10147,8904.6,22.6
10148,8906.4,22.4
10149,8908.2,22.2
10150,8910,22
10151,8912.4,21.8
10152,8914.8,21.6
10153,8917.2,21.4
10154,8919.6,21.2
10155,8922,21
10156,8923.4,20.8
10157,8924.8,20.6
10158,8926.2,20.4
10159,8927.6,20.2
10160,8929,20
10161,8929.6,20.4
10162,8930.2,20.8
10163,8930.8,21.2
10164,8931.4,21.6
10165,8932,22
10166,8932.8,21.8
10167,8933.6,21.6
10168,8934.4,21.4
10169,8935.2,21.2
10170,8936,21
10171,8937.8,20.8
10172,8939.6,20.6
10173,8941.4,20.4
10174,8943.2,20.2
10175,8945,20
10176,8947.8,20.2
10177,8950.6,20.4
10178,8953.4,20.6
10179,8956.2,20.8
10180,8959,21
10181,8961.8,21.2
10182,8964.6,21.4
10183,8967.4,21.6
10184,8970.2,21.8
10185,8973,22
10186,8975.6,22.2
10187,8978.2,22.4
10188,8980.8,22.6
10189,8983.4,22.8
10190,8986,23
10191,8988.4,22.8
10192,8990.8,22.6
10193,8993.2,22.4
10194,8995.6,22.2
10195,8998,22
10196,9000.6,21.8
10197,9003.2,21.6
10198,9005.8,21.4
10199,9008.4,21.2
10200,9011,21
10201,9013,21.2
10202,9015,21.4
10203,9017,21.6
10204,9019,21.8
10205,9021,22
10206,9022,21.8
10207,9023,21.6
10208,9024,21.4
10209,9025,21.2
10210,9026,21
10211,9026.2,20.8
10212,9026.4,20.6
10213,9026.6,20.4
10214,9026.8,20.2
10215,9027,20
10216,9027.6,20
10217,9028.2,20
10218,9028.8,20
10219,9029.4,20
10220,9030,20
10221,9032,20.2
10222,9034,20.4
10223,9036,20.6
10224,9038,20.8
10225,9040,21
10226,9043.6,21
10227,9047.2,21
10228,9050.8,21
10229,9054.4,21
10230,9058,21
10231,9061.8,21
10232,9065.6,21
10233,9069.4,21
10234,9073.2,21
10235,9077,21
10236,9081.4,21
10237,9085.8,21
10238,9090.2,21
10239,9094.6,21
10240,9099,21
10241,9104,20.8
10242,9109,20.6
10243,9114,20.4
10244,9119,20.2
10245,9124,20
10246,9129.2,20.2
10247,9134.4,20.4
10248,9139.6,20.6
10249,9144.8,20.8
10250,9150,21
10251,9153.2,20.8
10252,9156.4,20.6
10253,9159.6,20.4
10254,9162.8,20.2
10255,9166,20
10256,9167.4,20
10257,9168.8,20
10258,9170.2,20
10259,9171.6,20
10260,9173,20
10261,9173.2,20
10262,9173.4,20
10263,9173.6,20
10264,9173.8,20
10265,9174,20
10266,9173.8,20.2
10267,9173.6,20.4
10268,9173.4,20.6
10269,9173.2,20.8
10270,9173,21
10271,9173.2,21
10272,9173.4,21
10273,9173.6,21
10274,9173.8,21
10275,9174,21
10276,9174.4,21.4
10277,9174.8,21.8
10278,9175.2,22.2
10279,9175.6,22.6
10280,9176,23
10281,9176.8,23.2
10282,9177.6,23.4
10283,9178.4,23.6
10284,9179.2,23.8
10285,9180,24
10286,9181.2,23.6
10287,9182.4,23.2
10288,9183.6,22.8
10289,9184.8,22.4
10290,9186,22
10291,9187.6,21.8
10292,9189.2,21.6
10293,9190.8,21.4
10294,9192.4,21.2
10295,9194,21
10296,9195.8,20.8
10297,9197.6,20.6
10298,9199.4,20.4
10299,9201.2,20.2
10300,9203,20
10301,9204.6,20.2
10302,9206.2,20.4
10303,9207.8,20.6
10304,9209.4,20.8
10305,9211,21
10306,9211.8,21.6
10307,9212.6,22.2
10308,9213.4,22.8
10309,9214.2,23.4
10310,9215,24
10311,9214.6,24.2
10312,9214.2,24.4
10313,9213.8,24.6
10314,9213.4,24.8
10315,9213,25
10316,9211,24.6
10317,9209,24.2
10318,9207,23.8
10319,9205,23.4
10320,9203,23
10321,9200.8,22.8
10322,9198.6,22.6
10323,9196.4,22.4
10324,9194.2,22.2
10325,9192,22
10326,9191,22
10327,9190,22
10328,9189,22
10329,9188,22
10330,9187,22
10331,9188.4,21.8
10332,9189.8,21.6
10333,9191.2,21.4
10334,9192.6,21.2
10335,9194,21
10336,9196.6,21.2
10337,9199.2,21.4
10338,9201.8,21.6
10339,9204.4,21.8
10340,9207,22
10341,9208.4,22.2
10342,9209.8,22.4
10343,9211.2,22.6
10344,9212.6,22.8
10345,9214,23
10346,9213.4,22.8
10347,9212.8,22.6
10348,9212.2,22.4
10349,9211.6,22.2
10350,9211,22
10351,9209.6,22.4
10352,9208.2,22.8
10353,9206.8,23.2
10354,9205.4,23.6
10355,9204,24
10356,9203,24.2
10357,9202,24.4
10358,9201,24.6
10359,9200,24.8
10360,9199,25
10361,9199.4,24.6
10362,9199.8,24.2
10363,9200.2,23.8
10364,9200.6,23.4
10365,9201,23
10366,9202,23
10367,9203,23
10368,9204,23
10369,9205,23
10370,9206,23
10371,9207.4,22.8
10372,9208.8,22.6
10373,9210.2,22.4
10374,9211.6,22.2
10375,9213,22
10376,9214,22
10377,9215,22
10378,9216,22
10379,9217,22
10380,9218,22
10381,9218.8,22.2
10382,9219.6,22.4
10383,9220.4,22.6
10384,9221.2,22.8
10385,9222,23
10386,9222,22.8
10387,9222,22.6
10388,9222,22.4
10389,9222,22.2
10390,9222,22
10391,9221.6,22.2
10392,9221.2,22.4
10393,9220.8,22.6
10394,9220.4,22.8
10395,9220,23
10396,9219.8,23.4
10397,9219.6,23.8
10398,9219.4,24.2
10399,9219.2,24.6
10400,9219,25
10401,9219.8,24.8
10402,9220.6,24.6
10403,9221.4,24.4
10404,9222.2,24.2
10405,9223,24
10406,9224.6,23.4
10407,9226.2,22.8
10408,9227.8,22.2
10409,9229.4,21.6
10410,9231,21
10411,9232.6,21
10412,9234.2,21
10413,9235.8,21
10414,9237.4,21
10415,9239,21
10416,9239.8,21
10417,9240.6,21
10418,9241.4,21
10419,9242.2,21
10420,9243,21
10421,9243.8,21.6
10422,9244.6,22.2
10423,9245.4,22.8
10424,9246.2,23.4
10425,9247,24
10426,9248,24.6
10427,9249,25.2
10428,9250,25.8
10429,9251,26.4
10430,9252,27
10431,9254,26.8
10432,9256,26.6
10433,9258,26.4
10434,9260,26.2
10435,9262,26
10436,9264.4,25.4
10437,9266.8,24.8
10438,9269.2,24.2
10439,9271.6,23.6
10440,9274,23
10441,9275.8,23
10442,9277.6,23
10443,9279.4,23
10444,9281.2,23
10445,9283,23
10446,9283,22.8
10447,9283,22.6
10448,9283,22.4
10449,9283,22.2
10450,9283,22
10451,9281.2,22
10452,9279.4,22
10453,9277.6,22
10454,9275.8,22
10455,9274,22
10456,9271.2,22.2
10457,9268.4,22.4
10458,9265.6,22.6
10459,9262.8,22.8
10460,9260,23
10461,9256.4,22.8
10462,9252.8,22.6
10463,9249.2,22.4
10464,9245.6,22.2
10465,9242,22
10466,9239.4,22.4
10467,9236.8,22.8
10468,9234.2,23.2
10469,9231.6,23.6
10470,9229,24
10471,9228.2,23.8
10472,9227.4,23.6
10473,9226.6,23.4
10474,9225.8,23.2
10475,9225,23
10476,9226.2,23
10477,9227.4,23
10478,9228.6,23
10479,9229.8,23
10480,9231,23
10481,9233.4,23
10482,9235.8,23
10483,9238.2,23
10484,9240.6,23
10485,9243,23
10486,9245.8,23
10487,9248.6,23
10488,9251.4,23
10489,9254.2,23
10490,9257,23
10491,9260,22.8
10492,9263,22.6
10493,9266,22.4
10494,9269,22.2
10495,9272,22
10496,9274.8,22.2
10497,9277.6,22.4
10498,9280.4,22.6
10499,9283.2,22.8
10500,9286,23
10501,9289,23
10502,9292,23
10503,9295,23
10504,9298,23
10505,9301,23
10506,9303.6,23
10507,9306.2,23
10508,9308.8,23
10509,9311.4,23
10510,9314,23
10511,9316.4,23.2
10512,9318.8,23.4
10513,9321.2,23.6
10514,9323.6,23.8
10515,9326,24
10516,9327.4,23.6
10517,9328.8,23.2
10518,9330.2,22.8
10519,9331.6,22.4
10520,9333,22
10521,9333.6,21.8
10522,9334.2,21.6
10523,9334.8,21.4
10524,9335.4,21.2
10525,9336,21
10526,9335.6,21.2
10527,9335.2,21.4
10528,9334.8,21.6
10529,9334.4,21.8
10530,9334,22
10531,9332.6,22
10532,9331.2,22
10533,9329.8,22
10534,9328.4,22
10535,9327,22
10536,9325.4,22
10537,9323.8,22
10538,9322.2,22
10539,9320.6,22
10540,9319,22
10541,9318,22.2
10542,9317,22.4
10543,9316,22.6
10544,9315,22.8
10545,9314,23
10546,9314,22.8
10547,9314,22.6
10548,9314,22.4
10549,9314,22.2
10550,9314,22
10551,9315,22.2
10552,9316,22.4
10553,9317,22.6
10554,9318,22.8
10555,9319,23
10556,9320.4,23.2
10557,9321.8,23.4
10558,9323.2,23.6
10559,9324.6,23.8
10560,9326,24
10561,9327.6,23.8
10562,9329.2,23.6
10563,9330.8,23.4
10564,9332.4,23.2
10565,9334,23
10566,9336.2,23
10567,9338.4,23
10568,9340.6,23
10569,9342.8,23
10570,9345,23
10571,9348.2,23
10572,9351.4,23
10573,9354.6,23
10574,9357.8,23
10575,9361,23
10576,9364.6,23
10577,9368.2,23
10578,9371.8,23
10579,9375.4,23
10580,9379,23
10581,9382.2,23
10582,9385.4,23
10583,9388.6,23
10584,9391.8,23
10585,9395,23
10586,9397,22.8
10587,9399,22.6
10588,9401,22.4
10589,9403,22.2
10590,9405,22
10591,9406.4,22
10592,9407.8,22
10593,9409.2,22
10594,9410.6,22
10595,9412,22
10596,9413.2,22.2
10597,9414.4,22.4
10598,9415.6,22.6
10599,9416.8,22.8
10600,9418,23
10601,9419.4,22.8
10602,9420.8,22.6
10603,9422.2,22.4
10604,9423.6,22.2
10605,9425,22
10606,9425.8,21.8
10607,9426.6,21.6
10608,9427.4,21.4
10609,9428.2,21.2
10610,9429,21
10611,9428,21
10612,9427,21
10613,9426,21
10614,9425,21
10615,9424,21
10616,9421.8,21.4
10617,9419.6,21.8
10618,9417.4,22.2
10619,9415.2,22.6
10620,9413,23
10621,9410.8,22.6
10622,9408.6,22.2
10623,9406.4,21.8
10624,9404.2,21.4
10625,9402,21
10626,9400,21
10627,9398,21
10628,9396,21
10629,9394,21
10630,9392,21
10631,9390.4,21.2
10632,9388.8,21.4
10633,9387.2,21.6
10634,9385.6,21.8
10635,9384,22
10636,9383.4,22.2
10637,9382.8,22.4
10638,9382.2,22.6
10639,9381.6,22.8
10640,9381,23
10641,9382.6,22.8
10642,9384.2,22.6
10643,9385.8,22.4
10644,9387.4,22.2
10645,9389,22
10646,9392,21.8
10647,9395,21.6
10648,9398,21.4
10649,9401,21.2
10650,9404,21
10651,9407,21
10652,9410,21
10653,9413,21
10654,9416,21
10655,9419,21
10656,9421,21.2
10657,9423,21.4
10658,9425,21.6
10659,9427,21.8
10660,9429,22
10661,9429.8,22
10662,9430.6,22
10663,9431.4,22
10664,9432.2,22
10665,9433,22
10666,9432.8,22
10667,9432.6,22
10668,9432.4,22
10669,9432.2,22
10670,9432,22
10671,9431.8,22.2
10672,9431.6,22.4
10673,9431.4,22.6
10674,9431.2,22.8
10675,9431,23
10676,9431.2,22.8
10677,9431.4,22.6
10678,9431.6,22.4
10679,9431.8,22.2
10680,9432,22
10681,9432.8,22
10682,9433.6,22
10683,9434.4,22
10684,9435.2,22
10685,9436,22
10686,9437.4,22
10687,9438.8,22
10688,9440.2,22
10689,9441.6,22
10690,9443,22
10691,9445,21.8
10692,9447,21.6
10693,9449,21.4
10694,9451,21.2
10695,9453,21
10696,9455,21.2
10697,9457,21.4
10698,9459,21.6
10699,9461,21.8
10700,9463,22
10701,9464.6,22.2
10702,9466.2,22.4
10703,9467.8,22.6
10704,9469.4,22.8
10705,9471,23
10706,9472.2,23
10707,9473.4,23
10708,9474.6,23
10709,9475.8,23
10710,9477,23
10711,9478,23.4
10712,9479,23.8
10713,9480,24.2
10714,9481,24.6
10715,9482,25
10716,9482.8,25.6
10717,9483.6,26.2
10718,9484.4,26.8
10719,9485.2,27.4
10720,9486,28
10721,9486.8,28.8
10722,9487.6,29.6
10723,9488.4,30.4
10724,9489.2,31.2
10725,9490,32
10726,9490.8,32.4
10727,9491.6,32.8
10728,9492.4,33.2
10729,9493.2,33.6
10730,9494,34
10731,9494.8,34
10732,9495.6,34
10733,9496.4,34
10734,9497.2,34
10735,9498,34
10736,9499,33.8
10737,9500,33.6
10738,9501,33.4
10739,9502,33.2
10740,9503,33
10741,9503.8,32.6
10742,9504.6,32.2
10743,9505.4,31.8
10744,9506.2,31.4
10745,9507,31
10746,9508,30.6
10747,9509,30.2
10748,9510,29.8
10749,9511,29.4
10750,9512,29
10751,9513.2,28.6
10752,9514.4,28.2
10753,9515.6,27.8
10754,9516.8,27.4
10755,9518,27
10756,9519,26.8
10757,9520,26.6
10758,9521,26.4
10759,9522,26.2
10760,9523,26
10761,9524.2,25.8
10762,9525.4,25.6
10763,9526.6,25.4
10764,9527.8,25.2
10765,9529,25
10766,9530.4,24.8
10767,9531.8,24.6
10768,9533.2,24.4
10769,9534.6,24.2
10770,9536,24
10771,9537.4,23.8
10772,9538.8,23.6
10773,9540.2,23.4
10774,9541.6,23.2
10775,9543,23
10776,9544.4,22.8
10777,9545.8,22.6
10778,9547.2,22.4
10779,9548.6,22.2
10780,9550,22
10781,9551.6,22
10782,9553.2,22
10783,9554.8,22
10784,9556.4,22
10785,9558,22
10786,9559.4,22
10787,9560.8,22
10788,9562.2,22
10789,9563.6,22
10790,9565,22
10791,9566.4,22.2
10792,9567.8,22.4
10793,9569.2,22.6
10794,9570.6,22.8
10795,9572,23
10796,9573,22.8
10797,9574,22.6
10798,9575,22.4
10799,9576,22.2
10800,9577,22
10801,9578,22
10802,9579,22
10803,9580,22
10804,9581,22
10805,9582,22
10806,9583,22.2
10807,9584,22.4
10808,9585,22.6
10809,9586,22.8
10810,9587,23
10811,9587.6,23.4
10812,9588.2,23.8
10813,9588.8,24.2
10814,9589.4,24.6
10815,9590,25
10816,9590.8,25
10817,9591.6,25
10818,9592.4,25
10819,9593.2,25
10820,9594,25
10821,9594.6,24.6
10822,9595.2,24.2
10823,9595.8,23.8
10824,9596.4,23.4
10825,9597,23
10826,9597.4,22.8
10827,9597.8,22.6
10828,9598.2,22.4
10829,9598.6,22.2
10830,9599,22
10831,9598.8,22.2
10832,9598.6,22.4
10833,9598.4,22.6
10834,9598.2,22.8
10835,9598,23
10836,9597.4,22.6
10837,9596.8,22.2
10838,9596.2,21.8
10839,9595.6,21.4
10840,9595,21
10841,9593.8,20.8
10842,9592.6,20.6
10843,9591.4,20.4
10844,9590.2,20.2
10845,9589,20
10846,9587.4,20.2
10847,9585.8,20.4
10848,9584.2,20.6
10849,9582.6,20.8
10850,9581,21
10851,9579.4,21
10852,9577.8,21
10853,9576.2,21
10854,9574.6,21
10855,9573,21
10856,9572.2,21.2
10857,9571.4,21.4
10858,9570.6,21.6
10859,9569.8,21.8
10860,9569,22
10861,9570,22.2
10862,9571,22.4
10863,9572,22.6
10864,9573,22.8
10865,9574,23
10866,9576.4,23
10867,9578.8,23
10868,9581.2,23
10869,9583.6,23
10870,9586,23
10871,9589.2,23
10872,9592.4,23
10873,9595.6,23
10874,9598.8,23
10875,9602,23
10876,9604.4,22.8
10877,9606.8,22.6
10878,9609.2,22.4
10879,9611.6,22.2
10880,9614,22
10881,9615,21.8
10882,9616,21.6
10883,9617,21.4
10884,9618,21.2
10885,9619,21
10886,9619.6,21.4
10887,9620.2,21.8
10888,9620.8,22.2
10889,9621.4,22.6
10890,9622,23
10891,9622.8,22.8
10892,9623.6,22.6
10893,9624.4,22.4
10894,9625.2,22.2
10895,9626,22
10896,9626.6,22.4
10897,9627.2,22.8
10898,9627.8,23.2
10899,9628.4,23.6
10900,9629,24
10901,9629.2,24.2
10902,9629.4,24.4
10903,9629.6,24.6
10904,9629.8,24.8
10905,9630,25
10906,9630,25.2
10907,9630,25.4
10908,9630,25.6
10909,9630,25.8
10910,9630,26
10911,9629.4,26
10912,9628.8,26
10913,9628.2,26
10914,9627.6,26
10915,9627,26
10916,9626.2,26.2
10917,9625.4,26.4
10918,9624.6,26.6
10919,9623.8,26.8
10920,9623,27
10921,9621.6,26.6
10922,9620.2,26.2
10923,9618.8,25.8
10924,9617.4,25.4
10925,9616,25
10926,9614.6,24.4
10927,9613.2,23.8
10928,9611.8,23.2
10929,9610.4,22.6
10930,9609,22
10931,9608.8,21.4
10932,9608.6,20.8
10933,9608.4,20.2
10934,9608.2,19.6
10935,9608,19
10936,9608.2,19
10937,9608.4,19
10938,9608.6,19
10939,9608.8,19
10940,9609,19
10941,9607.4,19.2
10942,9605.8,19.4
10943,9604.2,19.6
10944,9602.6,19.8
10945,9601,20
10946,9599,20.4
10947,9597,20.8
10948,9595,21.2
10949,9593,21.6
10950,9591,22
10951,9589.6,21.8
10952,9588.2,21.6
10953,9586.8,21.4
10954,9585.4,21.2
10955,9584,21
10956,9582.8,21
10957,9581.6,21
10958,9580.4,21
10959,9579.2,21
10960,9578,21
10961,9576.2,21.2
10962,9574.4,21.4
10963,9572.6,21.6
10964,9570.8,21.8
10965,9569,22
10966,9566.2,22
10967,9563.4,22
10968,9560.6,22
10969,9557.8,22
10970,9555,22
10971,9552,21.8
10972,9549,21.6
10973,9546,21.4
10974,9543,21.2
10975,9540,21
10976,9537.8,21.2
10977,9535.6,21.4
10978,9533.4,21.6
10979,9531.2,21.8
10980,9529,22
10981,9528.2,22.2
10982,9527.4,22.4
10983,9526.6,22.6
10984,9525.8,22.8
10985,9525,23
10986,9526,23
10987,9527,23
10988,9528,23
10989,9529,23
10990,9530,23
10991,9532.2,22.8
10992,9534.4,22.6
10993,9536.6,22.4
10994,9538.8,22.2
10995,9541,22
10996,9544,22
10997,9547,22
10998,9550,22
10999,9553,22
11000,9556,22
11001,9559,22.2
11002,9562,22.4
11003,9565,22.6
11004,9568,22.8
11005,9571,23
11006,9573.4,23.2
11007,9575.8,23.4
11008,9578.2,23.6
11009,9580.6,23.8
11010,9583,24
11011,9584.2,23.8
11012,9585.4,23.6
11013,9586.6,23.4
11014,9587.8,23.2
11015,9589,23
11016,9588.8,22.8
11017,9588.6,22.6
11018,9588.4,22.4
11019,9588.2,22.2
11020,9588,22
11021,9586.4,22
11022,9584.8,22
11023,9583.2,22
11024,9581.6,22
11025,9580,22
11026,9578,22
11027,9576,22
11028,9574,22
11029,9572,22
11030,9570,22
11031,9567.6,21.8
11032,9565.2,21.6
11033,9562.8,21.4
11034,9560.4,21.2
11035,9558,21
11036,9556.4,21
11037,9554.8,21
11038,9553.2,21
11039,9551.6,21
11040,9550,21
11041,9549.4,21
11042,9548.8,21
11043,9548.2,21
11044,9547.6,21
11045,9547,21
11046,9546,21
11047,9545,21
11048,9544,21
11049,9543,21
11050,9542,21
11051,9541.6,21.4
11052,9541.2,21.8
11053,9540.8,22.2
11054,9540.4,22.6
11055,9540,23
11056,9541.4,22.6
11057,9542.8,22.2
11058,9544.2,21.8
11059,9545.6,21.4
11060,9547,21
11061,9550.8,20.8
11062,9554.6,20.6
11063,9558.4,20.4
11064,9562.2,20.2
11065,9566,20
11066,9571.4,20
11067,9576.8,20
11068,9582.2,20
11069,9587.6,20
11070,9593,20
11071,9597.2,20.2
11072,9601.4,20.4
11073,9605.6,20.6
11074,9609.8,20.8
11075,9614,21
11076,9615.8,21
11077,9617.6,21
11078,9619.4,21
11079,9621.2,21
11080,9623,21
11081,9623.6,21
11082,9624.2,21
11083,9624.8,21
11084,9625.4,21
11085,9626,21
11086,9626.4,21.2
11087,9626.8,21.4
11088,9627.2,21.6
11089,9627.6,21.8
11090,9628,22
11091,9628.6,21.8
11092,9629.2,21.6
11093,9629.8,21.4
11094,9630.4,21.2
11095,9631,21
11096,9632.2,21.2
11097,9633.4,21.4
11098,9634.6,21.6
11099,9635.8,21.8
11100,9637,22
11101,9638.6,21.8
11102,9640.2,21.6
11103,9641.8,21.4
11104,9643.4,21.2
11105,9645,21
11106,9646.6,21
11107,9648.2,21
11108,9649.8,21
11109,9651.4,21
11110,9653,21
11111,9654,21.2
11112,9655,21.4
11113,9656,21.6
11114,9657,21.8
11115,9658,22
11116,9658,22
11117,9658,22
11118,9658,22
11119,9658,22
11120,9658,22
11121,9657.6,22.4
11122,9657.2,22.8
11123,9656.8,23.2
11124,9656.4,23.6
11125,9656,24
11126,9655.6,24.2
11127,9655.2,24.4
11128,9654.8,24.6
11129,9654.4,24.8
11130,9654,25
11131,9653.8,24.6
11132,9653.6,24.2
11133,9653.4,23.8
11134,9653.2,23.4
11135,9653,23
11136,9653.4,23
11137,9653.8,23
11138,9654.2,23
11139,9654.6,23
11140,9655,23
11141,9655.6,22.6
11142,9656.2,22.2
11143,9656.8,21.8
11144,9657.4,21.4
11145,9658,21
11146,9658.8,21
11147,9659.6,21
11148,9660.4,21
11149,9661.2,21
11150,9662,21
11151,9662.4,21.2
11152,9662.8,21.4
11153,9663.2,21.6
11154,9663.6,21.8
11155,9664,22
11156,9664.6,22.4
11157,9665.2,22.8
11158,9665.8,23.2
11159,9666.4,23.6
11160,9667,24
11161,9667.8,24
11162,9668.6,24
11163,9669.4,24
11164,9670.2,24
11165,9671,24
11166,9672.8,24
11167,9674.6,24
11168,9676.4,24
11169,9678.2,24
11170,9680,24
11171,9682.6,23.8
11172,9685.2,23.6
11173,9687.8,23.4
11174,9690.4,23.2
11175,9693,23
11176,9696,22.8
11177,9699,22.6
11178,9702,22.4
11179,9705,22.2
11180,9708,22
11181,9710,21.6
11182,9712,21.2
11183,9714,20.8
11184,9716,20.4
11185,9718,20
11186,9720,20
11187,9722,20
11188,9724,20
11189,9726,20
11190,9728,20
11191,9731,20
11192,9734,20
11193,9737,20
11194,9740,20
11195,9743,20
11196,9746.2,20.2
11197,9749.4,20.4
11198,9752.6,20.6
11199,9755.8,20.8
11200,9759,21
11201,9762.2,21.2
11202,9765.4,21.4
11203,9768.6,21.6
11204,9771.8,21.8
11205,9775,22
11206,9777.2,21.8
11207,9779.4,21.6
11208,9781.6,21.4
11209,9783.8,21.2
11210,9786,21
11211,9787.6,21.4
11212,9789.2,21.8
11213,9790.8,22.2
11214,9792.4,22.6
11215,9794,23
11216,9795,23.2
11217,9796,23.4
11218,9797,23.6
11219,9798,23.8
11220,9799,24
11221,9799.8,23.8
11222,9800.6,23.6
11223,9801.4,23.4
11224,9802.2,23.2
11225,9803,23
11226,9804.2,22.8
11227,9805.4,22.6
11228,9806.6,22.4
11229,9807.8,22.2
11230,9809,22
11231,9811.2,21.8
11232,9813.4,21.6
11233,9815.6,21.4
11234,9817.8,21.2
11235,9820,21
11236,9823.4,21
11237,9826.8,21
11238,9830.2,21
11239,9833.6,21
11240,9837,21
11241,9841,21.4
11242,9845,21.8
11243,9849,22.2
11244,9853,22.6
11245,9857,23
11246,9860,22.6
11247,9863,22.2
11248,9866,21.8
11249,9869,21.4
11250,9872,21
11251,9873.8,20.6
11252,9875.6,20.2
11253,9877.4,19.8
11254,9879.2,19.4
11255,9881,19
11256,9882.4,19
11257,9883.8,19
11258,9885.2,19
11259,9886.6,19
11260,9888,19
11261,9890.4,19
11262,9892.8,19
11263,9895.2,19
11264,9897.6,19
11265,9900,19
11266,9903.2,19.2
11267,9906.4,19.4
11268,9909.6,19.6
11269,9912.8,19.8
11270,9916,20
11271,9918.4,20.2
11272,9920.8,20.4
11273,9923.2,20.6
11274,9925.6,20.8
11275,9928,21
11276,9929.2,21
11277,9930.4,21
11278,9931.6,21
11279,9932.8,21
11280,9934,21
11281,9934.2,21.4
11282,9934.4,21.8
11283,9934.6,22.2
11284,9934.8,22.6
11285,9935,23
11286,9935,23.2
11287,9935,23.4
11288,9935,23.6
11289,9935,23.8
11290,9935,24
11291,9934.6,24
11292,9934.2,24
11293,9933.8,24
11294,9933.4,24
11295,9933,24
11296,9932.8,23.8
11297,9932.6,23.6
11298,9932.4,23.4
11299,9932.2,23.2
11300,9932,23
11301,9932,23.4
11302,9932,23.8
11303,9932,24.2
11304,9932,24.6
11305,9932,25
11306,9932.2,25.2
11307,9932.4,25.4
11308,9932.6,25.6
11309,9932.8,25.8
11310,9933,26
11311,9934,25.8
11312,9935,25.6
11313,9936,25.4
11314,9937,25.2
11315,9938,25
11316,9939.4,24.6
11317,9940.8,24.2
11318,9942.2,23.8
11319,9943.6,23.4
11320,9945,23
11321,9946.4,23
11322,9947.8,23
11323,9949.2,23
11324,9950.6,23
11325,9952,23
11326,9952.8,22.8
11327,9953.6,22.6
11328,9954.4,22.4
11329,9955.2,22.2
11330,9956,22
11331,9956.2,21.8
11332,9956.4,21.6
11333,9956.6,21.4
11334,9956.8,21.2
11335,9957,21
11336,9957.8,21.6
11337,9958.6,22.2
11338,9959.4,22.8
11339,9960.2,23.4
11340,9961,24
11341,9962.2,24.4
11342,9963.4,24.8
11343,9964.6,25.2
11344,9965.8,25.6
11345,9967,26
11346,9968.6,26.2
11347,9970.2,26.4
11348,9971.8,26.6
11349,9973.4,26.8
11350,9975,27
11351,9976.4,27
11352,9977.8,27
11353,9979.2,27
11354,9980.6,27
11355,9982,27
11356,9983,27.2
11357,9984,27.4
11358,9985,27.6
11359,9986,27.8
11360,9987,28
11361,9987,28
11362,9987,28
11363,9987,28
11364,9987,28
11365,9987,28
11366,9985.6,27.6
11367,9984.2,27.2
11368,9982.8,26.8
11369,9981.4,26.4
11370,9980,26
11371,9977.2,25.4
11372,9974.4,24.8
11373,9971.6,24.2
11374,9968.8,23.6
11375,9966,23
11376,9963,23
11377,9960,23
11378,9957,23
11379,9954,23
11380,9951,23
11381,9949.8,23.2
11382,9948.6,23.4
11383,9947.4,23.6
11384,9946.2,23.8
11385,9945,24
11386,9947,23.8
11387,9949,23.6
11388,9951,23.4
11389,9953,23.2
11390,9955,23
11391,9959.4,23
11392,9963.8,23
11393,9968.2,23
11394,9972.6,23
11395,9977,23
11396,9982.2,23
11397,9987.4,23
11398,9992.6,23
11399,9997.8,23
11400,10003,23
11401,10007.8,22.8
11402,10012.6,22.6
11403,10017.4,22.4
11404,10022.2,22.2
11405,10027,22
11406,10030.2,22.2
11407,10033.4,22.4
11408,10036.6,22.6
11409,10039.8,22.8
11410,10043,23
11411,10044.2,22.8
11412,10045.4,22.6
11413,10046.6,22.4
11414,10047.8,22.2
11415,10049,22
11416,10048.2,22
11417,10047.4,22
11418,10046.6,22
11419,10045.8,22
11420,10045,22
11421,10043.4,22.2
11422,10041.8,22.4
11423,10040.2,22.6
11424,10038.6,22.8
11425,10037,23
11426,10035.4,23
11427,10033.8,23
11428,10032.2,23
11429,10030.6,23
11430,10029,23
11431,10028,22.8
11432,10027,22.6
11433,10026,22.4
11434,10025,22.2
11435,10024,22
11436,10023.4,22
11437,10022.8,22
11438,10022.2,22
11439,10021.6,22
11440,10021,22
11441,10020.2,21.8
11442,10019.4,21.6
11443,10018.6,21.4
11444,10017.8,21.2
11445,10017,21
11446,10015.8,21
11447,10014.6,21
11448,10013.4,21
11449,10012.2,21
11450,10011,21
11451,10010.2,21.4
11452,10009.4,21.8
11453,10008.6,22.2
11454,10007.8,22.6
11455,10007,23
11456,10007.2,23
11457,10007.4,23
11458,10007.6,23
11459,10007.8,23
11460,10008,23
11461,10008.6,22.8
11462,10009.2,22.6
11463,10009.8,22.4
11464,10010.4,22.2
11465,10011,22
11466,10012,22
11467,10013,22
11468,10014,22
11469,10015,22
11470,10016,22
11471,10016.4,22
11472,10016.8,22
11473,10017.2,22
11474,10017.6,22
11475,10018,22
11476,10018.2,22.2
11477,10018.4,22.4
11478,10018.6,22.6
11479,10018.8,22.8
11480,10019,23
11481,10018.8,23.2
11482,10018.6,23.4
11483,10018.4,23.6
11484,10018.2,23.8
11485,10018,24
11486,10018,23.8
11487,10018,23.6
11488,10018,23.4
11489,10018,23.2
11490,10018,23
11491,10018.6,22.8
11492,10019.2,22.6
11493,10019.8,22.4
11494,10020.4,22.2
11495,10021,22
11496,10022.8,22
11497,10024.6,22
11498,10026.4,22
11499,10028.2,22
11500,10030,22
11501,10032.8,21.8
11502,10035.6,21.6
11503,10038.4,21.4
11504,10041.2,21.2
11505,10044,21
11506,10046.6,21
11507,10049.2,21
11508,10051.8,21
11509,10054.4,21
11510,10057,21
11511,10058,21.2
11512,10059,21.4
11513,10060,21.6
11514,10061,21.8
11515,10062,22
11516,10061,22
11517,10060,22
11518,10059,22
11519,10058,22
11520,10057,22
11521,10054.8,22
11522,10052.6,22
11523,10050.4,22
11524,10048.2,22
11525,10046,22
11526,10044,22
11527,10042,22
11528,10040,22
11529,10038,22
11530,10036,22
11531,10035.2,21.8
11532,10034.4,21.6
11533,10033.6,21.4
11534,10032.8,21.2
11535,10032,21
11536,10032.2,21
11537,10032.4,21
11538,10032.6,21
11539,10032.8,21
11540,10033,21
11541,10033.4,21.4
11542,10033.8,21.8
11543,10034.2,22.2
11544,10034.6,22.6
11545,10035,23
11546,10034.4,22.8
11547,10033.8,22.6
11548,10033.2,22.4
11549,10032.6,22.2
11550,10032,22
11551,10031.2,21.8
11552,10030.4,21.6
11553,10029.6,21.4
11554,10028.8,21.2
11555,10028,21
11556,10027.4,21.2
11557,10026.8,21.4
11558,10026.2,21.6
11559,10025.6,21.8
11560,10025,22
11561,10025.2,22
11562,10025.4,22
11563,10025.6,22
11564,10025.8,22
11565,10026,22
11566,10026.2,22.2
11567,10026.4,22.4
11568,10026.6,22.6
11569,10026.8,22.8
11570,10027,23
11571,10026.6,22.8
11572,10026.2,22.6
11573,10025.8,22.4
11574,10025.4,22.2
11575,10025,22
11576,10023.8,22.4
11577,10022.6,22.8
11578,10021.4,23.2
11579,10020.2,23.6
11580,10019,24
11581,10017.8,24
11582,10016.6,24
11583,10015.4,24
11584,10014.2,24
11585,10013,24
11586,10012.4,24
11587,10011.8,24
11588,10011.2,24
11589,10010.6,24
11590,10010,24
11591,10010.2,24.2
11592,10010.4,24.4
11593,10010.6,24.6
11594,10010.8,24.8
11595,10011,25
11596,10012.4,24.8
11597,10013.8,24.6
11598,10015.2,24.4
11599,10016.6,24.2
11600,10018,24
11601,10020.2,24
11602,10022.4,24
11603,10024.6,24
11604,10026.8,24
11605,10029,24
11606,10031.4,24.2
11607,10033.8,24.4
11608,10036.2,24.6
11609,10038.6,24.8
11610,10041,25
11611,10043.4,24.8
11612,10045.8,24.6
11613,10048.2,24.4
11614,10050.6,24.2
11615,10053,24
11616,10054.6,23.8
11617,10056.2,23.6
11618,10057.8,23.4
11619,10059.4,23.2
11620,10061,23
11621,10061.8,23
11622,10062.6,23
11623,10063.4,23
11624,10064.2,23
11625,10065,23
11626,10065,23
11627,10065,23
11628,10065,23
11629,10065,23
11630,10065,23
11631,10064.6,22.8
11632,10064.2,22.6
11633,10063.8,22.4
11634,10063.4,22.2
11635,10063,22
11636,10063.2,21.8
11637,10063.4,21.6
11638,10063.6,21.4
11639,10063.8,21.2
11640,10064,21
11641,10065.6,21.2
11642,10067.2,21.4
11643,10068.8,21.6
11644,10070.4,21.8
11645,10072,22
11646,10074.6,22
11647,10077.2,22
11648,10079.8,22
11649,10082.4,22
11650,10085,22
11651,10087.4,22
11652,10089.8,22
11653,10092.2,22
11654,10094.6,22
11655,10097,22
11656,10097,22.2
11657,10097,22.4
11658,10097,22.6
11659,10097,22.8
11660,10097,23
11661,10094.4,22.8
11662,10091.8,22.6
11663,10089.2,22.4
11664,10086.6,22.2
11665,10084,22
11666,10080.2,22
11667,10076.4,22
11668,10072.6,22
11669,10068.8,22
11670,10065,22
11671,10062,22.2
11672,10059,22.4
11673,10056,22.6
11674,10053,22.8
11675,10050,23
11676,10049.4,23
11677,10048.8,23
11678,10048.2,23
11679,10047.6,23
11680,10047,23
11681,10048.4,22.6
11682,10049.8,22.2
11683,10051.2,21.8
11684,10052.6,21.4
11685,10054,21
11686,10056.6,21
11687,10059.2,21
11688,10061.8,21
11689,10064.4,21
11690,10067,21
11691,10069.2,21.4
11692,10071.4,21.8
11693,10073.6,22.2
11694,10075.8,22.6
11695,10078,23
11696,10079.6,23.4
11697,10081.2,23.8
11698,10082.8,24.2
11699,10084.4,24.6
11700,10086,25
11701,10086.8,25
11702,10087.6,25
11703,10088.4,25
11704,10089.2,25
11705,10090,25
11706,10090.2,24.8
11707,10090.4,24.6
11708,10090.6,24.4
11709,10090.8,24.2
11710,10091,24
11711,10091,23.8
11712,10091,23.6
11713,10091,23.4
11714,10091,23.2
11715,10091,23
11716,10090.8,22.8
11717,10090.6,22.6
11718,10090.4,22.4
11719,10090.2,22.2
11720,10090,22
11721,10090,22
11722,10090,22
11723,10090,22
11724,10090,22
11725,10090,22
11726,10090.2,22.2
11727,10090.4,22.4
11728,10090.6,22.6
11729,10090.8,22.8
11730,10091,23
11731,10091.6,23
11732,10092.2,23
11733,10092.8,23
11734,10093.4,23
11735,10094,23
11736,10095.4,23
11737,10096.8,23
11738,10098.2,23
11739,10099.6,23
11740,10101,23
11741,10102.8,22.8
11742,10104.6,22.6
11743,10106.4,22.4
11744,10108.2,22.2
11745,10110,22
11746,10112.2,22
11747,10114.4,22
11748,10116.6,22
11749,10118.8,22
11750,10121,22
11751,10123,22.2
11752,10125,22.4
11753,10127,22.6
11754,10129,22.8
11755,10131,23
11756,10132.8,23.2
11757,10134.6,23.4
11758,10136.4,23.6
11759,10138.2,23.8
11760,10140,24
11761,10141.4,24.2
11762,10142.8,24.4
11763,10144.2,24.6
11764,10145.6,24.8
11765,10147,25
11766,10147.4,25.2
11767,10147.8,25.4
11768,10148.2,25.6
11769,10148.6,25.8
11770,10149,26
11771,10148.6,25.8
11772,10148.2,25.6
11773,10147.8,25.4
11774,10147.4,25.2
11775,10147,25
11776,10145.8,24.8
11777,10144.6,24.6
11778,10143.4,24.4
11779,10142.2,24.2
11780,10141,24
11781,10139.4,23.8
11782,10137.8,23.6
11783,10136.2,23.4
11784,10134.6,23.2
11785,10133,23
11786,10131.4,22.8
11787,10129.8,22.6
11788,10128.2,22.4
11789,10126.6,22.2
11790,10125,22
11791,10124,22
11792,10123,22
11793,10122,22
11794,10121,22
11795,10120,22
11796,10119.8,22
11797,10119.6,22
11798,10119.4,22
11799,10119.2,22
11800,10119,22
11801,10120,21.8
11802,10121,21.6
11803,10122,21.4
11804,10123,21.2
11805,10124,21
11806,10126.4,20.6
11807,10128.8,20.2
11808,10131.2,19.8
11809,10133.6,19.4
11810,10136,19
11811,10138.8,19.2
11812,10141.6,19.4
11813,10144.4,19.6
11814,10147.2,19.8
11815,10150,20
11816,10153.4,20.2
11817,10156.8,20.4
11818,10160.2,20.6
11819,10163.6,20.8
11820,10167,21
11821,10170,21.6
11822,10173,22.2
11823,10176,22.8
11824,10179,23.4
11825,10182,24
11826,10184.6,24.4
11827,10187.2,24.8
11828,10189.8,25.2
11829,10192.4,25.6
11830,10195,26
11831,10196.4,26.2
11832,10197.8,26.4
11833,10199.2,26.6
11834,10200.6,26.8
11835,10202,27
11836,10202.8,26.8
11837,10203.6,26.6
11838,10204.4,26.4
11839,10205.2,26.2
11840,10206,26
11841,10206,25.8
11842,10206,25.6
11843,10206,25.4
11844,10206,25.2
11845,10206,25
11846,10205.6,24.8
11847,10205.2,24.6
11848,10204.8,24.4
11849,10204.4,24.2
11850,10204,24
11851,10203.4,24
11852,10202.8,24
11853,10202.2,24
11854,10201.6,24
11855,10201,24
11856,10200.6,23.8
11857,10200.2,23.6
11858,10199.8,23.4
11859,10199.4,23.2
11860,10199,23
11861,10198.6,22.8
11862,10198.2,22.6
11863,10197.8,22.4
11864,10197.4,22.2
11865,10197,22
11866,10197.2,21.8
11867,10197.4,21.6
11868,10197.6,21.4
11869,10197.8,21.2
11870,10198,21
11871,10198.8,20.8
11872,10199.6,20.6
11873,10200.4,20.4
11874,10201.2,20.2
11875,10202,20
11876,10203.4,20.2
11877,10204.8,20.4
11878,10206.2,20.6
11879,10207.6,20.8
11880,10209,21
11881,10211.2,20.6
11882,10213.4,20.2
11883,10215.6,19.8
11884,10217.8,19.4
11885,10220,19
11886,10221.8,19.2
11887,10223.6,19.4
11888,10225.4,19.6
11889,10227.2,19.8
11890,10229,20
11891,10228.8,19.8
11892,10228.6,19.6
11893,10228.4,19.4
11894,10228.2,19.2
11895,10228,19
11896,10226.8,19.2
11897,10225.6,19.4
11898,10224.4,19.6
11899,10223.2,19.8
11900,10222,20
11901,10221,20
11902,10220,20
11903,10219,20
11904,10218,20
11905,10217,20
11906,10216.2,20
11907,10215.4,20
11908,10214.6,20
11909,10213.8,20
11910,10213,20
11911,10212.2,20
11912,10211.4,20
11913,10210.6,20
11914,10209.8,20
11915,10209,20
11916,10208.4,20
11917,10207.8,20
11918,10207.2,20
11919,10206.6,20
11920,10206,20
11921,10206.2,20
11922,10206.4,20
11923,10206.6,20
11924,10206.8,20
11925,10207,20
11926,10208.6,20
11927,10210.2,20
11928,10211.8,20
11929,10213.4,20
11930,10215,20
11931,10218.2,19.8
11932,10221.4,19.6
11933,10224.6,19.4
11934,10227.8,19.2
11935,10231,19
11936,10235,19
11937,10239,19
11938,10243,19
11939,10247,19
11940,10251,19
11941,10254.8,19
11942,10258.6,19
11943,10262.4,19
11944,10266.2,19
11945,10270,19
11946,10272.2,19
11947,10274.4,19
11948,10276.6,19
11949,10278.8,19
11950,10281,19
11951,10281.4,19
11952,10281.8,19
11953,10282.2,19
11954,10282.6,19
11955,10283,19
11956,10281.8,19
11957,10280.6,19
11958,10279.4,19
11959,10278.2,19
11960,10277,19
11961,10277,18.8
11962,10277,18.6
11963,10277,18.4
11964,10277,18.2
11965,10277,18
11966,10278.6,18
11967,10280.2,18
11968,10281.8,18
11969,10283.4,18
11970,10285,18
11971,10286.8,18
11972,10288.6,18
11973,10290.4,18
11974,10292.2,18
11975,10294,18
11976,10294.4,18
11977,10294.8,18
11978,10295.2,18
11979,10295.6,18
11980,10296,18
11981,10294.6,18
11982,10293.2,18
11983,10291.8,18
11984,10290.4,18
11985,10289,18
11986,10289,18
11987,10289,18
11988,10289,18
11989,10289,18
11990,10289,18
11991,10290,18
11992,10291,18
11993,10292,18
11994,10293,18
11995,10294,18
11996,10296.4,18
11997,10298.8,18
11998,10301.2,18
11999,10303.6,18
12000,10306,18
12001,10308.8,18
12002,10311.6,18
12003,10314.4,18
12004,10317.2,18
12005,10320,18
12006,10320.4,18
12007,10320.8,18
12008,10321.2,18
12009,10321.6,18
12010,10322,18
12011,10321.2,18
12012,10320.4,18
12013,10319.6,18
12014,10318.8,18
12015,10318,18
12016,10317.6,18
12017,10317.2,18
12018,10316.8,18
12019,10316.4,18
12020,10316,18
12021,10316.2,18
12022,10316.4,18
12023,10316.6,18
12024,10316.8,18
12025,10317,18
12026,10316,18
12027,10315,18
12028,10314,18
12029,10313,18
12030,10312,18
12031,10311.6,18
12032,10311.2,18
12033,10310.8,18
12034,10310.4,18
12035,10310,18
12036,10311.2,18
12037,10312.4,18
12038,10313.6,18
12039,10314.8,18
12040,10316,18
12041,10318.2,18
12042,10320.4,18
12043,10322.6,18
12044,10324.8,18
12045,10327,18
12046,10327.6,18
12047,10328.2,18
12048,10328.8,18
12049,10329.4,18
12050,10330,18
12051,10330.2,18
12052,10330.4,18
12053,10330.6,18
12054,10330.8,18
12055,10331,18
12056,10332.6,18
12057,10334.2,18
12058,10335.8,18
12059,10337.4,18
12060,10339,18
12061,10339.6,18
12062,10340.2,18
12063,10340.8,18
12064,10341.4,18
12065,10342,18
12066,10341.2,18
12067,10340.4,18
12068,10339.6,18
12069,10338.8,18
12070,10338,18
12071,10338,18
12072,10338,18
12073,10338,18
12074,10338,18
12075,10338,18
12076,10338.6,18
12077,10339.2,18
12078,10339.8,18
12079,10340.4,18
12080,10341,18
12081,10340,18
12082,10339,18
12083,10338,18
12084,10337,18
12085,10336,18
12086,10334.4,18
12087,10332.8,18
12088,10331.2,18
12089,10329.6,18
12090,10328,18
12091,10329,18
12092,10330,18
12093,10331,18
12094,10332,18
12095,10333,18
12096,10336,18
12097,10339,18
12098,10342,18
12099,10345,18
12100,10348,18
12101,10352.2,18
12102,10356.4,18
12103,10360.6,18
12104,10364.8,18
12105,10369,18
12106,10370.8,18
12107,10372.6,18
12108,10374.4,18
12109,10376.2,18
12110,10378,18
12111,10376.6,18
12112,10375.2,18
12113,10373.8,18
12114,10372.4,18
12115,10371,18
12116,10368.8,18
12117,10366.6,18
12118,10364.4,18
12119,10362.2,18
12120,10360,18
12121,10359,18
12122,10358,18
12123,10357,18
12124,10356,18
12125,10355,18
12126,10355,18
12127,10355,18
12128,10355,18
12129,10355,18
12130,10355,18
12131,10354.6,18
12132,10354.2,18
12133,10353.8,18
12134,10353.4,18
12135,10353,18
12136,10353.4,18
12137,10353.8,18
12138,10354.2,18
12139,10354.6,18
12140,10355,18
12141,10355.8,18
12142,10356.6,18
12143,10357.4,18
12144,10358.2,18
12145,10359,18
12146,10359.4,18
12147,10359.8,18
12148,10360.2,18
12149,10360.6,18
12150,10361,18
12151,10360,18
12152,10359,18
12153,10358,18
12154,10357,18
12155,10356,18
12156,10355,18
12157,10354,18
12158,10353,18
12159,10352,18
12160,10351,18
12161,10351.6,18
12162,10352.2,18
12163,10352.8,18
12164,10353.4,18
12165,10354,18
12166,10356,18
12167,10358,18
12168,10360,18
12169,10362,18
12170,10364,18
12171,10365.8,17.8
12172,10367.6,17.6
12173,10369.4,17.4
12174,10371.2,17.2
12175,10373,17
12176,10374,17
12177,10375,17
12178,10376,17
12179,10377,17
12180,10378,17
12181,10377.2,17.2
12182,10376.4,17.4
12183,10375.6,17.6
12184,10374.8,17.8
12185,10374,18
12186,10374,18
12187,10374,18
12188,10374,18
12189,10374,18
12190,10374,18
12191,10377.2,18
12192,10380.4,18
12193,10383.6,18
12194,10386.8,18
12195,10390,18
12196,10393,18
12197,10396,18
12198,10399,18
12199,10402,18
12200,10405,18
12201,10406,18
12202,10407,18
12203,10408,18
12204,10409,18
12205,10410,18
12206,10411.8,18
12207,10413.6,18
12208,10415.4,18
12209,10417.2,18
12210,10419,18
12211,10419,18
12212,10419,18
12213,10419,18
12214,10419,18
12215,10419,18
12216,10416.2,18
12217,10413.4,18
12218,10410.6,18
12219,10407.8,18
12220,10405,18
12221,10403,18
12222,10401,18
12223,10399,18
12224,10397,18
12225,10395,18
12226,10392.8,18
12227,10390.6,18
12228,10388.4,18
12229,10386.2,18
12230,10384,18
12231,10381.8,18
12232,10379.6,18
12233,10377.4,18
12234,10375.2,18
12235,10373,18
12236,10371,18
12237,10369,18
12238,10367,18
12239,10365,18
12240,10363,18
12241,10361.8,18
12242,10360.6,18
12243,10359.4,18
12244,10358.2,18
12245,10357,18
12246,10358.8,18
12247,10360.6,18
12248,10362.4,18
12249,10364.2,18
12250,10366,18
12251,10369,18
12252,10372,18
12253,10375,18
12254,10378,18
12255,10381,18
12256,10381.6,18
12257,10382.2,18
12258,10382.8,18
12259,10383.4,18
12260,10384,18
12261,10383.6,18
12262,10383.2,18
12263,10382.8,18
12264,10382.4,18
12265,10382,18
12266,10384,18
12267,10386,18
12268,10388,18
12269,10390,18
12270,10392,18
12271,10395.2,18
12272,10398.4,18
12273,10401.6,18
12274,10404.8,18
12275,10408,18
12276,10410.4,18
12277,10412.8,18
12278,10415.2,18
12279,10417.6,18
12280,10420,18
12281,10420.4,18
12282,10420.8,18
12283,10421.2,18
12284,10421.6,18
12285,10422,18
12286,10421,18
12287,10420,18
12288,10419,18
12289,10418,18
12290,10417,18
12291,10414.6,18
12292,10412.2,18
12293,10409.8,18
12294,10407.4,18
12295,10405,18
12296,10402.6,18.6
12297,10400.2,19.2
12298,10397.8,19.8
12299,10395.4,20.4
12300,10393,21
12301,10390,21.2
12302,10387,21.4
12303,10384,21.6
12304,10381,21.8
12305,10378,22
12306,10375.4,21.8
12307,10372.8,21.6
12308,10370.2,21.4
12309,10367.6,21.2
12310,10365,21
12311,10363.4,20.6
12312,10361.8,20.2
12313,10360.2,19.8
12314,10358.6,19.4
12315,10357,19
12316,10357.8,19
12317,10358.6,19
12318,10359.4,19
12319,10360.2,19
12320,10361,19
12321,10364.4,20
12322,10367.8,21
12323,10371.2,22
12324,10374.6,23
12325,10378,24
12326,10383,24.6
12327,10388,25.2
12328,10393,25.8
12329,10398,26.4
12330,10403,27
12331,10406.8,26
12332,10410.6,25
12333,10414.4,24
12334,10418.2,23
12335,10422,22
12336,10422.4,21.4
12337,10422.8,20.8
12338,10423.2,20.2
12339,10423.6,19.6
12340,10424,19
12341,10421.2,19.6
12342,10418.4,20.2
12343,10415.6,20.8
12344,10412.8,21.4
12345,10410,22
12346,10406.4,22.2
12347,10402.8,22.4
12348,10399.2,22.6
12349,10395.6,22.8
12350,10392,23
12351,10388.8,22.6
12352,10385.6,22.2
12353,10382.4,21.8
12354,10379.2,21.4
12355,10376,21
12356,10374.2,20.4
12357,10372.4,19.8
12358,10370.6,19.2
12359,10368.8,18.6
12360,10367,18
12361,10366.8,18
12362,10366.6,18
12363,10366.4,18
12364,10366.2,18
12365,10366,18
12366,10366.6,18
12367,10367.2,18
12368,10367.8,18
12369,10368.4,18
12370,10369,18
12371,10369.8,17.8
12372,10370.6,17.6
12373,10371.4,17.4
12374,10372.2,17.2
12375,10373,17
12376,10373.4,17
12377,10373.8,17
12378,10374.2,17
12379,10374.6,17
12380,10375,17
12381,10375.4,17
12382,10375.8,17
12383,10376.2,17
12384,10376.6,17
12385,10377,17
12386,10376.6,17.2
12387,10376.2,17.4
12388,10375.8,17.6
12389,10375.4,17.8
12390,10375,18
12391,10373.2,18.2
12392,10371.4,18.4
12393,10369.6,18.6
12394,10367.8,18.8
12395,10366,19
12396,10363.8,19.2
12397,10361.6,19.4
12398,10359.4,19.6
12399,10357.2,19.8
12400,10355,20
12401,10353,19.8
12402,10351,19.6
12403,10349,19.4
12404,10347,19.2
12405,10345,19
12406,10343.8,18.8
12407,10342.6,18.6
12408,10341.4,18.4
12409,10340.2,18.2
12410,10339,18
12411,10338.6,18
12412,10338.2,18
12413,10337.8,18
12414,10337.4,18
12415,10337,18
12416,10337.8,18.4
12417,10338.6,18.8
12418,10339.4,19.2
12419,10340.2,19.6
12420,10341,20
12421,10343,20.4
12422,10345,20.8
12423,10347,21.2
12424,10349,21.6
12425,10351,22
12426,10353.4,22.2
12427,10355.8,22.4
12428,10358.2,22.6
12429,10360.6,22.8
12430,10363,23
12431,10364.6,22.8
12432,10366.2,22.6
12433,10367.8,22.4
12434,10369.4,22.2
12435,10371,22
12436,10371.8,21.8
12437,10372.6,21.6
12438,10373.4,21.4
12439,10374.2,21.2
12440,10375,21
12441,10375.4,21
12442,10375.8,21
12443,10376.2,21
12444,10376.6,21
12445,10377,21
12446,10377.6,20.8
12447,10378.2,20.6
12448,10378.8,20.4
12449,10379.4,20.2
12450,10380,20
12451,10381.2,20.2
12452,10382.4,20.4
12453,10383.6,20.6
12454,10384.8,20.8
12455,10386,21
12456,10388,21.2
12457,10390,21.4
12458,10392,21.6
12459,10394,21.8
12460,10396,22
12461,10398.4,22
12462,10400.8,22
12463,10403.2,22
12464,10405.6,22
12465,10408,22
12466,10411,22.2
12467,10414,22.4
12468,10417,22.6
12469,10420,22.8
12470,10423,23
12471,10426.8,23.6
12472,10430.6,24.2
12473,10434.4,24.8
12474,10438.2,25.4
12475,10442,26
12476,10446.4,26
12477,10450.8,26
12478,10455.2,26
12479,10459.6,26
12480,10464,26
12481,10468.2,25.8
12482,10472.4,25.6
12483,10476.6,25.4
12484,10480.8,25.2
12485,10485,25
12486,10488.8,24.8
12487,10492.6,24.6
12488,10496.4,24.4
12489,10500.2,24.2
12490,10504,24
12491,10507.8,24.2
12492,10511.6,24.4
12493,10515.4,24.6
12494,10519.2,24.8
12495,10523,25
12496,10526.6,24.6
12497,10530.2,24.2
12498,10533.8,23.8
12499,10537.4,23.4
12500,10541,23
12501,10543,22.4
12502,10545,21.8
12503,10547,21.2
12504,10549,20.6
12505,10551,20
12506,10551.8,19.8
12507,10552.6,19.6
12508,10553.4,19.4
12509,10554.2,19.2
12510,10555,19
12511,10555.4,19
12512,10555.8,19
12513,10556.2,19
12514,10556.6,19
12515,10557,19
12516,10557,18.8
12517,10557,18.6
12518,10557,18.4
12519,10557,18.2
12520,10557,18
12521,10556.2,18
12522,10555.4,18
12523,10554.6,18
12524,10553.8,18
12525,10553,18
12526,10551.2,18.4
12527,10549.4,18.8
12528,10547.6,19.2
12529,10545.8,19.6
12530,10544,20
12531,10541,20.2
12532,10538,20.4
12533,10535,20.6
12534,10532,20.8
12535,10529,21
12536,10525.8,21.2
12537,10522.6,21.4
12538,10519.4,21.6
12539,10516.2,21.8
12540,10513,22
12541,10509.2,22.2
12542,10505.4,22.4
12543,10501.6,22.6
12544,10497.8,22.8
12545,10494,23
12546,10491,22.4
12547,10488,21.8
12548,10485,21.2
12549,10482,20.6
12550,10479,20
12551,10477.8,19.6
12552,10476.6,19.2
12553,10475.4,18.8
12554,10474.2,18.4
12555,10473,18
12556,10472.8,17.8
12557,10472.6,17.6
12558,10472.4,17.4
12559,10472.2,17.2
12560,10472,17
12561,10472,17
12562,10472,17
12563,10472,17
12564,10472,17
12565,10472,17
12566,10472,17
12567,10472,17
12568,10472,17
12569,10472,17
12570,10472,17
12571,10471.8,17
12572,10471.6,17
12573,10471.4,17
12574,10471.2,17
12575,10471,17
12576,10471.4,17
12577,10471.8,17
12578,10472.2,17
12579,10472.6,17
12580,10473,17
12581,10474.6,17.4
12582,10476.2,17.8
12583,10477.8,18.2
12584,10479.4,18.6
12585,10481,19
12586,10483.6,19.2
12587,10486.2,19.4
12588,10488.8,19.6
12589,10491.4,19.8
12590,10494,20
12591,10495.8,19.6
12592,10497.6,19.2
12593,10499.4,18.8
12594,10501.2,18.4
12595,10503,18
12596,10504,17.8
12597,10505,17.6
12598,10506,17.4
12599,10507,17.2
12600,10508,17
12601,10509.2,17.2
12602,10510.4,17.4
12603,10511.6,17.6
12604,10512.8,17.8
12605,10514,18
12606,10517.2,18.8
12607,10520.4,19.6
12608,10523.6,20.4
12609,10526.8,21.2
12610,10530,22
12611,10534.2,22.6
12612,10538.4,23.2
12613,10542.6,23.8
12614,10546.8,24.4
12615,10551,25
12616,10555.8,25
12617,10560.6,25
12618,10565.4,25
12619,10570.2,25
12620,10575,25
12621,10579.2,24.6
12622,10583.4,24.2
12623,10587.6,23.8
12624,10591.8,23.4
12625,10596,23
12626,10598,22.2
12627,10600,21.4
12628,10602,20.6
12629,10604,19.8
12630,10606,19
12631,10605.8,18.8
12632,10605.6,18.6
12633,10605.4,18.4
12634,10605.2,18.2
12635,10605,18
12636,10603.2,18.2
12637,10601.4,18.4
12638,10599.6,18.6
12639,10597.8,18.8
12640,10596,19
12641,10594.4,18.8
12642,10592.8,18.6
12643,10591.2,18.4
12644,10589.6,18.2
12645,10588,18
12646,10587.4,17.8
12647,10586.8,17.6
12648,10586.2,17.4
12649,10585.6,17.2
12650,10585,17
12651,10585,17
12652,10585,17
12653,10585,17
12654,10585,17
12655,10585,17
12656,10585.2,17
12657,10585.4,17
12658,10585.6,17
12659,10585.8,17
12660,10586,17
12661,10587,17.2
12662,10588,17.4
12663,10589,17.6
12664,10590,17.8
12665,10591,18
12666,10592.6,18.2
12667,10594.2,18.4
12668,10595.8,18.6
12669,10597.4,18.8
12670,10599,19
12671,10601.2,19.2
12672,10603.4,19.4
12673,10605.6,19.6
12674,10607.8,19.8
12675,10610,20
12676,10612.4,20
12677,10614.8,20
12678,10617.2,20
12679,10619.6,20
12680,10622,20
12681,10624.4,20
12682,10626.8,20
12683,10629.2,20
12684,10631.6,20
12685,10634,20
12686,10636,19.8
12687,10638,19.6
12688,10640,19.4
12689,10642,19.2
12690,10644,19
12691,10645.4,18.8
12692,10646.8,18.6
12693,10648.2,18.4
12694,10649.6,18.2
12695,10651,18
12696,10652,18
12697,10653,18
12698,10654,18
12699,10655,18
12700,10656,18
12701,10658,18.4
12702,10660,18.8
12703,10662,19.2
12704,10664,19.6
12705,10666,20
12706,10668.2,20
12707,10670.4,20
12708,10672.6,20
12709,10674.8,20
12710,10677,20
12711,10678.4,19.8
12712,10679.8,19.6
12713,10681.2,19.4
12714,10682.6,19.2
12715,10684,19
12716,10686.4,19.4
12717,10688.8,19.8
12718,10691.2,20.2
12719,10693.6,20.6
12720,10696,21
12721,10700.2,22
12722,10704.4,23
12723,10708.6,24
12724,10712.8,25
12725,10717,26
12726,10722,26
12727,10727,26
12728,10732,26
12729,10737,26
12730,10742,26
12731,10746.2,25.6
12732,10750.4,25.2
12733,10754.6,24.8
12734,10758.8,24.4
12735,10763,24
12736,10767,24
12737,10771,24
12738,10775,24
12739,10779,24
12740,10783,24
12741,10787,24
12742,10791,24
12743,10795,24
12744,10799,24
12745,10803,24
12746,10807,24
12747,10811,24
12748,10815,24
12749,10819,24
12750,10823,24
12751,10827.6,24.4
12752,10832.2,24.8
12753,10836.8,25.2
12754,10841.4,25.6
12755,10846,26
12756,10851.2,26.4
12757,10856.4,26.8
12758,10861.6,27.2
12759,10866.8,27.6
12760,10872,28
12761,10876.8,27.6
12762,10881.6,27.2
12763,10886.4,26.8
12764,10891.2,26.4
12765,10896,26
12766,10898.4,25
12767,10900.8,24
12768,10903.2,23
12769,10905.6,22
12770,10908,21
12771,10908.8,20.6
12772,10909.6,20.2
12773,10910.4,19.8
12774,10911.2,19.4
12775,10912,19
12776,10912,19
12777,10912,19
12778,10912,19
12779,10912,19
12780,10912,19
12781,10912.2,19
12782,10912.4,19
12783,10912.6,19
12784,10912.8,19
12785,10913,19
12786,10913,19
12787,10913,19
12788,10913,19
12789,10913,19
12790,10913,19
12791,10913,19
12792,10913,19
12793,10913,19
12794,10913,19
12795,10913,19
12796,10912,19
12797,10911,19
12798,10910,19
12799,10909,19
12800,10908,19
12801,10907.4,19
12802,10906.8,19
12803,10906.2,19
12804,10905.6,19
12805,10905,19
12806,10905,19
12807,10905,19
12808,10905,19
12809,10905,19
12810,10905,19
12811,10905.2,19
12812,10905.4,19
12813,10905.6,19
12814,10905.8,19
12815,10906,19
12816,10906.6,19
12817,10907.2,19
12818,10907.8,19
12819,10908.4,19
12820,10909,19
12821,10910.6,19.2
12822,10912.2,19.4
12823,10913.8,19.6
12824,10915.4,19.8
12825,10917,20
12826,10919.6,20.4
12827,10922.2,20.8
12828,10924.8,21.2
12829,10927.4,21.6
12830,10930,22
12831,10933.4,22.2
12832,10936.8,22.4
12833,10940.2,22.6
12834,10943.6,22.8
12835,10947,23
12836,10950.4,23
12837,10953.8,23
12838,10957.2,23
12839,10960.6,23
12840,10964,23
12841,10967,22.8
12842,10970,22.6
12843,10973,22.4
12844,10976,22.2
12845,10979,22
12846,10981,21.6
12847,10983,21.2
12848,10985,20.8
12849,10987,20.4
12850,10989,20
12851,10989,19.8
12852,10989,19.6
12853,10989,19.4
12854,10989,19.2
12855,10989,19
12856,10987.6,19.4
12857,10986.2,19.8
12858,10984.8,20.2
12859,10983.4,20.6
12860,10982,21
12861,10979.8,21.2
12862,10977.6,21.4
12863,10975.4,21.6
12864,10973.2,21.8
12865,10971,22
12866,10969.4,21.8
12867,10967.8,21.6
12868,10966.2,21.4
12869,10964.6,21.2
12870,10963,21
12871,10962.6,20.8
12872,10962.2,20.6
12873,10961.8,20.4
12874,10961.4,20.2
12875,10961,20
12876,10961.8,20
12877,10962.6,20
12878,10963.4,20
12879,10964.2,20
12880,10965,20
12881,10966.6,20.2
12882,10968.2,20.4
12883,10969.8,20.6
12884,10971.4,20.8
12885,10973,21
12886,10974.8,21
12887,10976.6,21
12888,10978.4,21
12889,10980.2,21
12890,10982,21
12891,10983.8,21
12892,10985.6,21
12893,10987.4,21
12894,10989.2,21
12895,10991,21
12896,10992.8,21
12897,10994.6,21
12898,10996.4,21
12899,10998.2,21
12900,11000,21
12901,11001.8,21
12902,11003.6,21
12903,11005.4,21
12904,11007.2,21
12905,11009,21
12906,11010.6,21
12907,11012.2,21
12908,11013.8,21
12909,11015.4,21
12910,11017,21
12911,11018,20.8
12912,11019,20.6
12913,11020,20.4
12914,11021,20.2
12915,11022,20
12916,11023,20
12917,11024,20
12918,11025,20
12919,11026,20
12920,11027,20
12921,11028.6,20.2
12922,11030.2,20.4
12923,11031.8,20.6
12924,11033.4,20.8
12925,11035,21
12926,11036.6,21
12927,11038.2,21
12928,11039.8,21
12929,11041.4,21
12930,11043,21
12931,11043.8,21
12932,11044.6,21
12933,11045.4,21
12934,11046.2,21
12935,11047,21
12936,11046.8,21
12937,11046.6,21
12938,11046.4,21
12939,11046.2,21
12940,11046,21
12941,11045,21
12942,11044,21
12943,11043,21
12944,11042,21
12945,11041,21
12946,11040.2,21
12947,11039.4,21
12948,11038.6,21
12949,11037.8,21
12950,11037,21
12951,11036.8,21
12952,11036.6,21
12953,11036.4,21
12954,11036.2,21
12955,11036,21
12956,11036.4,20.8
12957,11036.8,20.6
12958,11037.2,20.4
12959,11037.6,20.2
12960,11038,20
12961,11039,20
12962,11040,20
12963,11041,20
12964,11042,20
12965,11043,20
12966,11043.8,20
12967,11044.6,20
12968,11045.4,20
12969,11046.2,20
12970,11047,20
12971,11047.2,20
12972,11047.4,20
12973,11047.6,20
12974,11047.8,20
12975,11048,20
12976,11047.8,20
12977,11047.6,20
12978,11047.4,20
12979,11047.2,20
12980,11047,20
12981,11047,20
12982,11047,20
12983,11047,20
12984,11047,20
12985,11047,20
12986,11047.2,20
12987,11047.4,20
12988,11047.6,20
12989,11047.8,20
12990,11048,20
12991,11048.8,20
12992,11049.6,20
12993,11050.4,20
12994,11051.2,20
12995,11052,20
12996,11053,20
12997,11054,20
12998,11055,20
12999,11056,20
13000,11057,20
13001,11058,20.2
13002,11059,20.4
13003,11060,20.6
13004,11061,20.8
13005,11062,21
13006,11063,21
13007,11064,21
13008,11065,21
13009,11066,21
13010,11067,21
13011,11067.4,20.8
13012,11067.8,20.6
13013,11068.2,20.4
13014,11068.6,20.2
13015,11069,20
13016,11068.4,20.2
13017,11067.8,20.4
13018,11067.2,20.6
13019,11066.6,20.8
13020,11066,21
13021,11064.8,21
13022,11063.6,21
13023,11062.4,21
13024,11061.2,21
13025,11060,21
13026,11059,20.8
13027,11058,20.6
13028,11057,20.4
13029,11056,20.2
13030,11055,20
13031,11055,20
13032,11055,20
13033,11055,20
13034,11055,20
13035,11055,20
13036,11055,20
13037,11055,20
13038,11055,20
13039,11055,20
13040,11055,20
13041,11054.6,20
13042,11054.2,20
13043,11053.8,20
13044,11053.4,20
13045,11053,20
13046,11053,20.2
13047,11053,20.4
13048,11053,20.6
13049,11053,20.8
13050,11053,21
13051,11053.8,21.2
13052,11054.6,21.4
13053,11055.4,21.6
13054,11056.2,21.8
13055,11057,22
13056,11057.8,22
13057,11058.6,22
13058,11059.4,22
13059,11060.2,22
13060,11061,22
13061,11062,21.8
13062,11063,21.6
13063,11064,21.4
13064,11065,21.2
13065,11066,21
13066,11067.8,21.2
13067,11069.6,21.4
13068,11071.4,21.6
13069,11073.2,21.8
13070,11075,22
13071,11077.6,22.2
13072,11080.2,22.4
13073,11082.8,22.6
13074,11085.4,22.8
13075,11088,23
13076,11090.4,22.8
13077,11092.8,22.6
13078,11095.2,22.4
13079,11097.6,22.2
13080,11100,22
13081,11102.4,22
13082,11104.8,22
13083,11107.2,22
13084,11109.6,22
13085,11112,22
13086,11115.8,23
13087,11119.6,24
13088,11123.4,25
13089,11127.2,26
13090,11131,27
13091,11137,28.2
13092,11143,29.4
13093,11149,30.6
13094,11155,31.8
13095,11161,33
13096,11166.8,32.4
13097,11172.6,31.8
13098,11178.4,31.2
13099,11184.2,30.6
13100,11190,30
13101,11193,28.4
13102,11196,26.8
13103,11199,25.2
13104,11202,23.6
13105,11205,22
13106,11206.6,21.6
13107,11208.2,21.2
13108,11209.8,20.8
13109,11211.4,20.4
13110,11213,20
13111,11215.2,20.4
13112,11217.4,20.8
13113,11219.6,21.2
13114,11221.8,21.6
13115,11224,22
13116,11227.2,22.4
13117,11230.4,22.8
13118,11233.6,23.2
13119,11236.8,23.6
13120,11240,24
13121,11242.8,23.6
13122,11245.6,23.2
13123,11248.4,22.8
13124,11251.2,22.4
13125,11254,22
13126,11254.6,21.8
13127,11255.2,21.6
13128,11255.8,21.4
13129,11256.4,21.2
13130,11257,21
13131,11255.8,21.2
13132,11254.6,21.4
13133,11253.4,21.6
13134,11252.2,21.8
13135,11251,22
13136,11248.8,22.2
13137,11246.6,22.4
13138,11244.4,22.6
13139,11242.2,22.8
13140,11240,23
13141,11238,22.6
13142,11236,22.2
13143,11234,21.8
13144,11232,21.4
13145,11230,21
13146,11229.4,21
13147,11228.8,21
13148,11228.2,21
13149,11227.6,21
13150,11227,21
13151,11228.4,21.2
13152,11229.8,21.4
13153,11231.2,21.6
13154,11232.6,21.8
13155,11234,22
13156,11237.4,22.4
13157,11240.8,22.8
13158,11244.2,23.2
13159,11247.6,23.6
13160,11251,24
13161,11255.4,24.4
13162,11259.8,24.8
13163,11264.2,25.2
13164,11268.6,25.6
13165,11273,26
13166,11277.4,26
13167,11281.8,26
13168,11286.2,26
13169,11290.6,26
13170,11295,26
13171,11298.8,26
13172,11302.6,26
13173,11306.4,26
13174,11310.2,26
13175,11314,26
13176,11317.6,26
13177,11321.2,26
13178,11324.8,26
13179,11328.4,26
13180,11332,26
13181,11334.8,25.6
13182,11337.6,25.2
13183,11340.4,24.8
13184,11343.2,24.4
13185,11346,24
13186,11347.8,23.8
13187,11349.6,23.6
13188,11351.4,23.4
13189,11353.2,23.2
13190,11355,23
13191,11355.6,23.4
13192,11356.2,23.8
13193,11356.8,24.2
13194,11357.4,24.6
13195,11358,25
13196,11357.6,25.2
13197,11357.2,25.4
13198,11356.8,25.6
13199,11356.4,25.8
13200,11356,26
13201,11354.6,25.8
13202,11353.2,25.6
13203,11351.8,25.4
13204,11350.4,25.2
13205,11349,25
13206,11347.4,25
13207,11345.8,25
13208,11344.2,25
13209,11342.6,25
13210,11341,25
13211,11339.4,25
13212,11337.8,25
13213,11336.2,25
13214,11334.6,25
13215,11333,25
13216,11332.2,25.2
13217,11331.4,25.4
13218,11330.6,25.6
13219,11329.8,25.8
13220,11329,26
13221,11329.2,26
13222,11329.4,26
13223,11329.6,26
13224,11329.8,26
13225,11330,26
13226,11331.6,25.8
13227,11333.2,25.6
13228,11334.8,25.4
13229,11336.4,25.2
13230,11338,25
13231,11340.8,25.2
13232,11343.6,25.4
13233,11346.4,25.6
13234,11349.2,25.8
13235,11352,26
13236,11355,26.2
13237,11358,26.4
13238,11361,26.6
13239,11364,26.8
13240,11367,27
13241,11369.6,26.6
13242,11372.2,26.2
13243,11374.8,25.8
13244,11377.4,25.4
13245,11380,25
13246,11381.8,24.8
13247,11383.6,24.6
13248,11385.4,24.4
13249,11387.2,24.2
13250,11389,24
13251,11390.2,23.8
13252,11391.4,23.6
13253,11392.6,23.4
13254,11393.8,23.2
13255,11395,23
13256,11395.2,23
13257,11395.4,23
13258,11395.6,23
13259,11395.8,23
13260,11396,23
13261,11395.2,23
13262,11394.4,23
13263,11393.6,23
13264,11392.8,23
13265,11392,23
13266,11390.8,23.2
13267,11389.6,23.4
13268,11388.4,23.6
13269,11387.2,23.8
13270,11386,24
13271,11384.4,23.8
13272,11382.8,23.6
13273,11381.2,23.4
13274,11379.6,23.2
13275,11378,23
13276,11376.8,23.2
13277,11375.6,23.4
13278,11374.4,23.6
13279,11373.2,23.8
13280,11372,24
13281,11371.6,24
13282,11371.2,24
13283,11370.8,24
13284,11370.4,24
13285,11370,24
13286,11371,24
13287,11372,24
13288,11373,24
13289,11374,24
13290,11375,24
13291,11377,24
13292,11379,24
13293,11381,24
13294,11383,24
13295,11385,24
13296,11387.8,24.4
13297,11390.6,24.8
13298,11393.4,25.2
13299,11396.2,25.6
13300,11399,26
13301,11402.4,26.4
13302,11405.8,26.8
13303,11409.2,27.2
13304,11412.6,27.6
13305,11416,28
13306,11419.6,28.2
13307,11423.2,28.4
13308,11426.8,28.6
13309,11430.4,28.8
13310,11434,29
13311,11437.4,29.4
13312,11440.8,29.8
13313,11444.2,30.2
13314,11447.6,30.6
13315,11451,31
13316,11453.6,31.2
13317,11456.2,31.4
13318,11458.8,31.6
13319,11461.4,31.8
13320,11464,32
13321,11465.8,31.4
13322,11467.6,30.8
13323,11469.4,30.2
13324,11471.2,29.6
13325,11473,29
13326,11473.8,28.4
13327,11474.6,27.8
13328,11475.4,27.2
13329,11476.2,26.6
13330,11477,26
13331,11477.8,26
13332,11478.6,26
13333,11479.4,26
13334,11480.2,26
13335,11481,26
13336,11482.2,26
13337,11483.4,26
13338,11484.6,26
13339,11485.8,26
13340,11487,26
13341,11488.6,26
13342,11490.2,26
13343,11491.8,26
13344,11493.4,26
13345,11495,26
13346,11496.8,26.4
13347,11498.6,26.8
13348,11500.4,27.2
13349,11502.2,27.6
13350,11504,28
13351,11505.6,28
13352,11507.2,28
13353,11508.8,28
13354,11510.4,28
13355,11512,28
13356,11513.4,27.8
13357,11514.8,27.6
13358,11516.2,27.4
13359,11517.6,27.2
13360,11519,27
13361,11519.6,26.8
13362,11520.2,26.6
13363,11520.8,26.4
13364,11521.4,26.2
13365,11522,26
13366,11522.4,26.2
13367,11522.8,26.4
13368,11523.2,26.6
13369,11523.6,26.8
13370,11524,27
13371,11523.8,27.4
13372,11523.6,27.8
13373,11523.4,28.2
13374,11523.2,28.6
13375,11523,29
13376,11522.2,28.8
13377,11521.4,28.6
13378,11520.6,28.4
13379,11519.8,28.2
13380,11519,28
13381,11518.2,27.6
13382,11517.4,27.2
13383,11516.6,26.8
13384,11515.8,26.4
13385,11515,26
13386,11514.2,26
13387,11513.4,26
13388,11512.6,26
13389,11511.8,26
13390,11511,26
13391,11511,26
13392,11511,26
13393,11511,26
13394,11511,26
13395,11511,26
13396,11511.6,26.2
13397,11512.2,26.4
13398,11512.8,26.6
13399,11513.4,26.8
13400,11514,27
13401,11515,27.2
13402,11516,27.4
13403,11517,27.6
13404,11518,27.8
13405,11519,28
13406,11520.2,28.4
13407,11521.4,28.8
13408,11522.6,29.2
13409,11523.8,29.6
13410,11525,30
13411,11526,30.2
13412,11527,30.4
13413,11528,30.6
13414,11529,30.8
13415,11530,31
13416,11531,30.4
13417,11532,29.8
13418,11533,29.2
13419,11534,28.6
13420,11535,28
13421,11535.6,27.4
13422,11536.2,26.8
13423,11536.8,26.2
13424,11537.4,25.6
13425,11538,25
13426,11538.6,25
13427,11539.2,25
13428,11539.8,25
13429,11540.4,25
13430,11541,25
13431,11541.4,25.4
13432,11541.8,25.8
13433,11542.2,26.2
13434,11542.6,26.6
13435,11543,27
13436,11543.8,27
13437,11544.6,27
13438,11545.4,27
13439,11546.2,27
13440,11547,27
13441,11548,26.8
13442,11549,26.6
13443,11550,26.4
13444,11551,26.2
13445,11552,26
13446,11553.6,26
13447,11555.2,26
13448,11556.8,26
13449,11558.4,26
13450,11560,26
13451,11562.2,26
13452,11564.4,26
13453,11566.6,26
13454,11568.8,26
13455,11571,26
13456,11573.6,26.2
13457,11576.2,26.4
13458,11578.8,26.6
13459,11581.4,26.8
13460,11584,27
13461,11586.4,27
13462,11588.8,27
13463,11591.2,27
13464,11593.6,27
13465,11596,27
13466,11597.4,26.8
13467,11598.8,26.6
13468,11600.2,26.4
13469,11601.6,26.2
13470,11603,26
13471,11603.8,25.6
13472,11604.6,25.2
13473,11605.4,24.8
13474,11606.2,24.4
13475,11607,24
13476,11608,24.2
13477,11609,24.4
13478,11610,24.6
13479,11611,24.8
13480,11612,25
13481,11613.4,25.6
13482,11614.8,26.2
13483,11616.2,26.8
13484,11617.6,27.4
13485,11619,28
13486,11621.2,28.4
13487,11623.4,28.8
13488,11625.6,29.2
13489,11627.8,29.6
13490,11630,30
13491,11632.4,30.2
13492,11634.8,30.4
13493,11637.2,30.6
13494,11639.6,30.8
13495,11642,31
13496,11644.8,31.2
13497,11647.6,31.4
13498,11650.4,31.6
13499,11653.2,31.8
13500,11656,32
13501,11659.2,32.2
13502,11662.4,32.4
13503,11665.6,32.6
13504,11668.8,32.8
13505,11672,33
13506,11675.4,33.2
13507,11678.8,33.4
13508,11682.2,33.6
13509,11685.6,33.8
13510,11689,34
13511,11692.4,33.8
13512,11695.8,33.6
13513,11699.2,33.4
13514,11702.6,33.2
13515,11706,33
13516,11709.4,32.2
13517,11712.8,31.4
13518,11716.2,30.6
13519,11719.6,29.8
13520,11723,29
13521,11726,28.4
13522,11729,27.8
13523,11732,27.2
13524,11735,26.6
13525,11738,26
13526,11740.2,26
13527,11742.4,26
13528,11744.6,26
13529,11746.8,26
13530,11749,26
13531,11749.4,26
13532,11749.8,26
13533,11750.2,26
13534,11750.6,26
13535,11751,26
13536,11749,26
13537,11747,26
13538,11745,26
13539,11743,26
13540,11741,26
13541,11737.4,26
13542,11733.8,26
13543,11730.2,26
13544,11726.6,26
13545,11723,26
13546,11718.6,26.2
13547,11714.2,26.4
13548,11709.8,26.6
13549,11705.4,26.8
13550,11701,27
13551,11696.8,27
13552,11692.6,27
13553,11688.4,27
13554,11684.2,27
13555,11680,27
13556,11677,27
13557,11674,27
13558,11671,27
13559,11668,27
13560,11665,27
13561,11663.6,27.2
13562,11662.2,27.4
13563,11660.8,27.6
13564,11659.4,27.8
13565,11658,28
13566,11659,27.8
13567,11660,27.6
13568,11661,27.4
13569,11662,27.2
13570,11663,27
13571,11666.6,26.6
13572,11670.2,26.2
13573,11673.8,25.8
13574,11677.4,25.4
13575,11681,25
13576,11685,25.2
13577,11689,25.4
13578,11693,25.6
13579,11697,25.8
13580,11701,26
13581,11704,25.8
13582,11707,25.6
13583,11710,25.4
13584,11713,25.2
13585,11716,25
13586,11719.2,25.2
13587,11722.4,25.4
13588,11725.6,25.6
13589,11728.8,25.8
13590,11732,26
13591,11735.4,26.4
13592,11738.8,26.8
13593,11742.2,27.2
13594,11745.6,27.6
13595,11749,28
13596,11753.6,28.2
13597,11758.2,28.4
13598,11762.8,28.6
13599,11767.4,28.8
13600,11772,29
13601,11777,29
13602,11782,29
13603,11787,29
13604,11792,29
13605,11797,29
13606,11801.6,29.4
13607,11806.2,29.8
13608,11810.8,30.2
13609,11815.4,30.6
13610,11820,31
13611,11823.4,31.4
13612,11826.8,31.8
13613,11830.2,32.2
13614,11833.6,32.6
13615,11837,33
13616,11838.6,33
13617,11840.2,33
13618,11841.8,33
13619,11843.4,33
13620,11845,33
13621,11844,32.4
13622,11843,31.8
13623,11842,31.2
13624,11841,30.6
13625,11840,30
13626,11837.2,29.8
13627,11834.4,29.6
13628,11831.6,29.4
13629,11828.8,29.2
13630,11826,29
13631,11823.4,28.6
13632,11820.8,28.2
13633,11818.2,27.8
13634,11815.6,27.4
13635,11813,27
13636,11811.8,26.8
13637,11810.6,26.6
13638,11809.4,26.4
13639,11808.2,26.2
13640,11807,26
13641,11807.2,26.4
13642,11807.4,26.8
13643,11807.6,27.2
13644,11807.8,27.6
13645,11808,28
13646,11809.2,28.2
13647,11810.4,28.4
13648,11811.6,28.6
13649,11812.8,28.8
13650,11814,29
13651,11815.8,28.8
13652,11817.6,28.6
13653,11819.4,28.4
13654,11821.2,28.2
13655,11823,28
13656,11825,28
13657,11827,28
13658,11829,28
13659,11831,28
13660,11833,28
13661,11834.6,28
13662,11836.2,28
13663,11837.8,28
13664,11839.4,28
13665,11841,28
13666,11841.8,27.6
13667,11842.6,27.2
13668,11843.4,26.8
13669,11844.2,26.4
13670,11845,26
13671,11844.8,25.6
13672,11844.6,25.2
13673,11844.4,24.8
13674,11844.2,24.4
13675,11844,24
13676,11843.2,24
13677,11842.4,24
13678,11841.6,24
13679,11840.8,24
13680,11840,24
13681,11839.4,24.2
13682,11838.8,24.4
13683,11838.2,24.6
13684,11837.6,24.8
13685,11837,25
13686,11836.8,25
13687,11836.6,25
13688,11836.4,25
13689,11836.2,25
13690,11836,25
13691,11836,25
13692,11836,25
13693,11836,25
13694,11836,25
13695,11836,25
13696,11835.6,25
13697,11835.2,25
13698,11834.8,25
13699,11834.4,25
13700,11834,25
13701,11832.6,24.8
13702,11831.2,24.6
13703,11829.8,24.4
13704,11828.4,24.2
13705,11827,24
13706,11825.2,24.2
13707,11823.4,24.4
13708,11821.6,24.6
13709,11819.8,24.8
13710,11818,25
13711,11816.2,25.2
13712,11814.4,25.4
13713,11812.6,25.6
13714,11810.8,25.8
13715,11809,26
13716,11807.6,25.8
13717,11806.2,25.6
13718,11804.8,25.4
13719,11803.4,25.2
13720,11802,25
13721,11801.6,25.2
13722,11801.2,25.4
13723,11800.8,25.6
13724,11800.4,25.8
13725,11800,26
13726,11800.6,26
13727,11801.2,26
13728,11801.8,26
13729,11802.4,26
13730,11803,26
13731,11804.8,25.8
13732,11806.6,25.6
13733,11808.4,25.4
13734,11810.2,25.2
13735,11812,25
13736,11814.4,25
13737,11816.8,25
13738,11819.2,25
13739,11821.6,25
13740,11824,25
13741,11826,24.8
13742,11828,24.6
13743,11830,24.4
13744,11832,24.2
13745,11834,24
13746,11835.4,23.8
13747,11836.8,23.6
13748,11838.2,23.4
13749,11839.6,23.2
13750,11841,23
13751,11842.8,22.8
13752,11844.6,22.6
13753,11846.4,22.4
13754,11848.2,22.2
13755,11850,22
13756,11852.8,22
13757,11855.6,22
13758,11858.4,22
13759,11861.2,22
13760,11864,22
13761,11867,22
13762,11870,22
13763,11873,22
13764,11876,22
13765,11879,22
13766,11881,22.2
13767,11883,22.4
13768,11885,22.6
13769,11887,22.8
13770,11889,23
13771,11889.2,23
13772,11889.4,23
13773,11889.6,23
13774,11889.8,23
13775,11890,23
13776,11890.4,22.8
13777,11890.8,22.6
13778,11891.2,22.4
13779,11891.6,22.2
13780,11892,22
13781,11893.8,22.4
13782,11895.6,22.8
13783,11897.4,23.2
13784,11899.2,23.6
13785,11901,24
13786,11904.4,24
13787,11907.8,24
13788,11911.2,24
13789,11914.6,24
13790,11918,24
13791,11923.2,24
13792,11928.4,24
13793,11933.6,24
13794,11938.8,24
13795,11944,24
13796,11950,23.8
13797,11956,23.6
13798,11962,23.4
13799,11968,23.2
13800,11974,23
13801,11978.6,23
13802,11983.2,23
13803,11987.8,23
13804,11992.4,23
13805,11997,23
13806,12000.2,23
13807,12003.4,23
13808,12006.6,23
13809,12009.8,23
13810,12013,23
13811,12014.6,23.2
13812,12016.2,23.4
13813,12017.8,23.6
13814,12019.4,23.8
13815,12021,24
13816,12021.6,24.2
13817,12022.2,24.4
13818,12022.8,24.6
13819,12023.4,24.8
13820,12024,25
13821,12023.6,24.6
13822,12023.2,24.2
13823,12022.8,23.8
13824,12022.4,23.4
13825,12022,23
13826,12021.2,23
13827,12020.4,23
13828,12019.6,23
13829,12018.8,23
13830,12018,23
13831,12017.2,23.2
13832,12016.4,23.4
13833,12015.6,23.6
13834,12014.8,23.8
13835,12014,24
13836,12013.4,24.4
13837,12012.8,24.8
13838,12012.2,25.2
13839,12011.6,25.6
13840,12011,26
13841,12011,26.2
13842,12011,26.4
13843,12011,26.6
13844,12011,26.8
13845,12011,27
13846,12011.6,27
13847,12012.2,27
13848,12012.8,27
13849,12013.4,27
13850,12014,27
13851,12015,27
13852,12016,27
13853,12017,27
13854,12018,27
13855,12019,27
13856,12020.2,27.2
13857,12021.4,27.4
13858,12022.6,27.6
13859,12023.8,27.8
13860,12025,28
13861,12026.4,28
13862,12027.8,28
13863,12029.2,28
13864,12030.6,28
13865,12032,28
13866,12033.6,27.6
13867,12035.2,27.2
13868,12036.8,26.8
13869,12038.4,26.4
13870,12040,26
13871,12041.6,25.8
13872,12043.2,25.6
13873,12044.8,25.4
13874,12046.4,25.2
13875,12048,25
13876,12049.4,25.4
13877,12050.8,25.8
13878,12052.2,26.2
13879,12053.6,26.6
13880,12055,27
13881,12056,27.4
13882,12057,27.8
13883,12058,28.2
13884,12059,28.6
13885,12060,29
13886,12061,29
13887,12062,29
13888,12063,29
13889,12064,29
13890,12065,29
13891,12065.2,28.8
13892,12065.4,28.6
13893,12065.6,28.4
13894,12065.8,28.2
13895,12066,28
13896,12066.2,27.8
13897,12066.4,27.6
13898,12066.6,27.4
13899,12066.8,27.2
13900,12067,27
13901,12066.6,27
13902,12066.2,27
13903,12065.8,27
13904,12065.4,27
13905,12065,27
13906,12064.4,27.2
13907,12063.8,27.4
13908,12063.2,27.6
13909,12062.6,27.8
13910,12062,28
13911,12061.2,28.2
13912,12060.4,28.4
13913,12059.6,28.6
13914,12058.8,28.8
13915,12058,29
13916,12056.6,29.2
13917,12055.2,29.4
13918,12053.8,29.6
13919,12052.4,29.8
13920,12051,30
13921,12049.6,29.8
13922,12048.2,29.6
13923,12046.8,29.4
13924,12045.4,29.2
13925,12044,29
13926,12042.4,28.8
13927,12040.8,28.6
13928,12039.2,28.4
13929,12037.6,28.2
13930,12036,28
13931,12034.4,27.8
13932,12032.8,27.6
13933,12031.2,27.4
13934,12029.6,27.2
13935,12028,27
13936,12026.4,27
13937,12024.8,27
13938,12023.2,27
13939,12021.6,27
13940,12020,27
13941,12018.6,27
13942,12017.2,27
13943,12015.8,27
13944,12014.4,27
13945,12013,27
13946,12012,27.4
13947,12011,27.8
13948,12010,28.2
13949,12009,28.6
13950,12008,29
13951,12007.2,29.4
13952,12006.4,29.8
13953,12005.6,30.2
13954,12004.8,30.6
13955,12004,31
13956,12003.6,31.4
13957,12003.2,31.8
13958,12002.8,32.2
13959,12002.4,32.6
13960,12002,33
13961,12001.8,33.4
13962,12001.6,33.8
13963,12001.4,34.2
13964,12001.2,34.6
13965,12001,35
13966,12001.2,35.4
13967,12001.4,35.8
13968,12001.6,36.2
13969,12001.8,36.6
13970,12002,37
13971,12002.4,37.2
13972,12002.8,37.4
13973,12003.2,37.6
13974,12003.6,37.8
13975,12004,38
13976,12004.6,38.2
13977,12005.2,38.4
13978,12005.8,38.6
13979,12006.4,38.8
13980,12007,39
13981,12007.8,39
13982,12008.6,39
13983,12009.4,39
13984,12010.2,39
13985,12011,39
13986,12012,39
13987,12013,39
13988,12014,39
13989,12015,39
13990,12016,39
13991,12017.4,39
13992,12018.8,39
13993,12020.2,39
13994,12021.6,39
13995,12023,39
13996,12024.4,39
13997,12025.8,39
13998,12027.2,39
13999,12028.6,39
14000,12030,39
14001,12031.4,38.8
14002,12032.8,38.6
14003,12034.2,38.4
14004,12035.6,38.2
14005,12037,38
14006,12038.8,38
14007,12040.6,38
14008,12042.4,38
14009,12044.2,38
14010,12046,38
14011,12047.8,37.8
14012,12049.6,37.6
14013,12051.4,37.4
14014,12053.2,37.2
14015,12055,37
14016,12057,36.8
14017,12059,36.6
14018,12061,36.4
14019,12063,36.2
14020,12065,36
14021,12067,35.6
14022,12069,35.2
14023,12071,34.8
14024,12073,34.4
14025,12075,34
14026,12077.2,33.8
14027,12079.4,33.6
14028,12081.6,33.4
14029,12083.8,33.2
14030,12086,33
14031,12088,32.8
14032,12090,32.6
14033,12092,32.4
14034,12094,32.2
14035,12096,32
14036,12098.4,31.6
14037,12100.8,31.2
14038,12103.2,30.8
14039,12105.6,30.4
14040,12108,30
14041,12110.2,29.8
14042,12112.4,29.6
14043,12114.6,29.4
14044,12116.8,29.2
14045,12119,29
14046,12121.2,28.8
14047,12123.4,28.6
14048,12125.6,28.4
14049,12127.8,28.2
14050,12130,28
14051,12132.2,27.8
14052,12134.4,27.6
14053,12136.6,27.4
14054,12138.8,27.2
14055,12141,27
14056,12143.2,26.8
14057,12145.4,26.6
14058,12147.6,26.4
14059,12149.8,26.2
14060,12152,26
14061,12154.2,26
14062,12156.4,26
14063,12158.6,26
14064,12160.8,26
14065,12163,26
14066,12165.2,25.8
14067,12167.4,25.6
14068,12169.6,25.4
14069,12171.8,25.2
14070,12174,25
14071,12176.2,25
14072,12178.4,25
14073,12180.6,25
14074,12182.8,25
14075,12185,25
14076,12186.8,25
14077,12188.6,25
14078,12190.4,25
14079,12192.2,25
14080,12194,25
14081,12196,25
14082,12198,25
14083,12200,25
14084,12202,25
14085,12204,25
14086,12205.8,24.8
14087,12207.6,24.6
14088,12209.4,24.4
14089,12211.2,24.2
14090,12213,24
14091,12214.6,24
14092,12216.2,24
14093,12217.8,24
14094,12219.4,24
14095,12221,24
14096,12222.4,24
14097,12223.8,24
14098,12225.2,24
14099,12226.6,24
14100,12228,24
14101,12229.4,24
14102,12230.8,24
14103,12232.2,24
14104,12233.6,24
14105,12235,24
14106,12236,23.8
14107,12237,23.6
14108,12238,23.4
14109,12239,23.2
14110,12240,23
14111,12241,23
14112,12242,23
14113,12243,23
14114,12244,23
14115,12245,23
14116,12245.6,23
14117,12246.2,23
14118,12246.8,23
14119,12247.4,23
14120,12248,23
14121,12248.4,22.8
14122,12248.8,22.6
14123,12249.2,22.4
14124,12249.6,22.2
14125,12250,22
14126,12250.4,22
14127,12250.8,22
14128,12251.2,22
14129,12251.6,22
14130,12252,22
14131,12252.2,22
14132,12252.4,22
14133,12252.6,22
14134,12252.8,22
14135,12253,22
14136,12253.4,22
14137,12253.8,22
14138,12254.2,22
14139,12254.6,22
14140,12255,22
14141,12255.6,22
14142,12256.2,22
14143,12256.8,22
14144,12257.4,22
14145,12258,22
14146,12258.6,22
14147,12259.2,22
14148,12259.8,22
14149,12260.4,22
14150,12261,22
14151,12261.8,22
14152,12262.6,22
14153,12263.4,22
14154,12264.2,22
14155,12265,22
14156,12265.8,22
14157,12266.6,22
14158,12267.4,22
14159,12268.2,22
14160,12269,22
14161,12270,22
14162,12271,22
14163,12272,22
14164,12273,22
14165,12274,22
14166,12274.8,22
14167,12275.6,22
14168,12276.4,22
14169,12277.2,22
14170,12278,22
14171,12278.8,22
14172,12279.6,22
14173,12280.4,22
14174,12281.2,22
14175,12282,22
14176,12283,22
14177,12284,22
14178,12285,22
14179,12286,22
14180,12287,22
14181,12287.8,22
14182,12288.6,22
14183,12289.4,22
14184,12290.2,22
14185,12291,22
14186,12291.8,22
14187,12292.6,22
14188,12293.4,22
14189,12294.2,22
14190,12295,22
14191,12295.8,21.8
14192,12296.6,21.6
14193,12297.4,21.4
14194,12298.2,21.2
14195,12299,21
14196,12299.6,21
14197,12300.2,21
14198,12300.8,21
14199,12301.4,21
14200,12302,21
14201,12302.6,21
14202,12303.2,21
14203,12303.8,21
14204,12304.4,21
14205,12305,21
14206,12305.6,21.2
14207,12306.2,21.4
14208,12306.8,21.6
14209,12307.4,21.8
14210,12308,22
14211,12308.4,22
14212,12308.8,22
14213,12309.2,22
14214,12309.6,22
14215,12310,22
14216,12310.4,22
14217,12310.8,22
14218,12311.2,22
14219,12311.6,22
14220,12312,22
14221,12312.4,22
14222,12312.8,22
14223,12313.2,22
14224,12313.6,22
14225,12314,22
14226,12314.4,22
14227,12314.8,22
14228,12315.2,22
14229,12315.6,22
14230,12316,22
14231,12316.4,22
14232,12316.8,22
14233,12317.2,22
14234,12317.6,22
14235,12318,22
14236,12318.4,22
14237,12318.8,22
14238,12319.2,22
14239,12319.6,22
14240,12320,22
14241,12320.4,22
14242,12320.8,22
14243,12321.2,22
14244,12321.6,22
14245,12322,22
14246,12322.2,22
14247,12322.4,22
14248,12322.6,22
14249,12322.8,22
14250,12323,22
14251,12323.2,22.2
14252,12323.4,22.4
14253,12323.6,22.6
14254,12323.8,22.8
14255,12324,23
14256,12324.2,23.6
14257,12324.4,24.2
14258,12324.6,24.8
14259,12324.8,25.4
14260,12325,26
14261,12325.2,26.8
14262,12325.4,27.6
14263,12325.6,28.4
14264,12325.8,29.2
14265,12326,30
14266,12326.2,30.8
14267,12326.4,31.6
14268,12326.6,32.4
14269,12326.8,33.2
14270,12327,34
14271,12327.2,35
14272,12327.4,36
14273,12327.6,37
14274,12327.8,38
14275,12328,39
14276,12328.4,39.8
14277,12328.8,40.6
14278,12329.2,41.4
14279,12329.6,42.2
14280,12330,43
14281,12330.4,43.8
14282,12330.8,44.6
14283,12331.2,45.4
14284,12331.6,46.2
14285,12332,47
14286,12332.6,47.6
14287,12333.2,48.2
14288,12333.8,48.8
14289,12334.4,49.4
14290,12335,50
14291,12335.6,50.4
14292,12336.2,50.8
14293,12336.8,51.2
14294,12337.4,51.6
14295,12338,52
14296,12339,52
14297,12340,52
14298,12341,52
14299,12342,52
14300,12343,52
14301,12343.8,51.8
14302,12344.6,51.6
14303,12345.4,51.4
14304,12346.2,51.2
14305,12347,51
14306,12348.2,50.6
14307,12349.4,50.2
14308,12350.6,49.8
14309,12351.8,49.4
14310,12353,49
14311,12354.2,48.6
14312,12355.4,48.2
14313,12356.6,47.8
14314,12357.8,47.4
14315,12359,47
14316,12360.2,46.2
14317,12361.4,45.4
14318,12362.6,44.6
14319,12363.8,43.8
14320,12365,43
14321,12366.2,42.4
14322,12367.4,41.8
14323,12368.6,41.2
14324,12369.8,40.6
14325,12371,40
14326,12372.2,39.2
14327,12373.4,38.4
14328,12374.6,37.6
14329,12375.8,36.8
14330,12377,36
14331,12378,35.4
14332,12379,34.8
14333,12380,34.2
14334,12381,33.6
14335,12382,33
14336,12382.8,32.4
14337,12383.6,31.8
14338,12384.4,31.2
14339,12385.2,30.6
14340,12386,30
14341,12386.8,29.4
14342,12387.6,28.8
14343,12388.4,28.2
14344,12389.2,27.6
14345,12390,27
14346,12390.6,26.6
14347,12391.2,26.2
14348,12391.8,25.8
14349,12392.4,25.4
14350,12393,25
14351,12393.4,24.8
14352,12393.8,24.6
14353,12394.2,24.4
14354,12394.6,24.2
14355,12395,24
14356,12395.4,23.8
14357,12395.8,23.6
14358,12396.2,23.4
14359,12396.6,23.2
14360,12397,23
14361,12397,23
14362,12397,23
14363,12397,23
14364,12397,23
14365,12397,23
14366,12397.2,23
14367,12397.4,23
14368,12397.6,23
14369,12397.8,23
14370,12398,23
14371,12398,23
14372,12398,23
14373,12398,23
14374,12398,23
14375,12398,23
14376,12397.8,23
14377,12397.6,23
14378,12397.4,23
14379,12397.2,23
14380,12397,23
14381,12397,23
14382,12397,23
14383,12397,23
14384,12397,23
14385,12397,23
14386,12396.8,23
14387,12396.6,23
14388,12396.4,23
14389,12396.2,23
14390,12396,23
14391,12396,23
14392,12396,23
14393,12396,23
14394,12396,23
14395,12396,23
14396,12396,23
14397,12396,23
14398,12396,23
14399,12396,23
14400,12396,23
14401,12396,23.2
14402,12396,23.4
14403,12396,23.6
14404,12396,23.8
14405,12396,24
14406,12396,24
14407,12396,24
14408,12396,24
14409,12396,24
14410,12396,24
14411,12396,24
14412,12396,24
14413,12396,24
14414,12396,24
14415,12396,24
14416,12396.2,24.2
14417,12396.4,24.4
14418,12396.6,24.6
14419,12396.8,24.8
14420,12397,25
14421,12397.2,25
14422,12397.4,25
14423,12397.6,25
14424,12397.8,25
14425,12398,25
14426,12398,25
14427,12398,25
14428,12398,25
14429,12398,25
14430,12398,25
14431,12398.4,25.2
14432,12398.8,25.4
14433,12399.2,25.6
14434,12399.6,25.8
14435,12400,26
14436,12400.2,26
14437,12400.4,26
14438,12400.6,26
14439,12400.8,26
14440,12401,26
14441,12401.2,26
14442,12401.4,26
14443,12401.6,26
14444,12401.8,26
14445,12402,26
14446,12402.2,26.2
14447,12402.4,26.4
14448,12402.6,26.6
14449,12402.8,26.8
14450,12403,27
14451,12403.4,27
14452,12403.8,27
14453,12404.2,27
14454,12404.6,27
14455,12405,27
14456,12405.4,27
14457,12405.8,27
14458,12406.2,27
14459,12406.6,27
14460,12407,27
14461,12407.2,27
14462,12407.4,27
14463,12407.6,27
14464,12407.8,27
14465,12408,27
14466,12408.4,27
14467,12408.8,27
14468,12409.2,27
14469,12409.6,27
14470,12410,27
14471,12410.4,27
14472,12410.8,27
14473,12411.2,27
14474,12411.6,27
14475,12412,27
14476,12412.4,27
14477,12412.8,27
14478,12413.2,27
14479,12413.6,27
14480,12414,27
14481,12414.2,27
14482,12414.4,27
14483,12414.6,27
14484,12414.8,27
14485,12415,27
14486,12415.4,27
14487,12415.8,27
14488,12416.2,27
14489,12416.6,27
14490,12417,27
14491,12417.4,27.2
14492,12417.8,27.4
14493,12418.2,27.6
14494,12418.6,27.8
14495,12419,28
14496,12419.4,28
14497,12419.8,28
14498,12420.2,28
14499,12420.6,28
14500,12421,28
14501,12421.4,28
14502,12421.8,28
14503,12422.2,28
14504,12422.6,28
14505,12423,28
14506,12423.6,28
14507,12424.2,28
14508,12424.8,28
14509,12425.4,28
14510,12426,28
14511,12426.4,28
14512,12426.8,28
14513,12427.2,28
14514,12427.6,28
14515,12428,28
14516,12428.4,28.2
14517,12428.8,28.4
14518,12429.2,28.6
14519,12429.6,28.8
14520,12430,29
14521,12430.4,29
14522,12430.8,29
14523,12431.2,29
14524,12431.6,29
14525,12432,29
14526,12432.6,29
14527,12433.2,29
14528,12433.8,29
14529,12434.4,29
14530,12435,29
14531,12435.4,29
14532,12435.8,29
14533,12436.2,29
14534,12436.6,29
14535,12437,29
14536,12437.6,29.2
14537,12438.2,29.4
14538,12438.8,29.6
14539,12439.4,29.8
14540,12440,30
14541,12440.4,30
14542,12440.8,30
14543,12441.2,30
14544,12441.6,30
14545,12442,30
14546,12442.6,30
14547,12443.2,30
14548,12443.8,30
14549,12444.4,30
14550,12445,30
14551,12445.4,30
14552,12445.8,30
14553,12446.2,30
14554,12446.6,30
14555,12447,30
14556,12447.4,30
14557,12447.8,30
14558,12448.2,30
14559,12448.6,30
14560,12449,30
14561,12449.6,30
14562,12450.2,30
14563,12450.8,30
14564,12451.4,30
14565,12452,30
14566,12452.4,30
14567,12452.8,30
14568,12453.2,30
14569,12453.6,30
14570,12454,30
14571,12454.4,30
14572,12454.8,30
14573,12455.2,30
14574,12455.6,30
14575,12456,30
14576,12456.4,29.8
14577,12456.8,29.6
14578,12457.2,29.4
14579,12457.6,29.2
14580,12458,29
14581,12458.6,29.2
14582,12459.2,29.4
14583,12459.8,29.6
14584,12460.4,29.8
14585,12461,30
14586,12461.4,29.8
14587,12461.8,29.6
14588,12462.2,29.4
14589,12462.6,29.2
14590,12463,29
14591,12463.2,29
14592,12463.4,29
14593,12463.6,29
14594,12463.8,29
14595,12464,29
14596,12464.4,29
14597,12464.8,29
14598,12465.2,29
14599,12465.6,29
14600,12466,29
14601,12466.4,29
14602,12466.8,29
14603,12467.2,29
14604,12467.6,29
14605,12468,29
14606,12468.4,29
14607,12468.8,29
14608,12469.2,29
14609,12469.6,29
14610,12470,29
14611,12470.2,29
14612,12470.4,29
14613,12470.6,29
14614,12470.8,29
14615,12471,29
14616,12471.4,28.8
14617,12471.8,28.6
14618,12472.2,28.4
14619,12472.6,28.2
14620,12473,28
14621,12473.2,28
14622,12473.4,28
14623,12473.6,28
14624,12473.8,28
14625,12474,28
14626,12474.4,28
14627,12474.8,28
14628,12475.2,28
14629,12475.6,28
14630,12476,28
14631,12476.2,27.8
14632,12476.4,27.6
14633,12476.6,27.4
14634,12476.8,27.2
14635,12477,27
14636,12477.2,27
14637,12477.4,27
14638,12477.6,27
14639,12477.8,27
14640,12478,27
14641,12478.2,27
14642,12478.4,27
14643,12478.6,27
14644,12478.8,27
14645,12479,27
14646,12479.2,27
14647,12479.4,27
14648,12479.6,27
14649,12479.8,27
14650,12480,27
14651,12480,27.2
14652,12480,27.4
14653,12480,27.6
14654,12480,27.8
14655,12480,28
14656,12480,28.2
14657,12480,28.4
14658,12480,28.6
14659,12480,28.8
14660,12480,29
14661,12479.8,29.2
14662,12479.6,29.4
14663,12479.4,29.6
14664,12479.2,29.8
14665,12479,30
14666,12478.6,30.4
14667,12478.2,30.8
14668,12477.8,31.2
14669,12477.4,31.6
14670,12477,32
14671,12476.4,32.4
14672,12475.8,32.8
14673,12475.2,33.2
14674,12474.6,33.6
14675,12474,34
14676,12473.2,34.6
14677,12472.4,35.2
14678,12471.6,35.8
14679,12470.8,36.4
14680,12470,37
14681,12469,37.6
14682,12468,38.2
14683,12467,38.8
14684,12466,39.4
14685,12465,40
14686,12463.8,40.6
14687,12462.6,41.2
14688,12461.4,41.8
14689,12460.2,42.4
14690,12459,43
14691,12457.6,43.6
14692,12456.2,44.2
14693,12454.8,44.8
14694,12453.4,45.4
14695,12452,46
14696,12450.6,46.4
14697,12449.2,46.8
14698,12447.8,47.2
14699,12446.4,47.6
14700,12445,48
14701,12443.2,48.4
14702,12441.4,48.8
14703,12439.6,49.2
14704,12437.8,49.6
14705,12436,50
14706,12434.2,50.2
14707,12432.4,50.4
14708,12430.6,50.6
14709,12428.8,50.8
14710,12427,51
14711,12425,51
14712,12423,51
14713,12421,51
14714,12419,51
14715,12417,51
14716,12415.2,51
14717,12413.4,51
14718,12411.6,51
14719,12409.8,51
14720,12408,51
14721,12406,50.8
14722,12404,50.6
14723,12402,50.4
14724,12400,50.2
14725,12398,50
14726,12396.2,49.6
14727,12394.4,49.2
14728,12392.6,48.8
14729,12390.8,48.4
14730,12389,48
14731,12387.4,47.4
14732,12385.8,46.8
14733,12384.2,46.2
14734,12382.6,45.6
14735,12381,45
14736,12379.8,44.4
14737,12378.6,43.8
14738,12377.4,43.2
14739,12376.2,42.6
14740,12375,42
14741,12373.8,41.6
14742,12372.6,41.2
14743,12371.4,40.8
14744,12370.2,40.4
14745,12369,40
14746,12368.4,39.6
14747,12367.8,39.2
14748,12367.2,38.8
14749,12366.6,38.4
14750,12366,38
14751,12365.6,37.6
14752,12365.2,37.2
14753,12364.8,36.8
14754,12364.4,36.4
14755,12364,36
14756,12364,36
14757,12364,36
14758,12364,36
14759,12364,36
14760,12364,36
14761,12364.4,36.2
14762,12364.8,36.4
14763,12365.2,36.6
14764,12365.6,36.8
14765,12366,37
14766,12366.8,37.2
14767,12367.6,37.4
14768,12368.4,37.6
14769,12369.2,37.8
14770,12370,38
14771,12371,38.4
14772,12372,38.8
14773,12373,39.2
14774,12374,39.6
14775,12375,40
14776,12376.4,40.4
14777,12377.8,40.8
14778,12379.2,41.2
14779,12380.6,41.6
14780,12382,42
14781,12383.4,42.4
14782,12384.8,42.8
14783,12386.2,43.2
14784,12387.6,43.6
14785,12389,44
14786,12390.6,44.2
14787,12392.2,44.4
14788,12393.8,44.6
14789,12395.4,44.8
14790,12397,45
14791,12398.8,45.2
14792,12400.6,45.4
14793,12402.4,45.6
14794,12404.2,45.8
14795,12406,46
14796,12407.6,46.2
14797,12409.2,46.4
14798,12410.8,46.6
14799,12412.4,46.8
14800,12414,47
14801,12415.8,47
14802,12417.6,47
14803,12419.4,47
14804,12421.2,47
14805,12423,47
14806,12424.8,46.8
14807,12426.6,46.6
14808,12428.4,46.4
14809,12430.2,46.2
14810,12432,46
14811,12433.8,45.8
14812,12435.6,45.6
14813,12437.4,45.4
14814,12439.2,45.2
14815,12441,45
14816,12442.6,44.8
14817,12444.2,44.6
14818,12445.8,44.4
14819,12447.4,44.2
14820,12449,44
14821,12450.6,43.8
14822,12452.2,43.6
14823,12453.8,43.4
14824,12455.4,43.2
14825,12457,43
14826,12458.4,42.6
14827,12459.8,42.2
14828,12461.2,41.8
14829,12462.6,41.4
14830,12464,41
14831,12465.4,40.6
14832,12466.8,40.2
14833,12468.2,39.8
14834,12469.6,39.4
14835,12471,39
14836,12472.2,38.6
14837,12473.4,38.2
14838,12474.6,37.8
14839,12475.8,37.4
14840,12477,37
14841,12478,36.6
14842,12479,36.2
14843,12480,35.8
14844,12481,35.4
14845,12482,35
14846,12483,34.8
14847,12484,34.6
14848,12485,34.4
14849,12486,34.2
14850,12487,34
14851,12487.8,33.6
14852,12488.6,33.2
14853,12489.4,32.8
14854,12490.2,32.4
14855,12491,32
14856,12491.6,31.8
14857,12492.2,31.6
14858,12492.8,31.4
14859,12493.4,31.2
14860,12494,31
14861,12494.6,30.8
14862,12495.2,30.6
14863,12495.8,30.4
14864,12496.4,30.2
14865,12497,30
14866,12497.6,30
14867,12498.2,30
14868,12498.8,30
14869,12499.4,30
14870,12500,30
14871,12500.4,29.8
14872,12500.8,29.6
14873,12501.2,29.4
14874,12501.6,29.2
14875,12502,29
14876,12502.4,29
14877,12502.8,29
14878,12503.2,29
14879,12503.6,29
14880,12504,29
14881,12504.2,29
14882,12504.4,29
14883,12504.6,29
14884,12504.8,29
14885,12505,29
14886,12505.4,29
14887,12505.8,29
14888,12506.2,29
14889,12506.6,29
14890,12507,29
14891,12507.2,29
14892,12507.4,29
14893,12507.6,29
14894,12507.8,29
14895,12508,29
14896,12508.4,29
14897,12508.8,29
14898,12509.2,29
14899,12509.6,29
14900,12510,29
14901,12510.4,29.2
14902,12510.8,29.4
14903,12511.2,29.6
14904,12511.6,29.8
14905,12512,30
14906,12512.4,30
14907,12512.8,30
14908,12513.2,30
14909,12513.6,30
14910,12514,30
14911,12514.4,30.2
14912,12514.8,30.4
14913,12515.2,30.6
14914,12515.6,30.8
14915,12516,31
14916,12516.6,31.2
14917,12517.2,31.4
14918,12517.8,31.6
14919,12518.4,31.8
14920,12519,32
14921,12519.6,32.2
14922,12520.2,32.4
14923,12520.8,32.6
14924,12521.4,32.8
14925,12522,33
14926,12522.6,33.2
14927,12523.2,33.4
14928,12523.8,33.6
14929,12524.4,33.8
14930,12525,34
14931,12525.8,34.2
14932,12526.6,34.4
14933,12527.4,34.6
14934,12528.2,34.8
14935,12529,35
14936,12530,35.2
14937,12531,35.4
14938,12532,35.6
14939,12533,35.8
14940,12534,36
14941,12534.8,36
14942,12535.6,36
14943,12536.4,36
14944,12537.2,36
14945,12538,36
14946,12539,36.2
14947,12540,36.4
14948,12541,36.6
14949,12542,36.8
14950,12543,37
14951,12544,37.2
14952,12545,37.4
14953,12546,37.6
14954,12547,37.8
14955,12548,38
14956,12549,38
14957,12550,38
14958,12551,38
14959,12552,38
14960,12553,38
14961,12554,38.2
14962,12555,38.4
14963,12556,38.6
14964,12557,38.8
14965,12558,39
14966,12559.2,39
14967,12560.4,39
14968,12561.6,39
14969,12562.8,39
14970,12564,39
14971,12565,39.2
14972,12566,39.4
14973,12567,39.6
14974,12568,39.8
14975,12569,40
14976,12570.2,40
14977,12571.4,40
14978,12572.6,40
14979,12573.8,40
14980,12575,40
14981,12576,39.8
14982,12577,39.6
14983,12578,39.4
14984,12579,39.2
14985,12580,39
14986,12581,39
14987,12582,39
14988,12583,39
14989,12584,39
14990,12585,39
14991,12586.2,39
14992,12587.4,39
14993,12588.6,39
14994,12589.8,39
14995,12591,39
14996,12591.8,38.8
14997,12592.6,38.6
14998,12593.4,38.4
14999,12594.2,38.2
15000,12595,38
15001,12595.9,37.9
15002,12596.8,37.8
15003,12597.7,37.7
15004,12598.6,37.6
15005,12599.5,37.5
15006,12600.4,37.4
15007,12601.3,37.3
15008,12602.2,37.2
15009,12603.1,37.1
15010,12604,37
15011,12604.7,36.9
15012,12605.4,36.8
15013,12606.1,36.7
15014,12606.8,36.6
15015,12607.5,36.5
15016,12608.2,36.4
15017,12608.9,36.3
15018,12609.6,36.2
15019,12610.3,36.1
15020,12611,36
15021,12611.5,36
15022,12612,36
15023,12612.5,36
15024,12613,36
15025,12613.5,36
15026,12614,36
15027,12614.5,36
15028,12615,36
15029,12615.5,36
15030,12616,36
15031,12616.6,35.9
15032,12617.2,35.8
15033,12617.8,35.7
15034,12618.4,35.6
15035,12619,35.5
15036,12619.6,35.4
15037,12620.2,35.3
15038,12620.8,35.2
15039,12621.4,35.1
15040,12622,35
15041,12622.4,35.1
15042,12622.8,35.2
15043,12623.2,35.3
15044,12623.6,35.4
15045,12624,35.5
15046,12624.4,35.6
15047,12624.8,35.7
15048,12625.2,35.8
15049,12625.6,35.9
15050,12626,36
15051,12626.5,36
15052,12627,36
15053,12627.5,36
15054,12628,36
15055,12628.5,36
15056,12629,36
15057,12629.5,36
15058,12630,36
15059,12630.5,36
15060,12631,36
15061,12631.5,36.1
15062,12632,36.2
15063,12632.5,36.3
15064,12633,36.4
15065,12633.5,36.5
15066,12634,36.6
15067,12634.5,36.7
15068,12635,36.8
15069,12635.5,36.9
15070,12636,37
15071,12636.6,37.2
15072,12637.2,37.4
15073,12637.8,37.6
15074,12638.4,37.8
15075,12639,38
15076,12639.6,38.2
15077,12640.2,38.4
15078,12640.8,38.6
15079,12641.4,38.8
15080,12642,39
15081,12642.8,39.1
15082,12643.6,39.2
15083,12644.4,39.3
15084,12645.2,39.4
15085,12646,39.5
15086,12646.8,39.6
15087,12647.6,39.7
15088,12648.4,39.8
15089,12649.2,39.9
15090,12650,40
15091,12650.8,40.1
15092,12651.6,40.2
15093,12652.4,40.3
15094,12653.2,40.4
15095,12654,40.5
15096,12654.8,40.6
15097,12655.6,40.7
15098,12656.4,40.8
15099,12657.2,40.9
15100,12658,41
15101,12658.9,41
15102,12659.8,41
15103,12660.7,41
15104,12661.6,41
15105,12662.5,41
15106,12663.4,41
15107,12664.3,41
15108,12665.2,41
15109,12666.1,41
15110,12667,41
15111,12668,41
15112,12669,41
15113,12670,41
15114,12671,41
15115,12672,41
15116,12673,41
15117,12674,41
15118,12675,41
15119,12676,41
15120,12677,41
15121,12678,40.9
15122,12679,40.8
15123,12680,40.7
15124,12681,40.6
15125,12682,40.5
15126,12683,40.4
15127,12684,40.3
15128,12685,40.2
15129,12686,40.1
15130,12687,40
15131,12688,39.9
15132,12689,39.8
15133,12690,39.7
15134,12691,39.6
15135,12692,39.5
15136,12693,39.4
15137,12694,39.3
15138,12695,39.2
15139,12696,39.1
15140,12697,39
15141,12698,38.9
15142,12699,38.8
15143,12700,38.7
15144,12701,38.6
15145,12702,38.5
15146,12703,38.4
15147,12704,38.3
15148,12705,38.2
15149,12706,38.1
15150,12707,38
15151,12707.8,37.9
15152,12708.6,37.8
15153,12709.4,37.7
15154,12710.2,37.6
15155,12711,37.5
15156,12711.8,37.4
15157,12712.6,37.3
15158,12713.4,37.2
15159,12714.2,37.1
15160,12715,37
15161,12715.8,36.9
15162,12716.6,36.8
15163,12717.4,36.7
15164,12718.2,36.6
15165,12719,36.5
15166,12719.8,36.4
15167,12720.6,36.3
15168,12721.4,36.2
15169,12722.2,36.1
15170,12723,36
15171,12723.7,35.9
15172,12724.4,35.8
15173,12725.1,35.7
15174,12725.8,35.6
15175,12726.5,35.5
15176,12727.2,35.4
15177,12727.9,35.3
15178,12728.6,35.2
15179,12729.3,35.1
15180,12730,35
15181,12730.7,35
15182,12731.4,35
15183,12732.1,35
15184,12732.8,35
15185,12733.5,35
15186,12734.2,35
15187,12734.9,35
15188,12735.6,35
15189,12736.3,35
15190,12737,35
15191,12737.7,35
15192,12738.4,35
15193,12739.1,35
15194,12739.8,35
15195,12740.5,35
15196,12741.2,35
15197,12741.9,35
15198,12742.6,35
15199,12743.3,35
15200,12744,35
15201,12744.7,35
15202,12745.4,35
15203,12746.1,35
15204,12746.8,35
15205,12747.5,35
15206,12748.2,35
15207,12748.9,35
15208,12749.6,35
15209,12750.3,35
15210,12751,35
15211,12751.7,35.1
15212,12752.4,35.2
15213,12753.1,35.3
15214,12753.8,35.4
15215,12754.5,35.5
15216,12755.2,35.6
15217,12755.9,35.7
15218,12756.6,35.8
15219,12757.3,35.9
15220,12758,36
15221,12758.8,36
15222,12759.6,36
15223,12760.4,36
15224,12761.2,36
15225,12762,36
15226,12762.8,36
15227,12763.6,36
15228,12764.4,36
15229,12765.2,36
15230,12766,36
15231,12766.9,36.2
15232,12767.8,36.4
15233,12768.7,36.6
15234,12769.6,36.8
15235,12770.5,37
15236,12771.4,37.2
15237,12772.3,37.4
15238,12773.2,37.6
15239,12774.1,37.8
15240,12775,38
15241,12775.8,38.2
15242,12776.6,38.4
15243,12777.4,38.6
15244,12778.2,38.8
15245,12779,39
15246,12779.8,39.2
15247,12780.6,39.4
15248,12781.4,39.6
15249,12782.2,39.8
15250,12783,40
15251,12784,40.2
15252,12785,40.4
15253,12786,40.6
15254,12787,40.8
15255,12788,41
15256,12789,41.2
15257,12790,41.4
15258,12791,41.6
15259,12792,41.8
15260,12793,42
15261,12794,42.1
15262,12795,42.2
15263,12796,42.3
15264,12797,42.4
15265,12798,42.5
15266,12799,42.6
15267,12800,42.7
15268,12801,42.8
15269,12802,42.9
15270,12803,43
15271,12804.1,43.1
15272,12805.2,43.2
15273,12806.3,43.3
15274,12807.4,43.4
15275,12808.5,43.5
15276,12809.6,43.6
15277,12810.7,43.7
15278,12811.8,43.8
15279,12812.9,43.9
15280,12814,44
15281,12815.1,44
15282,12816.2,44
15283,12817.3,44
15284,12818.4,44
15285,12819.5,44
15286,12820.6,44
15287,12821.7,44
15288,12822.8,44
15289,12823.9,44
15290,12825,44
15291,12826.1,44
15292,12827.2,44
15293,12828.3,44
15294,12829.4,44
15295,12830.5,44
15296,12831.6,44
15297,12832.7,44
15298,12833.8,44
15299,12834.9,44
15300,12836,44
15301,12837,43.9
15302,12838,43.8
15303,12839,43.7
15304,12840,43.6
15305,12841,43.5
15306,12842,43.4
15307,12843,43.3
15308,12844,43.2
15309,12845,43.1
15310,12846,43
15311,12847,43
15312,12848,43
15313,12849,43
15314,12850,43
15315,12851,43
15316,12852,43
15317,12853,43
15318,12854,43
15319,12855,43
15320,12856,43
15321,12857,43
15322,12858,43
15323,12859,43
15324,12860,43
15325,12861,43
15326,12862,43
15327,12863,43
15328,12864,43
15329,12865,43
15330,12866,43
15331,12866.8,43
15332,12867.6,43
15333,12868.4,43
15334,12869.2,43
15335,12870,43
15336,12870.8,43
15337,12871.6,43
15338,12872.4,43
15339,12873.2,43
15340,12874,43
15341,12874.7,42.9
15342,12875.4,42.8
15343,12876.1,42.7
15344,12876.8,42.6
15345,12877.5,42.5
15346,12878.2,42.4
15347,12878.9,42.3
15348,12879.6,42.2
15349,12880.3,42.1
15350,12881,42
15351,12881.6,41.9
15352,12882.2,41.8
15353,12882.8,41.7
15354,12883.4,41.6
15355,12884,41.5
15356,12884.6,41.4
15357,12885.2,41.3
15358,12885.8,41.2
15359,12886.4,41.1
15360,12887,41
15361,12887.5,40.9
15362,12888,40.8
15363,12888.5,40.7
15364,12889,40.6
15365,12889.5,40.5
15366,12890,40.4
15367,12890.5,40.3
15368,12891,40.2
15369,12891.5,40.1
15370,12892,40
15371,12892.4,40
15372,12892.8,40
15373,12893.2,40
15374,12893.6,40
15375,12894,40
15376,12894.4,40
15377,12894.8,40
15378,12895.2,40
15379,12895.6,40
15380,12896,40
15381,12896.4,39.9
15382,12896.8,39.8
15383,12897.2,39.7
15384,12897.6,39.6
15385,12898,39.5
15386,12898.4,39.4
15387,12898.8,39.3
15388,12899.2,39.2
15389,12899.6,39.1
15390,12900,39
15391,12900.2,39
15392,12900.4,39
15393,12900.6,39
15394,12900.8,39
15395,12901,39
15396,12901.2,39
15397,12901.4,39
15398,12901.6,39
15399,12901.8,39
15400,12902,39
15401,12902.3,39.1
15402,12902.6,39.2
15403,12902.9,39.3
15404,12903.2,39.4
15405,12903.5,39.5
15406,12903.8,39.6
15407,12904.1,39.7
15408,12904.4,39.8
15409,12904.7,39.9
15410,12905,40
15411,12905.2,40.1
15412,12905.4,40.2
15413,12905.6,40.3
15414,12905.8,40.4
15415,12906,40.5
15416,12906.2,40.6
15417,12906.4,40.7
15418,12906.6,40.8
15419,12906.8,40.9
15420,12907,41
15421,12907.3,41.1
15422,12907.6,41.2
15423,12907.9,41.3
15424,12908.2,41.4
15425,12908.5,41.5
15426,12908.8,41.6
15427,12909.1,41.7
15428,12909.4,41.8
15429,12909.7,41.9
15430,12910,42
15431,12910.2,42
15432,12910.4,42
15433,12910.6,42
15434,12910.8,42
15435,12911,42
15436,12911.2,42
15437,12911.4,42
15438,12911.6,42
15439,12911.8,42
15440,12912,42
15441,12912.3,42
15442,12912.6,42
15443,12912.9,42
15444,12913.2,42
15445,12913.5,42
15446,12913.8,42
15447,12914.1,42
15448,12914.4,42
15449,12914.7,42
15450,12915,42
15451,12915.4,42
15452,12915.8,42
15453,12916.2,42
15454,12916.6,42
15455,12917,42
15456,12917.4,42
15457,12917.8,42
15458,12918.2,42
15459,12918.6,42
15460,12919,42
15461,12919.3,42
15462,12919.6,42
15463,12919.9,42
15464,12920.2,42
15465,12920.5,42
15466,12920.8,42
15467,12921.1,42
15468,12921.4,42
15469,12921.7,42
15470,12922,42
15471,12922.5,42.1
15472,12923,42.2
15473,12923.5,42.3
15474,12924,42.4
15475,12924.5,42.5
15476,12925,42.6
15477,12925.5,42.7
15478,12926,42.8
15479,12926.5,42.9
15480,12927,43
15481,12927.4,43
15482,12927.8,43
15483,12928.2,43
15484,12928.6,43
15485,12929,43
15486,12929.4,43
15487,12929.8,43
15488,12930.2,43
15489,12930.6,43
15490,12931,43
15491,12931.5,43.1
15492,12932,43.2
15493,12932.5,43.3
15494,12933,43.4
15495,12933.5,43.5
15496,12934,43.6
15497,12934.5,43.7
15498,12935,43.8
15499,12935.5,43.9
15500,12936,44
15501,12936.6,44.1
15502,12937.2,44.2
15503,12937.8,44.3
15504,12938.4,44.4
15505,12939,44.5
15506,12939.6,44.6
15507,12940.2,44.7
15508,12940.8,44.8
15509,12941.4,44.9
15510,12942,45
15511,12942.6,45
15512,12943.2,45
15513,12943.8,45
15514,12944.4,45
15515,12945,45
15516,12945.6,45
15517,12946.2,45
15518,12946.8,45
15519,12947.4,45
15520,12948,45
15521,12948.6,45
15522,12949.2,45
15523,12949.8,45
15524,12950.4,45
15525,12951,45
15526,12951.6,45
15527,12952.2,45
15528,12952.8,45
15529,12953.4,45
15530,12954,45
15531,12954.8,45
15532,12955.6,45
15533,12956.4,45
15534,12957.2,45
15535,12958,45
15536,12958.8,45
15537,12959.6,45
15538,12960.4,45
15539,12961.2,45
15540,12962,45
15541,12962.7,45
15542,12963.4,45
15543,12964.1,45
15544,12964.8,45
15545,12965.5,45
15546,12966.2,45
15547,12966.9,45
15548,12967.6,45
15549,12968.3,45
15550,12969,45
15551,12969.8,45
15552,12970.6,45
15553,12971.4,45
15554,12972.2,45
15555,12973,45
15556,12973.8,45
15557,12974.6,45
15558,12975.4,45
15559,12976.2,45
15560,12977,45
15561,12977.8,44.9
15562,12978.6,44.8
15563,12979.4,44.7
15564,12980.2,44.6
15565,12981,44.5
15566,12981.8,44.4
15567,12982.6,44.3
15568,12983.4,44.2
15569,12984.2,44.1
15570,12985,44
15571,12985.9,43.9
15572,12986.8,43.8
15573,12987.7,43.7
15574,12988.6,43.6
15575,12989.5,43.5
15576,12990.4,43.4
15577,12991.3,43.3
15578,12992.2,43.2
15579,12993.1,43.1
15580,12994,43
15581,12994.9,42.8
15582,12995.8,42.6
15583,12996.7,42.4
15584,12997.6,42.2
15585,12998.5,42
15586,12999.4,41.8
15587,13000.3,41.6
15588,13001.2,41.4
15589,13002.1,41.2
15590,13003,41
15591,13003.9,40.7
15592,13004.8,40.4
15593,13005.7,40.1
15594,13006.6,39.8
15595,13007.5,39.5
15596,13008.4,39.2
15597,13009.3,38.9
15598,13010.2,38.6
15599,13011.1,38.3
15600,13012,38
15601,13012.9,37.9
15602,13013.8,37.8
15603,13014.7,37.7
15604,13015.6,37.6
15605,13016.5,37.5
15606,13017.4,37.4
15607,13018.3,37.3
15608,13019.2,37.2
15609,13020.1,37.1
15610,13021,37
15611,13022,36.9
15612,13023,36.8
15613,13024,36.7
15614,13025,36.6
15615,13026,36.5
15616,13027,36.4
15617,13028,36.3
15618,13029,36.2
15619,13030,36.1
15620,13031,36
15621,13031.9,35.9
15622,13032.8,35.8
15623,13033.7,35.7
15624,13034.6,35.6
15625,13035.5,35.5
15626,13036.4,35.4
15627,13037.3,35.3
15628,13038.2,35.2
15629,13039.1,35.1
15630,13040,35
15631,13040.8,35
15632,13041.6,35
15633,13042.4,35
15634,13043.2,35
15635,13044,35
15636,13044.8,35
15637,13045.6,35
15638,13046.4,35
15639,13047.2,35
15640,13048,35
15641,13048.9,35.1
15642,13049.8,35.2
15643,13050.7,35.3
15644,13051.6,35.4
15645,13052.5,35.5
15646,13053.4,35.6
15647,13054.3,35.7
15648,13055.2,35.8
15649,13056.1,35.9
15650,13057,36
15651,13057.8,36
15652,13058.6,36
15653,13059.4,36
15654,13060.2,36
15655,13061,36
15656,13061.8,36
15657,13062.6,36
15658,13063.4,36
15659,13064.2,36
15660,13065,36
15661,13065.9,36
15662,13066.8,36
15663,13067.7,36
15664,13068.6,36
15665,13069.5,36
15666,13070.4,36
15667,13071.3,36
15668,13072.2,36
15669,13073.1,36
15670,13074,36
15671,13074.7,36
15672,13075.4,36
15673,13076.1,36
15674,13076.8,36
15675,13077.5,36
15676,13078.2,36
15677,13078.9,36
15678,13079.6,36
15679,13080.3,36
15680,13081,36
15681,13081.8,36.1
15682,13082.6,36.2
15683,13083.4,36.3
15684,13084.2,36.4
15685,13085,36.5
15686,13085.8,36.6
15687,13086.6,36.7
15688,13087.4,36.8
15689,13088.2,36.9
15690,13089,37
15691,13089.7,37.1
15692,13090.4,37.2
15693,13091.1,37.3
15694,13091.8,37.4
15695,13092.5,37.5
15696,13093.2,37.6
15697,13093.9,37.7
15698,13094.6,37.8
15699,13095.3,37.9
15700,13096,38
15701,13096.8,38.1
15702,13097.6,38.2
15703,13098.4,38.3
15704,13099.2,38.4
15705,13100,38.5
15706,13100.8,38.6
15707,13101.6,38.7
15708,13102.4,38.8
15709,13103.2,38.9
15710,13104,39
15711,13104.8,39.2
15712,13105.6,39.4
15713,13106.4,39.6
15714,13107.2,39.8
15715,13108,40
15716,13108.8,40.2
15717,13109.6,40.4
15718,13110.4,40.6
15719,13111.2,40.8
15720,13112,41
15721,13112.7,41.1
15722,13113.4,41.2
15723,13114.1,41.3
15724,13114.8,41.4
15725,13115.5,41.5
15726,13116.2,41.6
15727,13116.9,41.7
15728,13117.6,41.8
15729,13118.3,41.9
15730,13119,42
15731,13119.8,42.1
15732,13120.6,42.2
15733,13121.4,42.3
15734,13122.2,42.4
15735,13123,42.5
15736,13123.8,42.6
15737,13124.6,42.7
15738,13125.4,42.8
15739,13126.2,42.9
15740,13127,43
15741,13127.8,43
15742,13128.6,43
15743,13129.4,43
15744,13130.2,43
15745,13131,43
15746,13131.8,43
15747,13132.6,43
15748,13133.4,43
15749,13134.2,43
15750,13135,43
15751,13135.9,42.9
15752,13136.8,42.8
15753,13137.7,42.7
15754,13138.6,42.6
15755,13139.5,42.5
15756,13140.4,42.4
15757,13141.3,42.3
15758,13142.2,42.2
15759,13143.1,42.1
15760,13144,42
15761,13144.9,41.9
15762,13145.8,41.8
15763,13146.7,41.7
15764,13147.6,41.6
15765,13148.5,41.5
15766,13149.4,41.4
15767,13150.3,41.3
15768,13151.2,41.2
15769,13152.1,41.1
15770,13153,41
15771,13153.8,40.9
15772,13154.6,40.8
15773,13155.4,40.7
15774,13156.2,40.6
15775,13157,40.5
15776,13157.8,40.4
15777,13158.6,40.3
15778,13159.4,40.2
15779,13160.2,40.1
15780,13161,40
15781,13161.9,40
15782,13162.8,40
15783,13163.7,40
15784,13164.6,40
15785,13165.5,40
15786,13166.4,40
15787,13167.3,40
15788,13168.2,40
15789,13169.1,40
15790,13170,40
15791,13170.8,40.1
15792,13171.6,40.2
15793,13172.4,40.3
15794,13173.2,40.4
15795,13174,40.5
15796,13174.8,40.6
15797,13175.6,40.7
15798,13176.4,40.8
15799,13177.2,40.9
15800,13178,41
15801,13178.9,41
15802,13179.8,41
15803,13180.7,41
15804,13181.6,41
15805,13182.5,41
15806,13183.4,41
15807,13184.3,41
15808,13185.2,41
15809,13186.1,41
15810,13187,41
15811,13187.7,41
15812,13188.4,41
15813,13189.1,41
15814,13189.8,41
15815,13190.5,41
15816,13191.2,41
15817,13191.9,41
15818,13192.6,41
15819,13193.3,41
15820,13194,41
15821,13194.8,40.9
15822,13195.6,40.8
15823,13196.4,40.7
15824,13197.2,40.6
15825,13198,40.5
15826,13198.8,40.4
15827,13199.6,40.3
15828,13200.4,40.2
15829,13201.2,40.1
15830,13202,40
15831,13202.7,40
15832,13203.4,40
15833,13204.1,40
15834,13204.8,40
15835,13205.5,40
15836,13206.2,40
15837,13206.9,40
15838,13207.6,40
15839,13208.3,40
15840,13209,40
15841,13209.7,39.9
15842,13210.4,39.8
15843,13211.1,39.7
15844,13211.8,39.6
15845,13212.5,39.5
15846,13213.2,39.4
15847,13213.9,39.3
15848,13214.6,39.2
15849,13215.3,39.1
15850,13216,39
15851,13216.6,39
15852,13217.2,39
15853,13217.8,39
15854,13218.4,39
15855,13219,39
15856,13219.6,39
15857,13220.2,39
15858,13220.8,39
15859,13221.4,39
15860,13222,39
15861,13222.6,39
15862,13223.2,39
15863,13223.8,39
15864,13224.4,39
15865,13225,39
15866,13225.6,39
15867,13226.2,39
15868,13226.8,39
15869,13227.4,39
15870,13228,39
15871,13228.5,39.1
15872,13229,39.2
15873,13229.5,39.3
15874,13230,39.4
15875,13230.5,39.5
15876,13231,39.6
15877,13231.5,39.7
15878,13232,39.8
15879,13232.5,39.9
15880,13233,40
15881,13233.5,40
15882,13234,40
15883,13234.5,40
15884,13235,40
15885,13235.5,40
15886,13236,40
15887,13236.5,40
15888,13237,40
15889,13237.5,40
15890,13238,40
15891,13238.5,39.9
15892,13239,39.8
15893,13239.5,39.7
15894,13240,39.6
15895,13240.5,39.5
15896,13241,39.4
15897,13241.5,39.3
15898,13242,39.2
15899,13242.5,39.1
15900,13243,39
15901,13243.4,38.9
15902,13243.8,38.8
15903,13244.2,38.7
15904,13244.6,38.6
15905,13245,38.5
15906,13245.4,38.4
15907,13245.8,38.3
15908,13246.2,38.2
15909,13246.6,38.1
15910,13247,38
15911,13247.5,38
15912,13248,38
15913,13248.5,38
15914,13249,38
15915,13249.5,38
15916,13250,38
15917,13250.5,38
15918,13251,38
15919,13251.5,38
15920,13252,38
15921,13252.5,38
15922,13253,38
15923,13253.5,38
15924,13254,38
15925,13254.5,38
15926,13255,38
15927,13255.5,38
15928,13256,38
15929,13256.5,38
15930,13257,38
15931,13257.5,38
15932,13258,38
15933,13258.5,38
15934,13259,38
15935,13259.5,38
15936,13260,38
15937,13260.5,38
15938,13261,38
15939,13261.5,38
15940,13262,38
15941,13262.6,38
15942,13263.2,38
15943,13263.8,38
15944,13264.4,38
15945,13265,38
15946,13265.6,38
15947,13266.2,38
15948,13266.8,38
15949,13267.4,38
15950,13268,38
15951,13268.7,37.9
15952,13269.4,37.8
15953,13270.1,37.7
15954,13270.8,37.6
15955,13271.5,37.5
15956,13272.2,37.4
15957,13272.9,37.3
15958,13273.6,37.2
15959,13274.3,37.1
15960,13275,37
15961,13275.8,37
15962,13276.6,37
15963,13277.4,37
15964,13278.2,37
15965,13279,37
15966,13279.8,37
15967,13280.6,37
15968,13281.4,37
15969,13282.2,37
15970,13283,37
15971,13283.8,36.9
15972,13284.6,36.8
15973,13285.4,36.7
15974,13286.2,36.6
15975,13287,36.5
15976,13287.8,36.4
15977,13288.6,36.3
15978,13289.4,36.2
15979,13290.2,36.1
15980,13291,36
15981,13291.9,36
15982,13292.8,36
15983,13293.7,36
15984,13294.6,36
15985,13295.5,36
15986,13296.4,36
15987,13297.3,36
15988,13298.2,36
15989,13299.1,36
15990,13300,36
15991,13300.9,36
15992,13301.8,36
15993,13302.7,36
15994,13303.6,36
15995,13304.5,36
15996,13305.4,36
15997,13306.3,36
15998,13307.2,36
15999,13308.1,36
16000,13309,36
16001,13309.8,36
16002,13310.6,36
16003,13311.4,36
16004,13312.2,36
16005,13313,36
16006,13313.8,36
16007,13314.6,36
16008,13315.4,36
16009,13316.2,36
16010,13317,36
16011,13317.9,36.1
16012,13318.8,36.2
16013,13319.7,36.3
16014,13320.6,36.4
16015,13321.5,36.5
16016,13322.4,36.6
16017,13323.3,36.7
16018,13324.2,36.8
16019,13325.1,36.9
16020,13326,37
16021,13326.9,37
16022,13327.8,37
16023,13328.7,37
16024,13329.6,37
16025,13330.5,37
16026,13331.4,37
16027,13332.3,37
16028,13333.2,37
16029,13334.1,37
16030,13335,37
16031,13335.8,37.1
16032,13336.6,37.2
16033,13337.4,37.3
16034,13338.2,37.4
16035,13339,37.5
16036,13339.8,37.6
16037,13340.6,37.7
16038,13341.4,37.8
16039,13342.2,37.9
16040,13343,38
16041,13343.7,38
16042,13344.4,38
16043,13345.1,38
16044,13345.8,38
16045,13346.5,38
16046,13347.2,38
16047,13347.9,38
16048,13348.6,38
16049,13349.3,38
16050,13350,38
16051,13350.6,37.9
16052,13351.2,37.8
16053,13351.8,37.7
16054,13352.4,37.6
16055,13353,37.5
16056,13353.6,37.4
16057,13354.2,37.3
16058,13354.8,37.2
16059,13355.4,37.1
16060,13356,37
16061,13356.7,36.9
16062,13357.4,36.8
16063,13358.1,36.7
16064,13358.8,36.6
16065,13359.5,36.5
16066,13360.2,36.4
16067,13360.9,36.3
16068,13361.6,36.2
16069,13362.3,36.1
16070,13363,36
16071,13363.5,35.8
16072,13364,35.6
16073,13364.5,35.4
16074,13365,35.2
16075,13365.5,35
16076,13366,34.8
16077,13366.5,34.6
16078,13367,34.4
16079,13367.5,34.2
16080,13368,34
16081,13368.5,33.9
16082,13369,33.8
16083,13369.5,33.7
16084,13370,33.6
16085,13370.5,33.5
16086,13371,33.4
16087,13371.5,33.3
16088,13372,33.2
16089,13372.5,33.1
16090,13373,33
16091,13373.5,33
16092,13374,33
16093,13374.5,33
16094,13375,33
16095,13375.5,33
16096,13376,33
16097,13376.5,33
16098,13377,33
16099,13377.5,33
16100,13378,33
16101,13378.5,33
16102,13379,33
16103,13379.5,33
16104,13380,33
16105,13380.5,33
16106,13381,33
16107,13381.5,33
16108,13382,33
16109,13382.5,33
16110,13383,33
16111,13383.5,33
16112,13384,33
16113,13384.5,33
16114,13385,33
16115,13385.5,33
16116,13386,33
16117,13386.5,33
16118,13387,33
16119,13387.5,33
16120,13388,33
16121,13388.5,33
16122,13389,33
16123,13389.5,33
16124,13390,33
16125,13390.5,33
16126,13391,33
16127,13391.5,33
16128,13392,33
16129,13392.5,33
16130,13393,33
16131,13393.5,33
16132,13394,33
16133,13394.5,33
16134,13395,33
16135,13395.5,33
16136,13396,33
16137,13396.5,33
16138,13397,33
16139,13397.5,33
16140,13398,33
16141,13398.6,33
16142,13399.2,33
16143,13399.8,33
16144,13400.4,33
16145,13401,33
16146,13401.6,33
16147,13402.2,33
16148,13402.8,33
16149,13403.4,33
16150,13404,33
16151,13404.6,33
16152,13405.2,33
16153,13405.8,33
16154,13406.4,33
16155,13407,33
16156,13407.6,33
16157,13408.2,33
16158,13408.8,33
16159,13409.4,33
16160,13410,33
16161,13410.7,33
16162,13411.4,33
16163,13412.1,33
16164,13412.8,33
16165,13413.5,33
16166,13414.2,33
16167,13414.9,33
16168,13415.6,33
16169,13416.3,33
16170,13417,33
16171,13417.6,33.1
16172,13418.2,33.2
16173,13418.8,33.3
16174,13419.4,33.4
16175,13420,33.5
16176,13420.6,33.6
16177,13421.2,33.7
16178,13421.8,33.8
16179,13422.4,33.9
16180,13423,34
16181,13423.7,34.1
16182,13424.4,34.2
16183,13425.1,34.3
16184,13425.8,34.4
16185,13426.5,34.5
16186,13427.2,34.6
16187,13427.9,34.7
16188,13428.6,34.8
16189,13429.3,34.9
16190,13430,35
16191,13430.7,35
16192,13431.4,35
16193,13432.1,35
16194,13432.8,35
16195,13433.5,35
16196,13434.2,35
16197,13434.9,35
16198,13435.6,35
16199,13436.3,35
16200,13437,35
16201,13437.7,35.1
16202,13438.4,35.2
16203,13439.1,35.3
16204,13439.8,35.4
16205,13440.5,35.5
16206,13441.2,35.6
16207,13441.9,35.7
16208,13442.6,35.8
16209,13443.3,35.9
16210,13444,36
16211,13444.7,35.9
16212,13445.4,35.8
16213,13446.1,35.7
16214,13446.8,35.6
16215,13447.5,35.5
16216,13448.2,35.4
16217,13448.9,35.3
16218,13449.6,35.2
16219,13450.3,35.1
16220,13451,35
16221,13451.8,35
16222,13452.6,35
16223,13453.4,35
16224,13454.2,35
16225,13455,35
16226,13455.8,35
16227,13456.6,35
16228,13457.4,35
16229,13458.2,35
16230,13459,35
16231,13459.7,34.9
16232,13460.4,34.8
16233,13461.1,34.7
16234,13461.8,34.6
16235,13462.5,34.5
16236,13463.2,34.4
16237,13463.9,34.3
16238,13464.6,34.2
16239,13465.3,34.1
16240,13466,34
16241,13466.8,34
16242,13467.6,34
16243,13468.4,34
16244,13469.2,34
16245,13470,34
16246,13470.8,34
16247,13471.6,34
16248,13472.4,34
16249,13473.2,34
16250,13474,34
16251,13474.8,34
16252,13475.6,34
16253,13476.4,34
16254,13477.2,34
16255,13478,34
16256,13478.8,34
16257,13479.6,34
16258,13480.4,34
16259,13481.2,34
16260,13482,34
16261,13482.8,34
16262,13483.6,34
16263,13484.4,34
16264,13485.2,34
16265,13486,34
16266,13486.8,34
16267,13487.6,34
16268,13488.4,34
16269,13489.2,34
16270,13490,34
16271,13490.8,34.1
16272,13491.6,34.2
16273,13492.4,34.3
16274,13493.2,34.4
16275,13494,34.5
16276,13494.8,34.6
16277,13495.6,34.7
16278,13496.4,34.8
16279,13497.2,34.9
16280,13498,35
16281,13498.9,35.1
16282,13499.8,35.2
16283,13500.7,35.3
16284,13501.6,35.4
16285,13502.5,35.5
16286,13503.4,35.6
16287,13504.3,35.7
16288,13505.2,35.8
16289,13506.1,35.9
16290,13507,36
16291,13507.9,36
16292,13508.8,36
16293,13509.7,36
16294,13510.6,36
16295,13511.5,36
16296,13512.4,36
16297,13513.3,36
16298,13514.2,36
16299,13515.1,36
16300,13516,36
16301,13516.9,36
16302,13517.8,36
16303,13518.7,36
16304,13519.6,36
16305,13520.5,36
16306,13521.4,36
16307,13522.3,36
16308,13523.2,36
16309,13524.1,36
16310,13525,36
16311,13526,36
16312,13527,36
16313,13528,36
16314,13529,36
16315,13530,36
16316,13531,36
16317,13532,36
16318,13533,36
16319,13534,36
16320,13535,36
16321,13535.9,36
16322,13536.8,36
16323,13537.7,36
16324,13538.6,36
16325,13539.5,36
16326,13540.4,36
16327,13541.3,36
16328,13542.2,36
16329,13543.1,36
16330,13544,36
16331,13545,36
16332,13546,36
16333,13547,36
16334,13548,36
16335,13549,36
16336,13550,36
16337,13551,36
16338,13552,36
16339,13553,36
16340,13554,36
16341,13554.9,36
16342,13555.8,36
16343,13556.7,36
16344,13557.6,36
16345,13558.5,36
16346,13559.4,36
16347,13560.3,36
16348,13561.2,36
16349,13562.1,36
16350,13563,36
16351,13563.9,36
16352,13564.8,36
16353,13565.7,36
16354,13566.6,36
16355,13567.5,36
16356,13568.4,36
16357,13569.3,36
16358,13570.2,36
16359,13571.1,36
16360,13572,36
16361,13572.9,36.1
16362,13573.8,36.2
16363,13574.7,36.3
16364,13575.6,36.4
16365,13576.5,36.5
16366,13577.4,36.6
16367,13578.3,36.7
16368,13579.2,36.8
16369,13580.1,36.9
16370,13581,37
16371,13581.7,37.1
16372,13582.4,37.2
16373,13583.1,37.3
16374,13583.8,37.4
16375,13584.5,37.5
16376,13585.2,37.6
16377,13585.9,37.7
16378,13586.6,37.8
16379,13587.3,37.9
16380,13588,38
16381,13588.7,38
16382,13589.4,38
16383,13590.1,38
16384,13590.8,38
16385,13591.5,38
16386,13592.2,38
16387,13592.9,38
16388,13593.6,38
16389,13594.3,38
16390,13595,38
16391,13595.7,37.9
16392,13596.4,37.8
16393,13597.1,37.7
16394,13597.8,37.6
16395,13598.5,37.5
16396,13599.2,37.4
16397,13599.9,37.3
16398,13600.6,37.2
16399,13601.3,37.1
16400,13602,37
16401,13602.6,37
16402,13603.2,37
16403,13603.8,37
16404,13604.4,37
16405,13605,37
16406,13605.6,37
16407,13606.2,37
16408,13606.8,37
16409,13607.4,37
16410,13608,37
16411,13608.5,36.9
16412,13609,36.8
16413,13609.5,36.7
16414,13610,36.6
16415,13610.5,36.5
16416,13611,36.4
16417,13611.5,36.3
16418,13612,36.2
16419,13612.5,36.1
16420,13613,36
16421,13613.5,36
16422,13614,36
16423,13614.5,36
16424,13615,36
16425,13615.5,36
16426,13616,36
16427,13616.5,36
16428,13617,36
16429,13617.5,36
16430,13618,36
16431,13618.5,36
16432,13619,36
16433,13619.5,36
16434,13620,36
16435,13620.5,36
16436,13621,36
16437,13621.5,36
16438,13622,36
16439,13622.5,36
16440,13623,36
16441,13623.4,36.1
16442,13623.8,36.2
16443,13624.2,36.3
16444,13624.6,36.4
16445,13625,36.5
16446,13625.4,36.6
16447,13625.8,36.7
16448,13626.2,36.8
16449,13626.6,36.9
16450,13627,37
16451,13627.5,37
16452,13628,37
16453,13628.5,37
16454,13629,37
16455,13629.5,37
16456,13630,37
16457,13630.5,37
16458,13631,37
16459,13631.5,37
16460,13632,37
16461,13632.4,37.2
16462,13632.8,37.4
16463,13633.2,37.6
16464,13633.6,37.8
16465,13634,38
16466,13634.4,38.2
16467,13634.8,38.4
16468,13635.2,38.6
16469,13635.6,38.8
16470,13636,39
16471,13636.5,39.1
16472,13637,39.2
16473,13637.5,39.3
16474,13638,39.4
16475,13638.5,39.5
16476,13639,39.6
16477,13639.5,39.7
16478,13640,39.8
16479,13640.5,39.9
16480,13641,40
16481,13641.5,40.1
16482,13642,40.2
16483,13642.5,40.3
16484,13643,40.4
16485,13643.5,40.5
16486,13644,40.6
16487,13644.5,40.7
16488,13645,40.8
16489,13645.5,40.9
16490,13646,41
16491,13646.6,41.1
16492,13647.2,41.2
16493,13647.8,41.3
16494,13648.4,41.4
16495,13649,41.5
16496,13649.6,41.6
16497,13650.2,41.7
16498,13650.8,41.8
16499,13651.4,41.9
16500,13652,42
16501,13652.5,42
16502,13653,42
16503,13653.5,42
16504,13654,42
16505,13654.5,42
16506,13655,42
16507,13655.5,42
16508,13656,42
16509,13656.5,42
16510,13657,42
16511,13657.7,42
16512,13658.4,42
16513,13659.1,42
16514,13659.8,42
16515,13660.5,42
16516,13661.2,42
16517,13661.9,42
16518,13662.6,42
16519,13663.3,42
16520,13664,42
16521,13664.7,41.9
16522,13665.4,41.8
16523,13666.1,41.7
16524,13666.8,41.6
16525,13667.5,41.5
16526,13668.2,41.4
16527,13668.9,41.3
16528,13669.6,41.2
16529,13670.3,41.1
16530,13671,41
16531,13671.7,41
16532,13672.4,41
16533,13673.1,41
16534,13673.8,41
16535,13674.5,41
16536,13675.2,41
16537,13675.9,41
16538,13676.6,41
16539,13677.3,41
16540,13678,41
16541,13678.8,40.9
16542,13679.6,40.8
16543,13680.4,40.7
16544,13681.2,40.6
16545,13682,40.5
16546,13682.8,40.4
16547,13683.6,40.3
16548,13684.4,40.2
16549,13685.2,40.1
16550,13686,40
16551,13686.8,40
16552,13687.6,40
16553,13688.4,40
16554,13689.2,40
16555,13690,40
16556,13690.8,40
16557,13691.6,40
16558,13692.4,40
16559,13693.2,40
16560,13694,40
16561,13694.8,40
16562,13695.6,40
16563,13696.4,40
16564,13697.2,40
16565,13698,40
16566,13698.8,40
16567,13699.6,40
16568,13700.4,40
16569,13701.2,40
16570,13702,40
16571,13702.8,40.1
16572,13703.6,40.2
16573,13704.4,40.3
16574,13705.2,40.4
16575,13706,40.5
16576,13706.8,40.6
16577,13707.6,40.7
16578,13708.4,40.8
16579,13709.2,40.9
16580,13710,41
16581,13710.8,41
16582,13711.6,41
16583,13712.4,41
16584,13713.2,41
16585,13714,41
16586,13714.8,41
16587,13715.6,41
16588,13716.4,41
16589,13717.2,41
16590,13718,41
16591,13718.8,41.1
16592,13719.6,41.2
16593,13720.4,41.3
16594,13721.2,41.4
16595,13722,41.5
16596,13722.8,41.6
16597,13723.6,41.7
16598,13724.4,41.8
16599,13725.2,41.9
16600,13726,42
16601,13726.7,42.1
16602,13727.4,42.2
16603,13728.1,42.3
16604,13728.8,42.4
16605,13729.5,42.5
16606,13730.2,42.6
16607,13730.9,42.7
16608,13731.6,42.8
16609,13732.3,42.9
16610,13733,43
16611,13733.8,43
16612,13734.6,43
16613,13735.4,43
16614,13736.2,43
16615,13737,43
16616,13737.8,43
16617,13738.6,43
16618,13739.4,43
16619,13740.2,43
16620,13741,43
16621,13741.7,42.9
16622,13742.4,42.8
16623,13743.1,42.7
16624,13743.8,42.6
16625,13744.5,42.5
16626,13745.2,42.4
16627,13745.9,42.3
16628,13746.6,42.2
16629,13747.3,42.1
16630,13748,42
16631,13748.7,41.9
16632,13749.4,41.8
16633,13750.1,41.7
16634,13750.8,41.6
16635,13751.5,41.5
16636,13752.2,41.4
16637,13752.9,41.3
16638,13753.6,41.2
16639,13754.3,41.1
16640,13755,41
16641,13755.7,40.9
16642,13756.4,40.8
16643,13757.1,40.7
16644,13757.8,40.6
16645,13758.5,40.5
16646,13759.2,40.4
16647,13759.9,40.3
16648,13760.6,40.2
16649,13761.3,40.1
16650,13762,40
16651,13762.6,39.9
16652,13763.2,39.8
16653,13763.8,39.7
16654,13764.4,39.6
16655,13765,39.5
16656,13765.6,39.4
16657,13766.2,39.3
16658,13766.8,39.2
16659,13767.4,39.1
16660,13768,39
16661,13768.6,39
16662,13769.2,39
16663,13769.8,39
16664,13770.4,39
16665,13771,39
16666,13771.6,39
16667,13772.2,39
16668,13772.8,39
16669,13773.4,39
16670,13774,39
16671,13774.6,39
16672,13775.2,39
16673,13775.8,39
16674,13776.4,39
16675,13777,39
16676,13777.6,39
16677,13778.2,39
16678,13778.8,39
16679,13779.4,39
16680,13780,39
16681,13780.5,39
16682,13781,39
16683,13781.5,39
16684,13782,39
16685,13782.5,39
16686,13783,39
16687,13783.5,39
16688,13784,39
16689,13784.5,39
16690,13785,39
16691,13785.5,39
16692,13786,39
16693,13786.5,39
16694,13787,39
16695,13787.5,39
16696,13788,39
16697,13788.5,39
16698,13789,39
16699,13789.5,39
16700,13790,39
16701,13790.5,39.1
16702,13791,39.2
16703,13791.5,39.3
16704,13792,39.4
16705,13792.5,39.5
16706,13793,39.6
16707,13793.5,39.7
16708,13794,39.8
16709,13794.5,39.9
16710,13795,40
16711,13795.5,40
16712,13796,40
16713,13796.5,40
16714,13797,40
16715,13797.5,40
16716,13798,40
16717,13798.5,40
16718,13799,40
16719,13799.5,40
16720,13800,40
16721,13800.4,40
16722,13800.8,40
16723,13801.2,40
16724,13801.6,40
16725,13802,40
16726,13802.4,40
16727,13802.8,40
16728,13803.2,40
16729,13803.6,40
16730,13804,40
16731,13804.4,40
16732,13804.8,40
16733,13805.2,40
16734,13805.6,40
16735,13806,40
16736,13806.4,40
16737,13806.8,40
16738,13807.2,40
16739,13807.6,40
16740,13808,40
16741,13808.3,39.9
16742,13808.6,39.8
16743,13808.9,39.7
16744,13809.2,39.6
16745,13809.5,39.5
16746,13809.8,39.4
16747,13810.1,39.3
16748,13810.4,39.2
16749,13810.7,39.1
16750,13811,39
16751,13811.4,38.9
16752,13811.8,38.8
16753,13812.2,38.7
16754,13812.6,38.6
16755,13813,38.5
16756,13813.4,38.4
16757,13813.8,38.3
16758,13814.2,38.2
16759,13814.6,38.1
16760,13815,38
16761,13815.3,37.9
16762,13815.6,37.8
16763,13815.9,37.7
16764,13816.2,37.6
16765,13816.5,37.5
16766,13816.8,37.4
16767,13817.1,37.3
16768,13817.4,37.2
16769,13817.7,37.1
16770,13818,37
16771,13818.3,36.9
16772,13818.6,36.8
16773,13818.9,36.7
16774,13819.2,36.6
16775,13819.5,36.5
16776,13819.8,36.4
16777,13820.1,36.3
16778,13820.4,36.2
16779,13820.7,36.1
16780,13821,36
16781,13821.3,35.9
16782,13821.6,35.8
16783,13821.9,35.7
16784,13822.2,35.6
16785,13822.5,35.5
16786,13822.8,35.4
16787,13823.1,35.3
16788,13823.4,35.2
16789,13823.7,35.1
16790,13824,35
16791,13824.3,35
16792,13824.6,35
16793,13824.9,35
16794,13825.2,35
16795,13825.5,35
16796,13825.8,35
16797,13826.1,35
16798,13826.4,35
16799,13826.7,35
16800,13827,35
16801,13827.3,35
16802,13827.6,35
16803,13827.9,35
16804,13828.2,35
16805,13828.5,35
16806,13828.8,35
16807,13829.1,35
16808,13829.4,35
16809,13829.7,35
16810,13830,35
16811,13830.4,35
16812,13830.8,35
16813,13831.2,35
16814,13831.6,35
16815,13832,35
16816,13832.4,35
16817,13832.8,35
16818,13833.2,35
16819,13833.6,35
16820,13834,35
16821,13834.3,35.1
16822,13834.6,35.2
16823,13834.9,35.3
16824,13835.2,35.4
16825,13835.5,35.5
16826,13835.8,35.6
16827,13836.1,35.7
16828,13836.4,35.8
16829,13836.7,35.9
16830,13837,36
16831,13837.4,36
16832,13837.8,36
16833,13838.2,36
16834,13838.6,36
16835,13839,36
16836,13839.4,36
16837,13839.8,36
16838,13840.2,36
16839,13840.6,36
16840,13841,36
16841,13841.3,36
16842,13841.6,36
16843,13841.9,36
16844,13842.2,36
16845,13842.5,36
16846,13842.8,36
16847,13843.1,36
16848,13843.4,36
16849,13843.7,36
16850,13844,36
16851,13844.4,35.9
16852,13844.8,35.8
16853,13845.2,35.7
16854,13845.6,35.6
16855,13846,35.5
16856,13846.4,35.4
16857,13846.8,35.3
16858,13847.2,35.2
16859,13847.6,35.1
16860,13848,35
16861,13848.5,35
16862,13849,35
16863,13849.5,35
16864,13850,35
16865,13850.5,35
16866,13851,35
16867,13851.5,35
16868,13852,35
16869,13852.5,35
16870,13853,35
16871,13853.4,34.9
16872,13853.8,34.8
16873,13854.2,34.7
16874,13854.6,34.6
16875,13855,34.5
16876,13855.4,34.4
16877,13855.8,34.3
16878,13856.2,34.2
16879,13856.6,34.1
16880,13857,34
16881,13857.5,34
16882,13858,34
16883,13858.5,34
16884,13859,34
16885,13859.5,34
16886,13860,34
16887,13860.5,34
16888,13861,34
16889,13861.5,34
16890,13862,34
16891,13862.5,34.1
16892,13863,34.2
16893,13863.5,34.3
16894,13864,34.4
16895,13864.5,34.5
16896,13865,34.6
16897,13865.5,34.7
16898,13866,34.8
16899,13866.5,34.9
16900,13867,35
16901,13867.6,35.1
16902,13868.2,35.2
16903,13868.8,35.3
16904,13869.4,35.4
16905,13870,35.5
16906,13870.6,35.6
16907,13871.2,35.7
16908,13871.8,35.8
16909,13872.4,35.9
16910,13873,36
16911,13873.6,36.1
16912,13874.2,36.2
16913,13874.8,36.3
16914,13875.4,36.4
16915,13876,36.5
16916,13876.6,36.6
16917,13877.2,36.7
16918,13877.8,36.8
16919,13878.4,36.9
16920,13879,37
16921,13879.7,37
16922,13880.4,37
16923,13881.1,37
16924,13881.8,37
16925,13882.5,37
16926,13883.2,37
16927,13883.9,37
16928,13884.6,37
16929,13885.3,37
16930,13886,37
16931,13886.6,37
16932,13887.2,37
16933,13887.8,37
16934,13888.4,37
16935,13889,37
16936,13889.6,37
16937,13890.2,37
16938,13890.8,37
16939,13891.4,37
16940,13892,37
16941,13892.8,37
16942,13893.6,37
16943,13894.4,37
16944,13895.2,37
16945,13896,37
16946,13896.8,37
16947,13897.6,37
16948,13898.4,37
16949,13899.2,37
16950,13900,37
16951,13900.8,36.9
16952,13901.6,36.8
16953,13902.4,36.7
16954,13903.2,36.6
16955,13904,36.5
16956,13904.8,36.4
16957,13905.6,36.3
16958,13906.4,36.2
16959,13907.2,36.1
16960,13908,36
16961,13908.8,36
16962,13909.6,36
16963,13910.4,36
16964,13911.2,36
16965,13912,36
16966,13912.8,36
16967,13913.6,36
16968,13914.4,36
16969,13915.2,36
16970,13916,36
16971,13917,36
16972,13918,36
16973,13919,36
16974,13920,36
16975,13921,36
16976,13922,36
16977,13923,36
16978,13924,36
16979,13925,36
16980,13926,36
16981,13927,36
16982,13928,36
16983,13929,36
16984,13930,36
16985,13931,36
16986,13932,36
16987,13933,36
16988,13934,36
16989,13935,36
16990,13936,36
16991,13937.1,36
16992,13938.2,36
16993,13939.3,36
16994,13940.4,36
16995,13941.5,36
16996,13942.6,36
16997,13943.7,36
16998,13944.8,36
16999,13945.9,36
17000,13947,36
17001,13948.3,36.1
17002,13949.6,36.2
17003,13950.9,36.3
17004,13952.2,36.4
17005,13953.5,36.5
17006,13954.8,36.6
17007,13956.1,36.7
17008,13957.4,36.8
17009,13958.7,36.9
17010,13960,37
17011,13961.4,37.1
17012,13962.8,37.2
17013,13964.2,37.3
17014,13965.6,37.4
17015,13967,37.5
17016,13968.4,37.6
17017,13969.8,37.7
17018,13971.2,37.8
17019,13972.6,37.9
17020,13974,38
17021,13975.4,38.1
17022,13976.8,38.2
17023,13978.2,38.3
17024,13979.6,38.4
17025,13981,38.5
17026,13982.4,38.6
17027,13983.8,38.7
17028,13985.2,38.8
17029,13986.6,38.9
17030,13988,39
17031,13989.7,39.1
17032,13991.4,39.2
17033,13993.1,39.3
17034,13994.8,39.4
17035,13996.5,39.5
17036,13998.2,39.6
17037,13999.9,39.7
17038,14001.6,39.8
17039,14003.3,39.9
17040,14005,40
17041,14006.7,40.1
17042,14008.4,40.2
17043,14010.1,40.3
17044,14011.8,40.4
17045,14013.5,40.5
17046,14015.2,40.6
17047,14016.9,40.7
17048,14018.6,40.8
17049,14020.3,40.9
17050,14022,41
17051,14023.9,41.1
17052,14025.8,41.2
17053,14027.7,41.3
17054,14029.6,41.4
17055,14031.5,41.5
17056,14033.4,41.6
17057,14035.3,41.7
17058,14037.2,41.8
17059,14039.1,41.9
17060,14041,42
17061,14043,42.1
17062,14045,42.2
17063,14047,42.3
17064,14049,42.4
17065,14051,42.5
17066,14053,42.6
17067,14055,42.7
17068,14057,42.8
17069,14059,42.9
17070,14061,43
17071,14062.9,43.2
17072,14064.8,43.4
17073,14066.7,43.6
17074,14068.6,43.8
17075,14070.5,44
17076,14072.4,44.2
17077,14074.3,44.4
17078,14076.2,44.6
17079,14078.1,44.8
17080,14080,45
17081,14081.9,45.2
17082,14083.8,45.4
17083,14085.7,45.6
17084,14087.6,45.8
17085,14089.5,46
17086,14091.4,46.2
17087,14093.3,46.4
17088,14095.2,46.6
17089,14097.1,46.8
17090,14099,47
17091,14100.7,47.1
17092,14102.4,47.2
17093,14104.1,47.3
17094,14105.8,47.4
17095,14107.5,47.5
17096,14109.2,47.6
17097,14110.9,47.7
17098,14112.6,47.8
17099,14114.3,47.9
17100,14116,48
17101,14117.3,48
17102,14118.6,48
17103,14119.9,48
17104,14121.2,48
17105,14122.5,48
17106,14123.8,48
17107,14125.1,48
17108,14126.4,48
17109,14127.7,48
17110,14129,48
17111,14130.1,47.8
17112,14131.2,47.6
17113,14132.3,47.4
17114,14133.4,47.2
17115,14134.5,47
17116,14135.6,46.8
17117,14136.7,46.6
17118,14137.8,46.4
17119,14138.9,46.2
17120,14140,46
17121,14140.8,45.7
17122,14141.6,45.4
17123,14142.4,45.1
17124,14143.2,44.8
17125,14144,44.5
17126,14144.8,44.2
17127,14145.6,43.9
17128,14146.4,43.6
17129,14147.2,43.3
17130,14148,43
17131,14148.6,42.8
17132,14149.2,42.6
17133,14149.8,42.4
17134,14150.4,42.2
17135,14151,42
17136,14151.6,41.8
17137,14152.2,41.6
17138,14152.8,41.4
17139,14153.4,41.2
17140,14154,41
17141,14154.3,40.8
17142,14154.6,40.6
17143,14154.9,40.4
17144,14155.2,40.2
17145,14155.5,40
17146,14155.8,39.8
17147,14156.1,39.6
17148,14156.4,39.4
17149,14156.7,39.2
17150,14157,39
17151,14157.2,39.1
17152,14157.4,39.2
17153,14157.6,39.3
17154,14157.8,39.4
17155,14158,39.5
17156,14158.2,39.6
17157,14158.4,39.7
17158,14158.6,39.8
17159,14158.8,39.9
17160,14159,40
17161,14159,40.2
17162,14159,40.4
17163,14159,40.6
17164,14159,40.8
17165,14159,41
17166,14159,41.2
17167,14159,41.4
17168,14159,41.6
17169,14159,41.8
17170,14159,42
17171,14158.9,42.3
17172,14158.8,42.6
17173,14158.7,42.9
17174,14158.6,43.2
17175,14158.5,43.5
17176,14158.4,43.8
17177,14158.3,44.1
17178,14158.2,44.4
17179,14158.1,44.7
17180,14158,45
17181,14157.9,45.4
17182,14157.8,45.8
17183,14157.7,46.2
17184,14157.6,46.6
17185,14157.5,47
17186,14157.4,47.4
17187,14157.3,47.8
17188,14157.2,48.2
17189,14157.1,48.6
17190,14157,49
17191,14156.7,49.3
17192,14156.4,49.6
17193,14156.1,49.9
17194,14155.8,50.2
17195,14155.5,50.5
17196,14155.2,50.8
17197,14154.9,51.1
17198,14154.6,51.4
17199,14154.3,51.7
17200,14154,52
17201,14153.8,52.1
17202,14153.6,52.2
17203,14153.4,52.3
17204,14153.2,52.4
17205,14153,52.5
17206,14152.8,52.6
17207,14152.6,52.7
17208,14152.4,52.8
17209,14152.2,52.9
17210,14152,53
17211,14151.8,53
17212,14151.6,53
17213,14151.4,53
17214,14151.2,53
17215,14151,53
17216,14150.8,53
17217,14150.6,53
17218,14150.4,53
17219,14150.2,53
17220,14150,53
17221,14149.9,52.7
17222,14149.8,52.4
17223,14149.7,52.1
17224,14149.6,51.8
17225,14149.5,51.5
17226,14149.4,51.2
17227,14149.3,50.9
17228,14149.2,50.6
17229,14149.1,50.3
17230,14149,50
17231,14148.9,49.6
17232,14148.8,49.2
17233,14148.7,48.8
17234,14148.6,48.4
17235,14148.5,48
17236,14148.4,47.6
17237,14148.3,47.2
17238,14148.2,46.8
17239,14148.1,46.4
17240,14148,46
17241,14148,45.6
17242,14148,45.2
17243,14148,44.8
17244,14148,44.4
17245,14148,44
17246,14148,43.6
17247,14148,43.2
17248,14148,42.8
17249,14148,42.4
17250,14148,42
17251,14148.2,41.9
17252,14148.4,41.8
17253,14148.6,41.7
17254,14148.8,41.6
17255,14149,41.5
17256,14149.2,41.4
17257,14149.4,41.3
17258,14149.6,41.2
17259,14149.8,41.1
17260,14150,41
17261,14150.3,41.2
17262,14150.6,41.4
17263,14150.9,41.6
17264,14151.2,41.8
17265,14151.5,42
17266,14151.8,42.2
17267,14152.1,42.4
17268,14152.4,42.6
17269,14152.7,42.8
17270,14153,43
17271,14153.5,43.6
17272,14154,44.2
17273,14154.5,44.8
17274,14155,45.4
17275,14155.5,46
17276,14156,46.6
17277,14156.5,47.2
17278,14157,47.8
17279,14157.5,48.4
17280,14158,49
17281,14158.7,49.6
17282,14159.4,50.2
17283,14160.1,50.8
17284,14160.8,51.4
17285,14161.5,52
17286,14162.2,52.6
17287,14162.9,53.2
17288,14163.6,53.8
17289,14164.3,54.4
17290,14165,55
17291,14165.9,55.6
17292,14166.8,56.2
17293,14167.7,56.8
17294,14168.6,57.4
17295,14169.5,58
17296,14170.4,58.6
17297,14171.3,59.2
17298,14172.2,59.8
17299,14173.1,60.4
17300,14174,61
17301,14175.1,61.4
17302,14176.2,61.8
17303,14177.3,62.2
17304,14178.4,62.6
17305,14179.5,63
17306,14180.6,63.4
17307,14181.7,63.8
17308,14182.8,64.2
17309,14183.9,64.6
17310,14185,65
17311,14186.3,65.3
17312,14187.6,65.6
17313,14188.9,65.9
17314,14190.2,66.2
17315,14191.5,66.5
17316,14192.8,66.8
17317,14194.1,67.1
17318,14195.4,67.4
17319,14196.7,67.7
17320,14198,68
17321,14199.5,68.1
17322,14201,68.2
17323,14202.5,68.3
17324,14204,68.4
17325,14205.5,68.5
17326,14207,68.6
17327,14208.5,68.7
17328,14210,68.8
17329,14211.5,68.9
17330,14213,69
17331,14214.6,69.1
17332,14216.2,69.2
17333,14217.8,69.3
17334,14219.4,69.4
17335,14221,69.5
17336,14222.6,69.6
17337,14224.2,69.7
17338,14225.8,69.8
17339,14227.4,69.9
17340,14229,70
17341,14230.6,69.9
17342,14232.2,69.8
17343,14233.8,69.7
17344,14235.4,69.6
17345,14237,69.5
17346,14238.6,69.4
17347,14240.2,69.3
17348,14241.8,69.2
17349,14243.4,69.1
17350,14245,69
17351,14246.7,68.9
17352,14248.4,68.8
17353,14250.1,68.7
17354,14251.8,68.6
17355,14253.5,68.5
17356,14255.2,68.4
17357,14256.9,68.3
17358,14258.6,68.2
17359,14260.3,68.1
17360,14262,68
17361,14263.8,67.9
17362,14265.6,67.8
17363,14267.4,67.7
17364,14269.2,67.6
17365,14271,67.5
17366,14272.8,67.4
17367,14274.6,67.3
17368,14276.4,67.2
17369,14278.2,67.1
17370,14280,67
17371,14281.8,66.8
17372,14283.6,66.6
17373,14285.4,66.4
17374,14287.2,66.2
17375,14289,66
17376,14290.8,65.8
17377,14292.6,65.6
17378,14294.4,65.4
17379,14296.2,65.2
17380,14298,65
17381,14299.7,64.8
17382,14301.4,64.6
17383,14303.1,64.4
17384,14304.8,64.2
17385,14306.5,64
17386,14308.2,63.8
17387,14309.9,63.6
17388,14311.6,63.4
17389,14313.3,63.2
17390,14315,63
17391,14316.7,62.8
17392,14318.4,62.6
17393,14320.1,62.4
17394,14321.8,62.2
17395,14323.5,62
17396,14325.2,61.8
17397,14326.9,61.6
17398,14328.6,61.4
17399,14330.3,61.2
17400,14332,61
17401,14333.6,60.8
17402,14335.2,60.6
17403,14336.8,60.4
17404,14338.4,60.2
17405,14340,60
17406,14341.6,59.8
17407,14343.2,59.6
17408,14344.8,59.4
17409,14346.4,59.2
17410,14348,59
17411,14349.5,58.7
17412,14351,58.4
17413,14352.5,58.1
17414,14354,57.8
17415,14355.5,57.5
17416,14357,57.2
17417,14358.5,56.9
17418,14360,56.6
17419,14361.5,56.3
17420,14363,56
17421,14364.4,55.8
17422,14365.8,55.6
17423,14367.2,55.4
17424,14368.6,55.2
17425,14370,55
17426,14371.4,54.8
17427,14372.8,54.6
17428,14374.2,54.4
17429,14375.6,54.2
17430,14377,54
17431,14378.2,53.7
17432,14379.4,53.4
17433,14380.6,53.1
17434,14381.8,52.8
17435,14383,52.5
17436,14384.2,52.2
17437,14385.4,51.9
17438,14386.6,51.6
17439,14387.8,51.3
17440,14389,51
17441,14390.1,50.7
17442,14391.2,50.4
17443,14392.3,50.1
17444,14393.4,49.8
17445,14394.5,49.5
17446,14395.6,49.2
17447,14396.7,48.9
17448,14397.8,48.6
17449,14398.9,48.3
17450,14400,48
17451,14401.1,47.8
17452,14402.2,47.6
17453,14403.3,47.4
17454,14404.4,47.2
17455,14405.5,47
17456,14406.6,46.8
17457,14407.7,46.6
17458,14408.8,46.4
17459,14409.9,46.2
17460,14411,46
17461,14411.9,45.8
17462,14412.8,45.6
17463,14413.7,45.4
17464,14414.6,45.2
17465,14415.5,45
17466,14416.4,44.8
17467,14417.3,44.6
17468,14418.2,44.4
17469,14419.1,44.2
17470,14420,44
17471,14420.8,43.8
17472,14421.6,43.6
17473,14422.4,43.4
17474,14423.2,43.2
17475,14424,43
17476,14424.8,42.8
17477,14425.6,42.6
17478,14426.4,42.4
17479,14427.2,42.2
17480,14428,42
17481,14428.7,41.9
17482,14429.4,41.8
17483,14430.1,41.7
17484,14430.8,41.6
17485,14431.5,41.5
17486,14432.2,41.4
17487,14432.9,41.3
17488,14433.6,41.2
17489,14434.3,41.1
17490,14435,41
17491,14435.7,40.9
17492,14436.4,40.8
17493,14437.1,40.7
17494,14437.8,40.6
17495,14438.5,40.5
17496,14439.2,40.4
17497,14439.9,40.3
17498,14440.6,40.2
17499,14441.3,40.1
17500,14442,40
17501,14442.5,39.8
17502,14443,39.6
17503,14443.5,39.4
17504,14444,39.2
17505,14444.5,39
17506,14445,38.8
17507,14445.5,38.6
17508,14446,38.4
17509,14446.5,38.2
17510,14447,38
17511,14447.5,37.9
17512,14448,37.8
17513,14448.5,37.7
17514,14449,37.6
17515,14449.5,37.5
17516,14450,37.4
17517,14450.5,37.3
17518,14451,37.2
17519,14451.5,37.1
17520,14452,37
17521,14452.3,36.9
17522,14452.6,36.8
17523,14452.9,36.7
17524,14453.2,36.6
17525,14453.5,36.5
17526,14453.8,36.4
17527,14454.1,36.3
17528,14454.4,36.2
17529,14454.7,36.1
17530,14455,36
17531,14455.4,35.9
17532,14455.8,35.8
17533,14456.2,35.7
17534,14456.6,35.6
17535,14457,35.5
17536,14457.4,35.4
17537,14457.8,35.3
17538,14458.2,35.2
17539,14458.6,35.1
17540,14459,35
17541,14459.2,35
17542,14459.4,35
17543,14459.6,35
17544,14459.8,35
17545,14460,35
17546,14460.2,35
17547,14460.4,35
17548,14460.6,35
17549,14460.8,35
17550,14461,35
17551,14461.2,35.1
17552,14461.4,35.2
17553,14461.6,35.3
17554,14461.8,35.4
17555,14462,35.5
17556,14462.2,35.6
17557,14462.4,35.7
17558,14462.6,35.8
17559,14462.8,35.9
17560,14463,36
17561,14463.1,36.1
17562,14463.2,36.2
17563,14463.3,36.3
17564,14463.4,36.4
17565,14463.5,36.5
17566,14463.6,36.6
17567,14463.7,36.7
17568,14463.8,36.8
17569,14463.9,36.9
17570,14464,37
17571,14464,37.1
17572,14464,37.2
17573,14464,37.3
17574,14464,37.4
17575,14464,37.5
17576,14464,37.6
17577,14464,37.7
17578,14464,37.8
17579,14464,37.9
17580,14464,38
17581,14464.1,38.2
17582,14464.2,38.4
17583,14464.3,38.6
17584,14464.4,38.8
17585,14464.5,39
17586,14464.6,39.2
17587,14464.7,39.4
17588,14464.8,39.6
17589,14464.9,39.8
17590,14465,40
17591,14465,40.1
17592,14465,40.2
17593,14465,40.3
17594,14465,40.4
17595,14465,40.5
17596,14465,40.6
17597,14465,40.7
17598,14465,40.8
17599,14465,40.9
17600,14465,41
17601,14464.9,41.1
17602,14464.8,41.2
17603,14464.7,41.3
17604,14464.6,41.4
17605,14464.5,41.5
17606,14464.4,41.6
17607,14464.3,41.7
17608,14464.2,41.8
17609,14464.1,41.9
17610,14464,42
17611,14464,42.1
17612,14464,42.2
17613,14464,42.3
17614,14464,42.4
17615,14464,42.5
17616,14464,42.6
17617,14464,42.7
17618,14464,42.8
17619,14464,42.9
17620,14464,43
17621,14463.9,43.1
17622,14463.8,43.2
17623,14463.7,43.3
17624,14463.6,43.4
17625,14463.5,43.5
17626,14463.4,43.6
17627,14463.3,43.7
17628,14463.2,43.8
17629,14463.1,43.9
17630,14463,44
17631,14462.9,44
17632,14462.8,44
17633,14462.7,44
17634,14462.6,44
17635,14462.5,44
17636,14462.4,44
17637,14462.3,44
17638,14462.2,44
17639,14462.1,44
17640,14462,44
17641,14461.9,44.1
17642,14461.8,44.2
17643,14461.7,44.3
17644,14461.6,44.4
17645,14461.5,44.5
17646,14461.4,44.6
17647,14461.3,44.7
17648,14461.2,44.8
17649,14461.1,44.9
17650,14461,45
17651,14460.9,45
17652,14460.8,45
17653,14460.7,45
17654,14460.6,45
17655,14460.5,45
17656,14460.4,45
17657,14460.3,45
17658,14460.2,45
17659,14460.1,45
17660,14460,45
17661,14460,45
17662,14460,45
17663,14460,45
17664,14460,45
17665,14460,45
17666,14460,45
17667,14460,45
17668,14460,45
17669,14460,45
17670,14460,45
17671,14460,44.9
17672,14460,44.8
17673,14460,44.7
17674,14460,44.6
17675,14460,44.5
17676,14460,44.4
17677,14460,44.3
17678,14460,44.2
17679,14460,44.1
17680,14460,44
17681,14460,43.9
17682,14460,43.8
17683,14460,43.7
17684,14460,43.6
17685,14460,43.5
17686,14460,43.4
17687,14460,43.3
17688,14460,43.2
17689,14460,43.1
17690,14460,43
17691,14460.2,42.9
17692,14460.4,42.8
17693,14460.6,42.7
17694,14460.8,42.6
17695,14461,42.5
17696,14461.2,42.4
17697,14461.4,42.3
17698,14461.6,42.2
17699,14461.8,42.1
17700,14462,42
17701,14462.1,41.9
17702,14462.2,41.8
17703,14462.3,41.7
17704,14462.4,41.6
17705,14462.5,41.5
17706,14462.6,41.4
17707,14462.7,41.3
17708,14462.8,41.2
17709,14462.9,41.1
17710,14463,41
17711,14463.2,41
17712,14463.4,41
17713,14463.6,41
17714,14463.8,41
17715,14464,41
17716,14464.2,41
17717,14464.4,41
17718,14464.6,41
17719,14464.8,41
17720,14465,41
17721,14465.4,41.1
17722,14465.8,41.2
17723,14466.2,41.3
17724,14466.6,41.4
17725,14467,41.5
17726,14467.4,41.6
17727,14467.8,41.7
17728,14468.2,41.8
17729,14468.6,41.9
17730,14469,42
17731,14469.3,42.2
17732,14469.6,42.4
17733,14469.9,42.6
17734,14470.2,42.8
17735,14470.5,43
17736,14470.8,43.2
17737,14471.1,43.4
17738,14471.4,43.6
17739,14471.7,43.8
17740,14472,44
17741,14472.5,44.3
17742,14473,44.6
17743,14473.5,44.9
17744,14474,45.2
17745,14474.5,45.5
17746,14475,45.8
17747,14475.5,46.1
17748,14476,46.4
17749,14476.5,46.7
17750,14477,47
17751,14477.6,47.3
17752,14478.2,47.6
17753,14478.8,47.9
17754,14479.4,48.2
17755,14480,48.5
17756,14480.6,48.8
17757,14481.2,49.1
17758,14481.8,49.4
17759,14482.4,49.7
17760,14483,50
17761,14483.7,50.3
17762,14484.4,50.6
17763,14485.1,50.9
17764,14485.8,51.2
17765,14486.5,51.5
17766,14487.2,51.8
17767,14487.9,52.1
17768,14488.6,52.4
17769,14489.3,52.7
17770,14490,53
17771,14490.7,53.2
17772,14491.4,53.4
17773,14492.1,53.6
17774,14492.8,53.8
17775,14493.5,54
17776,14494.2,54.2
17777,14494.9,54.4
17778,14495.6,54.6
17779,14496.3,54.8
17780,14497,55
17781,14497.9,55.2
17782,14498.8,55.4
17783,14499.7,55.6
17784,14500.6,55.8
17785,14501.5,56
17786,14502.4,56.2
17787,14503.3,56.4
17788,14504.2,56.6
17789,14505.1,56.8
17790,14506,57
17791,14506.9,57.2
17792,14507.8,57.4
17793,14508.7,57.6
17794,14509.6,57.8
17795,14510.5,58
17796,14511.4,58.2
17797,14512.3,58.4
17798,14513.2,58.6
17799,14514.1,58.8
17800,14515,59
17801,14516,59.2
17802,14517,59.4
17803,14518,59.6
17804,14519,59.8
17805,14520,60
17806,14521,60.2
17807,14522,60.4
17808,14523,60.6
17809,14524,60.8
17810,14525,61
17811,14526.1,61.1
17812,14527.2,61.2
17813,14528.3,61.3
17814,14529.4,61.4
17815,14530.5,61.5
17816,14531.6,61.6
17817,14532.7,61.7
17818,14533.8,61.8
17819,14534.9,61.9
17820,14536,62
17821,14537,62.1
17822,14538,62.2
17823,14539,62.3
17824,14540,62.4
17825,14541,62.5
17826,14542,62.6
17827,14543,62.7
17828,14544,62.8
17829,14545,62.9
17830,14546,63
17831,14547.1,63
17832,14548.2,63
17833,14549.3,63
17834,14550.4,63
17835,14551.5,63
17836,14552.6,63
17837,14553.7,63
17838,14554.8,63
17839,14555.9,63
17840,14557,63
17841,14558.1,62.8
17842,14559.2,62.6
17843,14560.3,62.4
17844,14561.4,62.2
17845,14562.5,62
17846,14563.6,61.8
17847,14564.7,61.6
17848,14565.8,61.4
17849,14566.9,61.2
17850,14568,61
17851,14569,60.8
17852,14570,60.6
17853,14571,60.4
17854,14572,60.2
17855,14573,60
17856,14574,59.8
17857,14575,59.6
17858,14576,59.4
17859,14577,59.2
17860,14578,59
17861,14579.1,58.8
17862,14580.2,58.6
17863,14581.3,58.4
17864,14582.4,58.2
17865,14583.5,58
17866,14584.6,57.8
17867,14585.7,57.6
17868,14586.8,57.4
17869,14587.9,57.2
17870,14589,57
17871,14590,56.7
17872,14591,56.4
17873,14592,56.1
17874,14593,55.8
17875,14594,55.5
17876,14595,55.2
17877,14596,54.9
17878,14597,54.6
17879,14598,54.3
17880,14599,54
17881,14600,53.7
17882,14601,53.4
17883,14602,53.1
17884,14603,52.8
17885,14604,52.5
17886,14605,52.2
17887,14606,51.9
17888,14607,51.6
17889,14608,51.3
17890,14609,51
17891,14609.9,50.7
17892,14610.8,50.4
17893,14611.7,50.1
17894,14612.6,49.8
17895,14613.5,49.5
17896,14614.4,49.2
17897,14615.3,48.9
17898,14616.2,48.6
17899,14617.1,48.3
17900,14618,48
17901,14618.9,47.8
17902,14619.8,47.6
17903,14620.7,47.4
17904,14621.6,47.2
17905,14622.5,47
17906,14623.4,46.8
17907,14624.3,46.6
17908,14625.2,46.4
17909,14626.1,46.2
17910,14627,46
17911,14627.8,45.8
17912,14628.6,45.6
17913,14629.4,45.4
17914,14630.2,45.2
17915,14631,45
17916,14631.8,44.8
17917,14632.6,44.6
17918,14633.4,44.4
17919,14634.2,44.2
17920,14635,44
17921,14635.8,43.9
17922,14636.6,43.8
17923,14637.4,43.7
17924,14638.2,43.6
17925,14639,43.5
17926,14639.8,43.4
17927,14640.6,43.3
17928,14641.4,43.2
17929,14642.2,43.1
17930,14643,43
17931,14643.7,42.9
17932,14644.4,42.8
17933,14645.1,42.7
17934,14645.8,42.6
17935,14646.5,42.5
17936,14647.2,42.4
17937,14647.9,42.3
17938,14648.6,42.2
17939,14649.3,42.1
17940,14650,42
17941,14650.7,41.9
17942,14651.4,41.8
17943,14652.1,41.7
17944,14652.8,41.6
17945,14653.5,41.5
17946,14654.2,41.4
17947,14654.9,41.3
17948,14655.6,41.2
17949,14656.3,41.1
17950,14657,41
17951,14657.6,41
17952,14658.2,41
17953,14658.8,41
17954,14659.4,41
17955,14660,41
17956,14660.6,41
17957,14661.2,41
17958,14661.8,41
17959,14662.4,41
17960,14663,41
17961,14663.5,41
17962,14664,41
17963,14664.5,41
17964,14665,41
17965,14665.5,41
17966,14666,41
17967,14666.5,41
17968,14667,41
17969,14667.5,41
17970,14668,41
17971,14668.5,41
17972,14669,41
17973,14669.5,41
17974,14670,41
17975,14670.5,41
17976,14671,41
17977,14671.5,41
17978,14672,41
17979,14672.5,41
17980,14673,41
17981,14673.5,41.1
17982,14674,41.2
17983,14674.5,41.3
17984,14675,41.4
17985,14675.5,41.5
17986,14676,41.6
17987,14676.5,41.7
17988,14677,41.8
17989,14677.5,41.9
17990,14678,42
17991,14678.5,42
17992,14679,42
17993,14679.5,42
17994,14680,42
17995,14680.5,42
17996,14681,42
17997,14681.5,42
17998,14682,42
17999,14682.5,42
18000,14683,42
18001,14683.4,42
18002,14683.8,42
18003,14684.2,42
18004,14684.6,42
18005,14685,42
18006,14685.4,42
18007,14685.8,42
18008,14686.2,42
18009,14686.6,42
18010,14687,42
18011,14687.5,41.9
18012,14688,41.8
18013,14688.5,41.7
18014,14689,41.6
18015,14689.5,41.5
18016,14690,41.4
18017,14690.5,41.3
18018,14691,41.2
18019,14691.5,41.1
18020,14692,41
18021,14692.4,40.9
18022,14692.8,40.8
18023,14693.2,40.7
18024,14693.6,40.6
18025,14694,40.5
18026,14694.4,40.4
18027,14694.8,40.3
18028,14695.2,40.2
18029,14695.6,40.1
18030,14696,40
18031,14696.4,39.9
18032,14696.8,39.8
18033,14697.2,39.7
18034,14697.6,39.6
18035,14698,39.5
18036,14698.4,39.4
18037,14698.8,39.3
18038,14699.2,39.2
18039,14699.6,39.1
18040,14700,39
18041,14700.4,38.9
18042,14700.8,38.8
18043,14701.2,38.7
18044,14701.6,38.6
18045,14702,38.5
18046,14702.4,38.4
18047,14702.8,38.3
18048,14703.2,38.2
18049,14703.6,38.1
18050,14704,38
18051,14704.4,38
18052,14704.8,38
18053,14705.2,38
18054,14705.6,38
18055,14706,38
18056,14706.4,38
18057,14706.8,38
18058,14707.2,38
18059,14707.6,38
18060,14708,38
18061,14708.3,38.1
18062,14708.6,38.2
18063,14708.9,38.3
18064,14709.2,38.4
18065,14709.5,38.5
18066,14709.8,38.6
18067,14710.1,38.7
18068,14710.4,38.8
18069,14710.7,38.9
18070,14711,39
18071,14711.4,39
18072,14711.8,39
18073,14712.2,39
18074,14712.6,39
18075,14713,39
18076,14713.4,39
18077,14713.8,39
18078,14714.2,39
18079,14714.6,39
18080,14715,39
18081,14715.3,39
18082,14715.6,39
18083,14715.9,39
18084,14716.2,39
18085,14716.5,39
18086,14716.8,39
18087,14717.1,39
18088,14717.4,39
18089,14717.7,39
18090,14718,39
18091,14718.3,39
18092,14718.6,39
18093,14718.9,39
18094,14719.2,39
18095,14719.5,39
18096,14719.8,39
18097,14720.1,39
18098,14720.4,39
18099,14720.7,39
18100,14721,39
18101,14721.3,39
18102,14721.6,39
18103,14721.9,39
18104,14722.2,39
18105,14722.5,39
18106,14722.8,39
18107,14723.1,39
18108,14723.4,39
18109,14723.7,39
18110,14724,39
18111,14724.5,39
18112,14725,39
18113,14725.5,39
18114,14726,39
18115,14726.5,39
18116,14727,39
18117,14727.5,39
18118,14728,39
18119,14728.5,39
18120,14729,39
18121,14729.5,39.1
18122,14730,39.2
18123,14730.5,39.3
18124,14731,39.4
18125,14731.5,39.5
18126,14732,39.6
18127,14732.5,39.7
18128,14733,39.8
18129,14733.5,39.9
18130,14734,40
18131,14734.7,40.1
18132,14735.4,40.2
18133,14736.1,40.3
18134,14736.8,40.4
18135,14737.5,40.5
18136,14738.2,40.6
18137,14738.9,40.7
18138,14739.6,40.8
18139,14740.3,40.9
18140,14741,41
18141,14741.9,41.2
18142,14742.8,41.4
18143,14743.7,41.6
18144,14744.6,41.8
18145,14745.5,42
18146,14746.4,42.2
18147,14747.3,42.4
18148,14748.2,42.6
18149,14749.1,42.8
18150,14750,43
18151,14751.2,43.2
18152,14752.4,43.4
18153,14753.6,43.6
18154,14754.8,43.8
18155,14756,44
18156,14757.2,44.2
18157,14758.4,44.4
18158,14759.6,44.6
18159,14760.8,44.8
18160,14762,45
18161,14763.4,45.2
18162,14764.8,45.4
18163,14766.2,45.6
18164,14767.6,45.8
18165,14769,46
18166,14770.4,46.2
18167,14771.8,46.4
18168,14773.2,46.6
18169,14774.6,46.8
18170,14776,47
18171,14777.6,47.3
18172,14779.2,47.6
18173,14780.8,47.9
18174,14782.4,48.2
18175,14784,48.5
18176,14785.6,48.8
18177,14787.2,49.1
18178,14788.8,49.4
18179,14790.4,49.7
18180,14792,50
18181,14794,50.4
18182,14796,50.8
18183,14798,51.2
18184,14800,51.6
18185,14802,52
18186,14804,52.4
18187,14806,52.8
18188,14808,53.2
18189,14810,53.6
18190,14812,54
18191,14814.2,54.4
18192,14816.4,54.8
18193,14818.6,55.2
18194,14820.8,55.6
18195,14823,56
18196,14825.2,56.4
18197,14827.4,56.8
18198,14829.6,57.2
18199,14831.8,57.6
18200,14834,58
18201,14836.5,58.3
18202,14839,58.6
18203,14841.5,58.9
18204,14844,59.2
18205,14846.5,59.5
18206,14849,59.8
18207,14851.5,60.1
18208,14854,60.4
18209,14856.5,60.7
18210,14859,61
18211,14861.8,61.3
18212,14864.6,61.6
18213,14867.4,61.9
18214,14870.2,62.2
18215,14873,62.5
18216,14875.8,62.8
18217,14878.6,63.1
18218,14881.4,63.4
18219,14884.2,63.7
18220,14887,64
18221,14890,64.2
18222,14893,64.4
18223,14896,64.6
18224,14899,64.8
18225,14902,65
18226,14905,65.2
18227,14908,65.4
18228,14911,65.6
18229,14914,65.8
18230,14917,66
18231,14920.2,66.1
18232,14923.4,66.2
18233,14926.6,66.3
18234,14929.8,66.4
18235,14933,66.5
18236,14936.2,66.6
18237,14939.4,66.7
18238,14942.6,66.8
18239,14945.8,66.9
18240,14949,67
18241,14952.2,67
18242,14955.4,67
18243,14958.6,67
18244,14961.8,67
18245,14965,67
18246,14968.2,67
18247,14971.4,67
18248,14974.6,67
18249,14977.8,67
18250,14981,67
18251,14984.3,67
18252,14987.6,67
18253,14990.9,67
18254,14994.2,67
18255,14997.5,67
18256,15000.8,67
18257,15004.1,67
18258,15007.4,67
18259,15010.7,67
18260,15014,67
18261,15017.3,66.9
18262,15020.6,66.8
18263,15023.9,66.7
18264,15027.2,66.6
18265,15030.5,66.5
18266,15033.8,66.4
18267,15037.1,66.3
18268,15040.4,66.2
18269,15043.7,66.1
18270,15047,66
18271,15050.1,65.8
18272,15053.2,65.6
18273,15056.3,65.4
18274,15059.4,65.2
18275,15062.5,65
18276,15065.6,64.8
18277,15068.7,64.6
18278,15071.8,64.4
18279,15074.9,64.2
18280,15078,64
18281,15081,63.7
18282,15084,63.4
18283,15087,63.1
18284,15090,62.8
18285,15093,62.5
18286,15096,62.2
18287,15099,61.9
18288,15102,61.6
18289,15105,61.3
18290,15108,61
18291,15110.7,60.7
18292,15113.4,60.4
18293,15116.1,60.1
18294,15118.8,59.8
18295,15121.5,59.5
18296,15124.2,59.2
18297,15126.9,58.9
18298,15129.6,58.6
18299,15132.3,58.3
18300,15135,58
18301,15137.4,57.6
18302,15139.8,57.2
18303,15142.2,56.8
18304,15144.6,56.4
18305,15147,56
18306,15149.4,55.6
18307,15151.8,55.2
18308,15154.2,54.8
18309,15156.6,54.4
18310,15159,54
18311,15161.1,53.8
18312,15163.2,53.6
18313,15165.3,53.4
18314,15167.4,53.2
18315,15169.5,53
18316,15171.6,52.8
18317,15173.7,52.6
18318,15175.8,52.4
18319,15177.9,52.2
18320,15180,52
18321,15181.7,51.7
18322,15183.4,51.4
18323,15185.1,51.1
18324,15186.8,50.8
18325,15188.5,50.5
18326,15190.2,50.2
18327,15191.9,49.9
18328,15193.6,49.6
18329,15195.3,49.3
18330,15197,49
18331,15198.4,48.7
18332,15199.8,48.4
18333,15201.2,48.1
18334,15202.6,47.8
18335,15204,47.5
18336,15205.4,47.2
18337,15206.8,46.9
18338,15208.2,46.6
18339,15209.6,46.3
18340,15211,46
18341,15212.1,45.8
18342,15213.2,45.6
18343,15214.3,45.4
18344,15215.4,45.2
18345,15216.5,45
18346,15217.6,44.8
18347,15218.7,44.6
18348,15219.8,44.4
18349,15220.9,44.2
18350,15222,44
18351,15222.8,43.8
18352,15223.6,43.6
18353,15224.4,43.4
18354,15225.2,43.2
18355,15226,43
18356,15226.8,42.8
18357,15227.6,42.6
18358,15228.4,42.4
18359,15229.2,42.2
18360,15230,42
18361,15230.7,41.9
18362,15231.4,41.8
18363,15232.1,41.7
18364,15232.8,41.6
18365,15233.5,41.5
18366,15234.2,41.4
18367,15234.9,41.3
18368,15235.6,41.2
18369,15236.3,41.1
18370,15237,41
18371,15237.3,40.9
18372,15237.6,40.8
18373,15237.9,40.7
18374,15238.2,40.6
18375,15238.5,40.5
18376,15238.8,40.4
18377,15239.1,40.3
18378,15239.4,40.2
18379,15239.7,40.1
18380,15240,40
18381,15240.3,39.8
18382,15240.6,39.6
18383,15240.9,39.4
18384,15241.2,39.2
18385,15241.5,39
18386,15241.8,38.8
18387,15242.1,38.6
18388,15242.4,38.4
18389,15242.7,38.2
18390,15243,38
18391,15243,37.9
18392,15243,37.8
18393,15243,37.7
18394,15243,37.6
18395,15243,37.5
18396,15243,37.4
18397,15243,37.3
18398,15243,37.2
18399,15243,37.1
18400,15243,37
18401,15242.9,37
18402,15242.8,37
18403,15242.7,37
18404,15242.6,37
18405,15242.5,37
18406,15242.4,37
18407,15242.3,37
18408,15242.2,37
18409,15242.1,37
18410,15242,37
18411,15241.7,37
18412,15241.4,37
18413,15241.1,37
18414,15240.8,37
18415,15240.5,37
18416,15240.2,37
18417,15239.9,37
18418,15239.6,37
18419,15239.3,37
18420,15239,37
18421,15238.4,37.2
18422,15237.8,37.4
18423,15237.2,37.6
18424,15236.6,37.8
18425,15236,38
18426,15235.4,38.2
18427,15234.8,38.4
18428,15234.2,38.6
18429,15233.6,38.8
18430,15233,39
18431,15232.3,39.1
18432,15231.6,39.2
18433,15230.9,39.3
18434,15230.2,39.4
18435,15229.5,39.5
18436,15228.8,39.6
18437,15228.1,39.7
18438,15227.4,39.8
18439,15226.7,39.9
18440,15226,40
18441,15225,40.2
18442,15224,40.4
18443,15223,40.6
18444,15222,40.8
18445,15221,41
18446,15220,41.2
18447,15219,41.4
18448,15218,41.6
18449,15217,41.8
18450,15216,42
18451,15214.7,42.2
18452,15213.4,42.4
18453,15212.1,42.6
18454,15210.8,42.8
18455,15209.5,43
18456,15208.2,43.2
18457,15206.9,43.4
18458,15205.6,43.6
18459,15204.3,43.8
18460,15203,44
18461,15201.7,44.1
18462,15200.4,44.2
18463,15199.1,44.3
18464,15197.8,44.4
18465,15196.5,44.5
18466,15195.2,44.6
18467,15193.9,44.7
18468,15192.6,44.8
18469,15191.3,44.9
18470,15190,45
18471,15188.5,45.1
18472,15187,45.2
18473,15185.5,45.3
18474,15184,45.4
18475,15182.5,45.5
18476,15181,45.6
18477,15179.5,45.7
18478,15178,45.8
18479,15176.5,45.9
18480,15175,46
18481,15173.4,46.1
18482,15171.8,46.2
18483,15170.2,46.3
18484,15168.6,46.4
18485,15167,46.5
18486,15165.4,46.6
18487,15163.8,46.7
18488,15162.2,46.8
18489,15160.6,46.9
18490,15159,47
18491,15157.4,46.9
18492,15155.8,46.8
18493,15154.2,46.7
18494,15152.6,46.6
18495,15151,46.5
18496,15149.4,46.4
18497,15147.8,46.3
18498,15146.2,46.2
18499,15144.6,46.1
18500,15143,46
18501,15141.5,45.8
18502,15140,45.6
18503,15138.5,45.4
18504,15137,45.2
18505,15135.5,45
18506,15134,44.8
18507,15132.5,44.6
18508,15131,44.4
18509,15129.5,44.2
18510,15128,44
18511,15126.6,43.9
18512,15125.2,43.8
18513,15123.8,43.7
18514,15122.4,43.6
18515,15121,43.5
18516,15119.6,43.4
18517,15118.2,43.3
18518,15116.8,43.2
18519,15115.4,43.1
18520,15114,43
18521,15113,42.9
18522,15112,42.8
18523,15111,42.7
18524,15110,42.6
18525,15109,42.5
18526,15108,42.4
18527,15107,42.3
18528,15106,42.2
18529,15105,42.1
18530,15104,42
18531,15103.4,42
18532,15102.8,42
18533,15102.2,42
18534,15101.6,42
18535,15101,42
18536,15100.4,42
18537,15099.8,42
18538,15099.2,42
18539,15098.6,42
18540,15098,42
18541,15097.9,42.1
18542,15097.8,42.2
18543,15097.7,42.3
18544,15097.6,42.4
18545,15097.5,42.5
18546,15097.4,42.6
18547,15097.3,42.7
18548,15097.2,42.8
18549,15097.1,42.9
18550,15097,43
18551,15097.3,43.2
18552,15097.6,43.4
18553,15097.9,43.6
18554,15098.2,43.8
18555,15098.5,44
18556,15098.8,44.2
18557,15099.1,44.4
18558,15099.4,44.6
18559,15099.7,44.8
18560,15100,45
18561,15100.6,45.2
18562,15101.2,45.4
18563,15101.8,45.6
18564,15102.4,45.8
18565,15103,46
18566,15103.6,46.2
18567,15104.2,46.4
18568,15104.8,46.6
18569,15105.4,46.8
18570,15106,47
18571,15107.1,47.3
18572,15108.2,47.6
18573,15109.3,47.9
18574,15110.4,48.2
18575,15111.5,48.5
18576,15112.6,48.8
18577,15113.7,49.1
18578,15114.8,49.4
18579,15115.9,49.7
18580,15117,50
18581,15118.4,50.3
18582,15119.8,50.6
18583,15121.2,50.9
18584,15122.6,51.2
18585,15124,51.5
18586,15125.4,51.8
18587,15126.8,52.1
18588,15128.2,52.4
18589,15129.6,52.7
18590,15131,53
18591,15132.6,53.3
18592,15134.2,53.6
18593,15135.8,53.9
18594,15137.4,54.2
18595,15139,54.5
18596,15140.6,54.8
18597,15142.2,55.1
18598,15143.8,55.4
18599,15145.4,55.7
18600,15147,56
18601,15148.9,56.2
18602,15150.8,56.4
18603,15152.7,56.6
18604,15154.6,56.8
18605,15156.5,57
18606,15158.4,57.2
18607,15160.3,57.4
18608,15162.2,57.6
18609,15164.1,57.8
18610,15166,58
18611,15168.1,58.1
18612,15170.2,58.2
18613,15172.3,58.3
18614,15174.4,58.4
18615,15176.5,58.5
18616,15178.6,58.6
18617,15180.7,58.7
18618,15182.8,58.8
18619,15184.9,58.9
18620,15187,59
18621,15189.3,58.9
18622,15191.6,58.8
18623,15193.9,58.7
18624,15196.2,58.6
18625,15198.5,58.5
18626,15200.8,58.4
18627,15203.1,58.3
18628,15205.4,58.2
18629,15207.7,58.1
18630,15210,58
18631,15212.4,57.8
18632,15214.8,57.6
18633,15217.2,57.4
18634,15219.6,57.2
18635,15222,57
18636,15224.4,56.8
18637,15226.8,56.6
18638,15229.2,56.4
18639,15231.6,56.2
18640,15234,56
18641,15236.4,55.6
18642,15238.8,55.2
18643,15241.2,54.8
18644,15243.6,54.4
18645,15246,54
18646,15248.4,53.6
18647,15250.8,53.2
18648,15253.2,52.8
18649,15255.6,52.4
18650,15258,52
18651,15260.4,51.7
18652,15262.8,51.4
18653,15265.2,51.1
18654,15267.6,50.8
18655,15270,50.5
18656,15272.4,50.2
18657,15274.8,49.9
18658,15277.2,49.6
18659,15279.6,49.3
18660,15282,49
18661,15284.2,48.7
18662,15286.4,48.4
18663,15288.6,48.1
18664,15290.8,47.8
18665,15293,47.5
18666,15295.2,47.2
18667,15297.4,46.9
18668,15299.6,46.6
18669,15301.8,46.3
18670,15304,46
18671,15306,45.8
18672,15308,45.6
18673,15310,45.4
18674,15312,45.2
18675,15314,45
18676,15316,44.8
18677,15318,44.6
18678,15320,44.4
18679,15322,44.2
18680,15324,44
18681,15325.7,43.7
18682,15327.4,43.4
18683,15329.1,43.1
18684,15330.8,42.8
18685,15332.5,42.5
18686,15334.2,42.2
18687,15335.9,41.9
18688,15337.6,41.6
18689,15339.3,41.3
18690,15341,41
18691,15342.5,40.8
18692,15344,40.6
18693,15345.5,40.4
18694,15347,40.2
18695,15348.5,40
18696,15350,39.8
18697,15351.5,39.6
18698,15353,39.4
18699,15354.5,39.2
18700,15356,39
18701,15357.3,38.8
18702,15358.6,38.6
18703,15359.9,38.4
18704,15361.2,38.2
18705,15362.5,38
18706,15363.8,37.8
18707,15365.1,37.6
18708,15366.4,37.4
18709,15367.7,37.2
18710,15369,37
18711,15370.2,36.9
18712,15371.4,36.8
18713,15372.6,36.7
18714,15373.8,36.6
18715,15375,36.5
18716,15376.2,36.4
18717,15377.4,36.3
18718,15378.6,36.2
18719,15379.8,36.1
18720,15381,36
18721,15382,35.9
18722,15383,35.8
18723,15384,35.7
18724,15385,35.6
18725,15386,35.5
18726,15387,35.4
18727,15388,35.3
18728,15389,35.2
18729,15390,35.1
18730,15391,35
18731,15392.1,34.9
18732,15393.2,34.8
18733,15394.3,34.7
18734,15395.4,34.6
18735,15396.5,34.5
18736,15397.6,34.4
18737,15398.7,34.3
18738,15399.8,34.2
18739,15400.9,34.1
18740,15402,34
18741,15403.1,34
18742,15404.2,34
18743,15405.3,34
18744,15406.4,34
18745,15407.5,34
18746,15408.6,34
18747,15409.7,34
18748,15410.8,34
18749,15411.9,34
18750,15413,34
18751,15414.1,34
18752,15415.2,34
18753,15416.3,34
18754,15417.4,34
18755,15418.5,34
18756,15419.6,34
18757,15420.7,34
18758,15421.8,34
18759,15422.9,34
18760,15424,34
18761,15425.3,34
18762,15426.6,34
18763,15427.9,34
18764,15429.2,34
18765,15430.5,34
18766,15431.8,34
18767,15433.1,34
18768,15434.4,34
18769,15435.7,34
18770,15437,34
18771,15438.4,34
18772,15439.8,34
18773,15441.2,34
18774,15442.6,34
18775,15444,34
18776,15445.4,34
18777,15446.8,34
18778,15448.2,34
18779,15449.6,34
18780,15451,34
18781,15452.5,34.1
18782,15454,34.2
18783,15455.5,34.3
18784,15457,34.4
18785,15458.5,34.5
18786,15460,34.6
18787,15461.5,34.7
18788,15463,34.8
18789,15464.5,34.9
18790,15466,35
18791,15467.7,35.1
18792,15469.4,35.2
18793,15471.1,35.3
18794,15472.8,35.4
18795,15474.5,35.5
18796,15476.2,35.6
18797,15477.9,35.7
18798,15479.6,35.8
18799,15481.3,35.9
18800,15483,36
18801,15484.7,36.1
18802,15486.4,36.2
18803,15488.1,36.3
18804,15489.8,36.4
18805,15491.5,36.5
18806,15493.2,36.6
18807,15494.9,36.7
18808,15496.6,36.8
18809,15498.3,36.9
18810,15500,37
18811,15501.8,37
18812,15503.6,37
18813,15505.4,37
18814,15507.2,37
18815,15509,37
18816,15510.8,37
18817,15512.6,37
18818,15514.4,37
18819,15516.2,37
18820,15518,37
18821,15519.8,37
18822,15521.6,37
18823,15523.4,37
18824,15525.2,37
18825,15527,37
18826,15528.8,37
18827,15530.6,37
18828,15532.4,37
18829,15534.2,37
18830,15536,37
18831,15537.8,36.9
18832,15539.6,36.8
18833,15541.4,36.7
18834,15543.2,36.6
18835,15545,36.5
18836,15546.8,36.4
18837,15548.6,36.3
18838,15550.4,36.2
18839,15552.2,36.1
18840,15554,36
18841,15555.8,35.9
18842,15557.6,35.8
18843,15559.4,35.7
18844,15561.2,35.6
18845,15563,35.5
18846,15564.8,35.4
18847,15566.6,35.3
18848,15568.4,35.2
18849,15570.2,35.1
18850,15572,35
18851,15573.7,35
18852,15575.4,35
18853,15577.1,35
18854,15578.8,35
18855,15580.5,35
18856,15582.2,35
18857,15583.9,35
18858,15585.6,35
18859,15587.3,35
18860,15589,35
18861,15590.7,35
18862,15592.4,35
18863,15594.1,35
18864,15595.8,35
18865,15597.5,35
18866,15599.2,35
18867,15600.9,35
18868,15602.6,35
18869,15604.3,35
18870,15606,35
18871,15607.6,35
18872,15609.2,35
18873,15610.8,35
18874,15612.4,35
18875,15614,35
18876,15615.6,35
18877,15617.2,35
18878,15618.8,35
18879,15620.4,35
18880,15622,35
18881,15623.6,35
18882,15625.2,35
18883,15626.8,35
18884,15628.4,35
18885,15630,35
18886,15631.6,35
18887,15633.2,35
18888,15634.8,35
18889,15636.4,35
18890,15638,35
18891,15639.5,35
18892,15641,35
18893,15642.5,35
18894,15644,35
18895,15645.5,35
18896,15647,35
18897,15648.5,35
18898,15650,35
18899,15651.5,35
18900,15653,35
18901,15654.5,35
18902,15656,35
18903,15657.5,35
18904,15659,35
18905,15660.5,35
18906,15662,35
18907,15663.5,35
18908,15665,35
18909,15666.5,35
18910,15668,35
18911,15669.3,35
18912,15670.6,35
18913,15671.9,35
18914,15673.2,35
18915,15674.5,35
18916,15675.8,35
18917,15677.1,35
18918,15678.4,35
18919,15679.7,35
18920,15681,35
18921,15682.3,35
18922,15683.6,35
18923,15684.9,35
18924,15686.2,35
18925,15687.5,35
18926,15688.8,35
18927,15690.1,35
18928,15691.4,35
18929,15692.7,35
18930,15694,35
18931,15695.2,35
18932,15696.4,35
18933,15697.6,35
18934,15698.8,35
18935,15700,35
18936,15701.2,35
18937,15702.4,35
18938,15703.6,35
18939,15704.8,35
18940,15706,35
18941,15707.1,35
18942,15708.2,35
18943,15709.3,35
18944,15710.4,35
18945,15711.5,35
18946,15712.6,35
18947,15713.7,35
18948,15714.8,35
18949,15715.9,35
18950,15717,35
18951,15718,35
18952,15719,35
18953,15720,35
18954,15721,35
18955,15722,35
18956,15723,35
18957,15724,35
18958,15725,35
18959,15726,35
18960,15727,35
18961,15727.9,35
18962,15728.8,35
18963,15729.7,35
18964,15730.6,35
18965,15731.5,35
18966,15732.4,35
18967,15733.3,35
18968,15734.2,35
18969,15735.1,35
18970,15736,35
18971,15736.9,35.1
18972,15737.8,35.2
18973,15738.7,35.3
18974,15739.6,35.4
18975,15740.5,35.5
18976,15741.4,35.6
18977,15742.3,35.7
18978,15743.2,35.8
18979,15744.1,35.9
18980,15745,36
18981,15745.8,36
18982,15746.6,36
18983,15747.4,36
18984,15748.2,36
18985,15749,36
18986,15749.8,36
18987,15750.6,36
18988,15751.4,36
18989,15752.2,36
18990,15753,36
18991,15753.7,36
18992,15754.4,36
18993,15755.1,36
18994,15755.8,36
18995,15756.5,36
18996,15757.2,36
18997,15757.9,36
18998,15758.6,36
18999,15759.3,36
19000,15760,36
19001,15760.7,36
19002,15761.4,36
19003,15762.1,36
19004,15762.8,36
19005,15763.5,36
19006,15764.2,36
19007,15764.9,36
19008,15765.6,36
19009,15766.3,36
19010,15767,36
19011,15767.6,36
19012,15768.2,36
19013,15768.8,36
19014,15769.4,36
19015,15770,36
19016,15770.6,36
19017,15771.2,36
19018,15771.8,36
19019,15772.4,36
19020,15773,36
19021,15773.7,35.9
19022,15774.4,35.8
19023,15775.1,35.7
19024,15775.8,35.6
19025,15776.5,35.5
19026,15777.2,35.4
19027,15777.9,35.3
19028,15778.6,35.2
19029,15779.3,35.1
19030,15780,35
19031,15780.6,35
19032,15781.2,35
19033,15781.8,35
19034,15782.4,35
19035,15783,35
19036,15783.6,35
19037,15784.2,35
19038,15784.8,35
19039,15785.4,35
19040,15786,35
19041,15786.6,35
19042,15787.2,35
19043,15787.8,35
19044,15788.4,35
19045,15789,35
19046,15789.6,35
19047,15790.2,35
19048,15790.8,35
19049,15791.4,35
19050,15792,35
19051,15792.7,35
19052,15793.4,35
19053,15794.1,35
19054,15794.8,35
19055,15795.5,35
19056,15796.2,35
19057,15796.9,35
19058,15797.6,35
19059,15798.3,35
19060,15799,35
19061,15799.7,35
19062,15800.4,35
19063,15801.1,35
19064,15801.8,35
19065,15802.5,35
19066,15803.2,35
19067,15803.9,35
19068,15804.6,35
19069,15805.3,35
19070,15806,35
19071,15806.8,35.1
19072,15807.6,35.2
19073,15808.4,35.3
19074,15809.2,35.4
19075,15810,35.5
19076,15810.8,35.6
19077,15811.6,35.7
19078,15812.4,35.8
19079,15813.2,35.9
19080,15814,36
19081,15814.9,36
19082,15815.8,36
19083,15816.7,36
19084,15817.6,36
19085,15818.5,36
19086,15819.4,36
19087,15820.3,36
19088,15821.2,36
19089,15822.1,36
19090,15823,36
19091,15823.9,36.1
19092,15824.8,36.2
19093,15825.7,36.3
19094,15826.6,36.4
19095,15827.5,36.5
19096,15828.4,36.6
19097,15829.3,36.7
19098,15830.2,36.8
19099,15831.1,36.9
19100,15832,37
19101,15833.1,37.1
19102,15834.2,37.2
19103,15835.3,37.3
19104,15836.4,37.4
19105,15837.5,37.5
19106,15838.6,37.6
19107,15839.7,37.7
19108,15840.8,37.8
19109,15841.9,37.9
19110,15843,38
19111,15844.1,38.1
19112,15845.2,38.2
19113,15846.3,38.3
19114,15847.4,38.4
19115,15848.5,38.5
19116,15849.6,38.6
19117,15850.7,38.7
19118,15851.8,38.8
19119,15852.9,38.9
19120,15854,39
19121,15855.2,39
19122,15856.4,39
19123,15857.6,39
19124,15858.8,39
19125,15860,39
19126,15861.2,39
19127,15862.4,39
19128,15863.6,39
19129,15864.8,39
19130,15866,39
19131,15867.2,39.1
19132,15868.4,39.2
19133,15869.6,39.3
19134,15870.8,39.4
19135,15872,39.5
19136,15873.2,39.6
19137,15874.4,39.7
19138,15875.6,39.8
19139,15876.8,39.9
19140,15878,40
19141,15879.3,40
19142,15880.6,40
19143,15881.9,40
19144,15883.2,40
19145,15884.5,40
19146,15885.8,40
19147,15887.1,40
19148,15888.4,40
19149,15889.7,40
19150,15891,40
19151,15892.2,39.9
19152,15893.4,39.8
19153,15894.6,39.7
19154,15895.8,39.6
19155,15897,39.5
19156,15898.2,39.4
19157,15899.4,39.3
19158,15900.6,39.2
19159,15901.8,39.1
19160,15903,39
19161,15904.1,38.9
19162,15905.2,38.8
19163,15906.3,38.7
19164,15907.4,38.6
19165,15908.5,38.5
19166,15909.6,38.4
19167,15910.7,38.3
19168,15911.8,38.2
19169,15912.9,38.1
19170,15914,38
19171,15915.1,37.9
19172,15916.2,37.8
19173,15917.3,37.7
19174,15918.4,37.6
19175,15919.5,37.5
19176,15920.6,37.4
19177,15921.7,37.3
19178,15922.8,37.2
19179,15923.9,37.1
19180,15925,37
19181,15926,36.9
19182,15927,36.8
19183,15928,36.7
19184,15929,36.6
19185,15930,36.5
19186,15931,36.4
19187,15932,36.3
19188,15933,36.2
19189,15934,36.1
19190,15935,36
19191,15935.9,36
19192,15936.8,36
19193,15937.7,36
19194,15938.6,36
19195,15939.5,36
19196,15940.4,36
19197,15941.3,36
19198,15942.2,36
19199,15943.1,36
19200,15944,36
19201,15944.8,35.9
19202,15945.6,35.8
19203,15946.4,35.7
19204,15947.2,35.6
19205,15948,35.5
19206,15948.8,35.4
19207,15949.6,35.3
19208,15950.4,35.2
19209,15951.2,35.1
19210,15952,35
19211,15952.7,35
19212,15953.4,35
19213,15954.1,35
19214,15954.8,35
19215,15955.5,35
19216,15956.2,35
19217,15956.9,35
19218,15957.6,35
19219,15958.3,35
19220,15959,35
19221,15959.5,35
19222,15960,35
19223,15960.5,35
19224,15961,35
19225,15961.5,35
19226,15962,35
19227,15962.5,35
19228,15963,35
19229,15963.5,35
19230,15964,35
19231,15964.4,35
19232,15964.8,35
19233,15965.2,35
19234,15965.6,35
19235,15966,35
19236,15966.4,35
19237,15966.8,35
19238,15967.2,35
19239,15967.6,35
19240,15968,35
19241,15968.4,35.1
19242,15968.8,35.2
19243,15969.2,35.3
19244,15969.6,35.4
19245,15970,35.5
19246,15970.4,35.6
19247,15970.8,35.7
19248,15971.2,35.8
19249,15971.6,35.9
19250,15972,36
19251,15972.3,36
19252,15972.6,36
19253,15972.9,36
19254,15973.2,36
19255,15973.5,36
19256,15973.8,36
19257,15974.1,36
19258,15974.4,36
19259,15974.7,36
19260,15975,36
19261,15975.3,36.1
19262,15975.6,36.2
19263,15975.9,36.3
19264,15976.2,36.4
19265,15976.5,36.5
19266,15976.8,36.6
19267,15977.1,36.7
19268,15977.4,36.8
19269,15977.7,36.9
19270,15978,37
19271,15978.3,37
19272,15978.6,37
19273,15978.9,37
19274,15979.2,37
19275,15979.5,37
19276,15979.8,37
19277,15980.1,37
19278,15980.4,37
19279,15980.7,37
19280,15981,37
19281,15981.2,36.9
19282,15981.4,36.8
19283,15981.6,36.7
19284,15981.8,36.6
19285,15982,36.5
19286,15982.2,36.4
19287,15982.4,36.3
19288,15982.6,36.2
19289,15982.8,36.1
19290,15983,36
19291,15983.2,36
19292,15983.4,36
19293,15983.6,36
19294,15983.8,36
19295,15984,36
19296,15984.2,36
19297,15984.4,36
19298,15984.6,36
19299,15984.8,36
19300,15985,36
19301,15985.3,36
19302,15985.6,36
19303,15985.9,36
19304,15986.2,36
19305,15986.5,36
19306,15986.8,36
19307,15987.1,36
19308,15987.4,36
19309,15987.7,36
19310,15988,36
19311,15988.3,36
19312,15988.6,36
19313,15988.9,36
19314,15989.2,36
19315,15989.5,36
19316,15989.8,36
19317,15990.1,36
19318,15990.4,36
19319,15990.7,36
19320,15991,36
19321,15991.3,36.1
19322,15991.6,36.2
19323,15991.9,36.3
19324,15992.2,36.4
19325,15992.5,36.5
19326,15992.8,36.6
19327,15993.1,36.7
19328,15993.4,36.8
19329,15993.7,36.9
19330,15994,37
19331,15994.3,37
19332,15994.6,37
19333,15994.9,37
19334,15995.2,37
19335,15995.5,37
19336,15995.8,37
19337,15996.1,37
19338,15996.4,37
19339,15996.7,37
19340,15997,37
19341,15997.5,37
19342,15998,37
19343,15998.5,37
19344,15999,37
19345,15999.5,37
19346,16000,37
19347,16000.5,37
19348,16001,37
19349,16001.5,37
19350,16002,37
19351,16002.4,37
19352,16002.8,37
19353,16003.2,37
19354,16003.6,37
19355,16004,37
19356,16004.4,37
19357,16004.8,37
19358,16005.2,37
19359,16005.6,37
19360,16006,37
19361,16006.6,36.9
19362,16007.2,36.8
19363,16007.8,36.7
19364,16008.4,36.6
19365,16009,36.5
19366,16009.6,36.4
19367,16010.2,36.3
19368,16010.8,36.2
19369,16011.4,36.1
19370,16012,36
19371,16012.6,36
19372,16013.2,36
19373,16013.8,36
19374,16014.4,36
19375,16015,36
19376,16015.6,36
19377,16016.2,36
19378,16016.8,36
19379,16017.4,36
19380,16018,36
19381,16018.6,36
19382,16019.2,36
19383,16019.8,36
19384,16020.4,36
19385,16021,36
19386,16021.6,36
19387,16022.2,36
19388,16022.8,36
19389,16023.4,36
19390,16024,36
19391,16024.8,36
19392,16025.6,36
19393,16026.4,36
19394,16027.2,36
19395,16028,36
19396,16028.8,36
19397,16029.6,36
19398,16030.4,36
19399,16031.2,36
19400,16032,36
19401,16032.8,36.1
19402,16033.6,36.2
19403,16034.4,36.3
19404,16035.2,36.4
19405,16036,36.5
19406,16036.8,36.6
19407,16037.6,36.7
19408,16038.4,36.8
19409,16039.2,36.9
19410,16040,37
19411,16040.8,37
19412,16041.6,37
19413,16042.4,37
19414,16043.2,37
19415,16044,37
19416,16044.8,37
19417,16045.6,37
19418,16046.4,37
19419,16047.2,37
19420,16048,37
19421,16049,36.9
19422,16050,36.8
19423,16051,36.7
19424,16052,36.6
19425,16053,36.5
19426,16054,36.4
19427,16055,36.3
19428,16056,36.2
19429,16057,36.1
19430,16058,36
19431,16059,36
19432,16060,36
19433,16061,36
19434,16062,36
19435,16063,36
19436,16064,36
19437,16065,36
19438,16066,36
19439,16067,36
19440,16068,36
19441,16069,36
19442,16070,36
19443,16071,36
19444,16072,36
19445,16073,36
19446,16074,36
19447,16075,36
19448,16076,36
19449,16077,36
19450,16078,36
19451,16079.1,36.1
19452,16080.2,36.2
19453,16081.3,36.3
19454,16082.4,36.4
19455,16083.5,36.5
19456,16084.6,36.6
19457,16085.7,36.7
19458,16086.8,36.8
19459,16087.9,36.9
19460,16089,37
19461,16090.1,37
19462,16091.2,37
19463,16092.3,37
19464,16093.4,37
19465,16094.5,37
19466,16095.6,37
19467,16096.7,37
19468,16097.8,37
19469,16098.9,37
19470,16100,37
19471,16101.1,37
19472,16102.2,37
19473,16103.3,37
19474,16104.4,37
19475,16105.5,37
19476,16106.6,37
19477,16107.7,37
19478,16108.8,37
19479,16109.9,37
19480,16111,37
19481,16112.3,37.1
19482,16113.6,37.2
19483,16114.9,37.3
19484,16116.2,37.4
19485,16117.5,37.5
19486,16118.8,37.6
19487,16120.1,37.7
19488,16121.4,37.8
19489,16122.7,37.9
19490,16124,38
19491,16125.2,38.2
19492,16126.4,38.4
19493,16127.6,38.6
19494,16128.8,38.8
19495,16130,39
19496,16131.2,39.2
19497,16132.4,39.4
19498,16133.6,39.6
19499,16134.8,39.8
19500,16136,40
19501,16137.4,40.2
19502,16138.8,40.4
19503,16140.2,40.6
19504,16141.6,40.8
19505,16143,41
19506,16144.4,41.2
19507,16145.8,41.4
19508,16147.2,41.6
19509,16148.6,41.8
19510,16150,42
19511,16151.4,42.1
19512,16152.8,42.2
19513,16154.2,42.3
19514,16155.6,42.4
19515,16157,42.5
19516,16158.4,42.6
19517,16159.8,42.7
19518,16161.2,42.8
19519,16162.6,42.9
19520,16164,43
19521,16165.5,43.2
19522,16167,43.4
19523,16168.5,43.6
19524,16170,43.8
19525,16171.5,44
19526,16173,44.2
19527,16174.5,44.4
19528,16176,44.6
19529,16177.5,44.8
19530,16179,45
19531,16180.7,45.1
19532,16182.4,45.2
19533,16184.1,45.3
19534,16185.8,45.4
19535,16187.5,45.5
19536,16189.2,45.6
19537,16190.9,45.7
19538,16192.6,45.8
19539,16194.3,45.9
19540,16196,46
19541,16197.7,46.2
19542,16199.4,46.4
19543,16201.1,46.6
19544,16202.8,46.8
19545,16204.5,47
19546,16206.2,47.2
19547,16207.9,47.4
19548,16209.6,47.6
19549,16211.3,47.8
19550,16213,48
19551,16214.9,48.1
19552,16216.8,48.2
19553,16218.7,48.3
19554,16220.6,48.4
19555,16222.5,48.5
19556,16224.4,48.6
19557,16226.3,48.7
19558,16228.2,48.8
19559,16230.1,48.9
19560,16232,49
19561,16234,49.1
19562,16236,49.2
19563,16238,49.3
19564,16240,49.4
19565,16242,49.5
19566,16244,49.6
19567,16246,49.7
19568,16248,49.8
19569,16250,49.9
19570,16252,50
19571,16254,50.1
19572,16256,50.2
19573,16258,50.3
19574,16260,50.4
19575,16262,50.5
19576,16264,50.6
19577,16266,50.7
19578,16268,50.8
19579,16270,50.9
19580,16272,51
19581,16274,51
19582,16276,51
19583,16278,51
19584,16280,51
19585,16282,51
19586,16284,51
19587,16286,51
19588,16288,51
19589,16290,51
19590,16292,51
19591,16293.9,51
19592,16295.8,51
19593,16297.7,51
19594,16299.6,51
19595,16301.5,51
19596,16303.4,51
19597,16305.3,51
19598,16307.2,51
19599,16309.1,51
19600,16311,51
19601,16312.8,51
19602,16314.6,51
19603,16316.4,51
19604,16318.2,51
19605,16320,51
19606,16321.8,51
19607,16323.6,51
19608,16325.4,51
19609,16327.2,51
19610,16329,51
19611,16330.6,51
19612,16332.2,51
19613,16333.8,51
19614,16335.4,51
19615,16337,51
19616,16338.6,51
19617,16340.2,51
19618,16341.8,51
19619,16343.4,51
19620,16345,51
19621,16346.4,50.9
19622,16347.8,50.8
19623,16349.2,50.7
19624,16350.6,50.6
19625,16352,50.5
19626,16353.4,50.4
19627,16354.8,50.3
19628,16356.2,50.2
19629,16357.6,50.1
19630,16359,50
19631,16360.1,49.9
19632,16361.2,49.8
19633,16362.3,49.7
19634,16363.4,49.6
19635,16364.5,49.5
19636,16365.6,49.4
19637,16366.7,49.3
19638,16367.8,49.2
19639,16368.9,49.1
19640,16370,49
19641,16370.8,48.8
19642,16371.6,48.6
19643,16372.4,48.4
19644,16373.2,48.2
19645,16374,48
19646,16374.8,47.8
19647,16375.6,47.6
19648,16376.4,47.4
19649,16377.2,47.2
19650,16378,47
19651,16378.5,47
19652,16379,47
19653,16379.5,47
19654,16380,47
19655,16380.5,47
19656,16381,47
19657,16381.5,47
19658,16382,47
19659,16382.5,47
19660,16383,47
19661,16383.2,46.9
19662,16383.4,46.8
19663,16383.6,46.7
19664,16383.8,46.6
19665,16384,46.5
19666,16384.2,46.4
19667,16384.4,46.3
19668,16384.6,46.2
19669,16384.8,46.1
19670,16385,46
19671,16384.8,46
19672,16384.6,46
19673,16384.4,46
19674,16384.2,46
19675,16384,46
19676,16383.8,46
19677,16383.6,46
19678,16383.4,46
19679,16383.2,46
19680,16383,46
19681,16382.6,45.9
19682,16382.2,45.8
19683,16381.8,45.7
19684,16381.4,45.6
19685,16381,45.5
19686,16380.6,45.4
19687,16380.2,45.3
19688,16379.8,45.2
19689,16379.4,45.1
19690,16379,45
19691,16378.4,45
19692,16377.8,45
19693,16377.2,45
19694,16376.6,45
19695,16376,45
19696,16375.4,45
19697,16374.8,45
19698,16374.2,45
19699,16373.6,45
19700,16373,45
19701,16372.3,45
19702,16371.6,45
19703,16370.9,45
19704,16370.2,45
19705,16369.5,45
19706,16368.8,45
19707,16368.1,45
19708,16367.4,45
19709,16366.7,45
19710,16366,45
19711,16365.4,45.1
19712,16364.8,45.2
19713,16364.2,45.3
19714,16363.6,45.4
19715,16363,45.5
19716,16362.4,45.6
19717,16361.8,45.7
19718,16361.2,45.8
19719,16360.6,45.9
19720,16360,46
19721,16359.4,45.9
19722,16358.8,45.8
19723,16358.2,45.7
19724,16357.6,45.6
19725,16357,45.5
19726,16356.4,45.4
19727,16355.8,45.3
19728,16355.2,45.2
19729,16354.6,45.1
19730,16354,45
19731,16353.6,45
19732,16353.2,45
19733,16352.8,45
19734,16352.4,45
19735,16352,45
19736,16351.6,45
19737,16351.2,45
19738,16350.8,45
19739,16350.4,45
19740,16350,45
19741,16349.7,44.8
19742,16349.4,44.6
19743,16349.1,44.4
19744,16348.8,44.2
19745,16348.5,44
19746,16348.2,43.8
19747,16347.9,43.6
19748,16347.6,43.4
19749,16347.3,43.2
19750,16347,43
19751,16346.9,42.9
19752,16346.8,42.8
19753,16346.7,42.7
19754,16346.6,42.6
19755,16346.5,42.5
19756,16346.4,42.4
19757,16346.3,42.3
19758,16346.2,42.2
19759,16346.1,42.1
19760,16346,42
19761,16346,41.9
19762,16346,41.8
19763,16346,41.7
19764,16346,41.6
19765,16346,41.5
19766,16346,41.4
19767,16346,41.3
19768,16346,41.2
19769,16346,41.1
19770,16346,41
19771,16346.2,41
19772,16346.4,41
19773,16346.6,41
19774,16346.8,41
19775,16347,41
19776,16347.2,41
19777,16347.4,41
19778,16347.6,41
19779,16347.8,41
19780,16348,41
19781,16348.4,41
19782,16348.8,41
19783,16349.2,41
19784,16349.6,41
19785,16350,41
19786,16350.4,41
19787,16350.8,41
19788,16351.2,41
19789,16351.6,41
19790,16352,41
19791,16352.6,41
19792,16353.2,41
19793,16353.8,41
19794,16354.4,41
19795,16355,41
19796,16355.6,41
19797,16356.2,41
19798,16356.8,41
19799,16357.4,41
19800,16358,41
19801,16358.8,41
19802,16359.6,41
19803,16360.4,41
19804,16361.2,41
19805,16362,41
19806,16362.8,41
19807,16363.6,41
19808,16364.4,41
19809,16365.2,41
19810,16366,41
19811,16367,41
19812,16368,41
19813,16369,41
19814,16370,41
19815,16371,41
19816,16372,41
19817,16373,41
19818,16374,41
19819,16375,41
19820,16376,41
19821,16377.1,41.1
19822,16378.2,41.2
19823,16379.3,41.3
19824,16380.4,41.4
19825,16381.5,41.5
19826,16382.6,41.6
19827,16383.7,41.7
19828,16384.8,41.8
19829,16385.9,41.9
19830,16387,42
19831,16388.3,42.1
19832,16389.6,42.2
19833,16390.9,42.3
19834,16392.2,42.4
19835,16393.5,42.5
19836,16394.8,42.6
19837,16396.1,42.7
19838,16397.4,42.8
19839,16398.7,42.9
19840,16400,43
19841,16401.3,43
19842,16402.6,43
19843,16403.9,43
19844,16405.2,43
19845,16406.5,43
19846,16407.8,43
19847,16409.1,43
19848,16410.4,43
19849,16411.7,43
19850,16413,43
19851,16414.5,43.1
19852,16416,43.2
19853,16417.5,43.3
19854,16419,43.4
19855,16420.5,43.5
19856,16422,43.6
19857,16423.5,43.7
19858,16425,43.8
19859,16426.5,43.9
19860,16428,44
19861,16429.5,44
19862,16431,44
19863,16432.5,44
19864,16434,44
19865,16435.5,44
19866,16437,44
19867,16438.5,44
19868,16440,44
19869,16441.5,44
19870,16443,44
19871,16444.5,44
19872,16446,44
19873,16447.5,44
19874,16449,44
19875,16450.5,44
19876,16452,44
19877,16453.5,44
19878,16455,44
19879,16456.5,44
19880,16458,44
19881,16459.5,43.9
19882,16461,43.8
19883,16462.5,43.7
19884,16464,43.6
19885,16465.5,43.5
19886,16467,43.4
19887,16468.5,43.3
19888,16470,43.2
19889,16471.5,43.1
19890,16473,43
19891,16474.5,43
19892,16476,43
19893,16477.5,43
19894,16479,43
19895,16480.5,43
19896,16482,43
19897,16483.5,43
19898,16485,43
19899,16486.5,43
19900,16488,43
19901,16489.4,43
19902,16490.8,43
19903,16492.2,43
19904,16493.6,43
19905,16495,43
19906,16496.4,43
19907,16497.8,43
19908,16499.2,43
19909,16500.6,43
19910,16502,43
19911,16503.2,43
19912,16504.4,43
19913,16505.6,43
19914,16506.8,43
19915,16508,43
19916,16509.2,43
19917,16510.4,43
19918,16511.6,43
19919,16512.8,43
19920,16514,43
19921,16515.1,42.9
19922,16516.2,42.8
19923,16517.3,42.7
19924,16518.4,42.6
19925,16519.5,42.5
19926,16520.6,42.4
19927,16521.7,42.3
19928,16522.8,42.2
19929,16523.9,42.1
19930,16525,42
19931,16525.9,42
19932,16526.8,42
19933,16527.7,42
19934,16528.6,42
19935,16529.5,42
19936,16530.4,42
19937,16531.3,42
19938,16532.2,42
19939,16533.1,42
19940,16534,42
19941,16534.7,42
19942,16535.4,42
19943,16536.1,42
19944,16536.8,42
19945,16537.5,42
19946,16538.2,42
19947,16538.9,42
19948,16539.6,42
19949,16540.3,42
19950,16541,42
19951,16541.6,42
19952,16542.2,42
19953,16542.8,42
19954,16543.4,42
19955,16544,42
19956,16544.6,42
19957,16545.2,42
19958,16545.8,42
19959,16546.4,42
19960,16547,42
19961,16547.6,42
19962,16548.2,42
19963,16548.8,42
19964,16549.4,42
19965,16550,42
19966,16550.6,42
19967,16551.2,42
19968,16551.8,42
19969,16552.4,42
19970,16553,42
19971,16553.5,42.1
19972,16554,42.2
19973,16554.5,42.3
19974,16555,42.4
19975,16555.5,42.5
19976,16556,42.6
19977,16556.5,42.7
19978,16557,42.8
19979,16557.5,42.9
19980,16558,43
19981,16558.4,43.1
19982,16558.8,43.2
19983,16559.2,43.3
19984,16559.6,43.4
19985,16560,43.5
19986,16560.4,43.6
19987,16560.8,43.7
19988,16561.2,43.8
19989,16561.6,43.9
19990,16562,44
19991,16562.4,44.1
19992,16562.8,44.2
19993,16563.2,44.3
19994,16563.6,44.4
19995,16564,44.5
19996,16564.4,44.6
19997,16564.8,44.7
19998,16565.2,44.8
19999,16565.6,44.9
20000,16566,45
20001,16566.4,45
20002,16566.8,45
20003,16567.2,45
20004,16567.6,45
20005,16568,45
20006,16568.4,45
20007,16568.8,45
20008,16569.2,45
20009,16569.6,45
20010,16570,45
20011,16570.4,45
20012,16570.8,45
20013,16571.2,45
20014,16571.6,45
20015,16572,45
20016,16572.4,45
20017,16572.8,45
20018,16573.2,45
20019,16573.6,45
20020,16574,45
20021,16574.4,44.9
20022,16574.8,44.8
20023,16575.2,44.7
20024,16575.6,44.6
20025,16576,44.5
20026,16576.4,44.4
20027,16576.8,44.3
20028,16577.2,44.2
20029,16577.6,44.1
20030,16578,44
20031,16578.5,44.1
20032,16579,44.2
20033,16579.5,44.3
20034,16580,44.4
20035,16580.5,44.5
20036,16581,44.6
20037,16581.5,44.7
20038,16582,44.8
20039,16582.5,44.9
20040,16583,45
20041,16583.5,45
20042,16584,45
20043,16584.5,45
20044,16585,45
20045,16585.5,45
20046,16586,45
20047,16586.5,45
20048,16587,45
20049,16587.5,45
20050,16588,45
20051,16588.6,45.1
20052,16589.2,45.2
20053,16589.8,45.3
20054,16590.4,45.4
20055,16591,45.5
20056,16591.6,45.6
20057,16592.2,45.7
20058,16592.8,45.8
20059,16593.4,45.9
20060,16594,46
20061,16594.7,46
20062,16595.4,46
20063,16596.1,46
20064,16596.8,46
20065,16597.5,46
20066,16598.2,46
20067,16598.9,46
20068,16599.6,46
20069,16600.3,46
20070,16601,46
20071,16601.7,46
20072,16602.4,46
20073,16603.1,46
20074,16603.8,46
20075,16604.5,46
20076,16605.2,46
20077,16605.9,46
20078,16606.6,46
20079,16607.3,46
20080,16608,46
20081,16608.8,45.9
20082,16609.6,45.8
20083,16610.4,45.7
20084,16611.2,45.6
20085,16612,45.5
20086,16612.8,45.4
20087,16613.6,45.3
20088,16614.4,45.2
20089,16615.2,45.1
20090,16616,45
20091,16616.8,45
20092,16617.6,45
20093,16618.4,45
20094,16619.2,45
20095,16620,45
20096,16620.8,45
20097,16621.6,45
20098,16622.4,45
20099,16623.2,45
20100,16624,45
20101,16624.8,44.9
20102,16625.6,44.8
20103,16626.4,44.7
20104,16627.2,44.6
20105,16628,44.5
20106,16628.8,44.4
20107,16629.6,44.3
20108,16630.4,44.2
20109,16631.2,44.1
20110,16632,44
20111,16632.8,44
20112,16633.6,44
20113,16634.4,44
20114,16635.2,44
20115,16636,44
20116,16636.8,44
20117,16637.6,44
20118,16638.4,44
20119,16639.2,44
20120,16640,44
20121,16640.8,44
20122,16641.6,44
20123,16642.4,44
20124,16643.2,44
20125,16644,44
20126,16644.8,44
20127,16645.6,44
20128,16646.4,44
20129,16647.2,44
20130,16648,44
20131,16648.8,43.9
20132,16649.6,43.8
20133,16650.4,43.7
20134,16651.2,43.6
20135,16652,43.5
20136,16652.8,43.4
20137,16653.6,43.3
20138,16654.4,43.2
20139,16655.2,43.1
20140,16656,43
20141,16656.8,43
20142,16657.6,43
20143,16658.4,43
20144,16659.2,43
20145,16660,43
20146,16660.8,43
20147,16661.6,43
20148,16662.4,43
20149,16663.2,43
20150,16664,43
20151,16664.7,42.9
20152,16665.4,42.8
20153,16666.1,42.7
20154,16666.8,42.6
20155,16667.5,42.5
20156,16668.2,42.4
20157,16668.9,42.3
20158,16669.6,42.2
20159,16670.3,42.1
20160,16671,42
20161,16671.7,41.9
20162,16672.4,41.8
20163,16673.1,41.7
20164,16673.8,41.6
20165,16674.5,41.5
20166,16675.2,41.4
20167,16675.9,41.3
20168,16676.6,41.2
20169,16677.3,41.1
20170,16678,41
20171,16678.6,40.9
20172,16679.2,40.8
20173,16679.8,40.7
20174,16680.4,40.6
20175,16681,40.5
20176,16681.6,40.4
20177,16682.2,40.3
20178,16682.8,40.2
20179,16683.4,40.1
20180,16684,40
20181,16684.7,40
20182,16685.4,40
20183,16686.1,40
20184,16686.8,40
20185,16687.5,40
20186,16688.2,40
20187,16688.9,40
20188,16689.6,40
20189,16690.3,40
20190,16691,40
20191,16691.7,40
20192,16692.4,40
20193,16693.1,40
20194,16693.8,40
20195,16694.5,40
20196,16695.2,40
20197,16695.9,40
20198,16696.6,40
20199,16697.3,40
20200,16698,40
20201,16698.7,40
20202,16699.4,40
20203,16700.1,40
20204,16700.8,40
20205,16701.5,40
20206,16702.2,40
20207,16702.9,40
20208,16703.6,40
20209,16704.3,40
20210,16705,40
20211,16705.7,40
20212,16706.4,40
20213,16707.1,40
20214,16707.8,40
20215,16708.5,40
20216,16709.2,40
20217,16709.9,40
20218,16710.6,40
20219,16711.3,40
20220,16712,40
20221,16712.8,40
20222,16713.6,40
20223,16714.4,40
20224,16715.2,40
20225,16716,40
20226,16716.8,40
20227,16717.6,40
20228,16718.4,40
20229,16719.2,40
20230,16720,40
20231,16720.8,40
20232,16721.6,40
20233,16722.4,40
20234,16723.2,40
20235,16724,40
20236,16724.8,40
20237,16725.6,40
20238,16726.4,40
20239,16727.2,40
20240,16728,40
20241,16728.8,40
20242,16729.6,40
20243,16730.4,40
20244,16731.2,40
20245,16732,40
20246,16732.8,40
20247,16733.6,40
20248,16734.4,40
20249,16735.2,40
20250,16736,40
20251,16736.8,40.1
20252,16737.6,40.2
20253,16738.4,40.3
20254,16739.2,40.4
20255,16740,40.5
20256,16740.8,40.6
20257,16741.6,40.7
20258,16742.4,40.8
20259,16743.2,40.9
20260,16744,41
20261,16744.9,41
20262,16745.8,41
20263,16746.7,41
20264,16747.6,41
20265,16748.5,41
20266,16749.4,41
20267,16750.3,41
20268,16751.2,41
20269,16752.1,41
20270,16753,41
20271,16753.8,41
20272,16754.6,41
20273,16755.4,41
20274,16756.2,41
20275,16757,41
20276,16757.8,41
20277,16758.6,41
20278,16759.4,41
20279,16760.2,41
20280,16761,41
20281,16761.9,41
20282,16762.8,41
20283,16763.7,41
20284,16764.6,41
20285,16765.5,41
20286,16766.4,41
20287,16767.3,41
20288,16768.2,41
20289,16769.1,41
20290,16770,41
20291,16770.8,41
20292,16771.6,41
20293,16772.4,41
20294,16773.2,41
20295,16774,41
20296,16774.8,41
20297,16775.6,41
20298,16776.4,41
20299,16777.2,41
20300,16778,41
20301,16778.9,41
20302,16779.8,41
20303,16780.7,41
20304,16781.6,41
20305,16782.5,41
20306,16783.4,41
20307,16784.3,41
20308,16785.2,41
20309,16786.1,41
20310,16787,41
20311,16787.8,41
20312,16788.6,41
20313,16789.4,41
20314,16790.2,41
20315,16791,41
20316,16791.8,41
20317,16792.6,41
20318,16793.4,41
20319,16794.2,41
20320,16795,41
20321,16795.8,41
20322,16796.6,41
20323,16797.4,41
20324,16798.2,41
20325,16799,41
20326,16799.8,41
20327,16800.6,41
20328,16801.4,41
20329,16802.2,41
20330,16803,41
20331,16803.7,41
20332,16804.4,41
20333,16805.1,41
20334,16805.8,41
20335,16806.5,41
20336,16807.2,41
20337,16807.9,41
20338,16808.6,41
20339,16809.3,41
20340,16810,41
20341,16810.8,41
20342,16811.6,41
20343,16812.4,41
20344,16813.2,41
20345,16814,41
20346,16814.8,41
20347,16815.6,41
20348,16816.4,41
20349,16817.2,41
20350,16818,41
20351,16818.7,41
20352,16819.4,41
20353,16820.1,41
20354,16820.8,41
20355,16821.5,41
20356,16822.2,41
20357,16822.9,41
20358,16823.6,41
20359,16824.3,41
20360,16825,41
20361,16825.7,40.9
20362,16826.4,40.8
20363,16827.1,40.7
20364,16827.8,40.6
20365,16828.5,40.5
20366,16829.2,40.4
20367,16829.9,40.3
20368,16830.6,40.2
20369,16831.3,40.1
20370,16832,40
20371,16832.7,40
20372,16833.4,40
20373,16834.1,40
20374,16834.8,40
20375,16835.5,40
20376,16836.2,40
20377,16836.9,40
20378,16837.6,40
20379,16838.3,40
20380,16839,40
20381,16839.8,40
20382,16840.6,40
20383,16841.4,40
20384,16842.2,40
20385,16843,40
20386,16843.8,40
20387,16844.6,40
20388,16845.4,40
20389,16846.2,40
20390,16847,40
20391,16847.7,40
20392,16848.4,40
20393,16849.1,40
20394,16849.8,40
20395,16850.5,40
20396,16851.2,40
20397,16851.9,40
20398,16852.6,40
20399,16853.3,40
20400,16854,40
20401,16854.9,40
20402,16855.8,40
20403,16856.7,40
20404,16857.6,40
20405,16858.5,40
20406,16859.4,40
20407,16860.3,40
20408,16861.2,40
20409,16862.1,40
20410,16863,40
20411,16863.9,40.1
20412,16864.8,40.2
20413,16865.7,40.3
20414,16866.6,40.4
20415,16867.5,40.5
20416,16868.4,40.6
20417,16869.3,40.7
20418,16870.2,40.8
20419,16871.1,40.9
20420,16872,41
20421,16873,41
20422,16874,41
20423,16875,41
20424,16876,41
20425,16877,41
20426,16878,41
20427,16879,41
20428,16880,41
20429,16881,41
20430,16882,41
20431,16883.1,41.1
20432,16884.2,41.2
20433,16885.3,41.3
20434,16886.4,41.4
20435,16887.5,41.5
20436,16888.6,41.6
20437,16889.7,41.7
20438,16890.8,41.8
20439,16891.9,41.9
20440,16893,42
20441,16894.2,42.1
20442,16895.4,42.2
20443,16896.6,42.3
20444,16897.8,42.4
20445,16899,42.5
20446,16900.2,42.6
20447,16901.4,42.7
20448,16902.6,42.8
20449,16903.8,42.9
20450,16905,43
20451,16906.2,43.1
20452,16907.4,43.2
20453,16908.6,43.3
20454,16909.8,43.4
20455,16911,43.5
20456,16912.2,43.6
20457,16913.4,43.7
20458,16914.6,43.8
20459,16915.8,43.9
20460,16917,44
20461,16918.4,44.1
20462,16919.8,44.2
20463,16921.2,44.3
20464,16922.6,44.4
20465,16924,44.5
20466,16925.4,44.6
20467,16926.8,44.7
20468,16928.2,44.8
20469,16929.6,44.9
20470,16931,45
20471,16932.4,45
20472,16933.8,45
20473,16935.2,45
20474,16936.6,45
20475,16938,45
20476,16939.4,45
20477,16940.8,45
20478,16942.2,45
20479,16943.6,45
20480,16945,45
20481,16946.5,45
20482,16948,45
20483,16949.5,45
20484,16951,45
20485,16952.5,45
20486,16954,45
20487,16955.5,45
20488,16957,45
20489,16958.5,45
20490,16960,45
20491,16961.6,45
20492,16963.2,45
20493,16964.8,45
20494,16966.4,45
20495,16968,45
20496,16969.6,45
20497,16971.2,45
20498,16972.8,45
20499,16974.4,45
20500,16976,45
20501,16977.5,45
20502,16979,45
20503,16980.5,45
20504,16982,45
20505,16983.5,45
20506,16985,45
20507,16986.5,45
20508,16988,45
20509,16989.5,45
20510,16991,45
20511,16992.6,45
20512,16994.2,45
20513,16995.8,45
20514,16997.4,45
20515,16999,45
20516,17000.6,45
20517,17002.2,45
20518,17003.8,45
20519,17005.4,45
20520,17007,45
20521,17008.5,45
20522,17010,45
20523,17011.5,45
20524,17013,45
20525,17014.5,45
20526,17016,45
20527,17017.5,45
20528,17019,45
20529,17020.5,45
20530,17022,45
20531,17023.5,45
20532,17025,45
20533,17026.5,45
20534,17028,45
20535,17029.5,45
20536,17031,45
20537,17032.5,45
20538,17034,45
20539,17035.5,45
20540,17037,45
20541,17038.4,45
20542,17039.8,45
20543,17041.2,45
20544,17042.6,45
20545,17044,45
20546,17045.4,45
20547,17046.8,45
20548,17048.2,45
20549,17049.6,45
20550,17051,45
20551,17052.4,45
20552,17053.8,45
20553,17055.2,45
20554,17056.6,45
20555,17058,45
20556,17059.4,45
20557,17060.8,45
20558,17062.2,45
20559,17063.6,45
20560,17065,45
20561,17066.2,45
20562,17067.4,45
20563,17068.6,45
20564,17069.8,45
20565,17071,45
20566,17072.2,45
20567,17073.4,45
20568,17074.6,45
20569,17075.8,45
20570,17077,45
20571,17078.2,45
20572,17079.4,45
20573,17080.6,45
20574,17081.8,45
20575,17083,45
20576,17084.2,45
20577,17085.4,45
20578,17086.6,45
20579,17087.8,45
20580,17089,45
20581,17090,45
20582,17091,45
20583,17092,45
20584,17093,45
20585,17094,45
20586,17095,45
20587,17096,45
20588,17097,45
20589,17098,45
20590,17099,45
20591,17099.8,44.9
20592,17100.6,44.8
20593,17101.4,44.7
20594,17102.2,44.6
20595,17103,44.5
20596,17103.8,44.4
20597,17104.6,44.3
20598,17105.4,44.2
20599,17106.2,44.1
20600,17107,44
20601,17107.6,44
20602,17108.2,44
20603,17108.8,44
20604,17109.4,44
20605,17110,44
20606,17110.6,44
20607,17111.2,44
20608,17111.8,44
20609,17112.4,44
20610,17113,44
20611,17113.5,43.9
20612,17114,43.8
20613,17114.5,43.7
20614,17115,43.6
20615,17115.5,43.5
20616,17116,43.4
20617,17116.5,43.3
20618,17117,43.2
20619,17117.5,43.1
20620,17118,43
20621,17118.4,42.9
20622,17118.8,42.8
20623,17119.2,42.7
20624,17119.6,42.6
20625,17120,42.5
20626,17120.4,42.4
20627,17120.8,42.3
20628,17121.2,42.2
20629,17121.6,42.1
20630,17122,42
20631,17122.3,41.9
20632,17122.6,41.8
20633,17122.9,41.7
20634,17123.2,41.6
20635,17123.5,41.5
20636,17123.8,41.4
20637,17124.1,41.3
20638,17124.4,41.2
20639,17124.7,41.1
20640,17125,41
20641,17125.1,41
20642,17125.2,41
20643,17125.3,41
20644,17125.4,41
20645,17125.5,41
20646,17125.6,41
20647,17125.7,41
20648,17125.8,41
20649,17125.9,41
20650,17126,41
20651,17126.1,40.9
20652,17126.2,40.8
20653,17126.3,40.7
20654,17126.4,40.6
20655,17126.5,40.5
20656,17126.6,40.4
20657,17126.7,40.3
20658,17126.8,40.2
20659,17126.9,40.1
20660,17127,40
20661,17127.1,40
20662,17127.2,40
20663,17127.3,40
20664,17127.4,40
20665,17127.5,40
20666,17127.6,40
20667,17127.7,40
20668,17127.8,40
20669,17127.9,40
20670,17128,40
20671,17128,40
20672,17128,40
20673,17128,40
20674,17128,40
20675,17128,40
20676,17128,40
20677,17128,40
20678,17128,40
20679,17128,40
20680,17128,40
20681,17128.1,40.1
20682,17128.2,40.2
20683,17128.3,40.3
20684,17128.4,40.4
20685,17128.5,40.5
20686,17128.6,40.6
20687,17128.7,40.7
20688,17128.8,40.8
20689,17128.9,40.9
20690,17129,41
20691,17129.1,41
20692,17129.2,41
20693,17129.3,41
20694,17129.4,41
20695,17129.5,41
20696,17129.6,41
20697,17129.7,41
20698,17129.8,41
20699,17129.9,41
20700,17130,41
20701,17130.2,41.1
20702,17130.4,41.2
20703,17130.6,41.3
20704,17130.8,41.4
20705,17131,41.5
20706,17131.2,41.6
20707,17131.4,41.7
20708,17131.6,41.8
20709,17131.8,41.9
20710,17132,42
20711,17132.3,42
20712,17132.6,42
20713,17132.9,42
20714,17133.2,42
20715,17133.5,42
20716,17133.8,42
20717,17134.1,42
20718,17134.4,42
20719,17134.7,42
20720,17135,42
20721,17135.4,42
20722,17135.8,42
20723,17136.2,42
20724,17136.6,42
20725,17137,42
20726,17137.4,42
20727,17137.8,42
20728,17138.2,42
20729,17138.6,42
20730,17139,42
20731,17139.4,42.1
20732,17139.8,42.2
20733,17140.2,42.3
20734,17140.6,42.4
20735,17141,42.5
20736,17141.4,42.6
20737,17141.8,42.7
20738,17142.2,42.8
20739,17142.6,42.9
20740,17143,43
20741,17143.6,43
20742,17144.2,43
20743,17144.8,43
20744,17145.4,43
20745,17146,43
20746,17146.6,43
20747,17147.2,43
20748,17147.8,43
20749,17148.4,43
20750,17149,43
20751,17149.6,43
20752,17150.2,43
20753,17150.8,43
20754,17151.4,43
20755,17152,43
20756,17152.6,43
20757,17153.2,43
20758,17153.8,43
20759,17154.4,43
20760,17155,43
20761,17155.7,43
20762,17156.4,43
20763,17157.1,43
20764,17157.8,43
20765,17158.5,43
20766,17159.2,43
20767,17159.9,43
20768,17160.6,43
20769,17161.3,43
20770,17162,43
20771,17162.8,43
20772,17163.6,43
20773,17164.4,43
20774,17165.2,43
20775,17166,43
20776,17166.8,43
20777,17167.6,43
20778,17168.4,43
20779,17169.2,43
20780,17170,43
20781,17170.9,43
20782,17171.8,43
20783,17172.7,43
20784,17173.6,43
20785,17174.5,43
20786,17175.4,43
20787,17176.3,43
20788,17177.2,43
20789,17178.1,43
20790,17179,43
20791,17179.9,42.9
20792,17180.8,42.8
20793,17181.7,42.7
20794,17182.6,42.6
20795,17183.5,42.5
20796,17184.4,42.4
20797,17185.3,42.3
20798,17186.2,42.2
20799,17187.1,42.1
20800,17188,42
20801,17189.1,42.1
20802,17190.2,42.2
20803,17191.3,42.3
20804,17192.4,42.4
20805,17193.5,42.5
20806,17194.6,42.6
20807,17195.7,42.7
20808,17196.8,42.8
20809,17197.9,42.9
20810,17199,43
20811,17200.1,43
20812,17201.2,43
20813,17202.3,43
20814,17203.4,43
20815,17204.5,43
20816,17205.6,43
20817,17206.7,43
20818,17207.8,43
20819,17208.9,43
20820,17210,43
20821,17211.3,43.1
20822,17212.6,43.2
20823,17213.9,43.3
20824,17215.2,43.4
20825,17216.5,43.5
20826,17217.8,43.6
20827,17219.1,43.7
20828,17220.4,43.8
20829,17221.7,43.9
20830,17223,44
20831,17224.3,44.2
20832,17225.6,44.4
20833,17226.9,44.6
20834,17228.2,44.8
20835,17229.5,45
20836,17230.8,45.2
20837,17232.1,45.4
20838,17233.4,45.6
20839,17234.7,45.8
20840,17236,46
20841,17237.5,46.1
20842,17239,46.2
20843,17240.5,46.3
20844,17242,46.4
20845,17243.5,46.5
20846,17245,46.6
20847,17246.5,46.7
20848,17248,46.8
20849,17249.5,46.9
20850,17251,47
20851,17252.6,47.1
20852,17254.2,47.2
20853,17255.8,47.3
20854,17257.4,47.4
20855,17259,47.5
20856,17260.6,47.6
20857,17262.2,47.7
20858,17263.8,47.8
20859,17265.4,47.9
20860,17267,48
20861,17268.5,48.2
20862,17270,48.4
20863,17271.5,48.6
20864,17273,48.8
20865,17274.5,49
20866,17276,49.2
20867,17277.5,49.4
20868,17279,49.6
20869,17280.5,49.8
20870,17282,50
20871,17283.6,50.2
20872,17285.2,50.4
20873,17286.8,50.6
20874,17288.4,50.8
20875,17290,51
20876,17291.6,51.2
20877,17293.2,51.4
20878,17294.8,51.6
20879,17296.4,51.8
20880,17298,52
20881,17299.6,52.2
20882,17301.2,52.4
20883,17302.8,52.6
20884,17304.4,52.8
20885,17306,53
20886,17307.6,53.2
20887,17309.2,53.4
20888,17310.8,53.6
20889,17312.4,53.8
20890,17314,54
20891,17315.6,54.1
20892,17317.2,54.2
20893,17318.8,54.3
20894,17320.4,54.4
20895,17322,54.5
20896,17323.6,54.6
20897,17325.2,54.7
20898,17326.8,54.8
20899,17328.4,54.9
20900,17330,55
20901,17331.6,55
20902,17333.2,55
20903,17334.8,55
20904,17336.4,55
20905,17338,55
20906,17339.6,55
20907,17341.2,55
20908,17342.8,55
20909,17344.4,55
20910,17346,55
20911,17347.5,55
20912,17349,55
20913,17350.5,55
20914,17352,55
20915,17353.5,55
20916,17355,55
20917,17356.5,55
20918,17358,55
20919,17359.5,55
20920,17361,55
20921,17362.5,54.8
20922,17364,54.6
20923,17365.5,54.4
20924,17367,54.2
20925,17368.5,54
20926,17370,53.8
20927,17371.5,53.6
20928,17373,53.4
20929,17374.5,53.2
20930,17376,53
20931,17377.4,52.8
20932,17378.8,52.6
20933,17380.2,52.4
20934,17381.6,52.2
20935,17383,52
20936,17384.4,51.8
20937,17385.8,51.6
20938,17387.2,51.4
20939,17388.6,51.2
20940,17390,51
20941,17391.4,50.8
20942,17392.8,50.6
20943,17394.2,50.4
20944,17395.6,50.2
20945,17397,50
20946,17398.4,49.8
20947,17399.8,49.6
20948,17401.2,49.4
20949,17402.6,49.2
20950,17404,49
20951,17405.3,48.8
20952,17406.6,48.6
20953,17407.9,48.4
20954,17409.2,48.2
20955,17410.5,48
20956,17411.8,47.8
20957,17413.1,47.6
20958,17414.4,47.4
20959,17415.7,47.2
20960,17417,47
20961,17418.2,46.9
20962,17419.4,46.8
20963,17420.6,46.7
20964,17421.8,46.6
20965,17423,46.5
20966,17424.2,46.4
20967,17425.4,46.3
20968,17426.6,46.2
20969,17427.8,46.1
20970,17429,46
20971,17430.2,45.9
20972,17431.4,45.8
20973,17432.6,45.7
20974,17433.8,45.6
20975,17435,45.5
20976,17436.2,45.4
20977,17437.4,45.3
20978,17438.6,45.2
20979,17439.8,45.1
20980,17441,45
20981,17442.1,45
20982,17443.2,45
20983,17444.3,45
20984,17445.4,45
20985,17446.5,45
20986,17447.6,45
20987,17448.7,45
20988,17449.8,45
20989,17450.9,45
20990,17452,45
20991,17453,45.1
20992,17454,45.2
20993,17455,45.3
20994,17456,45.4
20995,17457,45.5
20996,17458,45.6
20997,17459,45.7
20998,17460,45.8
20999,17461,45.9
21000,17462,46
21001,17463,46.1
21002,17464,46.2
21003,17465,46.3
21004,17466,46.4
21005,17467,46.5
21006,17468,46.6
21007,17469,46.7
21008,17470,46.8
21009,17471,46.9
21010,17472,47
21011,17472.9,47.1
21012,17473.8,47.2
21013,17474.7,47.3
21014,17475.6,47.4
21015,17476.5,47.5
21016,17477.4,47.6
21017,17478.3,47.7
21018,17479.2,47.8
21019,17480.1,47.9
21020,17481,48
21021,17481.8,48.1
21022,17482.6,48.2
21023,17483.4,48.3
21024,17484.2,48.4
21025,17485,48.5
21026,17485.8,48.6
21027,17486.6,48.7
21028,17487.4,48.8
21029,17488.2,48.9
21030,17489,49
21031,17489.8,49
21032,17490.6,49
21033,17491.4,49
21034,17492.2,49
21035,17493,49
21036,17493.8,49
21037,17494.6,49
21038,17495.4,49
21039,17496.2,49
21040,17497,49
21041,17497.6,49
21042,17498.2,49
21043,17498.8,49
21044,17499.4,49
21045,17500,49
21046,17500.6,49
21047,17501.2,49
21048,17501.8,49
21049,17502.4,49
21050,17503,49
21051,17503.6,48.9
21052,17504.2,48.8
21053,17504.8,48.7
21054,17505.4,48.6
21055,17506,48.5
21056,17506.6,48.4
21057,17507.2,48.3
21058,17507.8,48.2
21059,17508.4,48.1
21060,17509,48
21061,17509.6,47.8
21062,17510.2,47.6
21063,17510.8,47.4
21064,17511.4,47.2
21065,17512,47
21066,17512.6,46.8
21067,17513.2,46.6
21068,17513.8,46.4
21069,17514.4,46.2
21070,17515,46
21071,17515.5,45.9
21072,17516,45.8
21073,17516.5,45.7
21074,17517,45.6
21075,17517.5,45.5
21076,17518,45.4
21077,17518.5,45.3
21078,17519,45.2
21079,17519.5,45.1
21080,17520,45
21081,17520.4,44.9
21082,17520.8,44.8
21083,17521.2,44.7
21084,17521.6,44.6
21085,17522,44.5
21086,17522.4,44.4
21087,17522.8,44.3
21088,17523.2,44.2
21089,17523.6,44.1
21090,17524,44
21091,17524.4,43.9
21092,17524.8,43.8
21093,17525.2,43.7
21094,17525.6,43.6
21095,17526,43.5
21096,17526.4,43.4
21097,17526.8,43.3
21098,17527.2,43.2
21099,17527.6,43.1
21100,17528,43
21101,17528.4,42.9
21102,17528.8,42.8
21103,17529.2,42.7
21104,17529.6,42.6
21105,17530,42.5
21106,17530.4,42.4
21107,17530.8,42.3
21108,17531.2,42.2
21109,17531.6,42.1
21110,17532,42
21111,17532.4,42
21112,17532.8,42
21113,17533.2,42
21114,17533.6,42
21115,17534,42
21116,17534.4,42
21117,17534.8,42
21118,17535.2,42
21119,17535.6,42
21120,17536,42
21121,17536.3,41.9
21122,17536.6,41.8
21123,17536.9,41.7
21124,17537.2,41.6
21125,17537.5,41.5
21126,17537.8,41.4
21127,17538.1,41.3
21128,17538.4,41.2
21129,17538.7,41.1
21130,17539,41
21131,17539.4,41
21132,17539.8,41
21133,17540.2,41
21134,17540.6,41
21135,17541,41
21136,17541.4,41
21137,17541.8,41
21138,17542.2,41
21139,17542.6,41
21140,17543,41
21141,17543.3,40.9
21142,17543.6,40.8
21143,17543.9,40.7
21144,17544.2,40.6
21145,17544.5,40.5
21146,17544.8,40.4
21147,17545.1,40.3
21148,17545.4,40.2
21149,17545.7,40.1
21150,17546,40
21151,17546.3,40
21152,17546.6,40
21153,17546.9,40
21154,17547.2,40
21155,17547.5,40
21156,17547.8,40
21157,17548.1,40
21158,17548.4,40
21159,17548.7,40
21160,17549,40
21161,17549.4,39.9
21162,17549.8,39.8
21163,17550.2,39.7
21164,17550.6,39.6
21165,17551,39.5
21166,17551.4,39.4
21167,17551.8,39.3
21168,17552.2,39.2
21169,17552.6,39.1
21170,17553,39
21171,17553.3,38.9
21172,17553.6,38.8
21173,17553.9,38.7
21174,17554.2,38.6
21175,17554.5,38.5
21176,17554.8,38.4
21177,17555.1,38.3
21178,17555.4,38.2
21179,17555.7,38.1
21180,17556,38
21181,17556.3,38
21182,17556.6,38
21183,17556.9,38
21184,17557.2,38
21185,17557.5,38
21186,17557.8,38
21187,17558.1,38
21188,17558.4,38
21189,17558.7,38
21190,17559,38
21191,17559.4,37.9
21192,17559.8,37.8
21193,17560.2,37.7
21194,17560.6,37.6
21195,17561,37.5
21196,17561.4,37.4
21197,17561.8,37.3
21198,17562.2,37.2
21199,17562.6,37.1
21200,17563,37
21201,17563.3,37.1
21202,17563.6,37.2
21203,17563.9,37.3
21204,17564.2,37.4
21205,17564.5,37.5
21206,17564.8,37.6
21207,17565.1,37.7
21208,17565.4,37.8
21209,17565.7,37.9
21210,17566,38
21211,17566.2,38
21212,17566.4,38
21213,17566.6,38
21214,17566.8,38
21215,17567,38
21216,17567.2,38
21217,17567.4,38
21218,17567.6,38
21219,17567.8,38
21220,17568,38
21221,17568.3,38.1
21222,17568.6,38.2
21223,17568.9,38.3
21224,17569.2,38.4
21225,17569.5,38.5
21226,17569.8,38.6
21227,17570.1,38.7
21228,17570.4,38.8
21229,17570.7,38.9
21230,17571,39
21231,17571.2,39.1
21232,17571.4,39.2
21233,17571.6,39.3
21234,17571.8,39.4
21235,17572,39.5
21236,17572.2,39.6
21237,17572.4,39.7
21238,17572.6,39.8
21239,17572.8,39.9
21240,17573,40
21241,17573.2,40
21242,17573.4,40
21243,17573.6,40
21244,17573.8,40
21245,17574,40
21246,17574.2,40
21247,17574.4,40
21248,17574.6,40
21249,17574.8,40
21250,17575,40
21251,17575.2,40.1
21252,17575.4,40.2
21253,17575.6,40.3
21254,17575.8,40.4
21255,17576,40.5
21256,17576.2,40.6
21257,17576.4,40.7
21258,17576.6,40.8
21259,17576.8,40.9
21260,17577,41
21261,17577.1,41
21262,17577.2,41
21263,17577.3,41
21264,17577.4,41
21265,17577.5,41
21266,17577.6,41
21267,17577.7,41
21268,17577.8,41
21269,17577.9,41
21270,17578,41
21271,17578.1,41
21272,17578.2,41
21273,17578.3,41
21274,17578.4,41
21275,17578.5,41
21276,17578.6,41
21277,17578.7,41
21278,17578.8,41
21279,17578.9,41
21280,17579,41
21281,17579,40.9
21282,17579,40.8
21283,17579,40.7
21284,17579,40.6
21285,17579,40.5
21286,17579,40.4
21287,17579,40.3
21288,17579,40.2
21289,17579,40.1
21290,17579,40
21291,17579.2,40
21292,17579.4,40
21293,17579.6,40
21294,17579.8,40
21295,17580,40
21296,17580.2,40
21297,17580.4,40
21298,17580.6,40
21299,17580.8,40
21300,17581,40
21301,17581.1,40
21302,17581.2,40
21303,17581.3,40
21304,17581.4,40
21305,17581.5,40
21306,17581.6,40
21307,17581.7,40
21308,17581.8,40
21309,17581.9,40
21310,17582,40
21311,17582.3,40.1
21312,17582.6,40.2
21313,17582.9,40.3
21314,17583.2,40.4
21315,17583.5,40.5
21316,17583.8,40.6
21317,17584.1,40.7
21318,17584.4,40.8
21319,17584.7,40.9
21320,17585,41
21321,17585.5,41
21322,17586,41
21323,17586.5,41
21324,17587,41
21325,17587.5,41
21326,17588,41
21327,17588.5,41
21328,17589,41
21329,17589.5,41
21330,17590,41
21331,17590.7,41.1
21332,17591.4,41.2
21333,17592.1,41.3
21334,17592.8,41.4
21335,17593.5,41.5
21336,17594.2,41.6
21337,17594.9,41.7
21338,17595.6,41.8
21339,17596.3,41.9
21340,17597,42
21341,17597.9,42.1
21342,17598.8,42.2
21343,17599.7,42.3
21344,17600.6,42.4
21345,17601.5,42.5
21346,17602.4,42.6
21347,17603.3,42.7
21348,17604.2,42.8
21349,17605.1,42.9
21350,17606,43
21351,17607.1,43.3
21352,17608.2,43.6
21353,17609.3,43.9
21354,17610.4,44.2
21355,17611.5,44.5
21356,17612.6,44.8
21357,17613.7,45.1
21358,17614.8,45.4
21359,17615.9,45.7
21360,17617,46
21361,17618.4,46.2
21362,17619.8,46.4
21363,17621.2,46.6
21364,17622.6,46.8
21365,17624,47
21366,17625.4,47.2
21367,17626.8,47.4
21368,17628.2,47.6
21369,17629.6,47.8
21370,17631,48
21371,17632.6,48.3
21372,17634.2,48.6
21373,17635.8,48.9
21374,17637.4,49.2
21375,17639,49.5
21376,17640.6,49.8
21377,17642.2,50.1
21378,17643.8,50.4
21379,17645.4,50.7
21380,17647,51
21381,17648.7,51.2
21382,17650.4,51.4
21383,17652.1,51.6
21384,17653.8,51.8
21385,17655.5,52
21386,17657.2,52.2
21387,17658.9,52.4
21388,17660.6,52.6
21389,17662.3,52.8
21390,17664,53
21391,17665.9,53.2
21392,17667.8,53.4
21393,17669.7,53.6
21394,17671.6,53.8
21395,17673.5,54
21396,17675.4,54.2
21397,17677.3,54.4
21398,17679.2,54.6
21399,17681.1,54.8
21400,17683,55
21401,17684.9,55.1
21402,17686.8,55.2
21403,17688.7,55.3
21404,17690.6,55.4
21405,17692.5,55.5
21406,17694.4,55.6
21407,17696.3,55.7
21408,17698.2,55.8
21409,17700.1,55.9
21410,17702,56
21411,17703.9,56.1
21412,17705.8,56.2
21413,17707.7,56.3
21414,17709.6,56.4
21415,17711.5,56.5
21416,17713.4,56.6
21417,17715.3,56.7
21418,17717.2,56.8
21419,17719.1,56.9
21420,17721,57
21421,17722.8,57.2
21422,17724.6,57.4
21423,17726.4,57.6
21424,17728.2,57.8
21425,17730,58
21426,17731.8,58.2
21427,17733.6,58.4
21428,17735.4,58.6
21429,17737.2,58.8
21430,17739,59
21431,17740.7,59
21432,17742.4,59
21433,17744.1,59
21434,17745.8,59
21435,17747.5,59
21436,17749.2,59
21437,17750.9,59
21438,17752.6,59
21439,17754.3,59
21440,17756,59
21441,17757.4,59
21442,17758.8,59
21443,17760.2,59
21444,17761.6,59
21445,17763,59
21446,17764.4,59
21447,17765.8,59
21448,17767.2,59
21449,17768.6,59
21450,17770,59
21451,17771.3,58.8
21452,17772.6,58.6
21453,17773.9,58.4
21454,17775.2,58.2
21455,17776.5,58
21456,17777.8,57.8
21457,17779.1,57.6
21458,17780.4,57.4
21459,17781.7,57.2
21460,17783,57
21461,17783.9,56.7
21462,17784.8,56.4
21463,17785.7,56.1
21464,17786.6,55.8
21465,17787.5,55.5
21466,17788.4,55.2
21467,17789.3,54.9
21468,17790.2,54.6
21469,17791.1,54.3
21470,17792,54
21471,17792.8,53.7
21472,17793.6,53.4
21473,17794.4,53.1
21474,17795.2,52.8
21475,17796,52.5
21476,17796.8,52.2
21477,17797.6,51.9
21478,17798.4,51.6
21479,17799.2,51.3
21480,17800,51
21481,17800.6,50.8
21482,17801.2,50.6
21483,17801.8,50.4
21484,17802.4,50.2
21485,17803,50
21486,17803.6,49.8
21487,17804.2,49.6
21488,17804.8,49.4
21489,17805.4,49.2
21490,17806,49
21491,17806.4,48.7
21492,17806.8,48.4
21493,17807.2,48.1
21494,17807.6,47.8
21495,17808,47.5
21496,17808.4,47.2
21497,17808.8,46.9
21498,17809.2,46.6
21499,17809.6,46.3
21500,17810,46
21501,17810.2,45.9
21502,17810.4,45.8
21503,17810.6,45.7
21504,17810.8,45.6
21505,17811,45.5
21506,17811.2,45.4
21507,17811.4,45.3
21508,17811.6,45.2
21509,17811.8,45.1
21510,17812,45
21511,17812.1,45
21512,17812.2,45
21513,17812.3,45
21514,17812.4,45
21515,17812.5,45
21516,17812.6,45
21517,17812.7,45
21518,17812.8,45
21519,17812.9,45
21520,17813,45
21521,17813,45
21522,17813,45
21523,17813,45
21524,17813,45
21525,17813,45
21526,17813,45
21527,17813,45
21528,17813,45
21529,17813,45
21530,17813,45
21531,17813,45.1
21532,17813,45.2
21533,17813,45.3
21534,17813,45.4
21535,17813,45.5
21536,17813,45.6
21537,17813,45.7
21538,17813,45.8
21539,17813,45.9
21540,17813,46
21541,17812.8,46
21542,17812.6,46
21543,17812.4,46
21544,17812.2,46
21545,17812,46
21546,17811.8,46
21547,17811.6,46
21548,17811.4,46
21549,17811.2,46
21550,17811,46
21551,17810.7,46
21552,17810.4,46
21553,17810.1,46
21554,17809.8,46
21555,17809.5,46
21556,17809.2,46
21557,17808.9,46
21558,17808.6,46
21559,17808.3,46
21560,17808,46
21561,17807.8,46
21562,17807.6,46
21563,17807.4,46
21564,17807.2,46
21565,17807,46
21566,17806.8,46
21567,17806.6,46
21568,17806.4,46
21569,17806.2,46
21570,17806,46
21571,17805.7,46
21572,17805.4,46
21573,17805.1,46
21574,17804.8,46
21575,17804.5,46
21576,17804.2,46
21577,17803.9,46
21578,17803.6,46
21579,17803.3,46
21580,17803,46
21581,17802.7,46
21582,17802.4,46
21583,17802.1,46
21584,17801.8,46
21585,17801.5,46
21586,17801.2,46
21587,17800.9,46
21588,17800.6,46
21589,17800.3,46
21590,17800,46
21591,17799.8,46
21592,17799.6,46
21593,17799.4,46
21594,17799.2,46
21595,17799,46
21596,17798.8,46
21597,17798.6,46
21598,17798.4,46
21599,17798.2,46
21600,17798,46
21601,17797.7,46.1
21602,17797.4,46.2
21603,17797.1,46.3
21604,17796.8,46.4
21605,17796.5,46.5
21606,17796.2,46.6
21607,17795.9,46.7
21608,17795.6,46.8
21609,17795.3,46.9
21610,17795,47
21611,17794.9,47
21612,17794.8,47
21613,17794.7,47
21614,17794.6,47
21615,17794.5,47
21616,17794.4,47
21617,17794.3,47
21618,17794.2,47
21619,17794.1,47
21620,17794,47
21621,17793.8,46.9
21622,17793.6,46.8
21623,17793.4,46.7
21624,17793.2,46.6
21625,17793,46.5
21626,17792.8,46.4
21627,17792.6,46.3
21628,17792.4,46.2
21629,17792.2,46.1
21630,17792,46
21631,17792,46
21632,17792,46
21633,17792,46
21634,17792,46
21635,17792,46
21636,17792,46
21637,17792,46
21638,17792,46
21639,17792,46
21640,17792,46
21641,17792.1,46
21642,17792.2,46
21643,17792.3,46
21644,17792.4,46
21645,17792.5,46
21646,17792.6,46
21647,17792.7,46
21648,17792.8,46
21649,17792.9,46
21650,17793,46
21651,17793.1,46
21652,17793.2,46
21653,17793.3,46
21654,17793.4,46
21655,17793.5,46
21656,17793.6,46
21657,17793.7,46
21658,17793.8,46
21659,17793.9,46
21660,17794,46
21661,17794.2,46
21662,17794.4,46
21663,17794.6,46
21664,17794.8,46
21665,17795,46
21666,17795.2,46
21667,17795.4,46
21668,17795.6,46
21669,17795.8,46
21670,17796,46
21671,17796.3,46.1
21672,17796.6,46.2
21673,17796.9,46.3
21674,17797.2,46.4
21675,17797.5,46.5
21676,17797.8,46.6
21677,17798.1,46.7
21678,17798.4,46.8
21679,17798.7,46.9
21680,17799,47
21681,17799.3,47
21682,17799.6,47
21683,17799.9,47
21684,17800.2,47
21685,17800.5,47
21686,17800.8,47
21687,17801.1,47
21688,17801.4,47
21689,17801.7,47
21690,17802,47
21691,17802.4,47.1
21692,17802.8,47.2
21693,17803.2,47.3
21694,17803.6,47.4
21695,17804,47.5
21696,17804.4,47.6
21697,17804.8,47.7
21698,17805.2,47.8
21699,17805.6,47.9
21700,17806,48
21701,17806.5,47.9
21702,17807,47.8
21703,17807.5,47.7
21704,17808,47.6
21705,17808.5,47.5
21706,17809,47.4
21707,17809.5,47.3
21708,17810,47.2
21709,17810.5,47.1
21710,17811,47
21711,17811.6,47
21712,17812.2,47
21713,17812.8,47
21714,17813.4,47
21715,17814,47
21716,17814.6,47
21717,17815.2,47
21718,17815.8,47
21719,17816.4,47
21720,17817,47
21721,17817.6,46.9
21722,17818.2,46.8
21723,17818.8,46.7
21724,17819.4,46.6
21725,17820,46.5
21726,17820.6,46.4
21727,17821.2,46.3
21728,17821.8,46.2
21729,17822.4,46.1
21730,17823,46
21731,17823.7,46
21732,17824.4,46
21733,17825.1,46
21734,17825.8,46
21735,17826.5,46
21736,17827.2,46
21737,17827.9,46
21738,17828.6,46
21739,17829.3,46
21740,17830,46
21741,17830.7,45.9
21742,17831.4,45.8
21743,17832.1,45.7
21744,17832.8,45.6
21745,17833.5,45.5
21746,17834.2,45.4
21747,17834.9,45.3
21748,17835.6,45.2
21749,17836.3,45.1
21750,17837,45
21751,17837.8,44.9
21752,17838.6,44.8
21753,17839.4,44.7
21754,17840.2,44.6
21755,17841,44.5
21756,17841.8,44.4
21757,17842.6,44.3
21758,17843.4,44.2
21759,17844.2,44.1
21760,17845,44
21761,17845.8,44
21762,17846.6,44
21763,17847.4,44
21764,17848.2,44
21765,17849,44
21766,17849.8,44
21767,17850.6,44
21768,17851.4,44
21769,17852.2,44
21770,17853,44
21771,17853.8,44
21772,17854.6,44
21773,17855.4,44
21774,17856.2,44
21775,17857,44
21776,17857.8,44
21777,17858.6,44
21778,17859.4,44
21779,17860.2,44
21780,17861,44
21781,17861.8,43.9
21782,17862.6,43.8
21783,17863.4,43.7
21784,17864.2,43.6
21785,17865,43.5
21786,17865.8,43.4
21787,17866.6,43.3
21788,17867.4,43.2
21789,17868.2,43.1
21790,17869,43
21791,17869.8,43
21792,17870.6,43
21793,17871.4,43
21794,17872.2,43
21795,17873,43
21796,17873.8,43
21797,17874.6,43
21798,17875.4,43
21799,17876.2,43
21800,17877,43
21801,17877.8,42.9
21802,17878.6,42.8
21803,17879.4,42.7
21804,17880.2,42.6
21805,17881,42.5
21806,17881.8,42.4
21807,17882.6,42.3
21808,17883.4,42.2
21809,17884.2,42.1
21810,17885,42
21811,17885.8,42
21812,17886.6,42
21813,17887.4,42
21814,17888.2,42
21815,17889,42
21816,17889.8,42
21817,17890.6,42
21818,17891.4,42
21819,17892.2,42
21820,17893,42
21821,17893.8,42
21822,17894.6,42
21823,17895.4,42
21824,17896.2,42
21825,17897,42
21826,17897.8,42
21827,17898.6,42
21828,17899.4,42
21829,17900.2,42
21830,17901,42
21831,17901.7,42.1
21832,17902.4,42.2
21833,17903.1,42.3
21834,17903.8,42.4
21835,17904.5,42.5
21836,17905.2,42.6
21837,17905.9,42.7
21838,17906.6,42.8
21839,17907.3,42.9
21840,17908,43
21841,17908.7,43.1
21842,17909.4,43.2
21843,17910.1,43.3
21844,17910.8,43.4
21845,17911.5,43.5
21846,17912.2,43.6
21847,17912.9,43.7
21848,17913.6,43.8
21849,17914.3,43.9
21850,17915,44
21851,17915.7,44.1
21852,17916.4,44.2
21853,17917.1,44.3
21854,17917.8,44.4
21855,17918.5,44.5
21856,17919.2,44.6
21857,17919.9,44.7
21858,17920.6,44.8
21859,17921.3,44.9
21860,17922,45
21861,17922.7,45
21862,17923.4,45
21863,17924.1,45
21864,17924.8,45
21865,17925.5,45
21866,17926.2,45
21867,17926.9,45
21868,17927.6,45
21869,17928.3,45
21870,17929,45
21871,17929.7,45.1
21872,17930.4,45.2
21873,17931.1,45.3
21874,17931.8,45.4
21875,17932.5,45.5
21876,17933.2,45.6
21877,17933.9,45.7
21878,17934.6,45.8
21879,17935.3,45.9
21880,17936,46
21881,17936.6,46
21882,17937.2,46
21883,17937.8,46
21884,17938.4,46
21885,17939,46
21886,17939.6,46
21887,17940.2,46
21888,17940.8,46
21889,17941.4,46
21890,17942,46
21891,17942.7,46.1
21892,17943.4,46.2
21893,17944.1,46.3
21894,17944.8,46.4
21895,17945.5,46.5
21896,17946.2,46.6
21897,17946.9,46.7
21898,17947.6,46.8
21899,17948.3,46.9
21900,17949,47
21901,17949.6,47.1
21902,17950.2,47.2
21903,17950.8,47.3
21904,17951.4,47.4
21905,17952,47.5
21906,17952.6,47.6
21907,17953.2,47.7
21908,17953.8,47.8
21909,17954.4,47.9
21910,17955,48
21911,17955.7,48
21912,17956.4,48
21913,17957.1,48
21914,17957.8,48
21915,17958.5,48
21916,17959.2,48
21917,17959.9,48
21918,17960.6,48
21919,17961.3,48
21920,17962,48
21921,17962.8,48
21922,17963.6,48
21923,17964.4,48
21924,17965.2,48
21925,17966,48
21926,17966.8,48
21927,17967.6,48
21928,17968.4,48
21929,17969.2,48
21930,17970,48
21931,17970.7,48
21932,17971.4,48
21933,17972.1,48
21934,17972.8,48
21935,17973.5,48
21936,17974.2,48
21937,17974.9,48
21938,17975.6,48
21939,17976.3,48
21940,17977,48
21941,17977.8,48
21942,17978.6,48
21943,17979.4,48
21944,17980.2,48
21945,17981,48
21946,17981.8,48
21947,17982.6,48
21948,17983.4,48
21949,17984.2,48
21950,17985,48
21951,17985.9,48
21952,17986.8,48
21953,17987.7,48
21954,17988.6,48
21955,17989.5,48
21956,17990.4,48
21957,17991.3,48
21958,17992.2,48
21959,17993.1,48
21960,17994,48
21961,17994.9,48.1
21962,17995.8,48.2
21963,17996.7,48.3
21964,17997.6,48.4
21965,17998.5,48.5
21966,17999.4,48.6
21967,18000.3,48.7
21968,18001.2,48.8
21969,18002.1,48.9
21970,18003,49
21971,18004,49
21972,18005,49
21973,18006,49
21974,18007,49
21975,18008,49
21976,18009,49
21977,18010,49
21978,18011,49
21979,18012,49
21980,18013,49
21981,18014,49
21982,18015,49
21983,18016,49
21984,18017,49
21985,18018,49
21986,18019,49
21987,18020,49
21988,18021,49
21989,18022,49
21990,18023,49
21991,18024.1,49
21992,18025.2,49
21993,18026.3,49
21994,18027.4,49
21995,18028.5,49
21996,18029.6,49
21997,18030.7,49
21998,18031.8,49
21999,18032.9,49
22000,18034,49
22001,18035.1,49
22002,18036.2,49
22003,18037.3,49
22004,18038.4,49
22005,18039.5,49
22006,18040.6,49
22007,18041.7,49
22008,18042.8,49
22009,18043.9,49
22010,18045,49
22011,18046.2,48.9
22012,18047.4,48.8
22013,18048.6,48.7
22014,18049.8,48.6
22015,18051,48.5
22016,18052.2,48.4
22017,18053.4,48.3
22018,18054.6,48.2
22019,18055.8,48.1
22020,18057,48
22021,18058.2,47.9
22022,18059.4,47.8
22023,18060.6,47.7
22024,18061.8,47.6
22025,18063,47.5
22026,18064.2,47.4
22027,18065.4,47.3
22028,18066.6,47.2
22029,18067.8,47.1
22030,18069,47
22031,18070.2,47
22032,18071.4,47
22033,18072.6,47
22034,18073.8,47
22035,18075,47
22036,18076.2,47
22037,18077.4,47
22038,18078.6,47
22039,18079.8,47
22040,18081,47
22041,18082.2,46.9
22042,18083.4,46.8
22043,18084.6,46.7
22044,18085.8,46.6
22045,18087,46.5
22046,18088.2,46.4
22047,18089.4,46.3
22048,18090.6,46.2
22049,18091.8,46.1
22050,18093,46
22051,18094.2,46
22052,18095.4,46
22053,18096.6,46
22054,18097.8,46
22055,18099,46
22056,18100.2,46
22057,18101.4,46
22058,18102.6,46
22059,18103.8,46
22060,18105,46
22061,18106.2,46
22062,18107.4,46
22063,18108.6,46
22064,18109.8,46
22065,18111,46
22066,18112.2,46
22067,18113.4,46
22068,18114.6,46
22069,18115.8,46
22070,18117,46
22071,18118.1,45.9
22072,18119.2,45.8
22073,18120.3,45.7
22074,18121.4,45.6
22075,18122.5,45.5
22076,18123.6,45.4
22077,18124.7,45.3
22078,18125.8,45.2
22079,18126.9,45.1
22080,18128,45
22081,18129.2,45
22082,18130.4,45
22083,18131.6,45
22084,18132.8,45
22085,18134,45
22086,18135.2,45
22087,18136.4,45
22088,18137.6,45
22089,18138.8,45
22090,18140,45
22091,18141.1,45
22092,18142.2,45
22093,18143.3,45
22094,18144.4,45
22095,18145.5,45
22096,18146.6,45
22097,18147.7,45
22098,18148.8,45
22099,18149.9,45
22100,18151,45
22101,18152,44.9
22102,18153,44.8
22103,18154,44.7
22104,18155,44.6
22105,18156,44.5
22106,18157,44.4
22107,18158,44.3
22108,18159,44.2
22109,18160,44.1
22110,18161,44
22111,18162,44
22112,18163,44
22113,18164,44
22114,18165,44
22115,18166,44
22116,18167,44
22117,18168,44
22118,18169,44
22119,18170,44
22120,18171,44
22121,18171.9,43.9
22122,18172.8,43.8
22123,18173.7,43.7
22124,18174.6,43.6
22125,18175.5,43.5
22126,18176.4,43.4
22127,18177.3,43.3
22128,18178.2,43.2
22129,18179.1,43.1
22130,18180,43
22131,18180.9,42.9
22132,18181.8,42.8
22133,18182.7,42.7
22134,18183.6,42.6
22135,18184.5,42.5
22136,18185.4,42.4
22137,18186.3,42.3
22138,18187.2,42.2
22139,18188.1,42.1
22140,18189,42
22141,18189.9,42
22142,18190.8,42
22143,18191.7,42
22144,18192.6,42
22145,18193.5,42
22146,18194.4,42
22147,18195.3,42
22148,18196.2,42
22149,18197.1,42
22150,18198,42
22151,18198.8,42
22152,18199.6,42
22153,18200.4,42
22154,18201.2,42
22155,18202,42
22156,18202.8,42
22157,18203.6,42
22158,18204.4,42
22159,18205.2,42
22160,18206,42
22161,18206.8,42.1
22162,18207.6,42.2
22163,18208.4,42.3
22164,18209.2,42.4
22165,18210,42.5
22166,18210.8,42.6
22167,18211.6,42.7
22168,18212.4,42.8
22169,18213.2,42.9
22170,18214,43
22171,18214.8,43
22172,18215.6,43
22173,18216.4,43
22174,18217.2,43
22175,18218,43
22176,18218.8,43
22177,18219.6,43
22178,18220.4,43
22179,18221.2,43
22180,18222,43
22181,18222.7,43
22182,18223.4,43
22183,18224.1,43
22184,18224.8,43
22185,18225.5,43
22186,18226.2,43
22187,18226.9,43
22188,18227.6,43
22189,18228.3,43
22190,18229,43
22191,18229.9,43.1
22192,18230.8,43.2
22193,18231.7,43.3
22194,18232.6,43.4
22195,18233.5,43.5
22196,18234.4,43.6
22197,18235.3,43.7
22198,18236.2,43.8
22199,18237.1,43.9
22200,18238,44
22201,18238.8,43.9
22202,18239.6,43.8
22203,18240.4,43.7
22204,18241.2,43.6
22205,18242,43.5
22206,18242.8,43.4
22207,18243.6,43.3
22208,18244.4,43.2
22209,18245.2,43.1
22210,18246,43
22211,18246.8,42.9
22212,18247.6,42.8
22213,18248.4,42.7
22214,18249.2,42.6
22215,18250,42.5
22216,18250.8,42.4
22217,18251.6,42.3
22218,18252.4,42.2
22219,18253.2,42.1
22220,18254,42
22221,18254.9,42
22222,18255.8,42
22223,18256.7,42
22224,18257.6,42
22225,18258.5,42
22226,18259.4,42
22227,18260.3,42
22228,18261.2,42
22229,18262.1,42
22230,18263,42
22231,18263.9,41.9
22232,18264.8,41.8
22233,18265.7,41.7
22234,18266.6,41.6
22235,18267.5,41.5
22236,18268.4,41.4
22237,18269.3,41.3
22238,18270.2,41.2
22239,18271.1,41.1
22240,18272,41
22241,18272.9,41
22242,18273.8,41
22243,18274.7,41
22244,18275.6,41
22245,18276.5,41
22246,18277.4,41
22247,18278.3,41
22248,18279.2,41
22249,18280.1,41
22250,18281,41
22251,18282,41.1
22252,18283,41.2
22253,18284,41.3
22254,18285,41.4
22255,18286,41.5
22256,18287,41.6
22257,18288,41.7
22258,18289,41.8
22259,18290,41.9
22260,18291,42
22261,18292,42
22262,18293,42
22263,18294,42
22264,18295,42
22265,18296,42
22266,18297,42
22267,18298,42
22268,18299,42
22269,18300,42
22270,18301,42
22271,18302,42.1
22272,18303,42.2
22273,18304,42.3
22274,18305,42.4
22275,18306,42.5
22276,18307,42.6
22277,18308,42.7
22278,18309,42.8
22279,18310,42.9
22280,18311,43
22281,18312,43
22282,18313,43
22283,18314,43
22284,18315,43
22285,18316,43
22286,18317,43
22287,18318,43
22288,18319,43
22289,18320,43
22290,18321,43
22291,18322.1,43.1
22292,18323.2,43.2
22293,18324.3,43.3
22294,18325.4,43.4
22295,18326.5,43.5
22296,18327.6,43.6
22297,18328.7,43.7
22298,18329.8,43.8
22299,18330.9,43.9
22300,18332,44
22301,18333.2,44.2
22302,18334.4,44.4
22303,18335.6,44.6
22304,18336.8,44.8
22305,18338,45
22306,18339.2,45.2
22307,18340.4,45.4
22308,18341.6,45.6
22309,18342.8,45.8
22310,18344,46
22311,18345.3,46.2
22312,18346.6,46.4
22313,18347.9,46.6
22314,18349.2,46.8
22315,18350.5,47
22316,18351.8,47.2
22317,18353.1,47.4
22318,18354.4,47.6
22319,18355.7,47.8
22320,18357,48
22321,18358.3,48.3
22322,18359.6,48.6
22323,18360.9,48.9
22324,18362.2,49.2
22325,18363.5,49.5
22326,18364.8,49.8
22327,18366.1,50.1
22328,18367.4,50.4
22329,18368.7,50.7
22330,18370,51
22331,18371.5,51.3
22332,18373,51.6
22333,18374.5,51.9
22334,18376,52.2
22335,18377.5,52.5
22336,18379,52.8
22337,18380.5,53.1
22338,18382,53.4
22339,18383.5,53.7
22340,18385,54
22341,18386.5,54.3
22342,18388,54.6
22343,18389.5,54.9
22344,18391,55.2
22345,18392.5,55.5
22346,18394,55.8
22347,18395.5,56.1
22348,18397,56.4
22349,18398.5,56.7
22350,18400,57
22351,18401.7,57.3
22352,18403.4,57.6
22353,18405.1,57.9
22354,18406.8,58.2
22355,18408.5,58.5
22356,18410.2,58.8
22357,18411.9,59.1
22358,18413.6,59.4
22359,18415.3,59.7
22360,18417,60
22361,18418.7,60.4
22362,18420.4,60.8
22363,18422.1,61.2
22364,18423.8,61.6
22365,18425.5,62
22366,18427.2,62.4
22367,18428.9,62.8
22368,18430.6,63.2
22369,18432.3,63.6
22370,18434,64
22371,18435.8,64.3
22372,18437.6,64.6
22373,18439.4,64.9
22374,18441.2,65.2
22375,18443,65.5
22376,18444.8,65.8
22377,18446.6,66.1
22378,18448.4,66.4
22379,18450.2,66.7
22380,18452,67
22381,18453.8,67.4
22382,18455.6,67.8
22383,18457.4,68.2
22384,18459.2,68.6
22385,18461,69
22386,18462.8,69.4
22387,18464.6,69.8
22388,18466.4,70.2
22389,18468.2,70.6
22390,18470,71
22391,18471.9,71.4
22392,18473.8,71.8
22393,18475.7,72.2
22394,18477.6,72.6
22395,18479.5,73
22396,18481.4,73.4
22397,18483.3,73.8
22398,18485.2,74.2
22399,18487.1,74.6
22400,18489,75
22401,18490.9,75.3
22402,18492.8,75.6
22403,18494.7,75.9
22404,18496.6,76.2
22405,18498.5,76.5
22406,18500.4,76.8
22407,18502.3,77.1
22408,18504.2,77.4
22409,18506.1,77.7
22410,18508,78
22411,18509.9,78.3
22412,18511.8,78.6
22413,18513.7,78.9
22414,18515.6,79.2
22415,18517.5,79.5
22416,18519.4,79.8
22417,18521.3,80.1
22418,18523.2,80.4
22419,18525.1,80.7
22420,18527,81
22421,18528.8,81.1
22422,18530.6,81.2
22423,18532.4,81.3
22424,18534.2,81.4
22425,18536,81.5
22426,18537.8,81.6
22427,18539.6,81.7
22428,18541.4,81.8
22429,18543.2,81.9
22430,18545,82
22431,18546.8,82.1
22432,18548.6,82.2
22433,18550.4,82.3
22434,18552.2,82.4
22435,18554,82.5
22436,18555.8,82.6
22437,18557.6,82.7
22438,18559.4,82.8
22439,18561.2,82.9
22440,18563,83
22441,18564.8,82.9
22442,18566.6,82.8
22443,18568.4,82.7
22444,18570.2,82.6
22445,18572,82.5
22446,18573.8,82.4
22447,18575.6,82.3
22448,18577.4,82.2
22449,18579.2,82.1
22450,18581,82
22451,18582.7,81.7
22452,18584.4,81.4
22453,18586.1,81.1
22454,18587.8,80.8
22455,18589.5,80.5
22456,18591.2,80.2
22457,18592.9,79.9
22458,18594.6,79.6
22459,18596.3,79.3
22460,18598,79
22461,18599.6,78.6
22462,18601.2,78.2
22463,18602.8,77.8
22464,18604.4,77.4
22465,18606,77
22466,18607.6,76.6
22467,18609.2,76.2
22468,18610.8,75.8
22469,18612.4,75.4
22470,18614,75
22471,18615.5,74.5
22472,18617,74
22473,18618.5,73.5
22474,18620,73
22475,18621.5,72.5
22476,18623,72
22477,18624.5,71.5
22478,18626,71
22479,18627.5,70.5
22480,18629,70
22481,18630.5,69.4
22482,18632,68.8
22483,18633.5,68.2
22484,18635,67.6
22485,18636.5,67
22486,18638,66.4
22487,18639.5,65.8
22488,18641,65.2
22489,18642.5,64.6
22490,18644,64
22491,18645.4,63.5
22492,18646.8,63
22493,18648.2,62.5
22494,18649.6,62
22495,18651,61.5
22496,18652.4,61
22497,18653.8,60.5
22498,18655.2,60
22499,18656.6,59.5
22500,18658,59
22501,18659.3,58.5
22502,18660.6,58
22503,18661.9,57.5
22504,18663.2,57
22505,18664.5,56.5
22506,18665.8,56
22507,18667.1,55.5
22508,18668.4,55
22509,18669.7,54.5
22510,18671,54
22511,18672.2,53.7
22512,18673.4,53.4
22513,18674.6,53.1
22514,18675.8,52.8
22515,18677,52.5
22516,18678.2,52.2
22517,18679.4,51.9
22518,18680.6,51.6
22519,18681.8,51.3
22520,18683,51
22521,18684.2,50.9
22522,18685.4,50.8
22523,18686.6,50.7
22524,18687.8,50.6
22525,18689,50.5
22526,18690.2,50.4
22527,18691.4,50.3
22528,18692.6,50.2
22529,18693.8,50.1
22530,18695,50
22531,18696.1,50
22532,18697.2,50
22533,18698.3,50
22534,18699.4,50
22535,18700.5,50
22536,18701.6,50
22537,18702.7,50
22538,18703.8,50
22539,18704.9,50
22540,18706,50
22541,18707,50.1
22542,18708,50.2
22543,18709,50.3
22544,18710,50.4
22545,18711,50.5
22546,18712,50.6
22547,18713,50.7
22548,18714,50.8
22549,18715,50.9
22550,18716,51
22551,18716.9,51.2
22552,18717.8,51.4
22553,18718.7,51.6
22554,18719.6,51.8
22555,18720.5,52
22556,18721.4,52.2
22557,18722.3,52.4
22558,18723.2,52.6
22559,18724.1,52.8
22560,18725,53
22561,18725.8,53.2
22562,18726.6,53.4
22563,18727.4,53.6
22564,18728.2,53.8
22565,18729,54
22566,18729.8,54.2
22567,18730.6,54.4
22568,18731.4,54.6
22569,18732.2,54.8
22570,18733,55
22571,18733.8,55.2
22572,18734.6,55.4
22573,18735.4,55.6
22574,18736.2,55.8
22575,18737,56
22576,18737.8,56.2
22577,18738.6,56.4
22578,18739.4,56.6
22579,18740.2,56.8
22580,18741,57
22581,18741.7,57.2
22582,18742.4,57.4
22583,18743.1,57.6
22584,18743.8,57.8
22585,18744.5,58
22586,18745.2,58.2
22587,18745.9,58.4
22588,18746.6,58.6
22589,18747.3,58.8
22590,18748,59
22591,18748.6,59.1
22592,18749.2,59.2
22593,18749.8,59.3
22594,18750.4,59.4
22595,18751,59.5
22596,18751.6,59.6
22597,18752.2,59.7
22598,18752.8,59.8
22599,18753.4,59.9
22600,18754,60
22601,18754.6,60.1
22602,18755.2,60.2
22603,18755.8,60.3
22604,18756.4,60.4
22605,18757,60.5
22606,18757.6,60.6
22607,18758.2,60.7
22608,18758.8,60.8
22609,18759.4,60.9
22610,18760,61
22611,18760.5,61
22612,18761,61
22613,18761.5,61
22614,18762,61
22615,18762.5,61
22616,18763,61
22617,18763.5,61
22618,18764,61
22619,18764.5,61
22620,18765,61
22621,18765.5,61
22622,18766,61
22623,18766.5,61
22624,18767,61
22625,18767.5,61
22626,18768,61
22627,18768.5,61
22628,18769,61
22629,18769.5,61
22630,18770,61
22631,18770.3,60.9
22632,18770.6,60.8
22633,18770.9,60.7
22634,18771.2,60.6
22635,18771.5,60.5
22636,18771.8,60.4
22637,18772.1,60.3
22638,18772.4,60.2
22639,18772.7,60.1
22640,18773,60
22641,18773.3,59.8
22642,18773.6,59.6
22643,18773.9,59.4
22644,18774.2,59.2
22645,18774.5,59
22646,18774.8,58.8
22647,18775.1,58.6
22648,18775.4,58.4
22649,18775.7,58.2
22650,18776,58
22651,18776.3,57.7
22652,18776.6,57.4
22653,18776.9,57.1
22654,18777.2,56.8
22655,18777.5,56.5
22656,18777.8,56.2
22657,18778.1,55.9
22658,18778.4,55.6
22659,18778.7,55.3
22660,18779,55
22661,18779.2,54.7
22662,18779.4,54.4
22663,18779.6,54.1
22664,18779.8,53.8
22665,18780,53.5
22666,18780.2,53.2
22667,18780.4,52.9
22668,18780.6,52.6
22669,18780.8,52.3
22670,18781,52
22671,18781.2,51.8
22672,18781.4,51.6
22673,18781.6,51.4
22674,18781.8,51.2
22675,18782,51
22676,18782.2,50.8
22677,18782.4,50.6
22678,18782.6,50.4
22679,18782.8,50.2
22680,18783,50
22681,18783.1,49.8
22682,18783.2,49.6
22683,18783.3,49.4
22684,18783.4,49.2
22685,18783.5,49
22686,18783.6,48.8
22687,18783.7,48.6
22688,18783.8,48.4
22689,18783.9,48.2
22690,18784,48
22691,18784.1,48.1
22692,18784.2,48.2
22693,18784.3,48.3
22694,18784.4,48.4
22695,18784.5,48.5
22696,18784.6,48.6
22697,18784.7,48.7
22698,18784.8,48.8
22699,18784.9,48.9
22700,18785,49
22701,18785.1,49.1
22702,18785.2,49.2
22703,18785.3,49.3
22704,18785.4,49.4
22705,18785.5,49.5
22706,18785.6,49.6
22707,18785.7,49.7
22708,18785.8,49.8
22709,18785.9,49.9
22710,18786,50
22711,18786.1,50.1
22712,18786.2,50.2
22713,18786.3,50.3
22714,18786.4,50.4
22715,18786.5,50.5
22716,18786.6,50.6
22717,18786.7,50.7
22718,18786.8,50.8
22719,18786.9,50.9
22720,18787,51
22721,18787.1,51.2
22722,18787.2,51.4
22723,18787.3,51.6
22724,18787.4,51.8
22725,18787.5,52
22726,18787.6,52.2
22727,18787.7,52.4
22728,18787.8,52.6
22729,18787.9,52.8
22730,18788,53
22731,18788.1,53
22732,18788.2,53
22733,18788.3,53
22734,18788.4,53
22735,18788.5,53
22736,18788.6,53
22737,18788.7,53
22738,18788.8,53
22739,18788.9,53
22740,18789,53
22741,18789,52.9
22742,18789,52.8
22743,18789,52.7
22744,18789,52.6
22745,18789,52.5
22746,18789,52.4
22747,18789,52.3
22748,18789,52.2
22749,18789,52.1
22750,18789,52
22751,18789.1,51.9
22752,18789.2,51.8
22753,18789.3,51.7
22754,18789.4,51.6
22755,18789.5,51.5
22756,18789.6,51.4
22757,18789.7,51.3
22758,18789.8,51.2
22759,18789.9,51.1
22760,18790,51
22761,18790.1,50.9
22762,18790.2,50.8
22763,18790.3,50.7
22764,18790.4,50.6
22765,18790.5,50.5
22766,18790.6,50.4
22767,18790.7,50.3
22768,18790.8,50.2
22769,18790.9,50.1
22770,18791,50
22771,18791.1,49.9
22772,18791.2,49.8
22773,18791.3,49.7
22774,18791.4,49.6
22775,18791.5,49.5
22776,18791.6,49.4
22777,18791.7,49.3
22778,18791.8,49.2
22779,18791.9,49.1
22780,18792,49
22781,18792.1,49
22782,18792.2,49
22783,18792.3,49
22784,18792.4,49
22785,18792.5,49
22786,18792.6,49
22787,18792.7,49
22788,18792.8,49
22789,18792.9,49
22790,18793,49
22791,18793.1,49
22792,18793.2,49
22793,18793.3,49
22794,18793.4,49
22795,18793.5,49
22796,18793.6,49
22797,18793.7,49
22798,18793.8,49
22799,18793.9,49
22800,18794,49
22801,18794.2,49
22802,18794.4,49
22803,18794.6,49
22804,18794.8,49
22805,18795,49
22806,18795.2,49
22807,18795.4,49
22808,18795.6,49
22809,18795.8,49
22810,18796,49
22811,18796.2,49
22812,18796.4,49
22813,18796.6,49
22814,18796.8,49
22815,18797,49
22816,18797.2,49
22817,18797.4,49
22818,18797.6,49
22819,18797.8,49
22820,18798,49
22821,18798.2,48.9
22822,18798.4,48.8
22823,18798.6,48.7
22824,18798.8,48.6
22825,18799,48.5
22826,18799.2,48.4
22827,18799.4,48.3
22828,18799.6,48.2
22829,18799.8,48.1
22830,18800,48
22831,18800.3,48.1
22832,18800.6,48.2
22833,18800.9,48.3
22834,18801.2,48.4
22835,18801.5,48.5
22836,18801.8,48.6
22837,18802.1,48.7
22838,18802.4,48.8
22839,18802.7,48.9
22840,18803,49
22841,18803.4,49.1
22842,18803.8,49.2
22843,18804.2,49.3
22844,18804.6,49.4
22845,18805,49.5
22846,18805.4,49.6
22847,18805.8,49.7
22848,18806.2,49.8
22849,18806.6,49.9
22850,18807,50
22851,18807.6,50.3
22852,18808.2,50.6
22853,18808.8,50.9
22854,18809.4,51.2
22855,18810,51.5
22856,18810.6,51.8
22857,18811.2,52.1
22858,18811.8,52.4
22859,18812.4,52.7
22860,18813,53
22861,18813.9,53.5
22862,18814.8,54
22863,18815.7,54.5
22864,18816.6,55
22865,18817.5,55.5
22866,18818.4,56
22867,18819.3,56.5
22868,18820.2,57
22869,18821.1,57.5
22870,18822,58
22871,18823.1,58.5
22872,18824.2,59
22873,18825.3,59.5
22874,18826.4,60
22875,18827.5,60.5
22876,18828.6,61
22877,18829.7,61.5
22878,18830.8,62
22879,18831.9,62.5
22880,18833,63
22881,18834.4,63.4
22882,18835.8,63.8
22883,18837.2,64.2
22884,18838.6,64.6
22885,18840,65
22886,18841.4,65.4
22887,18842.8,65.8
22888,18844.2,66.2
22889,18845.6,66.6
22890,18847,67
22891,18848.7,67.5
22892,18850.4,68
22893,18852.1,68.5
22894,18853.8,69
22895,18855.5,69.5
22896,18857.2,70
22897,18858.9,70.5
22898,18860.6,71
22899,18862.3,71.5
22900,18864,72
22901,18866,72.4
22902,18868,72.8
22903,18870,73.2
22904,18872,73.6
22905,18874,74
22906,18876,74.4
22907,18878,74.8
22908,18880,75.2
22909,18882,75.6
22910,18884,76
22911,18886.2,76.5
22912,18888.4,77
22913,18890.6,77.5
22914,18892.8,78
22915,18895,78.5
22916,18897.2,79
22917,18899.4,79.5
22918,18901.6,80
22919,18903.8,80.5
22920,18906,81
22921,18908.4,81.4
22922,18910.8,81.8
22923,18913.2,82.2
22924,18915.6,82.6
22925,18918,83
22926,18920.4,83.4
22927,18922.8,83.8
22928,18925.2,84.2
22929,18927.6,84.6
22930,18930,85
22931,18932.5,85.4
22932,18935,85.8
22933,18937.5,86.2
22934,18940,86.6
22935,18942.5,87
22936,18945,87.4
22937,18947.5,87.8
22938,18950,88.2
22939,18952.5,88.6
22940,18955,89
22941,18957.6,89.1
22942,18960.2,89.2
22943,18962.8,89.3
22944,18965.4,89.4
22945,18968,89.5
22946,18970.6,89.6
22947,18973.2,89.7
22948,18975.8,89.8
22949,18978.4,89.9
22950,18981,90
22951,18983.5,90
22952,18986,90
22953,18988.5,90
22954,18991,90
22955,18993.5,90
22956,18996,90
22957,18998.5,90
22958,19001,90
22959,19003.5,90
22960,19006,90
22961,19008.6,89.8
22962,19011.2,89.6
22963,19013.8,89.4
22964,19016.4,89.2
22965,19019,89
22966,19021.6,88.8
22967,19024.2,88.6
22968,19026.8,88.4
22969,19029.4,88.2
22970,19032,88
22971,19034.5,87.6
22972,19037,87.2
22973,19039.5,86.8
22974,19042,86.4
22975,19044.5,86
22976,19047,85.6
22977,19049.5,85.2
22978,19052,84.8
22979,19054.5,84.4
22980,19057,84
22981,19059.5,83.5
22982,19062,83
22983,19064.5,82.5
22984,19067,82
22985,19069.5,81.5
22986,19072,81
22987,19074.5,80.5
22988,19077,80
22989,19079.5,79.5
22990,19082,79
22991,19084.3,78.4
22992,19086.6,77.8
22993,19088.9,77.2
22994,19091.2,76.6
22995,19093.5,76
22996,19095.8,75.4
22997,19098.1,74.8
22998,19100.4,74.2
22999,19102.7,73.6
23000,19105,73
23001,19107.2,72.5
23002,19109.4,72
23003,19111.6,71.5
23004,19113.8,71
23005,19116,70.5
23006,19118.2,70
23007,19120.4,69.5
23008,19122.6,69
23009,19124.8,68.5
23010,19127,68
23011,19129.2,67.5
23012,19131.4,67
23013,19133.6,66.5
23014,19135.8,66
23015,19138,65.5
23016,19140.2,65
23017,19142.4,64.5
23018,19144.6,64
23019,19146.8,63.5
23020,19149,63
23021,19150.9,62.6
23022,19152.8,62.2
23023,19154.7,61.8
23024,19156.6,61.4
23025,19158.5,61
23026,19160.4,60.6
23027,19162.3,60.2
23028,19164.2,59.8
23029,19166.1,59.4
23030,19168,59
23031,19169.7,58.7
23032,19171.4,58.4
23033,19173.1,58.1
23034,19174.8,57.8
23035,19176.5,57.5
23036,19178.2,57.2
23037,19179.9,56.9
23038,19181.6,56.6
23039,19183.3,56.3
23040,19185,56
23041,19186.5,55.7
23042,19188,55.4
23043,19189.5,55.1
23044,19191,54.8
23045,19192.5,54.5
23046,19194,54.2
23047,19195.5,53.9
23048,19197,53.6
23049,19198.5,53.3
23050,19200,53
23051,19201.3,52.8
23052,19202.6,52.6
23053,19203.9,52.4
23054,19205.2,52.2
23055,19206.5,52
23056,19207.8,51.8
23057,19209.1,51.6
23058,19210.4,51.4
23059,19211.7,51.2
23060,19213,51
23061,19214.2,50.8
23062,19215.4,50.6
23063,19216.6,50.4
23064,19217.8,50.2
23065,19219,50
23066,19220.2,49.8
23067,19221.4,49.6
23068,19222.6,49.4
23069,19223.8,49.2
23070,19225,49
23071,19225.9,49
23072,19226.8,49
23073,19227.7,49
23074,19228.6,49
23075,19229.5,49
23076,19230.4,49
23077,19231.3,49
23078,19232.2,49
23079,19233.1,49
23080,19234,49
23081,19234.9,48.9
23082,19235.8,48.8
23083,19236.7,48.7
23084,19237.6,48.6
23085,19238.5,48.5
23086,19239.4,48.4
23087,19240.3,48.3
23088,19241.2,48.2
23089,19242.1,48.1
23090,19243,48
23091,19243.8,48
23092,19244.6,48
23093,19245.4,48
23094,19246.2,48
23095,19247,48
23096,19247.8,48
23097,19248.6,48
23098,19249.4,48
23099,19250.2,48
23100,19251,48
23101,19251.7,48
23102,19252.4,48
23103,19253.1,48
23104,19253.8,48
23105,19254.5,48
23106,19255.2,48
23107,19255.9,48
23108,19256.6,48
23109,19257.3,48
23110,19258,48
23111,19258.7,48
23112,19259.4,48
23113,19260.1,48
23114,19260.8,48
23115,19261.5,48
23116,19262.2,48
23117,19262.9,48
23118,19263.6,48
23119,19264.3,48
23120,19265,48
23121,19265.8,48
23122,19266.6,48
23123,19267.4,48
23124,19268.2,48
23125,19269,48
23126,19269.8,48
23127,19270.6,48
23128,19271.4,48
23129,19272.2,48
23130,19273,48
23131,19273.7,47.9
23132,19274.4,47.8
23133,19275.1,47.7
23134,19275.8,47.6
23135,19276.5,47.5
23136,19277.2,47.4
23137,19277.9,47.3
23138,19278.6,47.2
23139,19279.3,47.1
23140,19280,47
23141,19280.8,47
23142,19281.6,47
23143,19282.4,47
23144,19283.2,47
23145,19284,47
23146,19284.8,47
23147,19285.6,47
23148,19286.4,47
23149,19287.2,47
23150,19288,47
23151,19288.8,46.9
23152,19289.6,46.8
23153,19290.4,46.7
23154,19291.2,46.6
23155,19292,46.5
23156,19292.8,46.4
23157,19293.6,46.3
23158,19294.4,46.2
23159,19295.2,46.1
23160,19296,46
23161,19296.7,45.9
23162,19297.4,45.8
23163,19298.1,45.7
23164,19298.8,45.6
23165,19299.5,45.5
23166,19300.2,45.4
23167,19300.9,45.3
23168,19301.6,45.2
23169,19302.3,45.1
23170,19303,45
23171,19303.8,45
23172,19304.6,45
23173,19305.4,45
23174,19306.2,45
23175,19307,45
23176,19307.8,45
23177,19308.6,45
23178,19309.4,45
23179,19310.2,45
23180,19311,45
23181,19311.8,45
23182,19312.6,45
23183,19313.4,45
23184,19314.2,45
23185,19315,45
23186,19315.8,45
23187,19316.6,45
23188,19317.4,45
23189,19318.2,45
23190,19319,45
23191,19319.7,45
23192,19320.4,45
23193,19321.1,45
23194,19321.8,45
23195,19322.5,45
23196,19323.2,45
23197,19323.9,45
23198,19324.6,45
23199,19325.3,45
23200,19326,45
23201,19326.8,45.1
23202,19327.6,45.2
23203,19328.4,45.3
23204,19329.2,45.4
23205,19330,45.5
23206,19330.8,45.6
23207,19331.6,45.7
23208,19332.4,45.8
23209,19333.2,45.9
23210,19334,46
23211,19334.7,46.1
23212,19335.4,46.2
23213,19336.1,46.3
23214,19336.8,46.4
23215,19337.5,46.5
23216,19338.2,46.6
23217,19338.9,46.7
23218,19339.6,46.8
23219,19340.3,46.9
23220,19341,47
23221,19341.7,47
23222,19342.4,47
23223,19343.1,47
23224,19343.8,47
23225,19344.5,47
23226,19345.2,47
23227,19345.9,47
23228,19346.6,47
23229,19347.3,47
23230,19348,47
23231,19348.6,47.1
23232,19349.2,47.2
23233,19349.8,47.3
23234,19350.4,47.4
23235,19351,47.5
23236,19351.6,47.6
23237,19352.2,47.7
23238,19352.8,47.8
23239,19353.4,47.9
23240,19354,48
23241,19354.6,48
23242,19355.2,48
23243,19355.8,48
23244,19356.4,48
23245,19357,48
23246,19357.6,48
23247,19358.2,48
23248,19358.8,48
23249,19359.4,48
23250,19360,48
23251,19360.6,48.1
23252,19361.2,48.2
23253,19361.8,48.3
23254,19362.4,48.4
23255,19363,48.5
23256,19363.6,48.6
23257,19364.2,48.7
23258,19364.8,48.8
23259,19365.4,48.9
23260,19366,49
23261,19366.5,48.9
23262,19367,48.8
23263,19367.5,48.7
23264,19368,48.6
23265,19368.5,48.5
23266,19369,48.4
23267,19369.5,48.3
23268,19370,48.2
23269,19370.5,48.1
23270,19371,48
23271,19371.4,48
23272,19371.8,48
23273,19372.2,48
23274,19372.6,48
23275,19373,48
23276,19373.4,48
23277,19373.8,48
23278,19374.2,48
23279,19374.6,48
23280,19375,48
23281,19375.5,48
23282,19376,48
23283,19376.5,48
23284,19377,48
23285,19377.5,48
23286,19378,48
23287,19378.5,48
23288,19379,48
23289,19379.5,48
23290,19380,48
23291,19380.4,48
23292,19380.8,48
23293,19381.2,48
23294,19381.6,48
23295,19382,48
23296,19382.4,48
23297,19382.8,48
23298,19383.2,48
23299,19383.6,48
23300,19384,48
23301,19384.6,48.1
23302,19385.2,48.2
23303,19385.8,48.3
23304,19386.4,48.4
23305,19387,48.5
23306,19387.6,48.6
23307,19388.2,48.7
23308,19388.8,48.8
23309,19389.4,48.9
23310,19390,49
23311,19390.6,49.2
23312,19391.2,49.4
23313,19391.8,49.6
23314,19392.4,49.8
23315,19393,50
23316,19393.6,50.2
23317,19394.2,50.4
23318,19394.8,50.6
23319,19395.4,50.8
23320,19396,51
23321,19396.7,51.2
23322,19397.4,51.4
23323,19398.1,51.6
23324,19398.8,51.8
23325,19399.5,52
23326,19400.2,52.2
23327,19400.9,52.4
23328,19401.6,52.6
23329,19402.3,52.8
23330,19403,53
23331,19403.9,53.2
23332,19404.8,53.4
23333,19405.7,53.6
23334,19406.6,53.8
23335,19407.5,54
23336,19408.4,54.2
23337,19409.3,54.4
23338,19410.2,54.6
23339,19411.1,54.8
23340,19412,55
23341,19413.1,55.2
23342,19414.2,55.4
23343,19415.3,55.6
23344,19416.4,55.8
23345,19417.5,56
23346,19418.6,56.2
23347,19419.7,56.4
23348,19420.8,56.6
23349,19421.9,56.8
23350,19423,57
23351,19424.2,57.1
23352,19425.4,57.2
23353,19426.6,57.3
23354,19427.8,57.4
23355,19429,57.5
23356,19430.2,57.6
23357,19431.4,57.7
23358,19432.6,57.8
23359,19433.8,57.9
23360,19435,58
23361,19436.4,58
23362,19437.8,58
23363,19439.2,58
23364,19440.6,58
23365,19442,58
23366,19443.4,58
23367,19444.8,58
23368,19446.2,58
23369,19447.6,58
23370,19449,58
23371,19450.6,58.1
23372,19452.2,58.2
23373,19453.8,58.3
23374,19455.4,58.4
23375,19457,58.5
23376,19458.6,58.6
23377,19460.2,58.7
23378,19461.8,58.8
23379,19463.4,58.9
23380,19465,59
23381,19466.6,58.9
23382,19468.2,58.8
23383,19469.8,58.7
23384,19471.4,58.6
23385,19473,58.5
23386,19474.6,58.4
23387,19476.2,58.3
23388,19477.8,58.2
23389,19479.4,58.1
23390,19481,58
23391,19482.5,58
23392,19484,58
23393,19485.5,58
23394,19487,58
23395,19488.5,58
23396,19490,58
23397,19491.5,58
23398,19493,58
23399,19494.5,58
23400,19496,58
23401,19497.6,58
23402,19499.2,58
23403,19500.8,58
23404,19502.4,58
23405,19504,58
23406,19505.6,58
23407,19507.2,58
23408,19508.8,58
23409,19510.4,58
23410,19512,58
23411,19513.4,57.9
23412,19514.8,57.8
23413,19516.2,57.7
23414,19517.6,57.6
23415,19519,57.5
23416,19520.4,57.4
23417,19521.8,57.3
23418,19523.2,57.2
23419,19524.6,57.1
23420,19526,57
23421,19527.3,57
23422,19528.6,57
23423,19529.9,57
23424,19531.2,57
23425,19532.5,57
23426,19533.8,57
23427,19535.1,57
23428,19536.4,57
23429,19537.7,57
23430,19539,57
23431,19540.1,57
23432,19541.2,57
23433,19542.3,57
23434,19543.4,57
23435,19544.5,57
23436,19545.6,57
23437,19546.7,57
23438,19547.8,57
23439,19548.9,57
23440,19550,57
23441,19550.9,56.9
23442,19551.8,56.8
23443,19552.7,56.7
23444,19553.6,56.6
23445,19554.5,56.5
23446,19555.4,56.4
23447,19556.3,56.3
23448,19557.2,56.2
23449,19558.1,56.1
23450,19559,56
23451,19559.6,55.9
23452,19560.2,55.8
23453,19560.8,55.7
23454,19561.4,55.6
23455,19562,55.5
23456,19562.6,55.4
23457,19563.2,55.3
23458,19563.8,55.2
23459,19564.4,55.1
23460,19565,55
23461,19565.3,54.9
23462,19565.6,54.8
23463,19565.9,54.7
23464,19566.2,54.6
23465,19566.5,54.5
23466,19566.8,54.4
23467,19567.1,54.3
23468,19567.4,54.2
23469,19567.7,54.1
23470,19568,54
23471,19568.1,54
23472,19568.2,54
23473,19568.3,54
23474,19568.4,54
23475,19568.5,54
23476,19568.6,54
23477,19568.7,54
23478,19568.8,54
23479,19568.9,54
23480,19569,54
23481,19568.9,54
23482,19568.8,54
23483,19568.7,54
23484,19568.6,54
23485,19568.5,54
23486,19568.4,54
23487,19568.3,54
23488,19568.2,54
23489,19568.1,54
23490,19568,54
23491,19567.6,54
23492,19567.2,54
23493,19566.8,54
23494,19566.4,54
23495,19566,54
23496,19565.6,54
23497,19565.2,54
23498,19564.8,54
23499,19564.4,54
23500,19564,54
23501,19563.5,54.2
23502,19563,54.4
23503,19562.5,54.6
23504,19562,54.8
23505,19561.5,55
23506,19561,55.2
23507,19560.5,55.4
23508,19560,55.6
23509,19559.5,55.8
23510,19559,56
23511,19558.3,56.2
23512,19557.6,56.4
23513,19556.9,56.6
23514,19556.2,56.8
23515,19555.5,57
23516,19554.8,57.2
23517,19554.1,57.4
23518,19553.4,57.6
23519,19552.7,57.8
23520,19552,58
23521,19551.1,58.3
23522,19550.2,58.6
23523,19549.3,58.9
23524,19548.4,59.2
23525,19547.5,59.5
23526,19546.6,59.8
23527,19545.7,60.1
23528,19544.8,60.4
23529,19543.9,60.7
23530,19543,61
23531,19542,61.2
23532,19541,61.4
23533,19540,61.6
23534,19539,61.8
23535,19538,62
23536,19537,62.2
23537,19536,62.4
23538,19535,62.6
23539,19534,62.8
23540,19533,63
23541,19531.9,63.3
23542,19530.8,63.6
23543,19529.7,63.9
23544,19528.6,64.2
23545,19527.5,64.5
23546,19526.4,64.8
23547,19525.3,65.1
23548,19524.2,65.4
23549,19523.1,65.7
23550,19522,66
23551,19520.7,66.2
23552,19519.4,66.4
23553,19518.1,66.6
23554,19516.8,66.8
23555,19515.5,67
23556,19514.2,67.2
23557,19512.9,67.4
23558,19511.6,67.6
23559,19510.3,67.8
23560,19509,68
23561,19507.7,68.1
23562,19506.4,68.2
23563,19505.1,68.3
23564,19503.8,68.4
23565,19502.5,68.5
23566,19501.2,68.6
23567,19499.9,68.7
23568,19498.6,68.8
23569,19497.3,68.9
23570,19496,69
23571,19494.5,69.1
23572,19493,69.2
23573,19491.5,69.3
23574,19490,69.4
23575,19488.5,69.5
23576,19487,69.6
23577,19485.5,69.7
23578,19484,69.8
23579,19482.5,69.9
23580,19481,70
23581,19479.5,70
23582,19478,70
23583,19476.5,70
23584,19475,70
23585,19473.5,70
23586,19472,70
23587,19470.5,70
23588,19469,70
23589,19467.5,70
23590,19466,70
23591,19464.5,69.8
23592,19463,69.6
23593,19461.5,69.4
23594,19460,69.2
23595,19458.5,69
23596,19457,68.8
23597,19455.5,68.6
23598,19454,68.4
23599,19452.5,68.2
23600,19451,68
23601,19449.5,67.8
23602,19448,67.6
23603,19446.5,67.4
23604,19445,67.2
23605,19443.5,67
23606,19442,66.8
23607,19440.5,66.6
23608,19439,66.4
23609,19437.5,66.2
23610,19436,66
23611,19434.6,65.8
23612,19433.2,65.6
23613,19431.8,65.4
23614,19430.4,65.2
23615,19429,65
23616,19427.6,64.8
23617,19426.2,64.6
23618,19424.8,64.4
23619,19423.4,64.2
23620,19422,64
23621,19420.9,63.8
23622,19419.8,63.6
23623,19418.7,63.4
23624,19417.6,63.2
23625,19416.5,63
23626,19415.4,62.8
23627,19414.3,62.6
23628,19413.2,62.4
23629,19412.1,62.2
23630,19411,62
23631,19410.4,61.9
23632,19409.8,61.8
23633,19409.2,61.7
23634,19408.6,61.6
23635,19408,61.5
23636,19407.4,61.4
23637,19406.8,61.3
23638,19406.2,61.2
23639,19405.6,61.1
23640,19405,61
23641,19404.8,60.8
23642,19404.6,60.6
23643,19404.4,60.4
23644,19404.2,60.2
23645,19404,60
23646,19403.8,59.8
23647,19403.6,59.6
23648,19403.4,59.4
23649,19403.2,59.2
23650,19403,59
23651,19403.3,59
23652,19403.6,59
23653,19403.9,59
23654,19404.2,59
23655,19404.5,59
23656,19404.8,59
23657,19405.1,59
23658,19405.4,59
23659,19405.7,59
23660,19406,59
23661,19406.9,59
23662,19407.8,59
23663,19408.7,59
23664,19409.6,59
23665,19410.5,59
23666,19411.4,59
23667,19412.3,59
23668,19413.2,59
23669,19414.1,59
23670,19415,59
23671,19416.3,59.2
23672,19417.6,59.4
23673,19418.9,59.6
23674,19420.2,59.8
23675,19421.5,60
23676,19422.8,60.2
23677,19424.1,60.4
23678,19425.4,60.6
23679,19426.7,60.8
23680,19428,61
23681,19429.7,61.4
23682,19431.4,61.8
23683,19433.1,62.2
23684,19434.8,62.6
23685,19436.5,63
23686,19438.2,63.4
23687,19439.9,63.8
23688,19441.6,64.2
23689,19443.3,64.6
23690,19445,65
23691,19447,65.4
23692,19449,65.8
23693,19451,66.2
23694,19453,66.6
23695,19455,67
23696,19457,67.4
23697,19459,67.8
23698,19461,68.2
23699,19463,68.6
23700,19465,69
23701,19467.3,69.4
23702,19469.6,69.8
23703,19471.9,70.2
23704,19474.2,70.6
23705,19476.5,71
23706,19478.8,71.4
23707,19481.1,71.8
23708,19483.4,72.2
23709,19485.7,72.6
23710,19488,73
23711,19490.5,73.3
23712,19493,73.6
23713,19495.5,73.9
23714,19498,74.2
23715,19500.5,74.5
23716,19503,74.8
23717,19505.5,75.1
23718,19508,75.4
23719,19510.5,75.7
23720,19513,76
23721,19515.8,76.2
23722,19518.6,76.4
23723,19521.4,76.6
23724,19524.2,76.8
23725,19527,77
23726,19529.8,77.2
23727,19532.6,77.4
23728,19535.4,77.6
23729,19538.2,77.8
23730,19541,78
23731,19543.9,78.1
23732,19546.8,78.2
23733,19549.7,78.3
23734,19552.6,78.4
23735,19555.5,78.5
23736,19558.4,78.6
23737,19561.3,78.7
23738,19564.2,78.8
23739,19567.1,78.9
23740,19570,79
23741,19573.1,79
23742,19576.2,79
23743,19579.3,79
23744,19582.4,79
23745,19585.5,79
23746,19588.6,79
23747,19591.7,79
23748,19594.8,79
23749,19597.9,79
23750,19601,79
23751,19604.1,78.9
23752,19607.2,78.8
23753,19610.3,78.7
23754,19613.4,78.6
23755,19616.5,78.5
23756,19619.6,78.4
23757,19622.7,78.3
23758,19625.8,78.2
23759,19628.9,78.1
23760,19632,78
23761,19635.2,77.8
23762,19638.4,77.6
23763,19641.6,77.4
23764,19644.8,77.2
23765,19648,77
23766,19651.2,76.8
23767,19654.4,76.6
23768,19657.6,76.4
23769,19660.8,76.2
23770,19664,76
23771,19667.2,75.8
23772,19670.4,75.6
23773,19673.6,75.4
23774,19676.8,75.2
23775,19680,75
23776,19683.2,74.8
23777,19686.4,74.6
23778,19689.6,74.4
23779,19692.8,74.2
23780,19696,74
23781,19699.1,73.8
23782,19702.2,73.6
23783,19705.3,73.4
23784,19708.4,73.2
23785,19711.5,73
23786,19714.6,72.8
23787,19717.7,72.6
23788,19720.8,72.4
23789,19723.9,72.2
23790,19727,72
23791,19730.1,71.8
23792,19733.2,71.6
23793,19736.3,71.4
23794,19739.4,71.2
23795,19742.5,71
23796,19745.6,70.8
23797,19748.7,70.6
23798,19751.8,70.4
23799,19754.9,70.2
23800,19758,70
23801,19760.9,69.7
23802,19763.8,69.4
23803,19766.7,69.1
23804,19769.6,68.8
23805,19772.5,68.5
23806,19775.4,68.2
23807,19778.3,67.9
23808,19781.2,67.6
23809,19784.1,67.3
23810,19787,67
23811,19789.8,66.7
23812,19792.6,66.4
23813,19795.4,66.1
23814,19798.2,65.8
23815,19801,65.5
23816,19803.8,65.2
23817,19806.6,64.9
23818,19809.4,64.6
23819,19812.2,64.3
23820,19815,64
23821,19817.5,63.8
23822,19820,63.6
23823,19822.5,63.4
23824,19825,63.2
23825,19827.5,63
23826,19830,62.8
23827,19832.5,62.6
23828,19835,62.4
23829,19837.5,62.2
23830,19840,62
23831,19842.4,61.7
23832,19844.8,61.4
23833,19847.2,61.1
23834,19849.6,60.8
23835,19852,60.5
23836,19854.4,60.2
23837,19856.8,59.9
23838,19859.2,59.6
23839,19861.6,59.3
23840,19864,59
23841,19866.1,58.7
23842,19868.2,58.4
23843,19870.3,58.1
23844,19872.4,57.8
23845,19874.5,57.5
23846,19876.6,57.2
23847,19878.7,56.9
23848,19880.8,56.6
23849,19882.9,56.3
23850,19885,56
23851,19886.8,55.8
23852,19888.6,55.6
23853,19890.4,55.4
23854,19892.2,55.2
23855,19894,55
23856,19895.8,54.8
23857,19897.6,54.6
23858,19899.4,54.4
23859,19901.2,54.2
23860,19903,54
23861,19904.7,53.8
23862,19906.4,53.6
23863,19908.1,53.4
23864,19909.8,53.2
23865,19911.5,53
23866,19913.2,52.8
23867,19914.9,52.6
23868,19916.6,52.4
23869,19918.3,52.2
23870,19920,52
23871,19921.5,51.9
23872,19923,51.8
23873,19924.5,51.7
23874,19926,51.6
23875,19927.5,51.5
23876,19929,51.4
23877,19930.5,51.3
23878,19932,51.2
23879,19933.5,51.1
23880,19935,51
23881,19936.3,50.9
23882,19937.6,50.8
23883,19938.9,50.7
23884,19940.2,50.6
23885,19941.5,50.5
23886,19942.8,50.4
23887,19944.1,50.3
23888,19945.4,50.2
23889,19946.7,50.1
23890,19948,50
23891,19949.2,49.9
23892,19950.4,49.8
23893,19951.6,49.7
23894,19952.8,49.6
23895,19954,49.5
23896,19955.2,49.4
23897,19956.4,49.3
23898,19957.6,49.2
23899,19958.8,49.1
23900,19960,49
23901,19961.1,48.9
23902,19962.2,48.8
23903,19963.3,48.7
23904,19964.4,48.6
23905,19965.5,48.5
23906,19966.6,48.4
23907,19967.7,48.3
23908,19968.8,48.2
23909,19969.9,48.1
23910,19971,48
23911,19971.8,47.9
23912,19972.6,47.8
23913,19973.4,47.7
23914,19974.2,47.6
23915,19975,47.5
23916,19975.8,47.4
23917,19976.6,47.3
23918,19977.4,47.2
23919,19978.2,47.1
23920,19979,47
23921,19979.9,47
23922,19980.8,47
23923,19981.7,47
23924,19982.6,47
23925,19983.5,47
23926,19984.4,47
23927,19985.3,47
23928,19986.2,47
23929,19987.1,47
23930,19988,47
23931,19988.6,46.9
23932,19989.2,46.8
23933,19989.8,46.7
23934,19990.4,46.6
23935,19991,46.5
23936,19991.6,46.4
23937,19992.2,46.3
23938,19992.8,46.2
23939,19993.4,46.1
23940,19994,46
23941,19994.6,46
23942,19995.2,46
23943,19995.8,46
23944,19996.4,46
23945,19997,46
23946,19997.6,46
23947,19998.2,46
23948,19998.8,46
23949,19999.4,46
23950,20000,46
23951,20000.5,46.1
23952,20001,46.2
23953,20001.5,46.3
23954,20002,46.4
23955,20002.5,46.5
23956,20003,46.6
23957,20003.5,46.7
23958,20004,46.8
23959,20004.5,46.9
23960,20005,47
23961,20005.5,47
23962,20006,47
23963,20006.5,47
23964,20007,47
23965,20007.5,47
23966,20008,47
23967,20008.5,47
23968,20009,47
23969,20009.5,47
23970,20010,47
23971,20010.4,47.1
23972,20010.8,47.2
23973,20011.2,47.3
23974,20011.6,47.4
23975,20012,47.5
23976,20012.4,47.6
23977,20012.8,47.7
23978,20013.2,47.8
23979,20013.6,47.9
23980,20014,48
23981,20014.4,48.1
23982,20014.8,48.2
23983,20015.2,48.3
23984,20015.6,48.4
23985,20016,48.5
23986,20016.4,48.6
23987,20016.8,48.7
23988,20017.2,48.8
23989,20017.6,48.9
23990,20018,49
23991,20018.3,49.1
23992,20018.6,49.2
23993,20018.9,49.3
23994,20019.2,49.4
23995,20019.5,49.5
23996,20019.8,49.6
23997,20020.1,49.7
23998,20020.4,49.8
23999,20020.7,49.9
24000,20021,50
24001,20021.3,50
24002,20021.6,50
24003,20021.9,50
24004,20022.2,50
24005,20022.5,50
24006,20022.8,50
24007,20023.1,50
24008,20023.4,50
24009,20023.7,50
24010,20024,50
24011,20024.4,50
24012,20024.8,50
24013,20025.2,50
24014,20025.6,50
24015,20026,50
24016,20026.4,50
24017,20026.8,50
24018,20027.2,50
24019,20027.6,50
24020,20028,50
24021,20028.3,50
24022,20028.6,50
24023,20028.9,50
24024,20029.2,50
24025,20029.5,50
24026,20029.8,50
24027,20030.1,50
24028,20030.4,50
24029,20030.7,50
24030,20031,50
24031,20031.3,50.1
24032,20031.6,50.2
24033,20031.9,50.3
24034,20032.2,50.4
24035,20032.5,50.5
24036,20032.8,50.6
24037,20033.1,50.7
24038,20033.4,50.8
24039,20033.7,50.9
24040,20034,51
24041,20034.4,51
24042,20034.8,51
24043,20035.2,51
24044,20035.6,51
24045,20036,51
24046,20036.4,51
24047,20036.8,51
24048,20037.2,51
24049,20037.6,51
24050,20038,51
24051,20038.3,51
24052,20038.6,51
24053,20038.9,51
24054,20039.2,51
24055,20039.5,51
24056,20039.8,51
24057,20040.1,51
24058,20040.4,51
24059,20040.7,51
24060,20041,51
24061,20041.3,51
24062,20041.6,51
24063,20041.9,51
24064,20042.2,51
24065,20042.5,51
24066,20042.8,51
24067,20043.1,51
24068,20043.4,51
24069,20043.7,51
24070,20044,51
24071,20044.3,50.9
24072,20044.6,50.8
24073,20044.9,50.7
24074,20045.2,50.6
24075,20045.5,50.5
24076,20045.8,50.4
24077,20046.1,50.3
24078,20046.4,50.2
24079,20046.7,50.1
24080,20047,50
24081,20047.4,50
24082,20047.8,50
24083,20048.2,50
24084,20048.6,50
24085,20049,50
24086,20049.4,50
24087,20049.8,50
24088,20050.2,50
24089,20050.6,50
24090,20051,50
24091,20051.6,50
24092,20052.2,50
24093,20052.8,50
24094,20053.4,50
24095,20054,50
24096,20054.6,50
24097,20055.2,50
24098,20055.8,50
24099,20056.4,50
24100,20057,50
24101,20057.6,50.1
24102,20058.2,50.2
24103,20058.8,50.3
24104,20059.4,50.4
24105,20060,50.5
24106,20060.6,50.6
24107,20061.2,50.7
24108,20061.8,50.8
24109,20062.4,50.9
24110,20063,51
24111,20063.7,51.2
24112,20064.4,51.4
24113,20065.1,51.6
24114,20065.8,51.8
24115,20066.5,52
24116,20067.2,52.2
24117,20067.9,52.4
24118,20068.6,52.6
24119,20069.3,52.8
24120,20070,53
24121,20070.8,53.2
24122,20071.6,53.4
24123,20072.4,53.6
24124,20073.2,53.8
24125,20074,54
24126,20074.8,54.2
24127,20075.6,54.4
24128,20076.4,54.6
24129,20077.2,54.8
24130,20078,55
24131,20078.9,55.4
24132,20079.8,55.8
24133,20080.7,56.2
24134,20081.6,56.6
24135,20082.5,57
24136,20083.4,57.4
24137,20084.3,57.8
24138,20085.2,58.2
24139,20086.1,58.6
24140,20087,59
24141,20088.1,59.4
24142,20089.2,59.8
24143,20090.3,60.2
24144,20091.4,60.6
24145,20092.5,61
24146,20093.6,61.4
24147,20094.7,61.8
24148,20095.8,62.2
24149,20096.9,62.6
24150,20098,63
24151,20099.1,63.5
24152,20100.2,64
24153,20101.3,64.5
24154,20102.4,65
24155,20103.5,65.5
24156,20104.6,66
24157,20105.7,66.5
24158,20106.8,67
24159,20107.9,67.5
24160,20109,68
24161,20110.2,68.5
24162,20111.4,69
24163,20112.6,69.5
24164,20113.8,70
24165,20115,70.5
24166,20116.2,71
24167,20117.4,71.5
24168,20118.6,72
24169,20119.8,72.5
24170,20121,73
24171,20122.2,73.6
24172,20123.4,74.2
24173,20124.6,74.8
24174,20125.8,75.4
24175,20127,76
24176,20128.2,76.6
24177,20129.4,77.2
24178,20130.6,77.8
24179,20131.8,78.4
24180,20133,79
24181,20134.4,79.5
24182,20135.8,80
24183,20137.2,80.5
24184,20138.6,81
24185,20140,81.5
24186,20141.4,82
24187,20142.8,82.5
24188,20144.2,83
24189,20145.6,83.5
24190,20147,84
24191,20148.3,84.4
24192,20149.6,84.8
24193,20150.9,85.2
24194,20152.2,85.6
24195,20153.5,86
24196,20154.8,86.4
24197,20156.1,86.8
24198,20157.4,87.2
24199,20158.7,87.6
24200,20160,88
24201,20161.5,88.2
24202,20163,88.4
24203,20164.5,88.6
24204,20166,88.8
24205,20167.5,89
24206,20169,89.2
24207,20170.5,89.4
24208,20172,89.6
24209,20173.5,89.8
24210,20175,90
24211,20176.4,90.1
24212,20177.8,90.2
24213,20179.2,90.3
24214,20180.6,90.4
24215,20182,90.5
24216,20183.4,90.6
24217,20184.8,90.7
24218,20186.2,90.8
24219,20187.6,90.9
24220,20189,91
24221,20190.5,91
24222,20192,91
24223,20193.5,91
24224,20195,91
24225,20196.5,91
24226,20198,91
24227,20199.5,91
24228,20201,91
24229,20202.5,91
24230,20204,91
24231,20205.6,90.7
24232,20207.2,90.4
24233,20208.8,90.1
24234,20210.4,89.8
24235,20212,89.5
24236,20213.6,89.2
24237,20215.2,88.9
24238,20216.8,88.6
24239,20218.4,88.3
24240,20220,88
24241,20221.5,87.5
24242,20223,87
24243,20224.5,86.5
24244,20226,86
24245,20227.5,85.5
24246,20229,85
24247,20230.5,84.5
24248,20232,84
24249,20233.5,83.5
24250,20235,83
24251,20236.5,82.5
24252,20238,82
24253,20239.5,81.5
24254,20241,81
24255,20242.5,80.5
24256,20244,80
24257,20245.5,79.5
24258,20247,79
24259,20248.5,78.5
24260,20250,78
24261,20251.5,77.6
24262,20253,77.2
24263,20254.5,76.8
24264,20256,76.4
24265,20257.5,76
24266,20259,75.6
24267,20260.5,75.2
24268,20262,74.8
24269,20263.5,74.4
24270,20265,74
24271,20266.4,73.5
24272,20267.8,73
24273,20269.2,72.5
24274,20270.6,72
24275,20272,71.5
24276,20273.4,71
24277,20274.8,70.5
24278,20276.2,70
24279,20277.6,69.5
24280,20279,69
24281,20280.4,68.8
24282,20281.8,68.6
24283,20283.2,68.4
24284,20284.6,68.2
24285,20286,68
24286,20287.4,67.8
24287,20288.8,67.6
24288,20290.2,67.4
24289,20291.6,67.2
24290,20293,67
24291,20294.2,66.8
24292,20295.4,66.6
24293,20296.6,66.4
24294,20297.8,66.2
24295,20299,66
24296,20300.2,65.8
24297,20301.4,65.6
24298,20302.6,65.4
24299,20303.8,65.2
24300,20305,65
24301,20306.1,64.9
24302,20307.2,64.8
24303,20308.3,64.7
24304,20309.4,64.6
24305,20310.5,64.5
24306,20311.6,64.4
24307,20312.7,64.3
24308,20313.8,64.2
24309,20314.9,64.1
24310,20316,64
24311,20316.9,63.9
24312,20317.8,63.8
24313,20318.7,63.7
24314,20319.6,63.6
24315,20320.5,63.5
24316,20321.4,63.4
24317,20322.3,63.3
24318,20323.2,63.2
24319,20324.1,63.1
24320,20325,63
24321,20325.8,62.9
24322,20326.6,62.8
24323,20327.4,62.7
24324,20328.2,62.6
24325,20329,62.5
24326,20329.8,62.4
24327,20330.6,62.3
24328,20331.4,62.2
24329,20332.2,62.1
24330,20333,62
24331,20333.6,62
24332,20334.2,62
24333,20334.8,62
24334,20335.4,62
24335,20336,62
24336,20336.6,62
24337,20337.2,62
24338,20337.8,62
24339,20338.4,62
24340,20339,62
24341,20339.5,62.1
24342,20340,62.2
24343,20340.5,62.3
24344,20341,62.4
24345,20341.5,62.5
24346,20342,62.6
24347,20342.5,62.7
24348,20343,62.8
24349,20343.5,62.9
24350,20344,63
24351,20344.4,63.1
24352,20344.8,63.2
24353,20345.2,63.3
24354,20345.6,63.4
24355,20346,63.5
24356,20346.4,63.6
24357,20346.8,63.7
24358,20347.2,63.8
24359,20347.6,63.9
24360,20348,64
24361,20348.3,64.2
24362,20348.6,64.4
24363,20348.9,64.6
24364,20349.2,64.8
24365,20349.5,65
24366,20349.8,65.2
24367,20350.1,65.4
24368,20350.4,65.6
24369,20350.7,65.8
24370,20351,66
24371,20351.2,66.2
24372,20351.4,66.4
24373,20351.6,66.6
24374,20351.8,66.8
24375,20352,67
24376,20352.2,67.2
24377,20352.4,67.4
24378,20352.6,67.6
24379,20352.8,67.8
24380,20353,68
24381,20353,68.2
24382,20353,68.4
24383,20353,68.6
24384,20353,68.8
24385,20353,69
24386,20353,69.2
24387,20353,69.4
24388,20353,69.6
24389,20353,69.8
24390,20353,70
24391,20353.1,70
24392,20353.2,70
24393,20353.3,70
24394,20353.4,70
24395,20353.5,70
24396,20353.6,70
24397,20353.7,70
24398,20353.8,70
24399,20353.9,70
24400,20354,70
24401,20353.9,70
24402,20353.8,70
24403,20353.7,70
24404,20353.6,70
24405,20353.5,70
24406,20353.4,70
24407,20353.3,70
24408,20353.2,70
24409,20353.1,70
24410,20353,70
24411,20353,69.8
24412,20353,69.6
24413,20353,69.4
24414,20353,69.2
24415,20353,69
24416,20353,68.8
24417,20353,68.6
24418,20353,68.4
24419,20353,68.2
24420,20353,68
24421,20352.9,67.9
24422,20352.8,67.8
24423,20352.7,67.7
24424,20352.6,67.6
24425,20352.5,67.5
24426,20352.4,67.4
24427,20352.3,67.3
24428,20352.2,67.2
24429,20352.1,67.1
24430,20352,67
24431,20351.9,66.9
24432,20351.8,66.8
24433,20351.7,66.7
24434,20351.6,66.6
24435,20351.5,66.5
24436,20351.4,66.4
24437,20351.3,66.3
24438,20351.2,66.2
24439,20351.1,66.1
24440,20351,66
24441,20351,65.9
24442,20351,65.8
24443,20351,65.7
24444,20351,65.6
24445,20351,65.5
24446,20351,65.4
24447,20351,65.3
24448,20351,65.2
24449,20351,65.1
24450,20351,65
24451,20351,64.9
24452,20351,64.8
24453,20351,64.7
24454,20351,64.6
24455,20351,64.5
24456,20351,64.4
24457,20351,64.3
24458,20351,64.2
24459,20351,64.1
24460,20351,64
24461,20351.2,63.8
24462,20351.4,63.6
24463,20351.6,63.4
24464,20351.8,63.2
24465,20352,63
24466,20352.2,62.8
24467,20352.4,62.6
24468,20352.6,62.4
24469,20352.8,62.2
24470,20353,62
24471,20353.2,61.8
24472,20353.4,61.6
24473,20353.6,61.4
24474,20353.8,61.2
24475,20354,61
24476,20354.2,60.8
24477,20354.4,60.6
24478,20354.6,60.4
24479,20354.8,60.2
24480,20355,60
24481,20355.3,59.8
24482,20355.6,59.6
24483,20355.9,59.4
24484,20356.2,59.2
24485,20356.5,59
24486,20356.8,58.8
24487,20357.1,58.6
24488,20357.4,58.4
24489,20357.7,58.2
24490,20358,58
24491,20358.4,57.8
24492,20358.8,57.6
24493,20359.2,57.4
24494,20359.6,57.2
24495,20360,57
24496,20360.4,56.8
24497,20360.8,56.6
24498,20361.2,56.4
24499,20361.6,56.2
24500,20362,56
24501,20362.6,55.9
24502,20363.2,55.8
24503,20363.8,55.7
24504,20364.4,55.6
24505,20365,55.5
24506,20365.6,55.4
24507,20366.2,55.3
24508,20366.8,55.2
24509,20367.4,55.1
24510,20368,55
24511,20368.5,54.9
24512,20369,54.8
24513,20369.5,54.7
24514,20370,54.6
24515,20370.5,54.5
24516,20371,54.4
24517,20371.5,54.3
24518,20372,54.2
24519,20372.5,54.1
24520,20373,54
24521,20373.7,54
24522,20374.4,54
24523,20375.1,54
24524,20375.8,54
24525,20376.5,54
24526,20377.2,54
24527,20377.9,54
24528,20378.6,54
24529,20379.3,54
24530,20380,54
24531,20380.8,54.1
24532,20381.6,54.2
24533,20382.4,54.3
24534,20383.2,54.4
24535,20384,54.5
24536,20384.8,54.6
24537,20385.6,54.7
24538,20386.4,54.8
24539,20387.2,54.9
24540,20388,55
24541,20388.9,55.1
24542,20389.8,55.2
24543,20390.7,55.3
24544,20391.6,55.4
24545,20392.5,55.5
24546,20393.4,55.6
24547,20394.3,55.7
24548,20395.2,55.8
24549,20396.1,55.9
24550,20397,56
24551,20397.9,56.1
24552,20398.8,56.2
24553,20399.7,56.3
24554,20400.6,56.4
24555,20401.5,56.5
24556,20402.4,56.6
24557,20403.3,56.7
24558,20404.2,56.8
24559,20405.1,56.9
24560,20406,57
24561,20407,57
24562,20408,57
24563,20409,57
24564,20410,57
24565,20411,57
24566,20412,57
24567,20413,57
24568,20414,57
24569,20415,57
24570,20416,57
24571,20417,57
24572,20418,57
24573,20419,57
24574,20420,57
24575,20421,57
24576,20422,57
24577,20423,57
24578,20424,57
24579,20425,57
24580,20426,57
24581,20427.1,57
24582,20428.2,57
24583,20429.3,57
24584,20430.4,57
24585,20431.5,57
24586,20432.6,57
24587,20433.7,57
24588,20434.8,57
24589,20435.9,57
24590,20437,57
24591,20438.2,57
24592,20439.4,57
24593,20440.6,57
24594,20441.8,57
24595,20443,57
24596,20444.2,57
24597,20445.4,57
24598,20446.6,57
24599,20447.8,57
24600,20449,57
24601,20450.1,56.9
24602,20451.2,56.8
24603,20452.3,56.7
24604,20453.4,56.6
24605,20454.5,56.5
24606,20455.6,56.4
24607,20456.7,56.3
24608,20457.8,56.2
24609,20458.9,56.1
24610,20460,56
24611,20461.1,56
24612,20462.2,56
24613,20463.3,56
24614,20464.4,56
24615,20465.5,56
24616,20466.6,56
24617,20467.7,56
24618,20468.8,56
24619,20469.9,56
24620,20471,56
24621,20472,56
24622,20473,56
24623,20474,56
24624,20475,56
24625,20476,56
24626,20477,56
24627,20478,56
24628,20479,56
24629,20480,56
24630,20481,56
24631,20482.1,56
24632,20483.2,56
24633,20484.3,56
24634,20485.4,56
24635,20486.5,56
24636,20487.6,56
24637,20488.7,56
24638,20489.8,56
24639,20490.9,56
24640,20492,56
24641,20492.9,55.9
24642,20493.8,55.8
24643,20494.7,55.7
24644,20495.6,55.6
24645,20496.5,55.5
24646,20497.4,55.4
24647,20498.3,55.3
24648,20499.2,55.2
24649,20500.1,55.1
24650,20501,55
24651,20501.9,55
24652,20502.8,55
24653,20503.7,55
24654,20504.6,55
24655,20505.5,55
24656,20506.4,55
24657,20507.3,55
24658,20508.2,55
24659,20509.1,55
24660,20510,55
24661,20510.9,54.9
24662,20511.8,54.8
24663,20512.7,54.7
24664,20513.6,54.6
24665,20514.5,54.5
24666,20515.4,54.4
24667,20516.3,54.3
24668,20517.2,54.2
24669,20518.1,54.1
24670,20519,54
24671,20519.8,54
24672,20520.6,54
24673,20521.4,54
24674,20522.2,54
24675,20523,54
24676,20523.8,54
24677,20524.6,54
24678,20525.4,54
24679,20526.2,54
24680,20527,54
24681,20527.7,54
24682,20528.4,54
24683,20529.1,54
24684,20529.8,54
24685,20530.5,54
24686,20531.2,54
24687,20531.9,54
24688,20532.6,54
24689,20533.3,54
24690,20534,54
24691,20534.6,54
24692,20535.2,54
24693,20535.8,54
24694,20536.4,54
24695,20537,54
24696,20537.6,54
24697,20538.2,54
24698,20538.8,54
24699,20539.4,54
24700,20540,54
24701,20540.6,54
24702,20541.2,54
24703,20541.8,54
24704,20542.4,54
24705,20543,54
24706,20543.6,54
24707,20544.2,54
24708,20544.8,54
24709,20545.4,54
24710,20546,54
24711,20546.6,54
24712,20547.2,54
24713,20547.8,54
24714,20548.4,54
24715,20549,54
24716,20549.6,54
24717,20550.2,54
24718,20550.8,54
24719,20551.4,54
24720,20552,54
24721,20552.5,54
24722,20553,54
24723,20553.5,54
24724,20554,54
24725,20554.5,54
24726,20555,54
24727,20555.5,54
24728,20556,54
24729,20556.5,54
24730,20557,54
24731,20557.3,54
24732,20557.6,54
24733,20557.9,54
24734,20558.2,54
24735,20558.5,54
24736,20558.8,54
24737,20559.1,54
24738,20559.4,54
24739,20559.7,54
24740,20560,54
24741,20560.4,53.8
24742,20560.8,53.6
24743,20561.2,53.4
24744,20561.6,53.2
24745,20562,53
24746,20562.4,52.8
24747,20562.8,52.6
24748,20563.2,52.4
24749,20563.6,52.2
24750,20564,52
24751,20564.3,51.9
24752,20564.6,51.8
24753,20564.9,51.7
24754,20565.2,51.6
24755,20565.5,51.5
24756,20565.8,51.4
24757,20566.1,51.3
24758,20566.4,51.2
24759,20566.7,51.1
24760,20567,51
24761,20567.3,50.9
24762,20567.6,50.8
24763,20567.9,50.7
24764,20568.2,50.6
24765,20568.5,50.5
24766,20568.8,50.4
24767,20569.1,50.3
24768,20569.4,50.2
24769,20569.7,50.1
24770,20570,50
24771,20570.3,49.9
24772,20570.6,49.8
24773,20570.9,49.7
24774,20571.2,49.6
24775,20571.5,49.5
24776,20571.8,49.4
24777,20572.1,49.3
24778,20572.4,49.2
24779,20572.7,49.1
24780,20573,49
24781,20573.2,48.9
24782,20573.4,48.8
24783,20573.6,48.7
24784,20573.8,48.6
24785,20574,48.5
24786,20574.2,48.4
24787,20574.4,48.3
24788,20574.6,48.2
24789,20574.8,48.1
24790,20575,48
24791,20575.2,47.9
24792,20575.4,47.8
24793,20575.6,47.7
24794,20575.8,47.6
24795,20576,47.5
24796,20576.2,47.4
24797,20576.4,47.3
24798,20576.6,47.2
24799,20576.8,47.1
24800,20577,47
24801,20577.3,47
24802,20577.6,47
24803,20577.9,47
24804,20578.2,47
24805,20578.5,47
24806,20578.8,47
24807,20579.1,47
24808,20579.4,47
24809,20579.7,47
24810,20580,47
24811,20580.2,46.9
24812,20580.4,46.8
24813,20580.6,46.7
24814,20580.8,46.6
24815,20581,46.5
24816,20581.2,46.4
24817,20581.4,46.3
24818,20581.6,46.2
24819,20581.8,46.1
24820,20582,46
24821,20582.2,45.9
24822,20582.4,45.8
24823,20582.6,45.7
24824,20582.8,45.6
24825,20583,45.5
24826,20583.2,45.4
24827,20583.4,45.3
24828,20583.6,45.2
24829,20583.8,45.1
24830,20584,45
24831,20584.3,45
24832,20584.6,45
24833,20584.9,45
24834,20585.2,45
24835,20585.5,45
24836,20585.8,45
24837,20586.1,45
24838,20586.4,45
24839,20586.7,45
24840,20587,45
24841,20587.2,44.9
24842,20587.4,44.8
24843,20587.6,44.7
24844,20587.8,44.6
24845,20588,44.5
24846,20588.2,44.4
24847,20588.4,44.3
24848,20588.6,44.2
24849,20588.8,44.1
24850,20589,44
24851,20589.4,44
24852,20589.8,44
24853,20590.2,44
24854,20590.6,44
24855,20591,44
24856,20591.4,44
24857,20591.8,44
24858,20592.2,44
24859,20592.6,44
24860,20593,44
24861,20593.4,44
24862,20593.8,44
24863,20594.2,44
24864,20594.6,44
24865,20595,44
24866,20595.4,44
24867,20595.8,44
24868,20596.2,44
24869,20596.6,44
24870,20597,44
24871,20597.4,44
24872,20597.8,44
24873,20598.2,44
24874,20598.6,44
24875,20599,44
24876,20599.4,44
24877,20599.8,44
24878,20600.2,44
24879,20600.6,44
24880,20601,44
24881,20601.5,44.1
24882,20602,44.2
24883,20602.5,44.3
24884,20603,44.4
24885,20603.5,44.5
24886,20604,44.6
24887,20604.5,44.7
24888,20605,44.8
24889,20605.5,44.9
24890,20606,45
24891,20606.6,45.1
24892,20607.2,45.2
24893,20607.8,45.3
24894,20608.4,45.4
24895,20609,45.5
24896,20609.6,45.6
24897,20610.2,45.7
24898,20610.8,45.8
24899,20611.4,45.9
24900,20612,46
24901,20612.7,46
24902,20613.4,46
24903,20614.1,46
24904,20614.8,46
24905,20615.5,46
24906,20616.2,46
24907,20616.9,46
24908,20617.6,46
24909,20618.3,46
24910,20619,46
24911,20619.8,46
24912,20620.6,46
24913,20621.4,46
24914,20622.2,46
24915,20623,46
24916,20623.8,46
24917,20624.6,46
24918,20625.4,46
24919,20626.2,46
24920,20627,46
24921,20627.9,46
24922,20628.8,46
24923,20629.7,46
24924,20630.6,46
24925,20631.5,46
24926,20632.4,46
24927,20633.3,46
24928,20634.2,46
24929,20635.1,46
24930,20636,46
24931,20637,45.9
24932,20638,45.8
24933,20639,45.7
24934,20640,45.6
24935,20641,45.5
24936,20642,45.4
24937,20643,45.3
24938,20644,45.2
24939,20645,45.1
24940,20646,45
24941,20646.9,45
24942,20647.8,45
24943,20648.7,45
24944,20649.6,45
24945,20650.5,45
24946,20651.4,45
24947,20652.3,45
24948,20653.2,45
24949,20654.1,45
24950,20655,45
24951,20656.1,45
24952,20657.2,45
24953,20658.3,45
24954,20659.4,45
24955,20660.5,45
24956,20661.6,45
24957,20662.7,45
24958,20663.8,45
24959,20664.9,45
24960,20666,45
24961,20667,45
24962,20668,45
24963,20669,45
24964,20670,45
24965,20671,45
24966,20672,45
24967,20673,45
24968,20674,45
24969,20675,45
24970,20676,45
24971,20677,45
24972,20678,45
24973,20679,45
24974,20680,45
24975,20681,45
24976,20682,45
24977,20683,45
24978,20684,45
24979,20685,45
24980,20686,45
24981,20687,45.1
24982,20688,45.2
24983,20689,45.3
24984,20690,45.4
24985,20691,45.5
24986,20692,45.6
24987,20693,45.7
24988,20694,45.8
24989,20695,45.9
24990,20696,46
24991,20697,46.1
24992,20698,46.2
24993,20699,46.3
24994,20700,46.4
24995,20701,46.5
24996,20702,46.6
24997,20703,46.7
24998,20704,46.8
24999,20705,46.9
25000,20706,47
25001,20706.9,47
25002,20707.8,47
25003,20708.7,47
25004,20709.6,47
25005,20710.5,47
25006,20711.4,47
25007,20712.3,47
25008,20713.2,47
25009,20714.1,47
25010,20715,47
25011,20715.9,47
25012,20716.8,47
25013,20717.7,47
25014,20718.6,47
25015,20719.5,47
25016,20720.4,47
25017,20721.3,47
25018,20722.2,47
25019,20723.1,47
25020,20724,47
25021,20724.85,47
25022,20725.7,47
25023,20726.55,47
25024,20727.4,47
25025,20728.25,47
25026,20729.1,47
25027,20729.95,47
25028,20730.8,47
25029,20731.65,47
25030,20732.5,47
25031,20733.35,47
25032,20734.2,47
25033,20735.05,47
25034,20735.9,47
25035,20736.75,47
25036,20737.6,47
25037,20738.45,47
25038,20739.3,47
25039,20740.15,47
25040,20741,47
25041,20741.8,46.95
25042,20742.6,46.9
25043,20743.4,46.85
25044,20744.2,46.8
25045,20745,46.75
25046,20745.8,46.7
25047,20746.6,46.65
25048,20747.4,46.6
25049,20748.2,46.55
25050,20749,46.5
25051,20749.8,46.45
25052,20750.6,46.4
25053,20751.4,46.35
25054,20752.2,46.3
25055,20753,46.25
25056,20753.8,46.2
25057,20754.6,46.15
25058,20755.4,46.1
25059,20756.2,46.05
25060,20757,46
25061,20757.8,46
25062,20758.6,46
25063,20759.4,46
25064,20760.2,46
25065,20761,46
25066,20761.8,46
25067,20762.6,46
25068,20763.4,46
25069,20764.2,46
25070,20765,46
25071,20765.8,46
25072,20766.6,46
25073,20767.4,46
25074,20768.2,46
25075,20769,46
25076,20769.8,46
25077,20770.6,46
25078,20771.4,46
25079,20772.2,46
25080,20773,46
25081,20773.8,46.1
25082,20774.6,46.2
25083,20775.4,46.3
25084,20776.2,46.4
25085,20777,46.5
25086,20777.8,46.6
25087,20778.6,46.7
25088,20779.4,46.8
25089,20780.2,46.9
25090,20781,47
25091,20781.8,47.1
25092,20782.6,47.2
25093,20783.4,47.3
25094,20784.2,47.4
25095,20785,47.5
25096,20785.8,47.6
25097,20786.6,47.7
25098,20787.4,47.8
25099,20788.2,47.9
25100,20789,48
25101,20789.95,48.1
25102,20790.9,48.2
25103,20791.85,48.3
25104,20792.8,48.4
25105,20793.75,48.5
25106,20794.7,48.6
25107,20795.65,48.7
25108,20796.6,48.8
25109,20797.55,48.9
25110,20798.5,49
25111,20799.45,49.1
25112,20800.4,49.2
25113,20801.35,49.3
25114,20802.3,49.4
25115,20803.25,49.5
25116,20804.2,49.6
25117,20805.15,49.7
25118,20806.1,49.8
25119,20807.05,49.9
25120,20808,50
25121,20809.05,50.1
25122,20810.1,50.2
25123,20811.15,50.3
25124,20812.2,50.4
25125,20813.25,50.5
25126,20814.3,50.6
25127,20815.35,50.7
25128,20816.4,50.8
25129,20817.45,50.9
25130,20818.5,51
25131,20819.55,51.1
25132,20820.6,51.2
25133,20821.65,51.3
25134,20822.7,51.4
25135,20823.75,51.5
25136,20824.8,51.6
25137,20825.85,51.7
25138,20826.9,51.8
25139,20827.95,51.9
25140,20829,52
25141,20830.15,52.1
25142,20831.3,52.2
25143,20832.45,52.3
25144,20833.6,52.4
25145,20834.75,52.5
25146,20835.9,52.6
25147,20837.05,52.7
25148,20838.2,52.8
25149,20839.35,52.9
25150,20840.5,53
25151,20841.65,53.1
25152,20842.8,53.2
25153,20843.95,53.3
25154,20845.1,53.4
25155,20846.25,53.5
25156,20847.4,53.6
25157,20848.55,53.7
25158,20849.7,53.8
25159,20850.85,53.9
25160,20852,54
25161,20853.3,54.1
25162,20854.6,54.2
25163,20855.9,54.3
25164,20857.2,54.4
25165,20858.5,54.5
25166,20859.8,54.6
25167,20861.1,54.7
25168,20862.4,54.8
25169,20863.7,54.9
25170,20865,55
25171,20866.3,55.1
25172,20867.6,55.2
25173,20868.9,55.3
25174,20870.2,55.4
25175,20871.5,55.5
25176,20872.8,55.6
25177,20874.1,55.7
25178,20875.4,55.8
25179,20876.7,55.9
25180,20878,56
25181,20879.4,56.2
25182,20880.8,56.4
25183,20882.2,56.6
25184,20883.6,56.8
25185,20885,57
25186,20886.4,57.2
25187,20887.8,57.4
25188,20889.2,57.6
25189,20890.6,57.8
25190,20892,58
25191,20893.4,58.2
25192,20894.8,58.4
25193,20896.2,58.6
25194,20897.6,58.8
25195,20899,59
25196,20900.4,59.2
25197,20901.8,59.4
25198,20903.2,59.6
25199,20904.6,59.8
25200,20906,60
25201,20907.4,60.25
25202,20908.8,60.5
25203,20910.2,60.75
25204,20911.6,61
25205,20913,61.25
25206,20914.4,61.5
25207,20915.8,61.75
25208,20917.2,62
25209,20918.6,62.25
25210,20920,62.5
25211,20921.4,62.75
25212,20922.8,63
25213,20924.2,63.25
25214,20925.6,63.5
25215,20927,63.75
25216,20928.4,64
25217,20929.8,64.25
25218,20931.2,64.5
25219,20932.6,64.75
25220,20934,65
25221,20935.45,65.2
25222,20936.9,65.4
25223,20938.35,65.6
25224,20939.8,65.8
25225,20941.25,66
25226,20942.7,66.2
25227,20944.15,66.4
25228,20945.6,66.6
25229,20947.05,66.8
25230,20948.5,67
25231,20949.95,67.2
25232,20951.4,67.4
25233,20952.85,67.6
25234,20954.3,67.8
25235,20955.75,68
25236,20957.2,68.2
25237,20958.65,68.4
25238,20960.1,68.6
25239,20961.55,68.8
25240,20963,69
25241,20964.45,69.15
25242,20965.9,69.3
25243,20967.35,69.45
25244,20968.8,69.6
25245,20970.25,69.75
25246,20971.7,69.9
25247,20973.15,70.05
25248,20974.6,70.2
25249,20976.05,70.35
25250,20977.5,70.5
25251,20978.95,70.65
25252,20980.4,70.8
25253,20981.85,70.95
25254,20983.3,71.1
25255,20984.75,71.25
25256,20986.2,71.4
25257,20987.65,71.55
25258,20989.1,71.7
25259,20990.55,71.85
25260,20992,72
25261,20993.45,72.05
25262,20994.9,72.1
25263,20996.35,72.15
25264,20997.8,72.2
25265,20999.25,72.25
25266,21000.7,72.3
25267,21002.15,72.35
25268,21003.6,72.4
25269,21005.05,72.45
25270,21006.5,72.5
25271,21007.95,72.55
25272,21009.4,72.6
25273,21010.85,72.65
25274,21012.3,72.7
25275,21013.75,72.75
25276,21015.2,72.8
25277,21016.65,72.85
25278,21018.1,72.9
25279,21019.55,72.95
25280,21021,73
25281,21022.35,72.8
25282,21023.7,72.6
25283,21025.05,72.4
25284,21026.4,72.2
25285,21027.75,72
25286,21029.1,71.8
25287,21030.45,71.6
25288,21031.8,71.4
25289,21033.15,71.2
25290,21034.5,71
25291,21035.85,70.8
25292,21037.2,70.6
25293,21038.55,70.4
25294,21039.9,70.2
25295,21041.25,70
25296,21042.6,69.8
25297,21043.95,69.6
25298,21045.3,69.4
25299,21046.65,69.2
25300,21048,69
25301,21049.2,68.75
25302,21050.4,68.5
25303,21051.6,68.25
25304,21052.8,68
25305,21054,67.75
25306,21055.2,67.5
25307,21056.4,67.25
25308,21057.6,67
25309,21058.8,66.75
25310,21060,66.5
25311,21061.2,66.25
25312,21062.4,66
25313,21063.6,65.75
25314,21064.8,65.5
25315,21066,65.25
25316,21067.2,65
25317,21068.4,64.75
25318,21069.6,64.5
25319,21070.8,64.25
25320,21072,64
25321,21073.05,63.75
25322,21074.1,63.5
25323,21075.15,63.25
25324,21076.2,63
25325,21077.25,62.75
25326,21078.3,62.5
25327,21079.35,62.25
25328,21080.4,62
25329,21081.45,61.75
25330,21082.5,61.5
25331,21083.55,61.25
25332,21084.6,61
25333,21085.65,60.75
25334,21086.7,60.5
25335,21087.75,60.25
25336,21088.8,60
25337,21089.85,59.75
25338,21090.9,59.5
25339,21091.95,59.25
25340,21093,59
25341,21093.8,58.9
25342,21094.6,58.8
25343,21095.4,58.7
25344,21096.2,58.6
25345,21097,58.5
25346,21097.8,58.4
25347,21098.6,58.3
25348,21099.4,58.2
25349,21100.2,58.1
25350,21101,58
25351,21101.8,57.9
25352,21102.6,57.8
25353,21103.4,57.7
25354,21104.2,57.6
25355,21105,57.5
25356,21105.8,57.4
25357,21106.6,57.3
25358,21107.4,57.2
25359,21108.2,57.1
25360,21109,57
25361,21109.5,56.95
25362,21110,56.9
25363,21110.5,56.85
25364,21111,56.8
25365,21111.5,56.75
25366,21112,56.7
25367,21112.5,56.65
25368,21113,56.6
25369,21113.5,56.55
25370,21114,56.5
25371,21114.5,56.45
25372,21115,56.4
25373,21115.5,56.35
25374,21116,56.3
25375,21116.5,56.25
25376,21117,56.2
25377,21117.5,56.15
25378,21118,56.1
25379,21118.5,56.05
25380,21119,56
25381,21119.1,55.9
25382,21119.2,55.8
25383,21119.3,55.7
25384,21119.4,55.6
25385,21119.5,55.5
25386,21119.6,55.4
25387,21119.7,55.3
25388,21119.8,55.2
25389,21119.9,55.1
25390,21120,55
25391,21120.1,54.9
25392,21120.2,54.8
25393,21120.3,54.7
25394,21120.4,54.6
25395,21120.5,54.5
25396,21120.6,54.4
25397,21120.7,54.3
25398,21120.8,54.2
25399,21120.9,54.1
25400,21121,54
25401,21120.9,53.95
25402,21120.8,53.9
25403,21120.7,53.85
25404,21120.6,53.8
25405,21120.5,53.75
25406,21120.4,53.7
25407,21120.3,53.65
25408,21120.2,53.6
25409,21120.1,53.55
25410,21120,53.5
25411,21119.9,53.45
25412,21119.8,53.4
25413,21119.7,53.35
25414,21119.6,53.3
25415,21119.5,53.25
25416,21119.4,53.2
25417,21119.3,53.15
25418,21119.2,53.1
25419,21119.1,53.05
25420,21119,53
25421,21118.75,53
25422,21118.5,53
25423,21118.25,53
25424,21118,53
25425,21117.75,53
25426,21117.5,53
25427,21117.25,53
25428,21117,53
25429,21116.75,53
25430,21116.5,53
25431,21116.25,53
25432,21116,53
25433,21115.75,53
25434,21115.5,53
25435,21115.25,53
25436,21115,53
25437,21114.75,53
25438,21114.5,53
25439,21114.25,53
25440,21114,53
25441,21113.7,53
25442,21113.4,53
25443,21113.1,53
25444,21112.8,53
25445,21112.5,53
25446,21112.2,53
25447,21111.9,53
25448,21111.6,53
25449,21111.3,53
25450,21111,53
25451,21110.7,53
25452,21110.4,53
25453,21110.1,53
25454,21109.8,53
25455,21109.5,53
25456,21109.2,53
25457,21108.9,53
25458,21108.6,53
25459,21108.3,53
25460,21108,53
25461,21107.7,53.05
25462,21107.4,53.1
25463,21107.1,53.15
25464,21106.8,53.2
25465,21106.5,53.25
25466,21106.2,53.3
25467,21105.9,53.35
25468,21105.6,53.4
25469,21105.3,53.45
25470,21105,53.5
25471,21104.7,53.55
25472,21104.4,53.6
25473,21104.1,53.65
25474,21103.8,53.7
25475,21103.5,53.75
25476,21103.2,53.8
25477,21102.9,53.85
25478,21102.6,53.9
25479,21102.3,53.95
25480,21102,54
25481,21101.9,53.95
25482,21101.8,53.9
25483,21101.7,53.85
25484,21101.6,53.8
25485,21101.5,53.75
25486,21101.4,53.7
25487,21101.3,53.65
25488,21101.2,53.6
25489,21101.1,53.55
25490,21101,53.5
25491,21100.9,53.45
25492,21100.8,53.4
25493,21100.7,53.35
25494,21100.6,53.3
25495,21100.5,53.25
25496,21100.4,53.2
25497,21100.3,53.15
25498,21100.2,53.1
25499,21100.1,53.05
25500,21100,53
25501,21100.1,52.95
25502,21100.2,52.9
25503,21100.3,52.85
25504,21100.4,52.8
25505,21100.5,52.75
25506,21100.6,52.7
25507,21100.7,52.65
25508,21100.8,52.6
25509,21100.9,52.55
25510,21101,52.5
25511,21101.1,52.45
25512,21101.2,52.4
25513,21101.3,52.35
25514,21101.4,52.3
25515,21101.5,52.25
25516,21101.6,52.2
25517,21101.7,52.15
25518,21101.8,52.1
25519,21101.9,52.05
25520,21102,52
25521,21102.3,51.9
25522,21102.6,51.8
25523,21102.9,51.7
25524,21103.2,51.6
25525,21103.5,51.5
25526,21103.8,51.4
25527,21104.1,51.3
25528,21104.4,51.2
25529,21104.7,51.1
25530,21105,51
25531,21105.3,50.9
25532,21105.6,50.8
25533,21105.9,50.7
25534,21106.2,50.6
25535,21106.5,50.5
25536,21106.8,50.4
25537,21107.1,50.3
25538,21107.4,50.2
25539,21107.7,50.1
25540,21108,50
25541,21108.55,49.95
25542,21109.1,49.9
25543,21109.65,49.85
25544,21110.2,49.8
25545,21110.75,49.75
25546,21111.3,49.7
25547,21111.85,49.65
25548,21112.4,49.6
25549,21112.95,49.55
25550,21113.5,49.5
25551,21114.05,49.45
25552,21114.6,49.4
25553,21115.15,49.35
25554,21115.7,49.3
25555,21116.25,49.25
25556,21116.8,49.2
25557,21117.35,49.15
25558,21117.9,49.1
25559,21118.45,49.05
25560,21119,49
25561,21119.75,49.1
25562,21120.5,49.2
25563,21121.25,49.3
25564,21122,49.4
25565,21122.75,49.5
25566,21123.5,49.6
25567,21124.25,49.7
25568,21125,49.8
25569,21125.75,49.9
25570,21126.5,50
25571,21127.25,50.1
25572,21128,50.2
25573,21128.75,50.3
25574,21129.5,50.4
25575,21130.25,50.5
25576,21131,50.6
25577,21131.75,50.7
25578,21132.5,50.8
25579,21133.25,50.9
25580,21134,51
25581,21135,51.1
25582,21136,51.2
25583,21137,51.3
25584,21138,51.4
25585,21139,51.5
25586,21140,51.6
25587,21141,51.7
25588,21142,51.8
25589,21143,51.9
25590,21144,52
25591,21145,52.1
25592,21146,52.2
25593,21147,52.3
25594,21148,52.4
25595,21149,52.5
25596,21150,52.6
25597,21151,52.7
25598,21152,52.8
25599,21153,52.9
25600,21154,53
25601,21155.15,53.1
25602,21156.3,53.2
25603,21157.45,53.3
25604,21158.6,53.4
25605,21159.75,53.5
25606,21160.9,53.6
25607,21162.05,53.7
25608,21163.2,53.8
25609,21164.35,53.9
25610,21165.5,54
25611,21166.65,54.1
25612,21167.8,54.2
25613,21168.95,54.3
25614,21170.1,54.4
25615,21171.25,54.5
25616,21172.4,54.6
25617,21173.55,54.7
25618,21174.7,54.8
25619,21175.85,54.9
25620,21177,55
25621,21178.35,54.95
25622,21179.7,54.9
25623,21181.05,54.85
25624,21182.4,54.8
25625,21183.75,54.75
25626,21185.1,54.7
25627,21186.45,54.65
25628,21187.8,54.6
25629,21189.15,54.55
25630,21190.5,54.5
25631,21191.85,54.45
25632,21193.2,54.4
25633,21194.55,54.35
25634,21195.9,54.3
25635,21197.25,54.25
25636,21198.6,54.2
25637,21199.95,54.15
25638,21201.3,54.1
25639,21202.65,54.05
25640,21204,54
25641,21205.5,53.95
25642,21207,53.9
25643,21208.5,53.85
25644,21210,53.8
25645,21211.5,53.75
25646,21213,53.7
25647,21214.5,53.65
25648,21216,53.6
25649,21217.5,53.55
25650,21219,53.5
25651,21220.5,53.45
25652,21222,53.4
25653,21223.5,53.35
25654,21225,53.3
25655,21226.5,53.25
25656,21228,53.2
25657,21229.5,53.15
25658,21231,53.1
25659,21232.5,53.05
25660,21234,53
25661,21235.55,53
25662,21237.1,53
25663,21238.65,53
25664,21240.2,53
25665,21241.75,53
25666,21243.3,53
25667,21244.85,53
25668,21246.4,53
25669,21247.95,53
25670,21249.5,53
25671,21251.05,53
25672,21252.6,53
25673,21254.15,53
25674,21255.7,53
25675,21257.25,53
25676,21258.8,53
25677,21260.35,53
25678,21261.9,53
25679,21263.45,53
25680,21265,53
25681,21266.6,52.95
25682,21268.2,52.9
25683,21269.8,52.85
25684,21271.4,52.8
25685,21273,52.75
25686,21274.6,52.7
25687,21276.2,52.65
25688,21277.8,52.6
25689,21279.4,52.55
25690,21281,52.5
25691,21282.6,52.45
25692,21284.2,52.4
25693,21285.8,52.35
25694,21287.4,52.3
25695,21289,52.25
25696,21290.6,52.2
25697,21292.2,52.15
25698,21293.8,52.1
25699,21295.4,52.05
25700,21297,52
25701,21298.55,52
25702,21300.1,52
25703,21301.65,52
25704,21303.2,52
25705,21304.75,52
25706,21306.3,52
25707,21307.85,52
25708,21309.4,52
25709,21310.95,52
25710,21312.5,52
25711,21314.05,52
25712,21315.6,52
25713,21317.15,52
25714,21318.7,52
25715,21320.25,52
25716,21321.8,52
25717,21323.35,52
25718,21324.9,52
25719,21326.45,52
25720,21328,52
25721,21329.45,52.05
25722,21330.9,52.1
25723,21332.35,52.15
25724,21333.8,52.2
25725,21335.25,52.25
25726,21336.7,52.3
25727,21338.15,52.35
25728,21339.6,52.4
25729,21341.05,52.45
25730,21342.5,52.5
25731,21343.95,52.55
25732,21345.4,52.6
25733,21346.85,52.65
25734,21348.3,52.7
25735,21349.75,52.75
25736,21351.2,52.8
25737,21352.65,52.85
25738,21354.1,52.9
25739,21355.55,52.95
25740,21357,53
25741,21358.35,53
25742,21359.7,53
25743,21361.05,53
25744,21362.4,53
25745,21363.75,53
25746,21365.1,53
25747,21366.45,53
25748,21367.8,53
25749,21369.15,53
25750,21370.5,53
25751,21371.85,53
25752,21373.2,53
25753,21374.55,53
25754,21375.9,53
25755,21377.25,53
25756,21378.6,53
25757,21379.95,53
25758,21381.3,53
25759,21382.65,53
25760,21384,53
25761,21385.3,53.05
25762,21386.6,53.1
25763,21387.9,53.15
25764,21389.2,53.2
25765,21390.5,53.25
25766,21391.8,53.3
25767,21393.1,53.35
25768,21394.4,53.4
25769,21395.7,53.45
25770,21397,53.5
25771,21398.3,53.55
25772,21399.6,53.6
25773,21400.9,53.65
25774,21402.2,53.7
25775,21403.5,53.75
25776,21404.8,53.8
25777,21406.1,53.85
25778,21407.4,53.9
25779,21408.7,53.95
25780,21410,54
25781,21411.3,54.15
25782,21412.6,54.3
25783,21413.9,54.45
25784,21415.2,54.6
25785,21416.5,54.75
25786,21417.8,54.9
25787,21419.1,55.05
25788,21420.4,55.2
25789,21421.7,55.35
25790,21423,55.5
25791,21424.3,55.65
25792,21425.6,55.8
25793,21426.9,55.95
25794,21428.2,56.1
25795,21429.5,56.25
25796,21430.8,56.4
25797,21432.1,56.55
25798,21433.4,56.7
25799,21434.7,56.85
25800,21436,57
25801,21437.35,57.2
25802,21438.7,57.4
25803,21440.05,57.6
25804,21441.4,57.8
25805,21442.75,58
25806,21444.1,58.2
25807,21445.45,58.4
25808,21446.8,58.6
25809,21448.15,58.8
25810,21449.5,59
25811,21450.85,59.2
25812,21452.2,59.4
25813,21453.55,59.6
25814,21454.9,59.8
25815,21456.25,60
25816,21457.6,60.2
25817,21458.95,60.4
25818,21460.3,60.6
25819,21461.65,60.8
25820,21463,61
25821,21464.45,61.35
25822,21465.9,61.7
25823,21467.35,62.05
25824,21468.8,62.4
25825,21470.25,62.75
25826,21471.7,63.1
25827,21473.15,63.45
25828,21474.6,63.8
25829,21476.05,64.15
25830,21477.5,64.5
25831,21478.95,64.85
25832,21480.4,65.2
25833,21481.85,65.55
25834,21483.3,65.9
25835,21484.75,66.25
25836,21486.2,66.6
25837,21487.65,66.95
25838,21489.1,67.3
25839,21490.55,67.65
25840,21492,68
25841,21493.7,68.4
25842,21495.4,68.8
25843,21497.1,69.2
25844,21498.8,69.6
25845,21500.5,70
25846,21502.2,70.4
25847,21503.9,70.8
25848,21505.6,71.2
25849,21507.3,71.6
25850,21509,72
25851,21510.7,72.4
25852,21512.4,72.8
25853,21514.1,73.2
25854,21515.8,73.6
25855,21517.5,74
25856,21519.2,74.4
25857,21520.9,74.8
25858,21522.6,75.2
25859,21524.3,75.6
25860,21526,76
25861,21527.9,76.4
25862,21529.8,76.8
25863,21531.7,77.2
25864,21533.6,77.6
25865,21535.5,78
25866,21537.4,78.4
25867,21539.3,78.8
25868,21541.2,79.2
25869,21543.1,79.6
25870,21545,80
25871,21546.9,80.4
25872,21548.8,80.8
25873,21550.7,81.2
25874,21552.6,81.6
25875,21554.5,82
25876,21556.4,82.4
25877,21558.3,82.8
25878,21560.2,83.2
25879,21562.1,83.6
25880,21564,84
25881,21566.2,84.4
25882,21568.4,84.8
25883,21570.6,85.2
25884,21572.8,85.6
25885,21575,86
25886,21577.2,86.4
25887,21579.4,86.8
25888,21581.6,87.2
25889,21583.8,87.6
25890,21586,88
25891,21588.2,88.4
25892,21590.4,88.8
25893,21592.6,89.2
25894,21594.8,89.6
25895,21597,90
25896,21599.2,90.4
25897,21601.4,90.8
25898,21603.6,91.2
25899,21605.8,91.6
25900,21608,92
25901,21610.45,92.4
25902,21612.9,92.8
25903,21615.35,93.2
25904,21617.8,93.6
25905,21620.25,94
25906,21622.7,94.4
25907,21625.15,94.8
25908,21627.6,95.2
25909,21630.05,95.6
25910,21632.5,96
25911,21634.95,96.4
25912,21637.4,96.8
25913,21639.85,97.2
25914,21642.3,97.6
25915,21644.75,98
25916,21647.2,98.4
25917,21649.65,98.8
25918,21652.1,99.2
25919,21654.55,99.6
25920,21657,100
25921,21659.6,100.3
25922,21662.2,100.6
25923,21664.8,100.9
25924,21667.4,101.2
25925,21670,101.5
25926,21672.6,101.8
25927,21675.2,102.1
25928,21677.8,102.4
25929,21680.4,102.7
25930,21683,103
25931,21685.6,103.3
25932,21688.2,103.6
25933,21690.8,103.9
25934,21693.4,104.2
25935,21696,104.5
25936,21698.6,104.8
25937,21701.2,105.1
25938,21703.8,105.4
25939,21706.4,105.7
25940,21709,106
25941,21711.55,106.25
25942,21714.1,106.5
25943,21716.65,106.75
25944,21719.2,107
25945,21721.75,107.25
25946,21724.3,107.5
25947,21726.85,107.75
25948,21729.4,108
25949,21731.95,108.25
25950,21734.5,108.5
25951,21737.05,108.75
25952,21739.6,109
25953,21742.15,109.25
25954,21744.7,109.5
25955,21747.25,109.75
25956,21749.8,110
25957,21752.35,110.25
25958,21754.9,110.5
25959,21757.45,110.75
25960,21760,111
25961,21762.45,111.05
25962,21764.9,111.1
25963,21767.35,111.15
25964,21769.8,111.2
25965,21772.25,111.25
25966,21774.7,111.3
25967,21777.15,111.35
25968,21779.6,111.4
25969,21782.05,111.45
25970,21784.5,111.5
25971,21786.95,111.55
25972,21789.4,111.6
25973,21791.85,111.65
25974,21794.3,111.7
25975,21796.75,111.75
25976,21799.2,111.8
25977,21801.65,111.85
25978,21804.1,111.9
25979,21806.55,111.95
25980,21809,112
25981,21811.25,111.8
25982,21813.5,111.6
25983,21815.75,111.4
25984,21818,111.2
25985,21820.25,111
25986,21822.5,110.8
25987,21824.75,110.6
25988,21827,110.4
25989,21829.25,110.2
25990,21831.5,110
25991,21833.75,109.8
25992,21836,109.6
25993,21838.25,109.4
25994,21840.5,109.2
25995,21842.75,109
25996,21845,108.8
25997,21847.25,108.6
25998,21849.5,108.4
25999,21851.75,108.2
26000,21854,108
26001,21855.95,107.5
26002,21857.9,107
26003,21859.85,106.5
26004,21861.8,106
26005,21863.75,105.5
26006,21865.7,105
26007,21867.65,104.5
26008,21869.6,104
26009,21871.55,103.5
26010,21873.5,103
26011,21875.45,102.5
26012,21877.4,102
26013,21879.35,101.5
26014,21881.3,101
26015,21883.25,100.5
26016,21885.2,100
26017,21887.15,99.5
26018,21889.1,99
26019,21891.05,98.5
26020,21893,98
26021,21894.5,97.25
26022,21896,96.5
26023,21897.5,95.75
26024,21899,95
26025,21900.5,94.25
26026,21902,93.5
26027,21903.5,92.75
26028,21905,92
26029,21906.5,91.25
26030,21908,90.5
26031,21909.5,89.75
26032,21911,89
26033,21912.5,88.25
26034,21914,87.5
26035,21915.5,86.75
26036,21917,86
26037,21918.5,85.25
26038,21920,84.5
26039,21921.5,83.75
26040,21923,83
26041,21924.15,82.25
26042,21925.3,81.5
26043,21926.45,80.75
26044,21927.6,80
26045,21928.75,79.25
26046,21929.9,78.5
26047,21931.05,77.75
26048,21932.2,77
26049,21933.35,76.25
26050,21934.5,75.5
26051,21935.65,74.75
26052,21936.8,74
26053,21937.95,73.25
26054,21939.1,72.5
26055,21940.25,71.75
26056,21941.4,71
26057,21942.55,70.25
26058,21943.7,69.5
26059,21944.85,68.75
26060,21946,68
26061,21946.8,67.5
26062,21947.6,67
26063,21948.4,66.5
26064,21949.2,66
26065,21950,65.5
26066,21950.8,65
26067,21951.6,64.5
26068,21952.4,64
26069,21953.2,63.5
26070,21954,63
26071,21954.8,62.5
26072,21955.6,62
26073,21956.4,61.5
26074,21957.2,61
26075,21958,60.5
26076,21958.8,60
26077,21959.6,59.5
26078,21960.4,59
26079,21961.2,58.5
26080,21962,58
26081,21962.5,58
26082,21963,58
26083,21963.5,58
26084,21964,58
26085,21964.5,58
26086,21965,58
26087,21965.5,58
26088,21966,58
26089,21966.5,58
26090,21967,58
26091,21967.5,58
26092,21968,58
26093,21968.5,58
26094,21969,58
26095,21969.5,58
26096,21970,58
26097,21970.5,58
26098,21971,58
26099,21971.5,58
26100,21972,58
26101,21972.2,58.2
26102,21972.4,58.4
26103,21972.6,58.6
26104,21972.8,58.8
26105,21973,59
26106,21973.2,59.2
26107,21973.4,59.4
26108,21973.6,59.6
26109,21973.8,59.8
26110,21974,60
26111,21974.2,60.2
26112,21974.4,60.4
26113,21974.6,60.6
26114,21974.8,60.8
26115,21975,61
26116,21975.2,61.2
26117,21975.4,61.4
26118,21975.6,61.6
26119,21975.8,61.8
26120,21976,62
26121,21976,62.3
26122,21976,62.6
26123,21976,62.9
26124,21976,63.2
26125,21976,63.5
26126,21976,63.8
26127,21976,64.1
26128,21976,64.4
26129,21976,64.7
26130,21976,65
26131,21976,65.3
26132,21976,65.6
26133,21976,65.9
26134,21976,66.2
26135,21976,66.5
26136,21976,66.8
26137,21976,67.1
26138,21976,67.4
26139,21976,67.7
26140,21976,68
26141,21975.85,68.2
26142,21975.7,68.4
26143,21975.55,68.6
26144,21975.4,68.8
26145,21975.25,69
26146,21975.1,69.2
26147,21974.95,69.4
26148,21974.8,69.6
26149,21974.65,69.8
26150,21974.5,70
26151,21974.35,70.2
26152,21974.2,70.4
26153,21974.05,70.6
26154,21973.9,70.8
26155,21973.75,71
26156,21973.6,71.2
26157,21973.45,71.4
26158,21973.3,71.6
26159,21973.15,71.8
26160,21973,72
26161,21972.8,72.15
26162,21972.6,72.3
26163,21972.4,72.45
26164,21972.2,72.6
26165,21972,72.75
26166,21971.8,72.9
26167,21971.6,73.05
26168,21971.4,73.2
26169,21971.2,73.35
26170,21971,73.5
26171,21970.8,73.65
26172,21970.6,73.8
26173,21970.4,73.95
26174,21970.2,74.1
26175,21970,74.25
26176,21969.8,74.4
26177,21969.6,74.55
26178,21969.4,74.7
26179,21969.2,74.85
26180,21969,75
26181,21968.85,75
26182,21968.7,75
26183,21968.55,75
26184,21968.4,75
26185,21968.25,75
26186,21968.1,75
26187,21967.95,75
26188,21967.8,75
26189,21967.65,75
26190,21967.5,75
26191,21967.35,75
26192,21967.2,75
26193,21967.05,75
26194,21966.9,75
26195,21966.75,75
26196,21966.6,75
26197,21966.45,75
26198,21966.3,75
26199,21966.15,75
26200,21966,75
26201,21965.95,74.9
26202,21965.9,74.8
26203,21965.85,74.7
26204,21965.8,74.6
26205,21965.75,74.5
26206,21965.7,74.4
26207,21965.65,74.3
26208,21965.6,74.2
26209,21965.55,74.1
26210,21965.5,74
26211,21965.45,73.9
26212,21965.4,73.8
26213,21965.35,73.7
26214,21965.3,73.6
26215,21965.25,73.5
26216,21965.2,73.4
26217,21965.15,73.3
26218,21965.1,73.2
26219,21965.05,73.1
26220,21965,73
26221,21965.15,72.7
26222,21965.3,72.4
26223,21965.45,72.1
26224,21965.6,71.8
26225,21965.75,71.5
26226,21965.9,71.2
26227,21966.05,70.9
26228,21966.2,70.6
26229,21966.35,70.3
26230,21966.5,70
26231,21966.65,69.7
26232,21966.8,69.4
26233,21966.95,69.1
26234,21967.1,68.8
26235,21967.25,68.5
26236,21967.4,68.2
26237,21967.55,67.9
26238,21967.7,67.6
26239,21967.85,67.3
26240,21968,67
26241,21968.35,66.65
26242,21968.7,66.3
26243,21969.05,65.95
26244,21969.4,65.6
26245,21969.75,65.25
26246,21970.1,64.9
26247,21970.45,64.55
26248,21970.8,64.2
26249,21971.15,63.85
26250,21971.5,63.5
26251,21971.85,63.15
26252,21972.2,62.8
26253,21972.55,62.45
26254,21972.9,62.1
26255,21973.25,61.75
26256,21973.6,61.4
26257,21973.95,61.05
26258,21974.3,60.7
26259,21974.65,60.35
26260,21975,60
26261,21975.6,59.75
26262,21976.2,59.5
26263,21976.8,59.25
26264,21977.4,59
26265,21978,58.75
26266,21978.6,58.5
26267,21979.2,58.25
26268,21979.8,58
26269,21980.4,57.75
26270,21981,57.5
26271,21981.6,57.25
26272,21982.2,57
26273,21982.8,56.75
26274,21983.4,56.5
26275,21984,56.25
26276,21984.6,56
26277,21985.2,55.75
26278,21985.8,55.5
26279,21986.4,55.25
26280,21987,55
26281,21987.85,55.05
26282,21988.7,55.1
26283,21989.55,55.15
26284,21990.4,55.2
26285,21991.25,55.25
26286,21992.1,55.3
26287,21992.95,55.35
26288,21993.8,55.4
26289,21994.65,55.45
26290,21995.5,55.5
26291,21996.35,55.55
26292,21997.2,55.6
26293,21998.05,55.65
26294,21998.9,55.7
26295,21999.75,55.75
26296,22000.6,55.8
26297,22001.45,55.85
26298,22002.3,55.9
26299,22003.15,55.95
26300,22004,56
26301,22005.15,56.35
26302,22006.3,56.7
26303,22007.45,57.05
26304,22008.6,57.4
26305,22009.75,57.75
26306,22010.9,58.1
26307,22012.05,58.45
26308,22013.2,58.8
26309,22014.35,59.15
26310,22015.5,59.5
26311,22016.65,59.85
26312,22017.8,60.2
26313,22018.95,60.55
26314,22020.1,60.9
26315,22021.25,61.25
26316,22022.4,61.6
26317,22023.55,61.95
26318,22024.7,62.3
26319,22025.85,62.65
26320,22027,63
26321,22028.45,63.55
26322,22029.9,64.1
26323,22031.35,64.65
26324,22032.8,65.2
26325,22034.25,65.75
26326,22035.7,66.3
26327,22037.15,66.85
26328,22038.6,67.4
26329,22040.05,67.95
26330,22041.5,68.5
26331,22042.95,69.05
26332,22044.4,69.6
26333,22045.85,70.15
26334,22047.3,70.7
26335,22048.75,71.25
26336,22050.2,71.8
26337,22051.65,72.35
26338,22053.1,72.9
26339,22054.55,73.45
26340,22056,74
26341,22057.8,74.7
26342,22059.6,75.4
26343,22061.4,76.1
26344,22063.2,76.8
26345,22065,77.5
26346,22066.8,78.2
26347,22068.6,78.9
26348,22070.4,79.6
26349,22072.2,80.3
26350,22074,81
26351,22075.8,81.7
26352,22077.6,82.4
26353,22079.4,83.1
26354,22081.2,83.8
26355,22083,84.5
26356,22084.8,85.2
26357,22086.6,85.9
26358,22088.4,86.6
26359,22090.2,87.3
26360,22092,88
26361,22094.15,88.6
26362,22096.3,89.2
26363,22098.45,89.8
26364,22100.6,90.4
26365,22102.75,91
26366,22104.9,91.6
26367,22107.05,92.2
26368,22109.2,92.8
26369,22111.35,93.4
26370,22113.5,94
26371,22115.65,94.6
26372,22117.8,95.2
26373,22119.95,95.8
26374,22122.1,96.4
26375,22124.25,97
26376,22126.4,97.6
26377,22128.55,98.2
26378,22130.7,98.8
26379,22132.85,99.4
26380,22135,100
26381,22137.4,100.6
26382,22139.8,101.2
26383,22142.2,101.8
26384,22144.6,102.4
26385,22147,103
26386,22149.4,103.6
26387,22151.8,104.2
26388,22154.2,104.8
26389,22156.6,105.4
26390,22159,106
26391,22161.4,106.6
26392,22163.8,107.2
26393,22166.2,107.8
26394,22168.6,108.4
26395,22171,109
26396,22173.4,109.6
26397,22175.8,110.2
26398,22178.2,110.8
26399,22180.6,111.4
26400,22183,112
26401,22185.45,112.5
26402,22187.9,113
26403,22190.35,113.5
26404,22192.8,114
26405,22195.25,114.5
26406,22197.7,115
26407,22200.15,115.5
26408,22202.6,116
26409,22205.05,116.5
26410,22207.5,117
26411,22209.95,117.5
26412,22212.4,118
26413,22214.85,118.5
26414,22217.3,119
26415,22219.75,119.5
26416,22222.2,120
26417,22224.65,120.5
26418,22227.1,121
26419,22229.55,121.5
26420,22232,122
26421,22234.5,122.3
26422,22237,122.6
26423,22239.5,122.9
26424,22242,123.2
26425,22244.5,123.5
26426,22247,123.8
26427,22249.5,124.1
26428,22252,124.4
26429,22254.5,124.7
26430,22257,125
26431,22259.5,125.3
26432,22262,125.6
26433,22264.5,125.9
26434,22267,126.2
26435,22269.5,126.5
26436,22272,126.8
26437,22274.5,127.1
26438,22277,127.4
26439,22279.5,127.7
26440,22282,128
26441,22284.35,128.1
26442,22286.7,128.2
26443,22289.05,128.3
26444,22291.4,128.4
26445,22293.75,128.5
26446,22296.1,128.6
26447,22298.45,128.7
26448,22300.8,128.8
26449,22303.15,128.9
26450,22305.5,129
26451,22307.85,129.1
26452,22310.2,129.2
26453,22312.55,129.3
26454,22314.9,129.4
26455,22317.25,129.5
26456,22319.6,129.6
26457,22321.95,129.7
26458,22324.3,129.8
26459,22326.65,129.9
26460,22329,130
26461,22331.15,129.8
26462,22333.3,129.6
26463,22335.45,129.4
26464,22337.6,129.2
26465,22339.75,129
26466,22341.9,128.8
26467,22344.05,128.6
26468,22346.2,128.4
26469,22348.35,128.2
26470,22350.5,128
26471,22352.65,127.8
26472,22354.8,127.6
26473,22356.95,127.4
26474,22359.1,127.2
26475,22361.25,127
26476,22363.4,126.8
26477,22365.55,126.6
26478,22367.7,126.4
26479,22369.85,126.2
26480,22372,126
26481,22373.65,125.5
26482,22375.3,125
26483,22376.95,124.5
26484,22378.6,124
26485,22380.25,123.5
26486,22381.9,123
26487,22383.55,122.5
26488,22385.2,122
26489,22386.85,121.5
26490,22388.5,121
26491,22390.15,120.5
26492,22391.8,120
26493,22393.45,119.5
26494,22395.1,119
26495,22396.75,118.5
26496,22398.4,118
26497,22400.05,117.5
26498,22401.7,117
26499,22403.35,116.5
26500,22405,116
26501,22406.25,115.15
26502,22407.5,114.3
26503,22408.75,113.45
26504,22410,112.6
26505,22411.25,111.75
26506,22412.5,110.9
26507,22413.75,110.05
26508,22415,109.2
26509,22416.25,108.35
26510,22417.5,107.5
26511,22418.75,106.65
26512,22420,105.8
26513,22421.25,104.95
26514,22422.5,104.1
26515,22423.75,103.25
26516,22425,102.4
26517,22426.25,101.55
26518,22427.5,100.7
26519,22428.75,99.85
26520,22430,99
26521,22430.75,98
26522,22431.5,97
26523,22432.25,96
26524,22433,95
26525,22433.75,94
26526,22434.5,93
26527,22435.25,92
26528,22436,91
26529,22436.75,90
26530,22437.5,89
26531,22438.25,88
26532,22439,87
26533,22439.75,86
26534,22440.5,85
26535,22441.25,84
26536,22442,83
26537,22442.75,82
26538,22443.5,81
26539,22444.25,80
26540,22445,79
26541,22445.35,78.15
26542,22445.7,77.3
26543,22446.05,76.45
26544,22446.4,75.6
26545,22446.75,74.75
26546,22447.1,73.9
26547,22447.45,73.05
26548,22447.8,72.2
26549,22448.15,71.35
26550,22448.5,70.5
26551,22448.85,69.65
26552,22449.2,68.8
26553,22449.55,67.95
26554,22449.9,67.1
26555,22450.25,66.25
26556,22450.6,65.4
26557,22450.95,64.55
26558,22451.3,63.7
26559,22451.65,62.85
26560,22452,62
26561,22452,61.95
26562,22452,61.9
26563,22452,61.85
26564,22452,61.8
26565,22452,61.75
26566,22452,61.7
26567,22452,61.65
26568,22452,61.6
26569,22452,61.55
26570,22452,61.5
26571,22452,61.45
26572,22452,61.4
26573,22452,61.35
26574,22452,61.3
26575,22452,61.25
26576,22452,61.2
26577,22452,61.15
26578,22452,61.1
26579,22452,61.05
26580,22452,61
26581,22451.75,61.8
26582,22451.5,62.6
26583,22451.25,63.4
26584,22451,64.2
26585,22450.75,65
26586,22450.5,65.8
26587,22450.25,66.6
26588,22450,67.4
26589,22449.75,68.2
26590,22449.5,69
26591,22449.25,69.8
26592,22449,70.6
26593,22448.75,71.4
26594,22448.5,72.2
26595,22448.25,73
26596,22448,73.8
26597,22447.75,74.6
26598,22447.5,75.4
26599,22447.25,76.2
26600,22447,77
26601,22446.55,78.1
26602,22446.1,79.2
26603,22445.65,80.3
26604,22445.2,81.4
26605,22444.75,82.5
26606,22444.3,83.6
26607,22443.85,84.7
26608,22443.4,85.8
26609,22442.95,86.9
26610,22442.5,88
26611,22442.05,89.1
26612,22441.6,90.2
26613,22441.15,91.3
26614,22440.7,92.4
26615,22440.25,93.5
26616,22439.8,94.6
26617,22439.35,95.7
26618,22438.9,96.8
26619,22438.45,97.9
26620,22438,99
26621,22437.4,99.95
26622,22436.8,100.9
26623,22436.2,101.85
26624,22435.6,102.8
26625,22435,103.75
26626,22434.4,104.7
26627,22433.8,105.65
26628,22433.2,106.6
26629,22432.6,107.55
26630,22432,108.5
26631,22431.4,109.45
26632,22430.8,110.4
26633,22430.2,111.35
26634,22429.6,112.3
26635,22429,113.25
26636,22428.4,114.2
26637,22427.8,115.15
26638,22427.2,116.1
26639,22426.6,117.05
26640,22426,118
26641,22425.35,118.6
26642,22424.7,119.2
26643,22424.05,119.8
26644,22423.4,120.4
26645,22422.75,121
26646,22422.1,121.6
26647,22421.45,122.2
26648,22420.8,122.8
26649,22420.15,123.4
26650,22419.5,124
26651,22418.85,124.6
26652,22418.2,125.2
26653,22417.55,125.8
26654,22416.9,126.4
26655,22416.25,127
26656,22415.6,127.6
26657,22414.95,128.2
26658,22414.3,128.8
26659,22413.65,129.4
26660,22413,130
26661,22412.3,130.1
26662,22411.6,130.2
26663,22410.9,130.3
26664,22410.2,130.4
26665,22409.5,130.5
26666,22408.8,130.6
26667,22408.1,130.7
26668,22407.4,130.8
26669,22406.7,130.9
26670,22406,131
26671,22405.3,131.1
26672,22404.6,131.2
26673,22403.9,131.3
26674,22403.2,131.4
26675,22402.5,131.5
26676,22401.8,131.6
26677,22401.1,131.7
26678,22400.4,131.8
26679,22399.7,131.9
26680,22399,132
26681,22398.35,131.75
26682,22397.7,131.5
26683,22397.05,131.25
26684,22396.4,131
26685,22395.75,130.75
26686,22395.1,130.5
26687,22394.45,130.25
26688,22393.8,130
26689,22393.15,129.75
26690,22392.5,129.5
26691,22391.85,129.25
26692,22391.2,129
26693,22390.55,128.75
26694,22389.9,128.5
26695,22389.25,128.25
26696,22388.6,128
26697,22387.95,127.75
26698,22387.3,127.5
26699,22386.65,127.25
26700,22386,127
26701,22385.45,126.4
26702,22384.9,125.8
26703,22384.35,125.2
26704,22383.8,124.6
26705,22383.25,124
26706,22382.7,123.4
26707,22382.15,122.8
26708,22381.6,122.2
26709,22381.05,121.6
26710,22380.5,121
26711,22379.95,120.4
26712,22379.4,119.8
26713,22378.85,119.2
26714,22378.3,118.6
26715,22377.75,118
26716,22377.2,117.4
26717,22376.65,116.8
26718,22376.1,116.2
26719,22375.55,115.6
26720,22375,115
26721,22374.55,114.25
26722,22374.1,113.5
26723,22373.65,112.75
26724,22373.2,112
26725,22372.75,111.25
26726,22372.3,110.5
26727,22371.85,109.75
26728,22371.4,109
26729,22370.95,108.25
26730,22370.5,107.5
26731,22370.05,106.75
26732,22369.6,106
26733,22369.15,105.25
26734,22368.7,104.5
26735,22368.25,103.75
26736,22367.8,103
26737,22367.35,102.25
26738,22366.9,101.5
26739,22366.45,100.75
26740,22366,100
26741,22365.65,99.2
26742,22365.3,98.4
26743,22364.95,97.6
26744,22364.6,96.8
26745,22364.25,96
26746,22363.9,95.2
26747,22363.55,94.4
26748,22363.2,93.6
26749,22362.85,92.8
26750,22362.5,92
26751,22362.15,91.2
26752,22361.8,90.4
26753,22361.45,89.6
26754,22361.1,88.8
26755,22360.75,88
26756,22360.4,87.2
26757,22360.05,86.4
26758,22359.7,85.6
26759,22359.35,84.8
26760,22359,84
26761,22358.85,83.3
26762,22358.7,82.6
26763,22358.55,81.9
26764,22358.4,81.2
26765,22358.25,80.5
26766,22358.1,79.8
26767,22357.95,79.1
26768,22357.8,78.4
26769,22357.65,77.7
26770,22357.5,77
26771,22357.35,76.3
26772,22357.2,75.6
26773,22357.05,74.9
26774,22356.9,74.2
26775,22356.75,73.5
26776,22356.6,72.8
26777,22356.45,72.1
26778,22356.3,71.4
26779,22356.15,70.7
26780,22356,70
26781,22356.1,69.55
26782,22356.2,69.1
26783,22356.3,68.65
26784,22356.4,68.2
26785,22356.5,67.75
26786,22356.6,67.3
26787,22356.7,66.85
26788,22356.8,66.4
26789,22356.9,65.95
26790,22357,65.5
26791,22357.1,65.05
26792,22357.2,64.6
26793,22357.3,64.15
26794,22357.4,63.7
26795,22357.5,63.25
26796,22357.6,62.8
26797,22357.7,62.35
26798,22357.8,61.9
26799,22357.9,61.45
26800,22358,61
26801,22358.35,60.85
26802,22358.7,60.7
26803,22359.05,60.55
26804,22359.4,60.4
26805,22359.75,60.25
26806,22360.1,60.1
26807,22360.45,59.95
26808,22360.8,59.8
26809,22361.15,59.65
26810,22361.5,59.5
26811,22361.85,59.35
26812,22362.2,59.2
26813,22362.55,59.05
26814,22362.9,58.9
26815,22363.25,58.75
26816,22363.6,58.6
26817,22363.95,58.45
26818,22364.3,58.3
26819,22364.65,58.15
26820,22365,58
26821,22365.65,58
26822,22366.3,58
26823,22366.95,58
26824,22367.6,58
26825,22368.25,58
26826,22368.9,58
26827,22369.55,58
26828,22370.2,58
26829,22370.85,58
26830,22371.5,58
26831,22372.15,58
26832,22372.8,58
26833,22373.45,58
26834,22374.1,58
26835,22374.75,58
26836,22375.4,58
26837,22376.05,58
26838,22376.7,58
26839,22377.35,58
26840,22378,58
26841,22378.85,58.1
26842,22379.7,58.2
26843,22380.55,58.3
26844,22381.4,58.4
26845,22382.25,58.5
26846,22383.1,58.6
26847,22383.95,58.7
26848,22384.8,58.8
26849,22385.65,58.9
26850,22386.5,59
26851,22387.35,59.1
26852,22388.2,59.2
26853,22389.05,59.3
26854,22389.9,59.4
26855,22390.75,59.5
26856,22391.6,59.6
26857,22392.45,59.7
26858,22393.3,59.8
26859,22394.15,59.9
26860,22395,60
26861,22396.1,60.1
26862,22397.2,60.2
26863,22398.3,60.3
26864,22399.4,60.4
26865,22400.5,60.5
26866,22401.6,60.6
26867,22402.7,60.7
26868,22403.8,60.8
26869,22404.9,60.9
26870,22406,61
26871,22407.1,61.1
26872,22408.2,61.2
26873,22409.3,61.3
26874,22410.4,61.4
26875,22411.5,61.5
26876,22412.6,61.6
26877,22413.7,61.7
26878,22414.8,61.8
26879,22415.9,61.9
26880,22417,62
26881,22418.2,62.05
26882,22419.4,62.1
26883,22420.6,62.15
26884,22421.8,62.2
26885,22423,62.25
26886,22424.2,62.3
26887,22425.4,62.35
26888,22426.6,62.4
26889,22427.8,62.45
26890,22429,62.5
26891,22430.2,62.55
26892,22431.4,62.6
26893,22432.6,62.65
26894,22433.8,62.7
26895,22435,62.75
26896,22436.2,62.8
26897,22437.4,62.85
26898,22438.6,62.9
26899,22439.8,62.95
26900,22441,63
26901,22442.3,63.05
26902,22443.6,63.1
26903,22444.9,63.15
26904,22446.2,63.2
26905,22447.5,63.25
26906,22448.8,63.3
26907,22450.1,63.35
26908,22451.4,63.4
26909,22452.7,63.45
26910,22454,63.5
26911,22455.3,63.55
26912,22456.6,63.6
26913,22457.9,63.65
26914,22459.2,63.7
26915,22460.5,63.75
26916,22461.8,63.8
26917,22463.1,63.85
26918,22464.4,63.9
26919,22465.7,63.95
26920,22467,64
26921,22468.3,64
26922,22469.6,64
26923,22470.9,64
26924,22472.2,64
26925,22473.5,64
26926,22474.8,64
26927,22476.1,64
26928,22477.4,64
26929,22478.7,64
26930,22480,64
26931,22481.3,64
26932,22482.6,64
26933,22483.9,64
26934,22485.2,64
26935,22486.5,64
26936,22487.8,64
26937,22489.1,64
26938,22490.4,64
26939,22491.7,64
26940,22493,64
26941,22494.35,64
26942,22495.7,64
26943,22497.05,64
26944,22498.4,64
26945,22499.75,64
26946,22501.1,64
26947,22502.45,64
26948,22503.8,64
26949,22505.15,64
26950,22506.5,64
26951,22507.85,64
26952,22509.2,64
26953,22510.55,64
26954,22511.9,64
26955,22513.25,64
26956,22514.6,64
26957,22515.95,64
26958,22517.3,64
26959,22518.65,64
26960,22520,64
26961,22521.25,63.95
26962,22522.5,63.9
26963,22523.75,63.85
26964,22525,63.8
26965,22526.25,63.75
26966,22527.5,63.7
26967,22528.75,63.65
26968,22530,63.6
26969,22531.25,63.55
26970,22532.5,63.5
26971,22533.75,63.45
26972,22535,63.4
26973,22536.25,63.35
26974,22537.5,63.3
26975,22538.75,63.25
26976,22540,63.2
26977,22541.25,63.15
26978,22542.5,63.1
26979,22543.75,63.05
26980,22545,63
26981,22546.15,62.9
26982,22547.3,62.8
26983,22548.45,62.7
26984,22549.6,62.6
26985,22550.75,62.5
26986,22551.9,62.4
26987,22553.05,62.3
26988,22554.2,62.2
26989,22555.35,62.1
26990,22556.5,62
26991,22557.65,61.9
26992,22558.8,61.8
26993,22559.95,61.7
26994,22561.1,61.6
26995,22562.25,61.5
26996,22563.4,61.4
26997,22564.55,61.3
26998,22565.7,61.2
26999,22566.85,61.1
27000,22568,61
27001,22568.95,60.85
27002,22569.9,60.7
27003,22570.85,60.55
27004,22571.8,60.4
27005,22572.75,60.25
27006,22573.7,60.1
27007,22574.65,59.95
27008,22575.6,59.8
27009,22576.55,59.65
27010,22577.5,59.5
27011,22578.45,59.35
27012,22579.4,59.2
27013,22580.35,59.05
27014,22581.3,58.9
27015,22582.25,58.75
27016,22583.2,58.6
27017,22584.15,58.45
27018,22585.1,58.3
27019,22586.05,58.15
27020,22587,58
27021,22587.95,57.9
27022,22588.9,57.8
27023,22589.85,57.7
27024,22590.8,57.6
27025,22591.75,57.5
27026,22592.7,57.4
27027,22593.65,57.3
27028,22594.6,57.2
27029,22595.55,57.1
27030,22596.5,57
27031,22597.45,56.9
27032,22598.4,56.8
27033,22599.35,56.7
27034,22600.3,56.6
27035,22601.25,56.5
27036,22602.2,56.4
27037,22603.15,56.3
27038,22604.1,56.2
27039,22605.05,56.1
27040,22606,56
27041,22606.85,56
27042,22607.7,56
27043,22608.55,56
27044,22609.4,56
27045,22610.25,56
27046,22611.1,56
27047,22611.95,56
27048,22612.8,56
27049,22613.65,56
27050,22614.5,56
27051,22615.35,56
27052,22616.2,56
27053,22617.05,56
27054,22617.9,56
27055,22618.75,56
27056,22619.6,56
27057,22620.45,56
27058,22621.3,56
27059,22622.15,56
27060,22623,56
27061,22623.9,56
27062,22624.8,56
27063,22625.7,56
27064,22626.6,56
27065,22627.5,56
27066,22628.4,56
27067,22629.3,56
27068,22630.2,56
27069,22631.1,56
27070,22632,56
27071,22632.9,56
27072,22633.8,56
27073,22634.7,56
27074,22635.6,56
27075,22636.5,56
27076,22637.4,56
27077,22638.3,56
27078,22639.2,56
27079,22640.1,56
27080,22641,56
27081,22641.95,56.05
27082,22642.9,56.1
27083,22643.85,56.15
27084,22644.8,56.2
27085,22645.75,56.25
27086,22646.7,56.3
27087,22647.65,56.35
27088,22648.6,56.4
27089,22649.55,56.45
27090,22650.5,56.5
27091,22651.45,56.55
27092,22652.4,56.6
27093,22653.35,56.65
27094,22654.3,56.7
27095,22655.25,56.75
27096,22656.2,56.8
27097,22657.15,56.85
27098,22658.1,56.9
27099,22659.05,56.95
27100,22660,57
27101,22661.15,57
27102,22662.3,57
27103,22663.45,57
27104,22664.6,57
27105,22665.75,57
27106,22666.9,57
27107,22668.05,57
27108,22669.2,57
27109,22670.35,57
27110,22671.5,57
27111,22672.65,57
27112,22673.8,57
27113,22674.95,57
27114,22676.1,57
27115,22677.25,57
27116,22678.4,57
27117,22679.55,57
27118,22680.7,57
27119,22681.85,57
27120,22683,57
27121,22684.2,57.1
27122,22685.4,57.2
27123,22686.6,57.3
27124,22687.8,57.4
27125,22689,57.5
27126,22690.2,57.6
27127,22691.4,57.7
27128,22692.6,57.8
27129,22693.8,57.9
27130,22695,58
27131,22696.2,58.1
27132,22697.4,58.2
27133,22698.6,58.3
27134,22699.8,58.4
27135,22701,58.5
27136,22702.2,58.6
27137,22703.4,58.7
27138,22704.6,58.8
27139,22705.8,58.9
27140,22707,59
27141,22708.45,59.15
27142,22709.9,59.3
27143,22711.35,59.45
27144,22712.8,59.6
27145,22714.25,59.75
27146,22715.7,59.9
27147,22717.15,60.05
27148,22718.6,60.2
27149,22720.05,60.35
27150,22721.5,60.5
27151,22722.95,60.65
27152,22724.4,60.8
27153,22725.85,60.95
27154,22727.3,61.1
27155,22728.75,61.25
27156,22730.2,61.4
27157,22731.65,61.55
27158,22733.1,61.7
27159,22734.55,61.85
27160,22736,62
27161,22737.65,62.25
27162,22739.3,62.5
27163,22740.95,62.75
27164,22742.6,63
27165,22744.25,63.25
27166,22745.9,63.5
27167,22747.55,63.75
27168,22749.2,64
27169,22750.85,64.25
27170,22752.5,64.5
27171,22754.15,64.75
27172,22755.8,65
27173,22757.45,65.25
27174,22759.1,65.5
27175,22760.75,65.75
27176,22762.4,66
27177,22764.05,66.25
27178,22765.7,66.5
27179,22767.35,66.75
27180,22769,67
27181,22770.95,67.25
27182,22772.9,67.5
27183,22774.85,67.75
27184,22776.8,68
27185,22778.75,68.25
27186,22780.7,68.5
27187,22782.65,68.75
27188,22784.6,69
27189,22786.55,69.25
27190,22788.5,69.5
27191,22790.45,69.75
27192,22792.4,70
27193,22794.35,70.25
27194,22796.3,70.5
27195,22798.25,70.75
27196,22800.2,71
27197,22802.15,71.25
27198,22804.1,71.5
27199,22806.05,71.75
27200,22808,72
27201,22810.15,72.2
27202,22812.3,72.4
27203,22814.45,72.6
27204,22816.6,72.8
27205,22818.75,73
27206,22820.9,73.2
27207,22823.05,73.4
27208,22825.2,73.6
27209,22827.35,73.8
27210,22829.5,74
27211,22831.65,74.2
27212,22833.8,74.4
27213,22835.95,74.6
27214,22838.1,74.8
27215,22840.25,75
27216,22842.4,75.2
27217,22844.55,75.4
27218,22846.7,75.6
27219,22848.85,75.8
27220,22851,76
27221,22853.45,76.1
27222,22855.9,76.2
27223,22858.35,76.3
27224,22860.8,76.4
27225,22863.25,76.5
27226,22865.7,76.6
27227,22868.15,76.7
27228,22870.6,76.8
27229,22873.05,76.9
27230,22875.5,77
27231,22877.95,77.1
27232,22880.4,77.2
27233,22882.85,77.3
27234,22885.3,77.4
27235,22887.75,77.5
27236,22890.2,77.6
27237,22892.65,77.7
27238,22895.1,77.8
27239,22897.55,77.9
27240,22900,78
27241,22902.6,78.05
27242,22905.2,78.1
27243,22907.8,78.15
27244,22910.4,78.2
27245,22913,78.25
27246,22915.6,78.3
27247,22918.2,78.35
27248,22920.8,78.4
27249,22923.4,78.45
27250,22926,78.5
27251,22928.6,78.55
27252,22931.2,78.6
27253,22933.8,78.65
27254,22936.4,78.7
27255,22939,78.75
27256,22941.6,78.8
27257,22944.2,78.85
27258,22946.8,78.9
27259,22949.4,78.95
27260,22952,79
27261,22954.7,79
27262,22957.4,79
27263,22960.1,79
27264,22962.8,79
27265,22965.5,79
27266,22968.2,79
27267,22970.9,79
27268,22973.6,79
27269,22976.3,79
27270,22979,79
27271,22981.7,79
27272,22984.4,79
27273,22987.1,79
27274,22989.8,79
27275,22992.5,79
27276,22995.2,79
27277,22997.9,79
27278,23000.6,79
27279,23003.3,79
27280,23006,79
27281,23008.6,78.95
27282,23011.2,78.9
27283,23013.8,78.85
27284,23016.4,78.8
27285,23019,78.75
27286,23021.6,78.7
27287,23024.2,78.65
27288,23026.8,78.6
27289,23029.4,78.55
27290,23032,78.5
27291,23034.6,78.45
27292,23037.2,78.4
27293,23039.8,78.35
27294,23042.4,78.3
27295,23045,78.25
27296,23047.6,78.2
27297,23050.2,78.15
27298,23052.8,78.1
27299,23055.4,78.05
27300,23058,78
27301,23060.5,77.9
27302,23063,77.8
27303,23065.5,77.7
27304,23068,77.6
27305,23070.5,77.5
27306,23073,77.4
27307,23075.5,77.3
27308,23078,77.2
27309,23080.5,77.1
27310,23083,77
27311,23085.5,76.9
27312,23088,76.8
27313,23090.5,76.7
27314,23093,76.6
27315,23095.5,76.5
27316,23098,76.4
27317,23100.5,76.3
27318,23103,76.2
27319,23105.5,76.1
27320,23108,76
27321,23110.15,75.85
27322,23112.3,75.7
27323,23114.45,75.55
27324,23116.6,75.4
27325,23118.75,75.25
27326,23120.9,75.1
27327,23123.05,74.95
27328,23125.2,74.8
27329,23127.35,74.65
27330,23129.5,74.5
27331,23131.65,74.35
27332,23133.8,74.2
27333,23135.95,74.05
27334,23138.1,73.9
27335,23140.25,73.75
27336,23142.4,73.6
27337,23144.55,73.45
27338,23146.7,73.3
27339,23148.85,73.15
27340,23151,73
27341,23152.85,72.8
27342,23154.7,72.6
27343,23156.55,72.4
27344,23158.4,72.2
27345,23160.25,72
27346,23162.1,71.8
27347,23163.95,71.6
27348,23165.8,71.4
27349,23167.65,71.2
27350,23169.5,71
27351,23171.35,70.8
27352,23173.2,70.6
27353,23175.05,70.4
27354,23176.9,70.2
27355,23178.75,70
27356,23180.6,69.8
27357,23182.45,69.6
27358,23184.3,69.4
27359,23186.15,69.2
27360,23188,69
27361,23189.5,68.75
27362,23191,68.5
27363,23192.5,68.25
27364,23194,68
27365,23195.5,67.75
27366,23197,67.5
27367,23198.5,67.25
27368,23200,67
27369,23201.5,66.75
27370,23203,66.5
27371,23204.5,66.25
27372,23206,66
27373,23207.5,65.75
27374,23209,65.5
27375,23210.5,65.25
27376,23212,65
27377,23213.5,64.75
27378,23215,64.5
27379,23216.5,64.25
27380,23218,64
27381,23219.15,63.85
27382,23220.3,63.7
27383,23221.45,63.55
27384,23222.6,63.4
27385,23223.75,63.25
27386,23224.9,63.1
27387,23226.05,62.95
27388,23227.2,62.8
27389,23228.35,62.65
27390,23229.5,62.5
27391,23230.65,62.35
27392,23231.8,62.2
27393,23232.95,62.05
27394,23234.1,61.9
27395,23235.25,61.75
27396,23236.4,61.6
27397,23237.55,61.45
27398,23238.7,61.3
27399,23239.85,61.15
27400,23241,61
27401,23241.9,60.95
27402,23242.8,60.9
27403,23243.7,60.85
27404,23244.6,60.8
27405,23245.5,60.75
27406,23246.4,60.7
27407,23247.3,60.65
27408,23248.2,60.6
27409,23249.1,60.55
27410,23250,60.5
27411,23250.9,60.45
27412,23251.8,60.4
27413,23252.7,60.35
27414,23253.6,60.3
27415,23254.5,60.25
27416,23255.4,60.2
27417,23256.3,60.15
27418,23257.2,60.1
27419,23258.1,60.05
27420,23259,60
27421,23259.65,60.1
27422,23260.3,60.2
27423,23260.95,60.3
27424,23261.6,60.4
27425,23262.25,60.5
27426,23262.9,60.6
27427,23263.55,60.7
27428,23264.2,60.8
27429,23264.85,60.9
27430,23265.5,61
27431,23266.15,61.1
27432,23266.8,61.2
27433,23267.45,61.3
27434,23268.1,61.4
27435,23268.75,61.5
27436,23269.4,61.6
27437,23270.05,61.7
27438,23270.7,61.8
27439,23271.35,61.9
27440,23272,62
27441,23272.45,62.25
27442,23272.9,62.5
27443,23273.35,62.75
27444,23273.8,63
27445,23274.25,63.25
27446,23274.7,63.5
27447,23275.15,63.75
27448,23275.6,64
27449,23276.05,64.25
27450,23276.5,64.5
27451,23276.95,64.75
27452,23277.4,65
27453,23277.85,65.25
27454,23278.3,65.5
27455,23278.75,65.75
27456,23279.2,66
27457,23279.65,66.25
27458,23280.1,66.5
27459,23280.55,66.75
27460,23281,67
27461,23281.25,67.2
27462,23281.5,67.4
27463,23281.75,67.6
27464,23282,67.8
27465,23282.25,68
27466,23282.5,68.2
27467,23282.75,68.4
27468,23283,68.6
27469,23283.25,68.8
27470,23283.5,69
27471,23283.75,69.2
27472,23284,69.4
27473,23284.25,69.6
27474,23284.5,69.8
27475,23284.75,70
27476,23285,70.2
27477,23285.25,70.4
27478,23285.5,70.6
27479,23285.75,70.8
27480,23286,71
27481,23286.15,71.15
27482,23286.3,71.3
27483,23286.45,71.45
27484,23286.6,71.6
27485,23286.75,71.75
27486,23286.9,71.9
27487,23287.05,72.05
27488,23287.2,72.2
27489,23287.35,72.35
27490,23287.5,72.5
27491,23287.65,72.65
27492,23287.8,72.8
27493,23287.95,72.95
27494,23288.1,73.1
27495,23288.25,73.25
27496,23288.4,73.4
27497,23288.55,73.55
27498,23288.7,73.7
27499,23288.85,73.85
27500,23289,74
27501,23289,74.05
27502,23289,74.1
27503,23289,74.15
27504,23289,74.2
27505,23289,74.25
27506,23289,74.3
27507,23289,74.35
27508,23289,74.4
27509,23289,74.45
27510,23289,74.5
27511,23289,74.55
27512,23289,74.6
27513,23289,74.65
27514,23289,74.7
27515,23289,74.75
27516,23289,74.8
27517,23289,74.85
27518,23289,74.9
27519,23289,74.95
27520,23289,75
27521,23288.95,74.95
27522,23288.9,74.9
27523,23288.85,74.85
27524,23288.8,74.8
27525,23288.75,74.75
27526,23288.7,74.7
27527,23288.65,74.65
27528,23288.6,74.6
27529,23288.55,74.55
27530,23288.5,74.5
27531,23288.45,74.45
27532,23288.4,74.4
27533,23288.35,74.35
27534,23288.3,74.3
27535,23288.25,74.25
27536,23288.2,74.2
27537,23288.15,74.15
27538,23288.1,74.1
27539,23288.05,74.05
27540,23288,74
27541,23288.05,73.9
27542,23288.1,73.8
27543,23288.15,73.7
27544,23288.2,73.6
27545,23288.25,73.5
27546,23288.3,73.4
27547,23288.35,73.3
27548,23288.4,73.2
27549,23288.45,73.1
27550,23288.5,73
27551,23288.55,72.9
27552,23288.6,72.8
27553,23288.65,72.7
27554,23288.7,72.6
27555,23288.75,72.5
27556,23288.8,72.4
27557,23288.85,72.3
27558,23288.9,72.2
27559,23288.95,72.1
27560,23289,72
27561,23289.2,71.9
27562,23289.4,71.8
27563,23289.6,71.7
27564,23289.8,71.6
27565,23290,71.5
27566,23290.2,71.4
27567,23290.4,71.3
27568,23290.6,71.2
27569,23290.8,71.1
27570,23291,71
27571,23291.2,70.9
27572,23291.4,70.8
27573,23291.6,70.7
27574,23291.8,70.6
27575,23292,70.5
27576,23292.2,70.4
27577,23292.4,70.3
27578,23292.6,70.2
27579,23292.8,70.1
27580,23293,70
27581,23293.45,69.9
27582,23293.9,69.8
27583,23294.35,69.7
27584,23294.8,69.6
27585,23295.25,69.5
27586,23295.7,69.4
27587,23296.15,69.3
27588,23296.6,69.2
27589,23297.05,69.1
27590,23297.5,69
27591,23297.95,68.9
27592,23298.4,68.8
27593,23298.85,68.7
27594,23299.3,68.6
27595,23299.75,68.5
27596,23300.2,68.4
27597,23300.65,68.3
27598,23301.1,68.2
27599,23301.55,68.1
27600,23302,68
27601,23302.75,67.95
27602,23303.5,67.9
27603,23304.25,67.85
27604,23305,67.8
27605,23305.75,67.75
27606,23306.5,67.7
27607,23307.25,67.65
27608,23308,67.6
27609,23308.75,67.55
27610,23309.5,67.5
27611,23310.25,67.45
27612,23311,67.4
27613,23311.75,67.35
27614,23312.5,67.3
27615,23313.25,67.25
27616,23314,67.2
27617,23314.75,67.15
27618,23315.5,67.1
27619,23316.25,67.05
27620,23317,67
27621,23318.1,67.15
27622,23319.2,67.3
27623,23320.3,67.45
27624,23321.4,67.6
27625,23322.5,67.75
27626,23323.6,67.9
27627,23324.7,68.05
27628,23325.8,68.2
27629,23326.9,68.35
27630,23328,68.5
27631,23329.1,68.65
27632,23330.2,68.8
27633,23331.3,68.95
27634,23332.4,69.1
27635,23333.5,69.25
27636,23334.6,69.4
27637,23335.7,69.55
27638,23336.8,69.7
27639,23337.9,69.85
27640,23339,70
27641,23340.45,70.35
27642,23341.9,70.7
27643,23343.35,71.05
27644,23344.8,71.4
27645,23346.25,71.75
27646,23347.7,72.1
27647,23349.15,72.45
27648,23350.6,72.8
27649,23352.05,73.15
27650,23353.5,73.5
27651,23354.95,73.85
27652,23356.4,74.2
27653,23357.85,74.55
27654,23359.3,74.9
27655,23360.75,75.25
27656,23362.2,75.6
27657,23363.65,75.95
27658,23365.1,76.3
27659,23366.55,76.65
27660,23368,77
27661,23369.75,77.55
27662,23371.5,78.1
27663,23373.25,78.65
27664,23375,79.2
27665,23376.75,79.75
27666,23378.5,80.3
27667,23380.25,80.85
27668,23382,81.4
27669,23383.75,81.95
27670,23385.5,82.5
27671,23387.25,83.05
27672,23389,83.6
27673,23390.75,84.15
27674,23392.5,84.7
27675,23394.25,85.25
27676,23396,85.8
27677,23397.75,86.35
27678,23399.5,86.9
27679,23401.25,87.45
27680,23403,88
27681,23405,88.5
27682,23407,89
27683,23409,89.5
27684,23411,90
27685,23413,90.5
27686,23415,91
27687,23417,91.5
27688,23419,92
27689,23421,92.5
27690,23423,93
27691,23425,93.5
27692,23427,94
27693,23429,94.5
27694,23431,95
27695,23433,95.5
27696,23435,96
27697,23437,96.5
27698,23439,97
27699,23441,97.5
27700,23443,98
27701,23445.3,98.45
27702,23447.6,98.9
27703,23449.9,99.35
27704,23452.2,99.8
27705,23454.5,100.25
27706,23456.8,100.7
27707,23459.1,101.15
27708,23461.4,101.6
27709,23463.7,102.05
27710,23466,102.5
27711,23468.3,102.95
27712,23470.6,103.4
27713,23472.9,103.85
27714,23475.2,104.3
27715,23477.5,104.75
27716,23479.8,105.2
27717,23482.1,105.65
27718,23484.4,106.1
27719,23486.7,106.55
27720,23489,107
27721,23491.5,107.3
27722,23494,107.6
27723,23496.5,107.9
27724,23499,108.2
27725,23501.5,108.5
27726,23504,108.8
27727,23506.5,109.1
27728,23509,109.4
27729,23511.5,109.7
27730,23514,110
27731,23516.5,110.3
27732,23519,110.6
27733,23521.5,110.9
27734,23524,111.2
27735,23526.5,111.5
27736,23529,111.8
27737,23531.5,112.1
27738,23534,112.4
27739,23536.5,112.7
27740,23539,113
27741,23541.7,113.05
27742,23544.4,113.1
27743,23547.1,113.15
27744,23549.8,113.2
27745,23552.5,113.25
27746,23555.2,113.3
27747,23557.9,113.35
27748,23560.6,113.4
27749,23563.3,113.45
27750,23566,113.5
27751,23568.7,113.55
27752,23571.4,113.6
27753,23574.1,113.65
27754,23576.8,113.7
27755,23579.5,113.75
27756,23582.2,113.8
27757,23584.9,113.85
27758,23587.6,113.9
27759,23590.3,113.95
27760,23593,114
27761,23595.75,114
27762,23598.5,114
27763,23601.25,114
27764,23604,114
27765,23606.75,114
27766,23609.5,114
27767,23612.25,114
27768,23615,114
27769,23617.75,114
27770,23620.5,114
27771,23623.25,114
27772,23626,114
27773,23628.75,114
27774,23631.5,114
27775,23634.25,114
27776,23637,114
27777,23639.75,114
27778,23642.5,114
27779,23645.25,114
27780,23648,114
27781,23650.7,114
27782,23653.4,114
27783,23656.1,114
27784,23658.8,114
27785,23661.5,114
27786,23664.2,114
27787,23666.9,114
27788,23669.6,114
27789,23672.3,114
27790,23675,114
27791,23677.7,114
27792,23680.4,114
27793,23683.1,114
27794,23685.8,114
27795,23688.5,114
27796,23691.2,114
27797,23693.9,114
27798,23696.6,114
27799,23699.3,114
27800,23702,114
27801,23704.55,113.9
27802,23707.1,113.8
27803,23709.65,113.7
27804,23712.2,113.6
27805,23714.75,113.5
27806,23717.3,113.4
27807,23719.85,113.3
27808,23722.4,113.2
27809,23724.95,113.1
27810,23727.5,113
27811,23730.05,112.9
27812,23732.6,112.8
27813,23735.15,112.7
27814,23737.7,112.6
27815,23740.25,112.5
27816,23742.8,112.4
27817,23745.35,112.3
27818,23747.9,112.2
27819,23750.45,112.1
27820,23753,112
27821,23755.3,111.85
27822,23757.6,111.7
27823,23759.9,111.55
27824,23762.2,111.4
27825,23764.5,111.25
27826,23766.8,111.1
27827,23769.1,110.95
27828,23771.4,110.8
27829,23773.7,110.65
27830,23776,110.5
27831,23778.3,110.35
27832,23780.6,110.2
27833,23782.9,110.05
27834,23785.2,109.9
27835,23787.5,109.75
27836,23789.8,109.6
27837,23792.1,109.45
27838,23794.4,109.3
27839,23796.7,109.15
27840,23799,109
27841,23800.95,108.65
27842,23802.9,108.3
27843,23804.85,107.95
27844,23806.8,107.6
27845,23808.75,107.25
27846,23810.7,106.9
27847,23812.65,106.55
27848,23814.6,106.2
27849,23816.55,105.85
27850,23818.5,105.5
27851,23820.45,105.15
27852,23822.4,104.8
27853,23824.35,104.45
27854,23826.3,104.1
27855,23828.25,103.75
27856,23830.2,103.4
27857,23832.15,103.05
27858,23834.1,102.7
27859,23836.05,102.35
27860,23838,102
27861,23839.6,101.55
27862,23841.2,101.1
27863,23842.8,100.65
27864,23844.4,100.2
27865,23846,99.75
27866,23847.6,99.3
27867,23849.2,98.85
27868,23850.8,98.4
27869,23852.4,97.95
27870,23854,97.5
27871,23855.6,97.05
27872,23857.2,96.6
27873,23858.8,96.15
27874,23860.4,95.7
27875,23862,95.25
27876,23863.6,94.8
27877,23865.2,94.35
27878,23866.8,93.9
27879,23868.4,93.45
27880,23870,93
27881,23871.35,92.55
27882,23872.7,92.1
27883,23874.05,91.65
27884,23875.4,91.2
27885,23876.75,90.75
27886,23878.1,90.3
27887,23879.45,89.85
27888,23880.8,89.4
27889,23882.15,88.95
27890,23883.5,88.5
27891,23884.85,88.05
27892,23886.2,87.6
27893,23887.55,87.15
27894,23888.9,86.7
27895,23890.25,86.25
27896,23891.6,85.8
27897,23892.95,85.35
27898,23894.3,84.9
27899,23895.65,84.45
27900,23897,84
27901,23898.1,83.7
27902,23899.2,83.4
27903,23900.3,83.1
27904,23901.4,82.8
27905,23902.5,82.5
27906,23903.6,82.2
27907,23904.7,81.9
27908,23905.8,81.6
27909,23906.9,81.3
27910,23908,81
27911,23909.1,80.7
27912,23910.2,80.4
27913,23911.3,80.1
27914,23912.4,79.8
27915,23913.5,79.5
27916,23914.6,79.2
27917,23915.7,78.9
27918,23916.8,78.6
27919,23917.9,78.3
27920,23919,78
27921,23919.95,77.8
27922,23920.9,77.6
27923,23921.85,77.4
27924,23922.8,77.2
27925,23923.75,77
27926,23924.7,76.8
27927,23925.65,76.6
27928,23926.6,76.4
27929,23927.55,76.2
27930,23928.5,76
27931,23929.45,75.8
27932,23930.4,75.6
27933,23931.35,75.4
27934,23932.3,75.2
27935,23933.25,75
27936,23934.2,74.8
27937,23935.15,74.6
27938,23936.1,74.4
27939,23937.05,74.2
27940,23938,74
27941,23938.8,73.95
27942,23939.6,73.9
27943,23940.4,73.85
27944,23941.2,73.8
27945,23942,73.75
27946,23942.8,73.7
27947,23943.6,73.65
27948,23944.4,73.6
27949,23945.2,73.55
27950,23946,73.5
27951,23946.8,73.45
27952,23947.6,73.4
27953,23948.4,73.35
27954,23949.2,73.3
27955,23950,73.25
27956,23950.8,73.2
27957,23951.6,73.15
27958,23952.4,73.1
27959,23953.2,73.05
27960,23954,73
27961,23954.7,72.9
27962,23955.4,72.8
27963,23956.1,72.7
27964,23956.8,72.6
27965,23957.5,72.5
27966,23958.2,72.4
27967,23958.9,72.3
27968,23959.6,72.2
27969,23960.3,72.1
27970,23961,72
27971,23961.7,71.9
27972,23962.4,71.8
27973,23963.1,71.7
27974,23963.8,71.6
27975,23964.5,71.5
27976,23965.2,71.4
27977,23965.9,71.3
27978,23966.6,71.2
27979,23967.3,71.1
27980,23968,71
27981,23968.65,70.95
27982,23969.3,70.9
27983,23969.95,70.85
27984,23970.6,70.8
27985,23971.25,70.75
27986,23971.9,70.7
27987,23972.55,70.65
27988,23973.2,70.6
27989,23973.85,70.55
27990,23974.5,70.5
27991,23975.15,70.45
27992,23975.8,70.4
27993,23976.45,70.35
27994,23977.1,70.3
27995,23977.75,70.25
27996,23978.4,70.2
27997,23979.05,70.15
27998,23979.7,70.1
27999,23980.35,70.05
28000,23981,70
28001,23981.6,69.95
28002,23982.2,69.9
28003,23982.8,69.85
28004,23983.4,69.8
28005,23984,69.75
28006,23984.6,69.7
28007,23985.2,69.65
28008,23985.8,69.6
28009,23986.4,69.55
28010,23987,69.5
28011,23987.6,69.45
28012,23988.2,69.4
28013,23988.8,69.35
28014,23989.4,69.3
28015,23990,69.25
28016,23990.6,69.2
28017,23991.2,69.15
28018,23991.8,69.1
28019,23992.4,69.05
28020,23993,69
28021,23993.55,69
28022,23994.1,69
28023,23994.65,69
28024,23995.2,69
28025,23995.75,69
28026,23996.3,69
28027,23996.85,69
28028,23997.4,69
28029,23997.95,69
28030,23998.5,69
28031,23999.05,69
28032,23999.6,69
28033,24000.15,69
28034,24000.7,69
28035,24001.25,69
28036,24001.8,69
28037,24002.35,69
28038,24002.9,69
28039,24003.45,69
28040,24004,69
28041,24004.45,69.05
28042,24004.9,69.1
28043,24005.35,69.15
28044,24005.8,69.2
28045,24006.25,69.25
28046,24006.7,69.3
28047,24007.15,69.35
28048,24007.6,69.4
28049,24008.05,69.45
28050,24008.5,69.5
28051,24008.95,69.55
28052,24009.4,69.6
28053,24009.85,69.65
28054,24010.3,69.7
28055,24010.75,69.75
28056,24011.2,69.8
28057,24011.65,69.85
28058,24012.1,69.9
28059,24012.55,69.95
28060,24013,70
28061,24013.4,70
28062,24013.8,70
28063,24014.2,70
28064,24014.6,70
28065,24015,70
28066,24015.4,70
28067,24015.8,70
28068,24016.2,70
28069,24016.6,70
28070,24017,70
28071,24017.4,70
28072,24017.8,70
28073,24018.2,70
28074,24018.6,70
28075,24019,70
28076,24019.4,70
28077,24019.8,70
28078,24020.2,70
28079,24020.6,70
28080,24021,70
28081,24021.4,69.95
28082,24021.8,69.9
28083,24022.2,69.85
28084,24022.6,69.8
28085,24023,69.75
28086,24023.4,69.7
28087,24023.8,69.65
28088,24024.2,69.6
28089,24024.6,69.55
28090,24025,69.5
28091,24025.4,69.45
28092,24025.8,69.4
28093,24026.2,69.35
28094,24026.6,69.3
28095,24027,69.25
28096,24027.4,69.2
28097,24027.8,69.15
28098,24028.2,69.1
28099,24028.6,69.05
28100,24029,69
28101,24029.3,68.85
28102,24029.6,68.7
28103,24029.9,68.55
28104,24030.2,68.4
28105,24030.5,68.25
28106,24030.8,68.1
28107,24031.1,67.95
28108,24031.4,67.8
28109,24031.7,67.65
28110,24032,67.5
28111,24032.3,67.35
28112,24032.6,67.2
28113,24032.9,67.05
28114,24033.2,66.9
28115,24033.5,66.75
28116,24033.8,66.6
28117,24034.1,66.45
28118,24034.4,66.3
28119,24034.7,66.15
28120,24035,66
28121,24035.3,65.95
28122,24035.6,65.9
28123,24035.9,65.85
28124,24036.2,65.8
28125,24036.5,65.75
28126,24036.8,65.7
28127,24037.1,65.65
28128,24037.4,65.6
28129,24037.7,65.55
28130,24038,65.5
28131,24038.3,65.45
28132,24038.6,65.4
28133,24038.9,65.35
28134,24039.2,65.3
28135,24039.5,65.25
28136,24039.8,65.2
28137,24040.1,65.15
28138,24040.4,65.1
28139,24040.7,65.05
28140,24041,65
28141,24041.25,64.95
28142,24041.5,64.9
28143,24041.75,64.85
28144,24042,64.8
28145,24042.25,64.75
28146,24042.5,64.7
28147,24042.75,64.65
28148,24043,64.6
28149,24043.25,64.55
28150,24043.5,64.5
28151,24043.75,64.45
28152,24044,64.4
28153,24044.25,64.35
28154,24044.5,64.3
28155,24044.75,64.25
28156,24045,64.2
28157,24045.25,64.15
28158,24045.5,64.1
28159,24045.75,64.05
28160,24046,64
28161,24046.25,63.85
28162,24046.5,63.7
28163,24046.75,63.55
28164,24047,63.4
28165,24047.25,63.25
28166,24047.5,63.1
28167,24047.75,62.95
28168,24048,62.8
28169,24048.25,62.65
28170,24048.5,62.5
28171,24048.75,62.35
28172,24049,62.2
28173,24049.25,62.05
28174,24049.5,61.9
28175,24049.75,61.75
28176,24050,61.6
28177,24050.25,61.45
28178,24050.5,61.3
28179,24050.75,61.15
28180,24051,61
28181,24051.3,60.9
28182,24051.6,60.8
28183,24051.9,60.7
28184,24052.2,60.6
28185,24052.5,60.5
28186,24052.8,60.4
28187,24053.1,60.3
28188,24053.4,60.2
28189,24053.7,60.1
28190,24054,60
28191,24054.3,59.9
28192,24054.6,59.8
28193,24054.9,59.7
28194,24055.2,59.6
28195,24055.5,59.5
28196,24055.8,59.4
28197,24056.1,59.3
28198,24056.4,59.2
28199,24056.7,59.1
28200,24057,59
28201,24057.35,58.95
28202,24057.7,58.9
28203,24058.05,58.85
28204,24058.4,58.8
28205,24058.75,58.75
28206,24059.1,58.7
28207,24059.45,58.65
28208,24059.8,58.6
28209,24060.15,58.55
28210,24060.5,58.5
28211,24060.85,58.45
28212,24061.2,58.4
28213,24061.55,58.35
28214,24061.9,58.3
28215,24062.25,58.25
28216,24062.6,58.2
28217,24062.95,58.15
28218,24063.3,58.1
28219,24063.65,58.05
28220,24064,58
28221,24064.45,58.05
28222,24064.9,58.1
28223,24065.35,58.15
28224,24065.8,58.2
28225,24066.25,58.25
28226,24066.7,58.3
28227,24067.15,58.35
28228,24067.6,58.4
28229,24068.05,58.45
28230,24068.5,58.5
28231,24068.95,58.55
28232,24069.4,58.6
28233,24069.85,58.65
28234,24070.3,58.7
28235,24070.75,58.75
28236,24071.2,58.8
28237,24071.65,58.85
28238,24072.1,58.9
28239,24072.55,58.95
28240,24073,59
28241,24073.6,59
28242,24074.2,59
28243,24074.8,59
28244,24075.4,59
28245,24076,59
28246,24076.6,59
28247,24077.2,59
28248,24077.8,59
28249,24078.4,59
28250,24079,59
28251,24079.6,59
28252,24080.2,59
28253,24080.8,59
28254,24081.4,59
28255,24082,59
28256,24082.6,59
28257,24083.2,59
28258,24083.8,59
28259,24084.4,59
28260,24085,59
28261,24085.7,59
28262,24086.4,59
28263,24087.1,59
28264,24087.8,59
28265,24088.5,59
28266,24089.2,59
28267,24089.9,59
28268,24090.6,59
28269,24091.3,59
28270,24092,59
28271,24092.7,59
28272,24093.4,59
28273,24094.1,59
28274,24094.8,59
28275,24095.5,59
28276,24096.2,59
28277,24096.9,59
28278,24097.6,59
28279,24098.3,59
28280,24099,59
28281,24099.7,59
28282,24100.4,59
28283,24101.1,59
28284,24101.8,59
28285,24102.5,59
28286,24103.2,59
28287,24103.9,59
28288,24104.6,59
28289,24105.3,59
28290,24106,59
28291,24106.7,59
28292,24107.4,59
28293,24108.1,59
28294,24108.8,59
28295,24109.5,59
28296,24110.2,59
28297,24110.9,59
28298,24111.6,59
28299,24112.3,59
28300,24113,59
28301,24113.75,59.05
28302,24114.5,59.1
28303,24115.25,59.15
28304,24116,59.2
28305,24116.75,59.25
28306,24117.5,59.3
28307,24118.25,59.35
28308,24119,59.4
28309,24119.75,59.45
28310,24120.5,59.5
28311,24121.25,59.55
28312,24122,59.6
28313,24122.75,59.65
28314,24123.5,59.7
28315,24124.25,59.75
28316,24125,59.8
28317,24125.75,59.85
28318,24126.5,59.9
28319,24127.25,59.95
28320,24128,60
28321,24128.7,60.1
28322,24129.4,60.2
28323,24130.1,60.3
28324,24130.8,60.4
28325,24131.5,60.5
28326,24132.2,60.6
28327,24132.9,60.7
28328,24133.6,60.8
28329,24134.3,60.9
28330,24135,61
28331,24135.7,61.1
28332,24136.4,61.2
28333,24137.1,61.3
28334,24137.8,61.4
28335,24138.5,61.5
28336,24139.2,61.6
28337,24139.9,61.7
28338,24140.6,61.8
28339,24141.3,61.9
28340,24142,62
28341,24142.65,62.1
28342,24143.3,62.2
28343,24143.95,62.3
28344,24144.6,62.4
28345,24145.25,62.5
28346,24145.9,62.6
28347,24146.55,62.7
28348,24147.2,62.8
28349,24147.85,62.9
28350,24148.5,63
28351,24149.15,63.1
28352,24149.8,63.2
28353,24150.45,63.3
28354,24151.1,63.4
28355,24151.75,63.5
28356,24152.4,63.6
28357,24153.05,63.7
28358,24153.7,63.8
28359,24154.35,63.9
28360,24155,64
28361,24155.55,64.05
28362,24156.1,64.1
28363,24156.65,64.15
28364,24157.2,64.2
28365,24157.75,64.25
28366,24158.3,64.3
28367,24158.85,64.35
28368,24159.4,64.4
28369,24159.95,64.45
28370,24160.5,64.5
28371,24161.05,64.55
28372,24161.6,64.6
28373,24162.15,64.65
28374,24162.7,64.7
28375,24163.25,64.75
28376,24163.8,64.8
28377,24164.35,64.85
28378,24164.9,64.9
28379,24165.45,64.95
28380,24166,65
28381,24166.35,65
28382,24166.7,65
28383,24167.05,65
28384,24167.4,65
28385,24167.75,65
28386,24168.1,65
28387,24168.45,65
28388,24168.8,65
28389,24169.15,65
28390,24169.5,65
28391,24169.85,65
28392,24170.2,65
28393,24170.55,65
28394,24170.9,65
28395,24171.25,65
28396,24171.6,65
28397,24171.95,65
28398,24172.3,65
28399,24172.65,65
28400,24173,65
28401,24173.3,64.95
28402,24173.6,64.9
28403,24173.9,64.85
28404,24174.2,64.8
28405,24174.5,64.75
28406,24174.8,64.7
28407,24175.1,64.65
28408,24175.4,64.6
28409,24175.7,64.55
28410,24176,64.5
28411,24176.3,64.45
28412,24176.6,64.4
28413,24176.9,64.35
28414,24177.2,64.3
28415,24177.5,64.25
28416,24177.8,64.2
28417,24178.1,64.15
28418,24178.4,64.1
28419,24178.7,64.05
28420,24179,64
28421,24179.2,64
28422,24179.4,64
28423,24179.6,64
28424,24179.8,64
28425,24180,64
28426,24180.2,64
28427,24180.4,64
28428,24180.6,64
28429,24180.8,64
28430,24181,64
28431,24181.2,64
28432,24181.4,64
28433,24181.6,64
28434,24181.8,64
28435,24182,64
28436,24182.2,64
28437,24182.4,64
28438,24182.6,64
28439,24182.8,64
28440,24183,64
28441,24183.25,64.1
28442,24183.5,64.2
28443,24183.75,64.3
28444,24184,64.4
28445,24184.25,64.5
28446,24184.5,64.6
28447,24184.75,64.7
28448,24185,64.8
28449,24185.25,64.9
28450,24185.5,65
28451,24185.75,65.1
28452,24186,65.2
28453,24186.25,65.3
28454,24186.5,65.4
28455,24186.75,65.5
28456,24187,65.6
28457,24187.25,65.7
28458,24187.5,65.8
28459,24187.75,65.9
28460,24188,66
28461,24188.3,66.05
28462,24188.6,66.1
28463,24188.9,66.15
28464,24189.2,66.2
28465,24189.5,66.25
28466,24189.8,66.3
28467,24190.1,66.35
28468,24190.4,66.4
28469,24190.7,66.45
28470,24191,66.5
28471,24191.3,66.55
28472,24191.6,66.6
28473,24191.9,66.65
28474,24192.2,66.7
28475,24192.5,66.75
28476,24192.8,66.8
28477,24193.1,66.85
28478,24193.4,66.9
28479,24193.7,66.95
28480,24194,67
28481,24194.45,67
28482,24194.9,67
28483,24195.35,67
28484,24195.8,67
28485,24196.25,67
28486,24196.7,67
28487,24197.15,67
28488,24197.6,67
28489,24198.05,67
28490,24198.5,67
28491,24198.95,67
28492,24199.4,67
28493,24199.85,67
28494,24200.3,67
28495,24200.75,67
28496,24201.2,67
28497,24201.65,67
28498,24202.1,67
28499,24202.55,67
28500,24203,67
28501,24203.6,66.95
28502,24204.2,66.9
28503,24204.8,66.85
28504,24205.4,66.8
28505,24206,66.75
28506,24206.6,66.7
28507,24207.2,66.65
28508,24207.8,66.6
28509,24208.4,66.55
28510,24209,66.5
28511,24209.6,66.45
28512,24210.2,66.4
28513,24210.8,66.35
28514,24211.4,66.3
28515,24212,66.25
28516,24212.6,66.2
28517,24213.2,66.15
28518,24213.8,66.1
28519,24214.4,66.05
28520,24215,66
28521,24215.7,65.95
28522,24216.4,65.9
28523,24217.1,65.85
28524,24217.8,65.8
28525,24218.5,65.75
28526,24219.2,65.7
28527,24219.9,65.65
28528,24220.6,65.6
28529,24221.3,65.55
28530,24222,65.5
28531,24222.7,65.45
28532,24223.4,65.4
28533,24224.1,65.35
28534,24224.8,65.3
28535,24225.5,65.25
28536,24226.2,65.2
28537,24226.9,65.15
28538,24227.6,65.1
28539,24228.3,65.05
28540,24229,65
28541,24229.85,65
28542,24230.7,65
28543,24231.55,65
28544,24232.4,65
28545,24233.25,65
28546,24234.1,65
28547,24234.95,65
28548,24235.8,65
28549,24236.65,65
28550,24237.5,65
28551,24238.35,65
28552,24239.2,65
28553,24240.05,65
28554,24240.9,65
28555,24241.75,65
28556,24242.6,65
28557,24243.45,65
28558,24244.3,65
28559,24245.15,65
28560,24246,65
28561,24246.95,65
28562,24247.9,65
28563,24248.85,65
28564,24249.8,65
28565,24250.75,65
28566,24251.7,65
28567,24252.65,65
28568,24253.6,65
28569,24254.55,65
28570,24255.5,65
28571,24256.45,65
28572,24257.4,65
28573,24258.35,65
28574,24259.3,65
28575,24260.25,65
28576,24261.2,65
28577,24262.15,65
28578,24263.1,65
28579,24264.05,65
28580,24265,65
28581,24266.1,65.15
28582,24267.2,65.3
28583,24268.3,65.45
28584,24269.4,65.6
28585,24270.5,65.75
28586,24271.6,65.9
28587,24272.7,66.05
28588,24273.8,66.2
28589,24274.9,66.35
28590,24276,66.5
28591,24277.1,66.65
28592,24278.2,66.8
28593,24279.3,66.95
28594,24280.4,67.1
28595,24281.5,67.25
28596,24282.6,67.4
28597,24283.7,67.55
28598,24284.8,67.7
28599,24285.9,67.85
28600,24287,68
28601,24288.15,68.15
28602,24289.3,68.3
28603,24290.45,68.45
28604,24291.6,68.6
28605,24292.75,68.75
28606,24293.9,68.9
28607,24295.05,69.05
28608,24296.2,69.2
28609,24297.35,69.35
28610,24298.5,69.5
28611,24299.65,69.65
28612,24300.8,69.8
28613,24301.95,69.95
28614,24303.1,70.1
28615,24304.25,70.25
28616,24305.4,70.4
28617,24306.55,70.55
28618,24307.7,70.7
28619,24308.85,70.85
28620,24310,71
28621,24311.3,71.15
28622,24312.6,71.3
28623,24313.9,71.45
28624,24315.2,71.6
28625,24316.5,71.75
28626,24317.8,71.9
28627,24319.1,72.05
28628,24320.4,72.2
28629,24321.7,72.35
28630,24323,72.5
28631,24324.3,72.65
28632,24325.6,72.8
28633,24326.9,72.95
28634,24328.2,73.1
28635,24329.5,73.25
28636,24330.8,73.4
28637,24332.1,73.55
28638,24333.4,73.7
28639,24334.7,73.85
28640,24336,74
28641,24337.4,74.1
28642,24338.8,74.2
28643,24340.2,74.3
28644,24341.6,74.4
28645,24343,74.5
28646,24344.4,74.6
28647,24345.8,74.7
28648,24347.2,74.8
28649,24348.6,74.9
28650,24350,75
28651,24351.4,75.1
28652,24352.8,75.2
28653,24354.2,75.3
28654,24355.6,75.4
28655,24357,75.5
28656,24358.4,75.6
28657,24359.8,75.7
28658,24361.2,75.8
28659,24362.6,75.9
28660,24364,76
28661,24365.5,76.05
28662,24367,76.1
28663,24368.5,76.15
28664,24370,76.2
28665,24371.5,76.25
28666,24373,76.3
28667,24374.5,76.35
28668,24376,76.4
28669,24377.5,76.45
28670,24379,76.5
28671,24380.5,76.55
28672,24382,76.6
28673,24383.5,76.65
28674,24385,76.7
28675,24386.5,76.75
28676,24388,76.8
28677,24389.5,76.85
28678,24391,76.9
28679,24392.5,76.95
28680,24394,77
28681,24395.6,76.9
28682,24397.2,76.8
28683,24398.8,76.7
28684,24400.4,76.6
28685,24402,76.5
28686,24403.6,76.4
28687,24405.2,76.3
28688,24406.8,76.2
28689,24408.4,76.1
28690,24410,76
28691,24411.6,75.9
28692,24413.2,75.8
28693,24414.8,75.7
28694,24416.4,75.6
28695,24418,75.5
28696,24419.6,75.4
28697,24421.2,75.3
28698,24422.8,75.2
28699,24424.4,75.1
28700,24426,75
28701,24427.6,74.85
28702,24429.2,74.7
28703,24430.8,74.55
28704,24432.4,74.4
28705,24434,74.25
28706,24435.6,74.1
28707,24437.2,73.95
28708,24438.8,73.8
28709,24440.4,73.65
28710,24442,73.5
28711,24443.6,73.35
28712,24445.2,73.2
28713,24446.8,73.05
28714,24448.4,72.9
28715,24450,72.75
28716,24451.6,72.6
28717,24453.2,72.45
28718,24454.8,72.3
28719,24456.4,72.15
28720,24458,72
28721,24459.65,71.9
28722,24461.3,71.8
28723,24462.95,71.7
28724,24464.6,71.6
28725,24466.25,71.5
28726,24467.9,71.4
28727,24469.55,71.3
28728,24471.2,71.2
28729,24472.85,71.1
28730,24474.5,71
28731,24476.15,70.9
28732,24477.8,70.8
28733,24479.45,70.7
28734,24481.1,70.6
28735,24482.75,70.5
28736,24484.4,70.4
28737,24486.05,70.3
28738,24487.7,70.2
28739,24489.35,70.1
28740,24491,70
28741,24492.65,69.9
28742,24494.3,69.8
28743,24495.95,69.7
28744,24497.6,69.6
28745,24499.25,69.5
28746,24500.9,69.4
28747,24502.55,69.3
28748,24504.2,69.2
28749,24505.85,69.1
28750,24507.5,69
28751,24509.15,68.9
28752,24510.8,68.8
28753,24512.45,68.7
28754,24514.1,68.6
28755,24515.75,68.5
28756,24517.4,68.4
28757,24519.05,68.3
28758,24520.7,68.2
28759,24522.35,68.1
28760,24524,68
28761,24525.55,67.95
28762,24527.1,67.9
28763,24528.65,67.85
28764,24530.2,67.8
28765,24531.75,67.75
28766,24533.3,67.7
28767,24534.85,67.65
28768,24536.4,67.6
28769,24537.95,67.55
28770,24539.5,67.5
28771,24541.05,67.45
28772,24542.6,67.4
28773,24544.15,67.35
28774,24545.7,67.3
28775,24547.25,67.25
28776,24548.8,67.2
28777,24550.35,67.15
28778,24551.9,67.1
28779,24553.45,67.05
28780,24555,67
28781,24556.45,67.05
28782,24557.9,67.1
28783,24559.35,67.15
28784,24560.8,67.2
28785,24562.25,67.25
28786,24563.7,67.3
28787,24565.15,67.35
28788,24566.6,67.4
28789,24568.05,67.45
28790,24569.5,67.5
28791,24570.95,67.55
28792,24572.4,67.6
28793,24573.85,67.65
28794,24575.3,67.7
28795,24576.75,67.75
28796,24578.2,67.8
28797,24579.65,67.85
28798,24581.1,67.9
28799,24582.55,67.95
28800,24584,68
28801,24585.3,68
28802,24586.6,68
28803,24587.9,68
28804,24589.2,68
28805,24590.5,68
28806,24591.8,68
28807,24593.1,68
28808,24594.4,68
28809,24595.7,68
28810,24597,68
28811,24598.3,68
28812,24599.6,68
28813,24600.9,68
28814,24602.2,68
28815,24603.5,68
28816,24604.8,68
28817,24606.1,68
28818,24607.4,68
28819,24608.7,68
28820,24610,68
28821,24611.05,67.95
28822,24612.1,67.9
28823,24613.15,67.85
28824,24614.2,67.8
28825,24615.25,67.75
28826,24616.3,67.7
28827,24617.35,67.65
28828,24618.4,67.6
28829,24619.45,67.55
28830,24620.5,67.5
28831,24621.55,67.45
28832,24622.6,67.4
28833,24623.65,67.35
28834,24624.7,67.3
28835,24625.75,67.25
28836,24626.8,67.2
28837,24627.85,67.15
28838,24628.9,67.1
28839,24629.95,67.05
28840,24631,67
28841,24631.85,66.9
28842,24632.7,66.8
28843,24633.55,66.7
28844,24634.4,66.6
28845,24635.25,66.5
28846,24636.1,66.4
28847,24636.95,66.3
28848,24637.8,66.2
28849,24638.65,66.1
28850,24639.5,66
28851,24640.35,65.9
28852,24641.2,65.8
28853,24642.05,65.7
28854,24642.9,65.6
28855,24643.75,65.5
28856,24644.6,65.4
28857,24645.45,65.3
28858,24646.3,65.2
28859,24647.15,65.1
28860,24648,65
28861,24648.65,64.9
28862,24649.3,64.8
28863,24649.95,64.7
28864,24650.6,64.6
28865,24651.25,64.5
28866,24651.9,64.4
28867,24652.55,64.3
28868,24653.2,64.2
28869,24653.85,64.1
28870,24654.5,64
28871,24655.15,63.9
28872,24655.8,63.8
28873,24656.45,63.7
28874,24657.1,63.6
28875,24657.75,63.5
28876,24658.4,63.4
28877,24659.05,63.3
28878,24659.7,63.2
28879,24660.35,63.1
28880,24661,63
28881,24661.5,62.95
28882,24662,62.9
28883,24662.5,62.85
28884,24663,62.8
28885,24663.5,62.75
28886,24664,62.7
28887,24664.5,62.65
28888,24665,62.6
28889,24665.5,62.55
28890,24666,62.5
28891,24666.5,62.45
28892,24667,62.4
28893,24667.5,62.35
28894,24668,62.3
28895,24668.5,62.25
28896,24669,62.2
28897,24669.5,62.15
28898,24670,62.1
28899,24670.5,62.05
28900,24671,62
28901,24671.5,61.9
28902,24672,61.8
28903,24672.5,61.7
28904,24673,61.6
28905,24673.5,61.5
28906,24674,61.4
28907,24674.5,61.3
28908,24675,61.2
28909,24675.5,61.1
28910,24676,61
28911,24676.5,60.9
28912,24677,60.8
28913,24677.5,60.7
28914,24678,60.6
28915,24678.5,60.5
28916,24679,60.4
28917,24679.5,60.3
28918,24680,60.2
28919,24680.5,60.1
28920,24681,60
28921,24681.45,60
28922,24681.9,60
28923,24682.35,60
28924,24682.8,60
28925,24683.25,60
28926,24683.7,60
28927,24684.15,60
28928,24684.6,60
28929,24685.05,60
28930,24685.5,60
28931,24685.95,60
28932,24686.4,60
28933,24686.85,60
28934,24687.3,60
28935,24687.75,60
28936,24688.2,60
28937,24688.65,60
28938,24689.1,60
28939,24689.55,60
28940,24690,60
28941,24690.5,60.05
28942,24691,60.1
28943,24691.5,60.15
28944,24692,60.2
28945,24692.5,60.25
28946,24693,60.3
28947,24693.5,60.35
28948,24694,60.4
28949,24694.5,60.45
28950,24695,60.5
28951,24695.5,60.55
28952,24696,60.6
28953,24696.5,60.65
28954,24697,60.7
28955,24697.5,60.75
28956,24698,60.8
28957,24698.5,60.85
28958,24699,60.9
28959,24699.5,60.95
28960,24700,61
28961,24700.55,61.05
28962,24701.1,61.1
28963,24701.65,61.15
28964,24702.2,61.2
28965,24702.75,61.25
28966,24703.3,61.3
28967,24703.85,61.35
28968,24704.4,61.4
28969,24704.95,61.45
28970,24705.5,61.5
28971,24706.05,61.55
28972,24706.6,61.6
28973,24707.15,61.65
28974,24707.7,61.7
28975,24708.25,61.75
28976,24708.8,61.8
28977,24709.35,61.85
28978,24709.9,61.9
28979,24710.45,61.95
28980,24711,62
28981,24711.6,62
28982,24712.2,62
28983,24712.8,62
28984,24713.4,62
28985,24714,62
28986,24714.6,62
28987,24715.2,62
28988,24715.8,62
28989,24716.4,62
28990,24717,62
28991,24717.6,62
28992,24718.2,62
28993,24718.8,62
28994,24719.4,62
28995,24720,62
28996,24720.6,62
28997,24721.2,62
28998,24721.8,62
28999,24722.4,62
29000,24723,62
29001,24723.65,62.05
29002,24724.3,62.1
29003,24724.95,62.15
29004,24725.6,62.2
29005,24726.25,62.25
29006,24726.9,62.3
29007,24727.55,62.35
29008,24728.2,62.4
29009,24728.85,62.45
29010,24729.5,62.5
29011,24730.15,62.55
29012,24730.8,62.6
29013,24731.45,62.65
29014,24732.1,62.7
29015,24732.75,62.75
29016,24733.4,62.8
29017,24734.05,62.85
29018,24734.7,62.9
29019,24735.35,62.95
29020,24736,63
29021,24736.65,63.05
29022,24737.3,63.1
29023,24737.95,63.15
29024,24738.6,63.2
29025,24739.25,63.25
29026,24739.9,63.3
29027,24740.55,63.35
29028,24741.2,63.4
29029,24741.85,63.45
29030,24742.5,63.5
29031,24743.15,63.55
29032,24743.8,63.6
29033,24744.45,63.65
29034,24745.1,63.7
29035,24745.75,63.75
29036,24746.4,63.8
29037,24747.05,63.85
29038,24747.7,63.9
29039,24748.35,63.95
29040,24749,64
29041,24749.7,64
29042,24750.4,64
29043,24751.1,64
29044,24751.8,64
29045,24752.5,64
29046,24753.2,64
29047,24753.9,64
29048,24754.6,64
29049,24755.3,64
29050,24756,64
29051,24756.7,64
29052,24757.4,64
29053,24758.1,64
29054,24758.8,64
29055,24759.5,64
29056,24760.2,64
29057,24760.9,64
29058,24761.6,64
29059,24762.3,64
29060,24763,64
29061,24763.85,64.15
29062,24764.7,64.3
29063,24765.55,64.45
29064,24766.4,64.6
29065,24767.25,64.75
29066,24768.1,64.9
29067,24768.95,65.05
29068,24769.8,65.2
29069,24770.65,65.35
29070,24771.5,65.5
29071,24772.35,65.65
29072,24773.2,65.8
29073,24774.05,65.95
29074,24774.9,66.1
29075,24775.75,66.25
29076,24776.6,66.4
29077,24777.45,66.55
29078,24778.3,66.7
29079,24779.15,66.85
29080,24780,67
29081,24781.25,67.2
29082,24782.5,67.4
29083,24783.75,67.6
29084,24785,67.8
29085,24786.25,68
29086,24787.5,68.2
29087,24788.75,68.4
29088,24790,68.6
29089,24791.25,68.8
29090,24792.5,69
29091,24793.75,69.2
29092,24795,69.4
29093,24796.25,69.6
29094,24797.5,69.8
29095,24798.75,70
29096,24800,70.2
29097,24801.25,70.4
29098,24802.5,70.6
29099,24803.75,70.8
29100,24805,71
29101,24806.7,71.25
29102,24808.4,71.5
29103,24810.1,71.75
29104,24811.8,72
29105,24813.5,72.25
29106,24815.2,72.5
29107,24816.9,72.75
29108,24818.6,73
29109,24820.3,73.25
29110,24822,73.5
29111,24823.7,73.75
29112,24825.4,74
29113,24827.1,74.25
29114,24828.8,74.5
29115,24830.5,74.75
29116,24832.2,75
29117,24833.9,75.25
29118,24835.6,75.5
29119,24837.3,75.75
29120,24839,76
29121,24841.05,76.2
29122,24843.1,76.4
29123,24845.15,76.6
29124,24847.2,76.8
29125,24849.25,77
29126,24851.3,77.2
29127,24853.35,77.4
29128,24855.4,77.6
29129,24857.45,77.8
29130,24859.5,78
29131,24861.55,78.2
29132,24863.6,78.4
29133,24865.65,78.6
29134,24867.7,78.8
29135,24869.75,79
29136,24871.8,79.2
29137,24873.85,79.4
29138,24875.9,79.6
29139,24877.95,79.8
29140,24880,80
29141,24882.3,80.25
29142,24884.6,80.5
29143,24886.9,80.75
29144,24889.2,81
29145,24891.5,81.25
29146,24893.8,81.5
29147,24896.1,81.75
29148,24898.4,82
29149,24900.7,82.25
29150,24903,82.5
29151,24905.3,82.75
29152,24907.6,83
29153,24909.9,83.25
29154,24912.2,83.5
29155,24914.5,83.75
29156,24916.8,84
29157,24919.1,84.25
29158,24921.4,84.5
29159,24923.7,84.75
29160,24926,85
29161,24928.55,85.15
29162,24931.1,85.3
29163,24933.65,85.45
29164,24936.2,85.6
29165,24938.75,85.75
29166,24941.3,85.9
29167,24943.85,86.05
29168,24946.4,86.2
29169,24948.95,86.35
29170,24951.5,86.5
29171,24954.05,86.65
29172,24956.6,86.8
29173,24959.15,86.95
29174,24961.7,87.1
29175,24964.25,87.25
29176,24966.8,87.4
29177,24969.35,87.55
29178,24971.9,87.7
29179,24974.45,87.85
29180,24977,88
29181,24979.6,88
29182,24982.2,88
29183,24984.8,88
29184,24987.4,88
29185,24990,88
29186,24992.6,88
29187,24995.2,88
29188,24997.8,88
29189,25000.4,88
29190,25003,88
29191,25005.6,88
29192,25008.2,88
29193,25010.8,88
29194,25013.4,88
29195,25016,88
29196,25018.6,88
29197,25021.2,88
29198,25023.8,88
29199,25026.4,88
29200,25029,88
29201,25031.65,87.85
29202,25034.3,87.7
29203,25036.95,87.55
29204,25039.6,87.4
29205,25042.25,87.25
29206,25044.9,87.1
29207,25047.55,86.95
29208,25050.2,86.8
29209,25052.85,86.65
29210,25055.5,86.5
29211,25058.15,86.35
29212,25060.8,86.2
29213,25063.45,86.05
29214,25066.1,85.9
29215,25068.75,85.75
29216,25071.4,85.6
29217,25074.05,85.45
29218,25076.7,85.3
29219,25079.35,85.15
29220,25082,85
29221,25084.5,84.65
29222,25087,84.3
29223,25089.5,83.95
29224,25092,83.6
29225,25094.5,83.25
29226,25097,82.9
29227,25099.5,82.55
29228,25102,82.2
29229,25104.5,81.85
29230,25107,81.5
29231,25109.5,81.15
29232,25112,80.8
29233,25114.5,80.45
29234,25117,80.1
29235,25119.5,79.75
29236,25122,79.4
29237,25124.5,79.05
29238,25127,78.7
29239,25129.5,78.35
29240,25132,78
29241,25134.2,77.7
29242,25136.4,77.4
29243,25138.6,77.1
29244,25140.8,76.8
29245,25143,76.5
29246,25145.2,76.2
29247,25147.4,75.9
29248,25149.6,75.6
29249,25151.8,75.3
29250,25154,75
29251,25156.2,74.7
29252,25158.4,74.4
29253,25160.6,74.1
29254,25162.8,73.8
29255,25165,73.5
29256,25167.2,73.2
29257,25169.4,72.9
29258,25171.6,72.6
29259,25173.8,72.3
29260,25176,72
29261,25177.75,71.75
29262,25179.5,71.5
29263,25181.25,71.25
29264,25183,71
29265,25184.75,70.75
29266,25186.5,70.5
29267,25188.25,70.25
29268,25190,70
29269,25191.75,69.75
29270,25193.5,69.5
29271,25195.25,69.25
29272,25197,69
29273,25198.75,68.75
29274,25200.5,68.5
29275,25202.25,68.25
29276,25204,68
29277,25205.75,67.75
29278,25207.5,67.5
29279,25209.25,67.25
29280,25211,67
29281,25212.2,66.85
29282,25213.4,66.7
29283,25214.6,66.55
29284,25215.8,66.4
29285,25217,66.25
29286,25218.2,66.1
29287,25219.4,65.95
29288,25220.6,65.8
29289,25221.8,65.65
29290,25223,65.5
29291,25224.2,65.35
29292,25225.4,65.2
29293,25226.6,65.05
29294,25227.8,64.9
29295,25229,64.75
29296,25230.2,64.6
29297,25231.4,64.45
29298,25232.6,64.3
29299,25233.8,64.15
29300,25235,64
29301,25235.8,63.8
29302,25236.6,63.6
29303,25237.4,63.4
29304,25238.2,63.2
29305,25239,63
29306,25239.8,62.8
29307,25240.6,62.6
29308,25241.4,62.4
29309,25242.2,62.2
29310,25243,62
29311,25243.8,61.8
29312,25244.6,61.6
29313,25245.4,61.4
29314,25246.2,61.2
29315,25247,61
29316,25247.8,60.8
29317,25248.6,60.6
29318,25249.4,60.4
29319,25250.2,60.2
29320,25251,60
29321,25251.35,59.95
29322,25251.7,59.9
29323,25252.05,59.85
29324,25252.4,59.8
29325,25252.75,59.75
29326,25253.1,59.7
29327,25253.45,59.65
29328,25253.8,59.6
29329,25254.15,59.55
29330,25254.5,59.5
29331,25254.85,59.45
29332,25255.2,59.4
29333,25255.55,59.35
29334,25255.9,59.3
29335,25256.25,59.25
29336,25256.6,59.2
29337,25256.95,59.15
29338,25257.3,59.1
29339,25257.65,59.05
29340,25258,59
29341,25258.15,58.95
29342,25258.3,58.9
29343,25258.45,58.85
29344,25258.6,58.8
29345,25258.75,58.75
29346,25258.9,58.7
29347,25259.05,58.65
29348,25259.2,58.6
29349,25259.35,58.55
29350,25259.5,58.5
29351,25259.65,58.45
29352,25259.8,58.4
29353,25259.95,58.35
29354,25260.1,58.3
29355,25260.25,58.25
29356,25260.4,58.2
29357,25260.55,58.15
29358,25260.7,58.1
29359,25260.85,58.05
29360,25261,58
29361,25260.9,58.1
29362,25260.8,58.2
29363,25260.7,58.3
29364,25260.6,58.4
29365,25260.5,58.5
29366,25260.4,58.6
29367,25260.3,58.7
29368,25260.2,58.8
29369,25260.1,58.9
29370,25260,59
29371,25259.9,59.1
29372,25259.8,59.2
29373,25259.7,59.3
29374,25259.6,59.4
29375,25259.5,59.5
29376,25259.4,59.6
29377,25259.3,59.7
29378,25259.2,59.8
29379,25259.1,59.9
29380,25259,60
29381,25258.8,60.05
29382,25258.6,60.1
29383,25258.4,60.15
29384,25258.2,60.2
29385,25258,60.25
29386,25257.8,60.3
29387,25257.6,60.35
29388,25257.4,60.4
29389,25257.2,60.45
29390,25257,60.5
29391,25256.8,60.55
29392,25256.6,60.6
29393,25256.4,60.65
29394,25256.2,60.7
29395,25256,60.75
29396,25255.8,60.8
29397,25255.6,60.85
29398,25255.4,60.9
29399,25255.2,60.95
29400,25255,61
29401,25254.85,61.05
29402,25254.7,61.1
29403,25254.55,61.15
29404,25254.4,61.2
29405,25254.25,61.25
29406,25254.1,61.3
29407,25253.95,61.35
29408,25253.8,61.4
29409,25253.65,61.45
29410,25253.5,61.5
29411,25253.35,61.55
29412,25253.2,61.6
29413,25253.05,61.65
29414,25252.9,61.7
29415,25252.75,61.75
29416,25252.6,61.8
29417,25252.45,61.85
29418,25252.3,61.9
29419,25252.15,61.95
29420,25252,62
29421,25251.95,61.95
29422,25251.9,61.9
29423,25251.85,61.85
29424,25251.8,61.8
29425,25251.75,61.75
29426,25251.7,61.7
29427,25251.65,61.65
29428,25251.6,61.6
29429,25251.55,61.55
29430,25251.5,61.5
29431,25251.45,61.45
29432,25251.4,61.4
29433,25251.35,61.35
29434,25251.3,61.3
29435,25251.25,61.25
29436,25251.2,61.2
29437,25251.15,61.15
29438,25251.1,61.1
29439,25251.05,61.05
29440,25251,61
29441,25251.05,60.95
29442,25251.1,60.9
29443,25251.15,60.85
29444,25251.2,60.8
29445,25251.25,60.75
29446,25251.3,60.7
29447,25251.35,60.65
29448,25251.4,60.6
29449,25251.45,60.55
29450,25251.5,60.5
29451,25251.55,60.45
29452,25251.6,60.4
29453,25251.65,60.35
29454,25251.7,60.3
29455,25251.75,60.25
29456,25251.8,60.2
29457,25251.85,60.15
29458,25251.9,60.1
29459,25251.95,60.05
29460,25252,60
29461,25252.15,59.9
29462,25252.3,59.8
29463,25252.45,59.7
29464,25252.6,59.6
29465,25252.75,59.5
29466,25252.9,59.4
29467,25253.05,59.3
29468,25253.2,59.2
29469,25253.35,59.1
29470,25253.5,59
29471,25253.65,58.9
29472,25253.8,58.8
29473,25253.95,58.7
29474,25254.1,58.6
29475,25254.25,58.5
29476,25254.4,58.4
29477,25254.55,58.3
29478,25254.7,58.2
29479,25254.85,58.1
29480,25255,58
29481,25255.2,57.95
29482,25255.4,57.9
29483,25255.6,57.85
29484,25255.8,57.8
29485,25256,57.75
29486,25256.2,57.7
29487,25256.4,57.65
29488,25256.6,57.6
29489,25256.8,57.55
29490,25257,57.5
29491,25257.2,57.45
29492,25257.4,57.4
29493,25257.6,57.35
29494,25257.8,57.3
29495,25258,57.25
29496,25258.2,57.2
29497,25258.4,57.15
29498,25258.6,57.1
29499,25258.8,57.05
29500,25259,57
29501,25259.25,57.05
29502,25259.5,57.1
29503,25259.75,57.15
29504,25260,57.2
29505,25260.25,57.25
29506,25260.5,57.3
29507,25260.75,57.35
29508,25261,57.4
29509,25261.25,57.45
29510,25261.5,57.5
29511,25261.75,57.55
29512,25262,57.6
29513,25262.25,57.65
29514,25262.5,57.7
29515,25262.75,57.75
29516,25263,57.8
29517,25263.25,57.85
29518,25263.5,57.9
29519,25263.75,57.95
29520,25264,58
29521,25264.25,58
29522,25264.5,58
29523,25264.75,58
29524,25265,58
29525,25265.25,58
29526,25265.5,58
29527,25265.75,58
29528,25266,58
29529,25266.25,58
29530,25266.5,58
29531,25266.75,58
29532,25267,58
29533,25267.25,58
29534,25267.5,58
29535,25267.75,58
29536,25268,58
29537,25268.25,58
29538,25268.5,58
29539,25268.75,58
29540,25269,58
29541,25269.25,58
29542,25269.5,58
29543,25269.75,58
29544,25270,58
29545,25270.25,58
29546,25270.5,58
29547,25270.75,58
29548,25271,58
29549,25271.25,58
29550,25271.5,58
29551,25271.75,58
29552,25272,58
29553,25272.25,58
29554,25272.5,58
29555,25272.75,58
29556,25273,58
29557,25273.25,58
29558,25273.5,58
29559,25273.75,58
29560,25274,58
29561,25274.3,58
29562,25274.6,58
29563,25274.9,58
29564,25275.2,58
29565,25275.5,58
29566,25275.8,58
29567,25276.1,58
29568,25276.4,58
29569,25276.7,58
29570,25277,58
29571,25277.3,58
29572,25277.6,58
29573,25277.9,58
29574,25278.2,58
29575,25278.5,58
29576,25278.8,58
29577,25279.1,58
29578,25279.4,58
29579,25279.7,58
29580,25280,58
29581,25280.25,58.05
29582,25280.5,58.1
29583,25280.75,58.15
29584,25281,58.2
29585,25281.25,58.25
29586,25281.5,58.3
29587,25281.75,58.35
29588,25282,58.4
29589,25282.25,58.45
29590,25282.5,58.5
29591,25282.75,58.55
29592,25283,58.6
29593,25283.25,58.65
29594,25283.5,58.7
29595,25283.75,58.75
29596,25284,58.8
29597,25284.25,58.85
29598,25284.5,58.9
29599,25284.75,58.95
29600,25285,59
29601,25285.25,59
29602,25285.5,59
29603,25285.75,59
29604,25286,59
29605,25286.25,59
29606,25286.5,59
29607,25286.75,59
29608,25287,59
29609,25287.25,59
29610,25287.5,59
29611,25287.75,59
29612,25288,59
29613,25288.25,59
29614,25288.5,59
29615,25288.75,59
29616,25289,59
29617,25289.25,59
29618,25289.5,59
29619,25289.75,59
29620,25290,59
29621,25290.3,59.05
29622,25290.6,59.1
29623,25290.9,59.15
29624,25291.2,59.2
29625,25291.5,59.25
29626,25291.8,59.3
29627,25292.1,59.35
29628,25292.4,59.4
29629,25292.7,59.45
29630,25293,59.5
29631,25293.3,59.55
29632,25293.6,59.6
29633,25293.9,59.65
29634,25294.2,59.7
29635,25294.5,59.75
29636,25294.8,59.8
29637,25295.1,59.85
29638,25295.4,59.9
29639,25295.7,59.95
29640,25296,60
29641,25296.3,60
29642,25296.6,60
29643,25296.9,60
29644,25297.2,60
29645,25297.5,60
29646,25297.8,60
29647,25298.1,60
29648,25298.4,60
29649,25298.7,60
29650,25299,60
29651,25299.3,60
29652,25299.6,60
29653,25299.9,60
29654,25300.2,60
29655,25300.5,60
29656,25300.8,60
29657,25301.1,60
29658,25301.4,60
29659,25301.7,60
29660,25302,60
29661,25302.4,60.05
29662,25302.8,60.1
29663,25303.2,60.15
29664,25303.6,60.2
29665,25304,60.25
29666,25304.4,60.3
29667,25304.8,60.35
29668,25305.2,60.4
29669,25305.6,60.45
29670,25306,60.5
29671,25306.4,60.55
29672,25306.8,60.6
29673,25307.2,60.65
29674,25307.6,60.7
29675,25308,60.75
29676,25308.4,60.8
29677,25308.8,60.85
29678,25309.2,60.9
29679,25309.6,60.95
29680,25310,61
29681,25310.35,61
29682,25310.7,61
29683,25311.05,61
29684,25311.4,61
29685,25311.75,61
29686,25312.1,61
29687,25312.45,61
29688,25312.8,61
29689,25313.15,61
29690,25313.5,61
29691,25313.85,61
29692,25314.2,61
29693,25314.55,61
29694,25314.9,61
29695,25315.25,61
29696,25315.6,61
29697,25315.95,61
29698,25316.3,61
29699,25316.65,61
29700,25317,61
29701,25317.35,61
29702,25317.7,61
29703,25318.05,61
29704,25318.4,61
29705,25318.75,61
29706,25319.1,61
29707,25319.45,61
29708,25319.8,61
29709,25320.15,61
29710,25320.5,61
29711,25320.85,61
29712,25321.2,61
29713,25321.55,61
29714,25321.9,61
29715,25322.25,61
29716,25322.6,61
29717,25322.95,61
29718,25323.3,61
29719,25323.65,61
29720,25324,61
29721,25324.35,60.95
29722,25324.7,60.9
29723,25325.05,60.85
29724,25325.4,60.8
29725,25325.75,60.75
29726,25326.1,60.7
29727,25326.45,60.65
29728,25326.8,60.6
29729,25327.15,60.55
29730,25327.5,60.5
29731,25327.85,60.45
29732,25328.2,60.4
29733,25328.55,60.35
29734,25328.9,60.3
29735,25329.25,60.25
29736,25329.6,60.2
29737,25329.95,60.15
29738,25330.3,60.1
29739,25330.65,60.05
29740,25331,60
29741,25331.35,60
29742,25331.7,60
29743,25332.05,60
29744,25332.4,60
29745,25332.75,60
29746,25333.1,60
29747,25333.45,60
29748,25333.8,60
29749,25334.15,60
29750,25334.5,60
29751,25334.85,60
29752,25335.2,60
29753,25335.55,60
29754,25335.9,60
29755,25336.25,60
29756,25336.6,60
29757,25336.95,60
29758,25337.3,60
29759,25337.65,60
29760,25338,60
29761,25338.45,60
29762,25338.9,60
29763,25339.35,60
29764,25339.8,60
29765,25340.25,60
29766,25340.7,60
29767,25341.15,60
29768,25341.6,60
29769,25342.05,60
29770,25342.5,60
29771,25342.95,60
29772,25343.4,60
29773,25343.85,60
29774,25344.3,60
29775,25344.75,60
29776,25345.2,60
29777,25345.65,60
29778,25346.1,60
29779,25346.55,60
29780,25347,60
29781,25347.5,60.05
29782,25348,60.1
29783,25348.5,60.15
29784,25349,60.2
29785,25349.5,60.25
29786,25350,60.3
29787,25350.5,60.35
29788,25351,60.4
29789,25351.5,60.45
29790,25352,60.5
29791,25352.5,60.55
29792,25353,60.6
29793,25353.5,60.65
29794,25354,60.7
29795,25354.5,60.75
29796,25355,60.8
29797,25355.5,60.85
29798,25356,60.9
29799,25356.5,60.95
29800,25357,61
29801,25357.7,61.1
29802,25358.4,61.2
29803,25359.1,61.3
29804,25359.8,61.4
29805,25360.5,61.5
29806,25361.2,61.6
29807,25361.9,61.7
29808,25362.6,61.8
29809,25363.3,61.9
29810,25364,62
29811,25364.7,62.1
29812,25365.4,62.2
29813,25366.1,62.3
29814,25366.8,62.4
29815,25367.5,62.5
29816,25368.2,62.6
29817,25368.9,62.7
29818,25369.6,62.8
29819,25370.3,62.9
29820,25371,63
29821,25371.85,63.1
29822,25372.7,63.2
29823,25373.55,63.3
29824,25374.4,63.4
29825,25375.25,63.5
29826,25376.1,63.6
29827,25376.95,63.7
29828,25377.8,63.8
29829,25378.65,63.9
29830,25379.5,64
29831,25380.35,64.1
29832,25381.2,64.2
29833,25382.05,64.3
29834,25382.9,64.4
29835,25383.75,64.5
29836,25384.6,64.6
29837,25385.45,64.7
29838,25386.3,64.8
29839,25387.15,64.9
29840,25388,65
29841,25389.05,65.2
29842,25390.1,65.4
29843,25391.15,65.6
29844,25392.2,65.8
29845,25393.25,66
29846,25394.3,66.2
29847,25395.35,66.4
29848,25396.4,66.6
29849,25397.45,66.8
29850,25398.5,67
29851,25399.55,67.2
29852,25400.6,67.4
29853,25401.65,67.6
29854,25402.7,67.8
29855,25403.75,68
29856,25404.8,68.2
29857,25405.85,68.4
29858,25406.9,68.6
29859,25407.95,68.8
29860,25409,69
29861,25410.25,69.2
29862,25411.5,69.4
29863,25412.75,69.6
29864,25414,69.8
29865,25415.25,70
29866,25416.5,70.2
29867,25417.75,70.4
29868,25419,70.6
29869,25420.25,70.8
29870,25421.5,71
29871,25422.75,71.2
29872,25424,71.4
29873,25425.25,71.6
29874,25426.5,71.8
29875,25427.75,72
29876,25429,72.2
29877,25430.25,72.4
29878,25431.5,72.6
29879,25432.75,72.8
29880,25434,73
29881,25435.5,73.2
29882,25437,73.4
29883,25438.5,73.6
29884,25440,73.8
29885,25441.5,74
29886,25443,74.2
29887,25444.5,74.4
29888,25446,74.6
29889,25447.5,74.8
29890,25449,75
29891,25450.5,75.2
29892,25452,75.4
29893,25453.5,75.6
29894,25455,75.8
29895,25456.5,76
29896,25458,76.2
29897,25459.5,76.4
29898,25461,76.6
29899,25462.5,76.8
29900,25464,77
29901,25465.65,77.15
29902,25467.3,77.3
29903,25468.95,77.45
29904,25470.6,77.6
29905,25472.25,77.75
29906,25473.9,77.9
29907,25475.55,78.05
29908,25477.2,78.2
29909,25478.85,78.35
29910,25480.5,78.5
29911,25482.15,78.65
29912,25483.8,78.8
29913,25485.45,78.95
29914,25487.1,79.1
29915,25488.75,79.25
29916,25490.4,79.4
29917,25492.05,79.55
29918,25493.7,79.7
29919,25495.35,79.85
29920,25497,80
29921,25498.9,80.2
29922,25500.8,80.4
29923,25502.7,80.6
29924,25504.6,80.8
29925,25506.5,81
29926,25508.4,81.2
29927,25510.3,81.4
29928,25512.2,81.6
29929,25514.1,81.8
29930,25516,82
29931,25517.9,82.2
29932,25519.8,82.4
29933,25521.7,82.6
29934,25523.6,82.8
29935,25525.5,83
29936,25527.4,83.2
29937,25529.3,83.4
29938,25531.2,83.6
29939,25533.1,83.8
29940,25535,84
29941,25537,84.15
29942,25539,84.3
29943,25541,84.45
29944,25543,84.6
29945,25545,84.75
29946,25547,84.9
29947,25549,85.05
29948,25551,85.2
29949,25553,85.35
29950,25555,85.5
29951,25557,85.65
29952,25559,85.8
29953,25561,85.95
29954,25563,86.1
29955,25565,86.25
29956,25567,86.4
29957,25569,86.55
29958,25571,86.7
29959,25573,86.85
29960,25575,87
29961,25577.2,87.15
29962,25579.4,87.3
29963,25581.6,87.45
29964,25583.8,87.6
29965,25586,87.75
29966,25588.2,87.9
29967,25590.4,88.05
29968,25592.6,88.2
29969,25594.8,88.35
29970,25597,88.5
29971,25599.2,88.65
29972,25601.4,88.8
29973,25603.6,88.95
29974,25605.8,89.1
29975,25608,89.25
29976,25610.2,89.4
29977,25612.4,89.55
29978,25614.6,89.7
29979,25616.8,89.85
29980,25619,90
29981,25621.25,90.1
29982,25623.5,90.2
29983,25625.75,90.3
29984,25628,90.4
29985,25630.25,90.5
29986,25632.5,90.6
29987,25634.75,90.7
29988,25637,90.8
29989,25639.25,90.9
29990,25641.5,91
29991,25643.75,91.1
29992,25646,91.2
29993,25648.25,91.3
29994,25650.5,91.4
29995,25652.75,91.5
29996,25655,91.6
29997,25657.25,91.7
29998,25659.5,91.8
29999,25661.75,91.9
30000,25664,92
30001,25666.35,92.1
30002,25668.7,92.2
30003,25671.05,92.3
30004,25673.4,92.4
30005,25675.75,92.5
30006,25678.1,92.6
30007,25680.45,92.7
30008,25682.8,92.8
30009,25685.15,92.9
30010,25687.5,93
30011,25689.85,93.1
30012,25692.2,93.2
30013,25694.55,93.3
30014,25696.9,93.4
30015,25699.25,93.5
30016,25701.6,93.6
30017,25703.95,93.7
30018,25706.3,93.8
30019,25708.65,93.9
30020,25711,94
30021,25713.45,93.95
30022,25715.9,93.9
30023,25718.35,93.85
30024,25720.8,93.8
30025,25723.25,93.75
30026,25725.7,93.7
30027,25728.15,93.65
30028,25730.6,93.6
30029,25733.05,93.55
30030,25735.5,93.5
30031,25737.95,93.45
30032,25740.4,93.4
30033,25742.85,93.35
30034,25745.3,93.3
30035,25747.75,93.25
30036,25750.2,93.2
30037,25752.65,93.15
30038,25755.1,93.1
30039,25757.55,93.05
30040,25760,93
30041,25762.45,92.95
30042,25764.9,92.9
30043,25767.35,92.85
30044,25769.8,92.8
30045,25772.25,92.75
30046,25774.7,92.7
30047,25777.15,92.65
30048,25779.6,92.6
30049,25782.05,92.55
30050,25784.5,92.5
30051,25786.95,92.45
30052,25789.4,92.4
30053,25791.85,92.35
30054,25794.3,92.3
30055,25796.75,92.25
30056,25799.2,92.2
30057,25801.65,92.15
30058,25804.1,92.1
30059,25806.55,92.05
30060,25809,92
30061,25811.3,91.85
30062,25813.6,91.7
30063,25815.9,91.55
30064,25818.2,91.4
30065,25820.5,91.25
30066,25822.8,91.1
30067,25825.1,90.95
30068,25827.4,90.8
30069,25829.7,90.65
30070,25832,90.5
30071,25834.3,90.35
30072,25836.6,90.2
30073,25838.9,90.05
30074,25841.2,89.9
30075,25843.5,89.75
30076,25845.8,89.6
30077,25848.1,89.45
30078,25850.4,89.3
30079,25852.7,89.15
30080,25855,89
30081,25857.2,88.8
30082,25859.4,88.6
30083,25861.6,88.4
30084,25863.8,88.2
30085,25866,88
30086,25868.2,87.8
30087,25870.4,87.6
30088,25872.6,87.4
30089,25874.8,87.2
30090,25877,87
30091,25879.2,86.8
30092,25881.4,86.6
30093,25883.6,86.4
30094,25885.8,86.2
30095,25888,86
30096,25890.2,85.8
30097,25892.4,85.6
30098,25894.6,85.4
30099,25896.8,85.2
30100,25899,85
30101,25900.85,84.75
30102,25902.7,84.5
30103,25904.55,84.25
30104,25906.4,84
30105,25908.25,83.75
30106,25910.1,83.5
30107,25911.95,83.25
30108,25913.8,83
30109,25915.65,82.75
30110,25917.5,82.5
30111,25919.35,82.25
30112,25921.2,82
30113,25923.05,81.75
30114,25924.9,81.5
30115,25926.75,81.25
30116,25928.6,81
30117,25930.45,80.75
30118,25932.3,80.5
30119,25934.15,80.25
30120,25936,80
30121,25937.55,79.75
30122,25939.1,79.5
30123,25940.65,79.25
30124,25942.2,79
30125,25943.75,78.75
30126,25945.3,78.5
30127,25946.85,78.25
30128,25948.4,78
30129,25949.95,77.75
30130,25951.5,77.5
30131,25953.05,77.25
30132,25954.6,77
30133,25956.15,76.75
30134,25957.7,76.5
30135,25959.25,76.25
30136,25960.8,76
30137,25962.35,75.75
30138,25963.9,75.5
30139,25965.45,75.25
30140,25967,75
30141,25968.3,74.85
30142,25969.6,74.7
30143,25970.9,74.55
30144,25972.2,74.4
30145,25973.5,74.25
30146,25974.8,74.1
30147,25976.1,73.95
30148,25977.4,73.8
30149,25978.7,73.65
30150,25980,73.5
30151,25981.3,73.35
30152,25982.6,73.2
30153,25983.9,73.05
30154,25985.2,72.9
30155,25986.5,72.75
30156,25987.8,72.6
30157,25989.1,72.45
30158,25990.4,72.3
30159,25991.7,72.15
30160,25993,72
30161,25994,71.9
30162,25995,71.8
30163,25996,71.7
30164,25997,71.6
30165,25998,71.5
30166,25999,71.4
30167,26000,71.3
30168,26001,71.2
30169,26002,71.1
30170,26003,71
30171,26004,70.9
30172,26005,70.8
30173,26006,70.7
30174,26007,70.6
30175,26008,70.5
30176,26009,70.4
30177,26010,70.3
30178,26011,70.2
30179,26012,70.1
30180,26013,70
30181,26013.85,69.95
30182,26014.7,69.9
30183,26015.55,69.85
30184,26016.4,69.8
30185,26017.25,69.75
30186,26018.1,69.7
30187,26018.95,69.65
30188,26019.8,69.6
30189,26020.65,69.55
30190,26021.5,69.5
30191,26022.35,69.45
30192,26023.2,69.4
30193,26024.05,69.35
30194,26024.9,69.3
30195,26025.75,69.25
30196,26026.6,69.2
30197,26027.45,69.15
30198,26028.3,69.1
30199,26029.15,69.05
30200,26030,69
30201,26030.8,69
30202,26031.6,69
30203,26032.4,69
30204,26033.2,69
30205,26034,69
30206,26034.8,69
30207,26035.6,69
30208,26036.4,69
30209,26037.2,69
30210,26038,69
30211,26038.8,69
30212,26039.6,69
30213,26040.4,69
30214,26041.2,69
30215,26042,69
30216,26042.8,69
30217,26043.6,69
30218,26044.4,69
30219,26045.2,69
30220,26046,69
30221,26046.8,69.05
30222,26047.6,69.1
30223,26048.4,69.15
30224,26049.2,69.2
30225,26050,69.25
30226,26050.8,69.3
30227,26051.6,69.35
30228,26052.4,69.4
30229,26053.2,69.45
30230,26054,69.5
30231,26054.8,69.55
30232,26055.6,69.6
30233,26056.4,69.65
30234,26057.2,69.7
30235,26058,69.75
30236,26058.8,69.8
30237,26059.6,69.85
30238,26060.4,69.9
30239,26061.2,69.95
30240,26062,70
30241,26062.85,70.05
30242,26063.7,70.1
30243,26064.55,70.15
30244,26065.4,70.2
30245,26066.25,70.25
30246,26067.1,70.3
30247,26067.95,70.35
30248,26068.8,70.4
30249,26069.65,70.45
30250,26070.5,70.5
30251,26071.35,70.55
30252,26072.2,70.6
30253,26073.05,70.65
30254,26073.9,70.7
30255,26074.75,70.75
30256,26075.6,70.8
30257,26076.45,70.85
30258,26077.3,70.9
30259,26078.15,70.95
30260,26079,71
30261,26080,71.1
30262,26081,71.2
30263,26082,71.3
30264,26083,71.4
30265,26084,71.5
30266,26085,71.6
30267,26086,71.7
30268,26087,71.8
30269,26088,71.9
30270,26089,72
30271,26090,72.1
30272,26091,72.2
30273,26092,72.3
30274,26093,72.4
30275,26094,72.5
30276,26095,72.6
30277,26096,72.7
30278,26097,72.8
30279,26098,72.9
30280,26099,73
30281,26100.1,73.05
30282,26101.2,73.1
30283,26102.3,73.15
30284,26103.4,73.2
30285,26104.5,73.25
30286,26105.6,73.3
30287,26106.7,73.35
30288,26107.8,73.4
30289,26108.9,73.45
30290,26110,73.5
30291,26111.1,73.55
30292,26112.2,73.6
30293,26113.3,73.65
30294,26114.4,73.7
30295,26115.5,73.75
30296,26116.6,73.8
30297,26117.7,73.85
30298,26118.8,73.9
30299,26119.9,73.95
30300,26121,74
30301,26122.3,74.1
30302,26123.6,74.2
30303,26124.9,74.3
30304,26126.2,74.4
30305,26127.5,74.5
30306,26128.8,74.6
30307,26130.1,74.7
30308,26131.4,74.8
30309,26132.7,74.9
30310,26134,75
30311,26135.3,75.1
30312,26136.6,75.2
30313,26137.9,75.3
30314,26139.2,75.4
30315,26140.5,75.5
30316,26141.8,75.6
30317,26143.1,75.7
30318,26144.4,75.8
30319,26145.7,75.9
30320,26147,76
30321,26148.45,76
30322,26149.9,76
30323,26151.35,76
30324,26152.8,76
30325,26154.25,76
30326,26155.7,76
30327,26157.15,76
30328,26158.6,76
30329,26160.05,76
30330,26161.5,76
30331,26162.95,76
30332,26164.4,76
30333,26165.85,76
30334,26167.3,76
30335,26168.75,76
30336,26170.2,76
30337,26171.65,76
30338,26173.1,76
30339,26174.55,76
30340,26176,76
30341,26177.5,75.95
30342,26179,75.9
30343,26180.5,75.85
30344,26182,75.8
30345,26183.5,75.75
30346,26185,75.7
30347,26186.5,75.65
30348,26188,75.6
30349,26189.5,75.55
30350,26191,75.5
30351,26192.5,75.45
30352,26194,75.4
30353,26195.5,75.35
30354,26197,75.3
30355,26198.5,75.25
30356,26200,75.2
30357,26201.5,75.15
30358,26203,75.1
30359,26204.5,75.05
30360,26206,75
30361,26207.45,74.95
30362,26208.9,74.9
30363,26210.35,74.85
30364,26211.8,74.8
30365,26213.25,74.75
30366,26214.7,74.7
30367,26216.15,74.65
30368,26217.6,74.6
30369,26219.05,74.55
30370,26220.5,74.5
30371,26221.95,74.45
30372,26223.4,74.4
30373,26224.85,74.35
30374,26226.3,74.3
30375,26227.75,74.25
30376,26229.2,74.2
30377,26230.65,74.15
30378,26232.1,74.1
30379,26233.55,74.05
30380,26235,74
30381,26236.4,73.9
30382,26237.8,73.8
30383,26239.2,73.7
30384,26240.6,73.6
30385,26242,73.5
30386,26243.4,73.4
30387,26244.8,73.3
30388,26246.2,73.2
30389,26247.6,73.1
30390,26249,73
30391,26250.4,72.9
30392,26251.8,72.8
30393,26253.2,72.7
30394,26254.6,72.6
30395,26256,72.5
30396,26257.4,72.4
30397,26258.8,72.3
30398,26260.2,72.2
30399,26261.6,72.1
30400,26263,72
30401,26264.2,71.9
30402,26265.4,71.8
30403,26266.6,71.7
30404,26267.8,71.6
30405,26269,71.5
30406,26270.2,71.4
30407,26271.4,71.3
30408,26272.6,71.2
30409,26273.8,71.1
30410,26275,71
30411,26276.2,70.9
30412,26277.4,70.8
30413,26278.6,70.7
30414,26279.8,70.6
30415,26281,70.5
30416,26282.2,70.4
30417,26283.4,70.3
30418,26284.6,70.2
30419,26285.8,70.1
30420,26287,70
30421,26287.95,69.9
30422,26288.9,69.8
30423,26289.85,69.7
30424,26290.8,69.6
30425,26291.75,69.5
30426,26292.7,69.4
30427,26293.65,69.3
30428,26294.6,69.2
30429,26295.55,69.1
30430,26296.5,69
30431,26297.45,68.9
30432,26298.4,68.8
30433,26299.35,68.7
30434,26300.3,68.6
30435,26301.25,68.5
30436,26302.2,68.4
30437,26303.15,68.3
30438,26304.1,68.2
30439,26305.05,68.1
30440,26306,68
30441,26306.75,67.95
30442,26307.5,67.9
30443,26308.25,67.85
30444,26309,67.8
30445,26309.75,67.75
30446,26310.5,67.7
30447,26311.25,67.65
30448,26312,67.6
30449,26312.75,67.55
30450,26313.5,67.5
30451,26314.25,67.45
30452,26315,67.4
30453,26315.75,67.35
30454,26316.5,67.3
30455,26317.25,67.25
30456,26318,67.2
30457,26318.75,67.15
30458,26319.5,67.1
30459,26320.25,67.05
30460,26321,67
30461,26321.4,67
30462,26321.8,67
30463,26322.2,67
30464,26322.6,67
30465,26323,67
30466,26323.4,67
30467,26323.8,67
30468,26324.2,67
30469,26324.6,67
30470,26325,67
30471,26325.4,67
30472,26325.8,67
30473,26326.2,67
30474,26326.6,67
30475,26327,67
30476,26327.4,67
30477,26327.8,67
30478,26328.2,67
30479,26328.6,67
30480,26329,67
30481,26329.15,66.95
30482,26329.3,66.9
30483,26329.45,66.85
30484,26329.6,66.8
30485,26329.75,66.75
30486,26329.9,66.7
30487,26330.05,66.65
30488,26330.2,66.6
30489,26330.35,66.55
30490,26330.5,66.5
30491,26330.65,66.45
30492,26330.8,66.4
30493,26330.95,66.35
30494,26331.1,66.3
30495,26331.25,66.25
30496,26331.4,66.2
30497,26331.55,66.15
30498,26331.7,66.1
30499,26331.85,66.05
30500,26332,66
30501,26332,66.05
30502,26332,66.1
30503,26332,66.15
30504,26332,66.2
30505,26332,66.25
30506,26332,66.3
30507,26332,66.35
30508,26332,66.4
30509,26332,66.45
30510,26332,66.5
30511,26332,66.55
30512,26332,66.6
30513,26332,66.65
30514,26332,66.7
30515,26332,66.75
30516,26332,66.8
30517,26332,66.85
30518,26332,66.9
30519,26332,66.95
30520,26332,67
30521,26331.8,67
30522,26331.6,67
30523,26331.4,67
30524,26331.2,67
30525,26331,67
30526,26330.8,67
30527,26330.6,67
30528,26330.4,67
30529,26330.2,67
30530,26330,67
30531,26329.8,67
30532,26329.6,67
30533,26329.4,67
30534,26329.2,67
30535,26329,67
30536,26328.8,67
30537,26328.6,67
30538,26328.4,67
30539,26328.2,67
30540,26328,67
30541,26327.75,67
30542,26327.5,67
30543,26327.25,67
30544,26327,67
30545,26326.75,67
30546,26326.5,67
30547,26326.25,67
30548,26326,67
30549,26325.75,67
30550,26325.5,67
30551,26325.25,67
30552,26325,67
30553,26324.75,67
30554,26324.5,67
30555,26324.25,67
30556,26324,67
30557,26323.75,67
30558,26323.5,67
30559,26323.25,67
30560,26323,67
30561,26322.65,67
30562,26322.3,67
30563,26321.95,67
30564,26321.6,67
30565,26321.25,67
30566,26320.9,67
30567,26320.55,67
30568,26320.2,67
30569,26319.85,67
30570,26319.5,67
30571,26319.15,67
30572,26318.8,67
30573,26318.45,67
30574,26318.1,67
30575,26317.75,67
30576,26317.4,67
30577,26317.05,67
30578,26316.7,67
30579,26316.35,67
30580,26316,67
30581,26315.65,67
30582,26315.3,67
30583,26314.95,67
30584,26314.6,67
30585,26314.25,67
30586,26313.9,67
30587,26313.55,67
30588,26313.2,67
30589,26312.85,67
30590,26312.5,67
30591,26312.15,67
30592,26311.8,67
30593,26311.45,67
30594,26311.1,67
30595,26310.75,67
30596,26310.4,67
30597,26310.05,67
30598,26309.7,67
30599,26309.35,67
30600,26309,67
30601,26308.7,66.95
30602,26308.4,66.9
30603,26308.1,66.85
30604,26307.8,66.8
30605,26307.5,66.75
30606,26307.2,66.7
30607,26306.9,66.65
30608,26306.6,66.6
30609,26306.3,66.55
30610,26306,66.5
30611,26305.7,66.45
30612,26305.4,66.4
30613,26305.1,66.35
30614,26304.8,66.3
30615,26304.5,66.25
30616,26304.2,66.2
30617,26303.9,66.15
30618,26303.6,66.1
30619,26303.3,66.05
30620,26303,66
30621,26302.75,65.95
30622,26302.5,65.9
30623,26302.25,65.85
30624,26302,65.8
30625,26301.75,65.75
30626,26301.5,65.7
30627,26301.25,65.65
30628,26301,65.6
30629,26300.75,65.55
30630,26300.5,65.5
30631,26300.25,65.45
30632,26300,65.4
30633,26299.75,65.35
30634,26299.5,65.3
30635,26299.25,65.25
30636,26299,65.2
30637,26298.75,65.15
30638,26298.5,65.1
30639,26298.25,65.05
30640,26298,65
30641,26297.95,65
30642,26297.9,65
30643,26297.85,65
30644,26297.8,65
30645,26297.75,65
30646,26297.7,65
30647,26297.65,65
30648,26297.6,65
30649,26297.55,65
30650,26297.5,65
30651,26297.45,65
30652,26297.4,65
30653,26297.35,65
30654,26297.3,65
30655,26297.25,65
30656,26297.2,65
30657,26297.15,65
30658,26297.1,65
30659,26297.05,65
30660,26297,65
30661,26297.1,64.95
30662,26297.2,64.9
30663,26297.3,64.85
30664,26297.4,64.8
30665,26297.5,64.75
30666,26297.6,64.7
30667,26297.7,64.65
30668,26297.8,64.6
30669,26297.9,64.55
30670,26298,64.5
30671,26298.1,64.45
30672,26298.2,64.4
30673,26298.3,64.35
30674,26298.4,64.3
30675,26298.5,64.25
30676,26298.6,64.2
30677,26298.7,64.15
30678,26298.8,64.1
30679,26298.9,64.05
30680,26299,64
30681,26299.35,64.05
30682,26299.7,64.1
30683,26300.05,64.15
30684,26300.4,64.2
30685,26300.75,64.25
30686,26301.1,64.3
30687,26301.45,64.35
30688,26301.8,64.4
30689,26302.15,64.45
30690,26302.5,64.5
30691,26302.85,64.55
30692,26303.2,64.6
30693,26303.55,64.65
30694,26303.9,64.7
30695,26304.25,64.75
30696,26304.6,64.8
30697,26304.95,64.85
30698,26305.3,64.9
30699,26305.65,64.95
30700,26306,65
30701,26306.6,65.05
30702,26307.2,65.1
30703,26307.8,65.15
30704,26308.4,65.2
30705,26309,65.25
30706,26309.6,65.3
30707,26310.2,65.35
30708,26310.8,65.4
30709,26311.4,65.45
30710,26312,65.5
30711,26312.6,65.55
30712,26313.2,65.6
30713,26313.8,65.65
30714,26314.4,65.7
30715,26315,65.75
30716,26315.6,65.8
30717,26316.2,65.85
30718,26316.8,65.9
30719,26317.4,65.95
30720,26318,66
30721,26318.85,66.15
30722,26319.7,66.3
30723,26320.55,66.45
30724,26321.4,66.6
30725,26322.25,66.75
30726,26323.1,66.9
30727,26323.95,67.05
30728,26324.8,67.2
30729,26325.65,67.35
30730,26326.5,67.5
30731,26327.35,67.65
30732,26328.2,67.8
30733,26329.05,67.95
30734,26329.9,68.1
30735,26330.75,68.25
30736,26331.6,68.4
30737,26332.45,68.55
30738,26333.3,68.7
30739,26334.15,68.85
30740,26335,69
30741,26336.1,69.1
30742,26337.2,69.2
30743,26338.3,69.3
30744,26339.4,69.4
30745,26340.5,69.5
30746,26341.6,69.6
30747,26342.7,69.7
30748,26343.8,69.8
30749,26344.9,69.9
30750,26346,70
30751,26347.1,70.1
30752,26348.2,70.2
30753,26349.3,70.3
30754,26350.4,70.4
30755,26351.5,70.5
30756,26352.6,70.6
30757,26353.7,70.7
30758,26354.8,70.8
30759,26355.9,70.9
30760,26357,71
30761,26358.3,71.15
30762,26359.6,71.3
30763,26360.9,71.45
30764,26362.2,71.6
30765,26363.5,71.75
30766,26364.8,71.9
30767,26366.1,72.05
30768,26367.4,72.2
30769,26368.7,72.35
30770,26370,72.5
30771,26371.3,72.65
30772,26372.6,72.8
30773,26373.9,72.95
30774,26375.2,73.1
30775,26376.5,73.25
30776,26377.8,73.4
30777,26379.1,73.55
30778,26380.4,73.7
30779,26381.7,73.85
30780,26383,74
30781,26384.4,74.05
30782,26385.8,74.1
30783,26387.2,74.15
30784,26388.6,74.2
30785,26390,74.25
30786,26391.4,74.3
30787,26392.8,74.35
30788,26394.2,74.4
30789,26395.6,74.45
30790,26397,74.5
30791,26398.4,74.55
30792,26399.8,74.6
30793,26401.2,74.65
30794,26402.6,74.7
30795,26404,74.75
30796,26405.4,74.8
30797,26406.8,74.85
30798,26408.2,74.9
30799,26409.6,74.95
30800,26411,75
30801,26412.45,75.05
30802,26413.9,75.1
30803,26415.35,75.15
30804,26416.8,75.2
30805,26418.25,75.25
30806,26419.7,75.3
30807,26421.15,75.35
30808,26422.6,75.4
30809,26424.05,75.45
30810,26425.5,75.5
30811,26426.95,75.55
30812,26428.4,75.6
30813,26429.85,75.65
30814,26431.3,75.7
30815,26432.75,75.75
30816,26434.2,75.8
30817,26435.65,75.85
30818,26437.1,75.9
30819,26438.55,75.95
30820,26440,76
30821,26441.4,75.95
30822,26442.8,75.9
30823,26444.2,75.85
30824,26445.6,75.8
30825,26447,75.75
30826,26448.4,75.7
30827,26449.8,75.65
30828,26451.2,75.6
30829,26452.6,75.55
30830,26454,75.5
30831,26455.4,75.45
30832,26456.8,75.4
30833,26458.2,75.35
30834,26459.6,75.3
30835,26461,75.25
30836,26462.4,75.2
30837,26463.8,75.15
30838,26465.2,75.1
30839,26466.6,75.05
30840,26468,75
30841,26469.4,74.95
30842,26470.8,74.9
30843,26472.2,74.85
30844,26473.6,74.8
30845,26475,74.75
30846,26476.4,74.7
30847,26477.8,74.65
30848,26479.2,74.6
30849,26480.6,74.55
30850,26482,74.5
30851,26483.4,74.45
30852,26484.8,74.4
30853,26486.2,74.35
30854,26487.6,74.3
30855,26489,74.25
30856,26490.4,74.2
30857,26491.8,74.15
30858,26493.2,74.1
30859,26494.6,74.05
30860,26496,74
30861,26497.25,73.95
30862,26498.5,73.9
30863,26499.75,73.85
30864,26501,73.8
30865,26502.25,73.75
30866,26503.5,73.7
30867,26504.75,73.65
30868,26506,73.6
30869,26507.25,73.55
30870,26508.5,73.5
30871,26509.75,73.45
30872,26511,73.4
30873,26512.25,73.35
30874,26513.5,73.3
30875,26514.75,73.25
30876,26516,73.2
30877,26517.25,73.15
30878,26518.5,73.1
30879,26519.75,73.05
30880,26521,73
30881,26522.2,72.95
30882,26523.4,72.9
30883,26524.6,72.85
30884,26525.8,72.8
30885,26527,72.75
30886,26528.2,72.7
30887,26529.4,72.65
30888,26530.6,72.6
30889,26531.8,72.55
30890,26533,72.5
30891,26534.2,72.45
30892,26535.4,72.4
30893,26536.6,72.35
30894,26537.8,72.3
30895,26539,72.25
30896,26540.2,72.2
30897,26541.4,72.15
30898,26542.6,72.1
30899,26543.8,72.05
30900,26545,72
30901,26546.1,71.95
30902,26547.2,71.9
30903,26548.3,71.85
30904,26549.4,71.8
30905,26550.5,71.75
30906,26551.6,71.7
30907,26552.7,71.65
30908,26553.8,71.6
30909,26554.9,71.55
30910,26556,71.5
30911,26557.1,71.45
30912,26558.2,71.4
30913,26559.3,71.35
30914,26560.4,71.3
30915,26561.5,71.25
30916,26562.6,71.2
30917,26563.7,71.15
30918,26564.8,71.1
30919,26565.9,71.05
30920,26567,71
30921,26568.05,71
30922,26569.1,71
30923,26570.15,71
30924,26571.2,71
30925,26572.25,71
30926,26573.3,71
30927,26574.35,71
30928,26575.4,71
30929,26576.45,71
30930,26577.5,71
30931,26578.55,71
30932,26579.6,71
30933,26580.65,71
30934,26581.7,71
30935,26582.75,71
30936,26583.8,71
30937,26584.85,71
30938,26585.9,71
30939,26586.95,71
30940,26588,71
30941,26589.15,71.05
30942,26590.3,71.1
30943,26591.45,71.15
30944,26592.6,71.2
30945,26593.75,71.25
30946,26594.9,71.3
30947,26596.05,71.35
30948,26597.2,71.4
30949,26598.35,71.45
30950,26599.5,71.5
30951,26600.65,71.55
30952,26601.8,71.6
30953,26602.95,71.65
30954,26604.1,71.7
30955,26605.25,71.75
30956,26606.4,71.8
30957,26607.55,71.85
30958,26608.7,71.9
30959,26609.85,71.95
30960,26611,72
30961,26612.2,72.15
30962,26613.4,72.3
30963,26614.6,72.45
30964,26615.8,72.6
30965,26617,72.75
30966,26618.2,72.9
30967,26619.4,73.05
30968,26620.6,73.2
30969,26621.8,73.35
30970,26623,73.5
30971,26624.2,73.65
30972,26625.4,73.8
30973,26626.6,73.95
30974,26627.8,74.1
30975,26629,74.25
30976,26630.2,74.4
30977,26631.4,74.55
30978,26632.6,74.7
30979,26633.8,74.85
30980,26635,75
30981,26636.5,75.3
30982,26638,75.6
30983,26639.5,75.9
30984,26641,76.2
30985,26642.5,76.5
30986,26644,76.8
30987,26645.5,77.1
30988,26647,77.4
30989,26648.5,77.7
30990,26650,78
30991,26651.5,78.3
30992,26653,78.6
30993,26654.5,78.9
30994,26656,79.2
30995,26657.5,79.5
30996,26659,79.8
30997,26660.5,80.1
30998,26662,80.4
30999,26663.5,80.7
31000,26665,81
31001,26666.75,81.4
31002,26668.5,81.8
31003,26670.25,82.2
31004,26672,82.6
31005,26673.75,83
31006,26675.5,83.4
31007,26677.25,83.8
31008,26679,84.2
31009,26680.75,84.6
31010,26682.5,85
31011,26684.25,85.4
31012,26686,85.8
31013,26687.75,86.2
31014,26689.5,86.6
31015,26691.25,87
31016,26693,87.4
31017,26694.75,87.8
31018,26696.5,88.2
31019,26698.25,88.6
31020,26700,89
31021,26702.2,89.5
31022,26704.4,90
31023,26706.6,90.5
31024,26708.8,91
31025,26711,91.5
31026,26713.2,92
31027,26715.4,92.5
31028,26717.6,93
31029,26719.8,93.5
31030,26722,94
31031,26724.2,94.5
31032,26726.4,95
31033,26728.6,95.5
31034,26730.8,96
31035,26733,96.5
31036,26735.2,97
31037,26737.4,97.5
31038,26739.6,98
31039,26741.8,98.5
31040,26744,99
31041,26746.6,99.5
31042,26749.2,100
31043,26751.8,100.5
31044,26754.4,101
31045,26757,101.5
31046,26759.6,102
31047,26762.2,102.5
31048,26764.8,103
31049,26767.4,103.5
31050,26770,104
31051,26772.6,104.5
31052,26775.2,105
31053,26777.8,105.5
31054,26780.4,106
31055,26783,106.5
31056,26785.6,107
31057,26788.2,107.5
31058,26790.8,108
31059,26793.4,108.5
31060,26796,109
31061,26798.95,109.5
31062,26801.9,110
31063,26804.85,110.5
31064,26807.8,111
31065,26810.75,111.5
31066,26813.7,112
31067,26816.65,112.5
31068,26819.6,113
31069,26822.55,113.5
31070,26825.5,114
31071,26828.45,114.5
31072,26831.4,115
31073,26834.35,115.5
31074,26837.3,116
31075,26840.25,116.5
31076,26843.2,117
31077,26846.15,117.5
31078,26849.1,118
31079,26852.05,118.5
31080,26855,119
31081,26858.25,119.4
31082,26861.5,119.8
31083,26864.75,120.2
31084,26868,120.6
31085,26871.25,121
31086,26874.5,121.4
31087,26877.75,121.8
31088,26881,122.2
31089,26884.25,122.6
31090,26887.5,123
31091,26890.75,123.4
31092,26894,123.8
31093,26897.25,124.2
31094,26900.5,124.6
31095,26903.75,125
31096,26907,125.4
31097,26910.25,125.8
31098,26913.5,126.2
31099,26916.75,126.6
31100,26920,127
31101,26923.5,127.15
31102,26927,127.3
31103,26930.5,127.45
31104,26934,127.6
31105,26937.5,127.75
31106,26941,127.9
31107,26944.5,128.05
31108,26948,128.2
31109,26951.5,128.35
31110,26955,128.5
31111,26958.5,128.65
31112,26962,128.8
31113,26965.5,128.95
31114,26969,129.1
31115,26972.5,129.25
31116,26976,129.4
31117,26979.5,129.55
31118,26983,129.7
31119,26986.5,129.85
31120,26990,130
31121,26993.5,129.95
31122,26997,129.9
31123,27000.5,129.85
31124,27004,129.8
31125,27007.5,129.75
31126,27011,129.7
31127,27014.5,129.65
31128,27018,129.6
31129,27021.5,129.55
31130,27025,129.5
31131,27028.5,129.45
31132,27032,129.4
31133,27035.5,129.35
31134,27039,129.3
31135,27042.5,129.25
31136,27046,129.2
31137,27049.5,129.15
31138,27053,129.1
31139,27056.5,129.05
31140,27060,129
31141,27063.45,128.8
31142,27066.9,128.6
31143,27070.35,128.4
31144,27073.8,128.2
31145,27077.25,128
31146,27080.7,127.8
31147,27084.15,127.6
31148,27087.6,127.4
31149,27091.05,127.2
31150,27094.5,127
31151,27097.95,126.8
31152,27101.4,126.6
31153,27104.85,126.4
31154,27108.3,126.2
31155,27111.75,126
31156,27115.2,125.8
31157,27118.65,125.6
31158,27122.1,125.4
31159,27125.55,125.2
31160,27129,125
31161,27132.25,124.65
31162,27135.5,124.3
31163,27138.75,123.95
31164,27142,123.6
31165,27145.25,123.25
31166,27148.5,122.9
31167,27151.75,122.55
31168,27155,122.2
31169,27158.25,121.85
31170,27161.5,121.5
31171,27164.75,121.15
31172,27168,120.8
31173,27171.25,120.45
31174,27174.5,120.1
31175,27177.75,119.75
31176,27181,119.4
31177,27184.25,119.05
31178,27187.5,118.7
31179,27190.75,118.35
31180,27194,118
31181,27196.85,117.5
31182,27199.7,117
31183,27202.55,116.5
31184,27205.4,116
31185,27208.25,115.5
31186,27211.1,115
31187,27213.95,114.5
31188,27216.8,114
31189,27219.65,113.5
31190,27222.5,113
31191,27225.35,112.5
31192,27228.2,112
31193,27231.05,111.5
31194,27233.9,111
31195,27236.75,110.5
31196,27239.6,110
31197,27242.45,109.5
31198,27245.3,109
31199,27248.15,108.5
31200,27251,108
31201,27253.5,107.55
31202,27256,107.1
31203,27258.5,106.65
31204,27261,106.2
31205,27263.5,105.75
31206,27266,105.3
31207,27268.5,104.85
31208,27271,104.4
31209,27273.5,103.95
31210,27276,103.5
31211,27278.5,103.05
31212,27281,102.6
31213,27283.5,102.15
31214,27286,101.7
31215,27288.5,101.25
31216,27291,100.8
31217,27293.5,100.35
31218,27296,99.9
31219,27298.5,99.45
31220,27301,99
31221,27303.15,98.6
31222,27305.3,98.2
31223,27307.45,97.8
31224,27309.6,97.4
31225,27311.75,97
31226,27313.9,96.6
31227,27316.05,96.2
31228,27318.2,95.8
31229,27320.35,95.4
31230,27322.5,95
31231,27324.65,94.6
31232,27326.8,94.2
31233,27328.95,93.8
31234,27331.1,93.4
31235,27333.25,93
31236,27335.4,92.6
31237,27337.55,92.2
31238,27339.7,91.8
31239,27341.85,91.4
31240,27344,91
31241,27345.85,90.75
31242,27347.7,90.5
31243,27349.55,90.25
31244,27351.4,90
31245,27353.25,89.75
31246,27355.1,89.5
31247,27356.95,89.25
31248,27358.8,89
31249,27360.65,88.75
31250,27362.5,88.5
31251,27364.35,88.25
31252,27366.2,88
31253,27368.05,87.75
31254,27369.9,87.5
31255,27371.75,87.25
31256,27373.6,87
31257,27375.45,86.75
31258,27377.3,86.5
31259,27379.15,86.25
31260,27381,86
31261,27382.5,85.8
31262,27384,85.6
31263,27385.5,85.4
31264,27387,85.2
31265,27388.5,85
31266,27390,84.8
31267,27391.5,84.6
31268,27393,84.4
31269,27394.5,84.2
31270,27396,84
31271,27397.5,83.8
31272,27399,83.6
31273,27400.5,83.4
31274,27402,83.2
31275,27403.5,83
31276,27405,82.8
31277,27406.5,82.6
31278,27408,82.4
31279,27409.5,82.2
31280,27411,82
31281,27412.25,81.9
31282,27413.5,81.8
31283,27414.75,81.7
31284,27416,81.6
31285,27417.25,81.5
31286,27418.5,81.4
31287,27419.75,81.3
31288,27421,81.2
31289,27422.25,81.1
31290,27423.5,81
31291,27424.75,80.9
31292,27426,80.8
31293,27427.25,80.7
31294,27428.5,80.6
31295,27429.75,80.5
31296,27431,80.4
31297,27432.25,80.3
31298,27433.5,80.2
31299,27434.75,80.1
31300,27436,80
31301,27437.05,80
31302,27438.1,80
31303,27439.15,80
31304,27440.2,80
31305,27441.25,80
31306,27442.3,80
31307,27443.35,80
31308,27444.4,80
31309,27445.45,80
31310,27446.5,80
31311,27447.55,80
31312,27448.6,80
31313,27449.65,80
31314,27450.7,80
31315,27451.75,80
31316,27452.8,80
31317,27453.85,80
31318,27454.9,80
31319,27455.95,80
31320,27457,80
31321,27457.8,80
31322,27458.6,80
31323,27459.4,80
31324,27460.2,80
31325,27461,80
31326,27461.8,80
31327,27462.6,80
31328,27463.4,80
31329,27464.2,80
31330,27465,80
31331,27465.8,80
31332,27466.6,80
31333,27467.4,80
31334,27468.2,80
31335,27469,80
31336,27469.8,80
31337,27470.6,80
31338,27471.4,80
31339,27472.2,80
31340,27473,80
31341,27473.7,80
31342,27474.4,80
31343,27475.1,80
31344,27475.8,80
31345,27476.5,80
31346,27477.2,80
31347,27477.9,80
31348,27478.6,80
31349,27479.3,80
31350,27480,80
31351,27480.7,80
31352,27481.4,80
31353,27482.1,80
31354,27482.8,80
31355,27483.5,80
31356,27484.2,80
31357,27484.9,80
31358,27485.6,80
31359,27486.3,80
31360,27487,80
31361,27487.55,80.05
31362,27488.1,80.1
31363,27488.65,80.15
31364,27489.2,80.2
31365,27489.75,80.25
31366,27490.3,80.3
31367,27490.85,80.35
31368,27491.4,80.4
31369,27491.95,80.45
31370,27492.5,80.5
31371,27493.05,80.55
31372,27493.6,80.6
31373,27494.15,80.65
31374,27494.7,80.7
31375,27495.25,80.75
31376,27495.8,80.8
31377,27496.35,80.85
31378,27496.9,80.9
31379,27497.45,80.95
31380,27498,81
31381,27498.4,81
31382,27498.8,81
31383,27499.2,81
31384,27499.6,81
31385,27500,81
31386,27500.4,81
31387,27500.8,81
31388,27501.2,81
31389,27501.6,81
31390,27502,81
31391,27502.4,81
31392,27502.8,81
31393,27503.2,81
31394,27503.6,81
31395,27504,81
31396,27504.4,81
31397,27504.8,81
31398,27505.2,81
31399,27505.6,81
31400,27506,81
31401,27506.3,81
31402,27506.6,81
31403,27506.9,81
31404,27507.2,81
31405,27507.5,81
31406,27507.8,81
31407,27508.1,81
31408,27508.4,81
31409,27508.7,81
31410,27509,81
31411,27509.3,81
31412,27509.6,81
31413,27509.9,81
31414,27510.2,81
31415,27510.5,81
31416,27510.8,81
31417,27511.1,81
31418,27511.4,81
31419,27511.7,81
31420,27512,81
31421,27512.25,81.1
31422,27512.5,81.2
31423,27512.75,81.3
31424,27513,81.4
31425,27513.25,81.5
31426,27513.5,81.6
31427,27513.75,81.7
31428,27514,81.8
31429,27514.25,81.9
31430,27514.5,82
31431,27514.75,82.1
31432,27515,82.2
31433,27515.25,82.3
31434,27515.5,82.4
31435,27515.75,82.5
31436,27516,82.6
31437,27516.25,82.7
31438,27516.5,82.8
31439,27516.75,82.9
31440,27517,83
31441,27517.3,83.15
31442,27517.6,83.3
31443,27517.9,83.45
31444,27518.2,83.6
31445,27518.5,83.75
31446,27518.8,83.9
31447,27519.1,84.05
31448,27519.4,84.2
31449,27519.7,84.35
31450,27520,84.5
31451,27520.3,84.65
31452,27520.6,84.8
31453,27520.9,84.95
31454,27521.2,85.1
31455,27521.5,85.25
31456,27521.8,85.4
31457,27522.1,85.55
31458,27522.4,85.7
31459,27522.7,85.85
31460,27523,86
31461,27523.35,86.2
31462,27523.7,86.4
31463,27524.05,86.6
31464,27524.4,86.8
31465,27524.75,87
31466,27525.1,87.2
31467,27525.45,87.4
31468,27525.8,87.6
31469,27526.15,87.8
31470,27526.5,88
31471,27526.85,88.2
31472,27527.2,88.4
31473,27527.55,88.6
31474,27527.9,88.8
31475,27528.25,89
31476,27528.6,89.2
31477,27528.95,89.4
31478,27529.3,89.6
31479,27529.65,89.8
31480,27530,90
31481,27530.4,90.25
31482,27530.8,90.5
31483,27531.2,90.75
31484,27531.6,91
31485,27532,91.25
31486,27532.4,91.5
31487,27532.8,91.75
31488,27533.2,92
31489,27533.6,92.25
31490,27534,92.5
31491,27534.4,92.75
31492,27534.8,93
31493,27535.2,93.25
31494,27535.6,93.5
31495,27536,93.75
31496,27536.4,94
31497,27536.8,94.25
31498,27537.2,94.5
31499,27537.6,94.75
31500,27538,95
31501,27538.6,95.35
31502,27539.2,95.7
31503,27539.8,96.05
31504,27540.4,96.4
31505,27541,96.75
31506,27541.6,97.1
31507,27542.2,97.45
31508,27542.8,97.8
31509,27543.4,98.15
31510,27544,98.5
31511,27544.6,98.85
31512,27545.2,99.2
31513,27545.8,99.55
31514,27546.4,99.9
31515,27547,100.25
31516,27547.6,100.6
31517,27548.2,100.95
31518,27548.8,101.3
31519,27549.4,101.65
31520,27550,102
31521,27550.75,102.35
31522,27551.5,102.7
31523,27552.25,103.05
31524,27553,103.4
31525,27553.75,103.75
31526,27554.5,104.1
31527,27555.25,104.45
31528,27556,104.8
31529,27556.75,105.15
31530,27557.5,105.5
31531,27558.25,105.85
31532,27559,106.2
31533,27559.75,106.55
31534,27560.5,106.9
31535,27561.25,107.25
31536,27562,107.6
31537,27562.75,107.95
31538,27563.5,108.3
31539,27564.25,108.65
31540,27565,109
31541,27565.9,109.2
31542,27566.8,109.4
31543,27567.7,109.6
31544,27568.6,109.8
31545,27569.5,110
31546,27570.4,110.2
31547,27571.3,110.4
31548,27572.2,110.6
31549,27573.1,110.8
31550,27574,111
31551,27574.9,111.2
31552,27575.8,111.4
31553,27576.7,111.6
31554,27577.6,111.8
31555,27578.5,112
31556,27579.4,112.2
31557,27580.3,112.4
31558,27581.2,112.6
31559,27582.1,112.8
31560,27583,113
31561,27584.1,113.15
31562,27585.2,113.3
31563,27586.3,113.45
31564,27587.4,113.6
31565,27588.5,113.75
31566,27589.6,113.9
31567,27590.7,114.05
31568,27591.8,114.2
31569,27592.9,114.35
31570,27594,114.5
31571,27595.1,114.65
31572,27596.2,114.8
31573,27597.3,114.95
31574,27598.4,115.1
31575,27599.5,115.25
31576,27600.6,115.4
31577,27601.7,115.55
31578,27602.8,115.7
31579,27603.9,115.85
31580,27605,116
31581,27606.2,116.05
31582,27607.4,116.1
31583,27608.6,116.15
31584,27609.8,116.2
31585,27611,116.25
31586,27612.2,116.3
31587,27613.4,116.35
31588,27614.6,116.4
31589,27615.8,116.45
31590,27617,116.5
31591,27618.2,116.55
31592,27619.4,116.6
31593,27620.6,116.65
31594,27621.8,116.7
31595,27623,116.75
31596,27624.2,116.8
31597,27625.4,116.85
31598,27626.6,116.9
31599,27627.8,116.95
31600,27629,117
31601,27630.35,117.05
31602,27631.7,117.1
31603,27633.05,117.15
31604,27634.4,117.2
31605,27635.75,117.25
31606,27637.1,117.3
31607,27638.45,117.35
31608,27639.8,117.4
31609,27641.15,117.45
31610,27642.5,117.5
31611,27643.85,117.55
31612,27645.2,117.6
31613,27646.55,117.65
31614,27647.9,117.7
31615,27649.25,117.75
31616,27650.6,117.8
31617,27651.95,117.85
31618,27653.3,117.9
31619,27654.65,117.95
31620,27656,118
31621,27657.4,117.95
31622,27658.8,117.9
31623,27660.2,117.85
31624,27661.6,117.8
31625,27663,117.75
31626,27664.4,117.7
31627,27665.8,117.65
31628,27667.2,117.6
31629,27668.6,117.55
31630,27670,117.5
31631,27671.4,117.45
31632,27672.8,117.4
31633,27674.2,117.35
31634,27675.6,117.3
31635,27677,117.25
31636,27678.4,117.2
31637,27679.8,117.15
31638,27681.2,117.1
31639,27682.6,117.05
31640,27684,117
31641,27685.45,116.95
31642,27686.9,116.9
31643,27688.35,116.85
31644,27689.8,116.8
31645,27691.25,116.75
31646,27692.7,116.7
31647,27694.15,116.65
31648,27695.6,116.6
31649,27697.05,116.55
31650,27698.5,116.5
31651,27699.95,116.45
31652,27701.4,116.4
31653,27702.85,116.35
31654,27704.3,116.3
31655,27705.75,116.25
31656,27707.2,116.2
31657,27708.65,116.15
31658,27710.1,116.1
31659,27711.55,116.05
31660,27713,116
31661,27714.55,115.95
31662,27716.1,115.9
31663,27717.65,115.85
31664,27719.2,115.8
31665,27720.75,115.75
31666,27722.3,115.7
31667,27723.85,115.65
31668,27725.4,115.6
31669,27726.95,115.55
31670,27728.5,115.5
31671,27730.05,115.45
31672,27731.6,115.4
31673,27733.15,115.35
31674,27734.7,115.3
31675,27736.25,115.25
31676,27737.8,115.2
31677,27739.35,115.15
31678,27740.9,115.1
31679,27742.45,115.05
31680,27744,115
31681,27745.55,114.95
31682,27747.1,114.9
31683,27748.65,114.85
31684,27750.2,114.8
31685,27751.75,114.75
31686,27753.3,114.7
31687,27754.85,114.65
31688,27756.4,114.6
31689,27757.95,114.55
31690,27759.5,114.5
31691,27761.05,114.45
31692,27762.6,114.4
31693,27764.15,114.35
31694,27765.7,114.3
31695,27767.25,114.25
31696,27768.8,114.2
31697,27770.35,114.15
31698,27771.9,114.1
31699,27773.45,114.05
31700,27775,114
31701,27776.55,113.9
31702,27778.1,113.8
31703,27779.65,113.7
31704,27781.2,113.6
31705,27782.75,113.5
31706,27784.3,113.4
31707,27785.85,113.3
31708,27787.4,113.2
31709,27788.95,113.1
31710,27790.5,113
31711,27792.05,112.9
31712,27793.6,112.8
31713,27795.15,112.7
31714,27796.7,112.6
31715,27798.25,112.5
31716,27799.8,112.4
31717,27801.35,112.3
31718,27802.9,112.2
31719,27804.45,112.1
31720,27806,112
31721,27807.55,111.9
31722,27809.1,111.8
31723,27810.65,111.7
31724,27812.2,111.6
31725,27813.75,111.5
31726,27815.3,111.4
31727,27816.85,111.3
31728,27818.4,111.2
31729,27819.95,111.1
31730,27821.5,111
31731,27823.05,110.9
31732,27824.6,110.8
31733,27826.15,110.7
31734,27827.7,110.6
31735,27829.25,110.5
31736,27830.8,110.4
31737,27832.35,110.3
31738,27833.9,110.2
31739,27835.45,110.1
31740,27837,110
31741,27838.45,109.9
31742,27839.9,109.8
31743,27841.35,109.7
31744,27842.8,109.6
31745,27844.25,109.5
31746,27845.7,109.4
31747,27847.15,109.3
31748,27848.6,109.2
31749,27850.05,109.1
31750,27851.5,109
31751,27852.95,108.9
31752,27854.4,108.8
31753,27855.85,108.7
31754,27857.3,108.6
31755,27858.75,108.5
31756,27860.2,108.4
31757,27861.65,108.3
31758,27863.1,108.2
31759,27864.55,108.1
31760,27866,108
31761,27867.45,107.8
31762,27868.9,107.6
31763,27870.35,107.4
31764,27871.8,107.2
31765,27873.25,107
31766,27874.7,106.8
31767,27876.15,106.6
31768,27877.6,106.4
31769,27879.05,106.2
31770,27880.5,106
31771,27881.95,105.8
31772,27883.4,105.6
31773,27884.85,105.4
31774,27886.3,105.2
31775,27887.75,105
31776,27889.2,104.8
31777,27890.65,104.6
31778,27892.1,104.4
31779,27893.55,104.2
31780,27895,104
31781,27896.35,103.85
31782,27897.7,103.7
31783,27899.05,103.55
31784,27900.4,103.4
31785,27901.75,103.25
31786,27903.1,103.1
31787,27904.45,102.95
31788,27905.8,102.8
31789,27907.15,102.65
31790,27908.5,102.5
31791,27909.85,102.35
31792,27911.2,102.2
31793,27912.55,102.05
31794,27913.9,101.9
31795,27915.25,101.75
31796,27916.6,101.6
31797,27917.95,101.45
31798,27919.3,101.3
31799,27920.65,101.15
31800,27922,101
31801,27923.35,100.8
31802,27924.7,100.6
31803,27926.05,100.4
31804,27927.4,100.2
31805,27928.75,100
31806,27930.1,99.8
31807,27931.45,99.6
31808,27932.8,99.4
31809,27934.15,99.2
31810,27935.5,99
31811,27936.85,98.8
31812,27938.2,98.6
31813,27939.55,98.4
31814,27940.9,98.2
31815,27942.25,98
31816,27943.6,97.8
31817,27944.95,97.6
31818,27946.3,97.4
31819,27947.65,97.2
31820,27949,97
31821,27950.2,96.9
31822,27951.4,96.8
31823,27952.6,96.7
31824,27953.8,96.6
31825,27955,96.5
31826,27956.2,96.4
31827,27957.4,96.3
31828,27958.6,96.2
31829,27959.8,96.1
31830,27961,96
31831,27962.2,95.9
31832,27963.4,95.8
31833,27964.6,95.7
31834,27965.8,95.6
31835,27967,95.5
31836,27968.2,95.4
31837,27969.4,95.3
31838,27970.6,95.2
31839,27971.8,95.1
31840,27973,95
31841,27974.15,94.95
31842,27975.3,94.9
31843,27976.45,94.85
31844,27977.6,94.8
31845,27978.75,94.75
31846,27979.9,94.7
31847,27981.05,94.65
31848,27982.2,94.6
31849,27983.35,94.55
31850,27984.5,94.5
31851,27985.65,94.45
31852,27986.8,94.4
31853,27987.95,94.35
31854,27989.1,94.3
31855,27990.25,94.25
31856,27991.4,94.2
31857,27992.55,94.15
31858,27993.7,94.1
31859,27994.85,94.05
31860,27996,94
31861,27997.15,94
31862,27998.3,94
31863,27999.45,94
31864,28000.6,94
31865,28001.75,94
31866,28002.9,94
31867,28004.05,94
31868,28005.2,94
31869,28006.35,94
31870,28007.5,94
31871,28008.65,94
31872,28009.8,94
31873,28010.95,94
31874,28012.1,94
31875,28013.25,94
31876,28014.4,94
31877,28015.55,94
31878,28016.7,94
31879,28017.85,94
31880,28019,94
31881,28020.1,94.05
31882,28021.2,94.1
31883,28022.3,94.15
31884,28023.4,94.2
31885,28024.5,94.25
31886,28025.6,94.3
31887,28026.7,94.35
31888,28027.8,94.4
31889,28028.9,94.45
31890,28030,94.5
31891,28031.1,94.55
31892,28032.2,94.6
31893,28033.3,94.65
31894,28034.4,94.7
31895,28035.5,94.75
31896,28036.6,94.8
31897,28037.7,94.85
31898,28038.8,94.9
31899,28039.9,94.95
31900,28041,95
31901,28042,95
31902,28043,95
31903,28044,95
31904,28045,95
31905,28046,95
31906,28047,95
31907,28048,95
31908,28049,95
31909,28050,95
31910,28051,95
31911,28052,95
31912,28053,95
31913,28054,95
31914,28055,95
31915,28056,95
31916,28057,95
31917,28058,95
31918,28059,95
31919,28060,95
31920,28061,95
31921,28062,95
31922,28063,95
31923,28064,95
31924,28065,95
31925,28066,95
31926,28067,95
31927,28068,95
31928,28069,95
31929,28070,95
31930,28071,95
31931,28072,95
31932,28073,95
31933,28074,95
31934,28075,95
31935,28076,95
31936,28077,95
31937,28078,95
31938,28079,95
31939,28080,95
31940,28081,95
31941,28082,94.95
31942,28083,94.9
31943,28084,94.85
31944,28085,94.8
31945,28086,94.75
31946,28087,94.7
31947,28088,94.65
31948,28089,94.6
31949,28090,94.55
31950,28091,94.5
31951,28092,94.45
31952,28093,94.4
31953,28094,94.35
31954,28095,94.3
31955,28096,94.25
31956,28097,94.2
31957,28098,94.15
31958,28099,94.1
31959,28100,94.05
31960,28101,94
31961,28101.95,94
31962,28102.9,94
31963,28103.85,94
31964,28104.8,94
31965,28105.75,94
31966,28106.7,94
31967,28107.65,94
31968,28108.6,94
31969,28109.55,94
31970,28110.5,94
31971,28111.45,94
31972,28112.4,94
31973,28113.35,94
31974,28114.3,94
31975,28115.25,94
31976,28116.2,94
31977,28117.15,94
31978,28118.1,94
31979,28119.05,94
31980,28120,94
31981,28120.9,94
31982,28121.8,94
31983,28122.7,94
31984,28123.6,94
31985,28124.5,94
31986,28125.4,94
31987,28126.3,94
31988,28127.2,94
31989,28128.1,94
31990,28129,94
31991,28129.9,94
31992,28130.8,94
31993,28131.7,94
31994,28132.6,94
31995,28133.5,94
31996,28134.4,94
31997,28135.3,94
31998,28136.2,94
31999,28137.1,94
32000,28138,94
32001,28138.95,94
32002,28139.9,94
32003,28140.85,94
32004,28141.8,94
32005,28142.75,94
32006,28143.7,94
32007,28144.65,94
32008,28145.6,94
32009,28146.55,94
32010,28147.5,94
32011,28148.45,94
32012,28149.4,94
32013,28150.35,94
32014,28151.3,94
32015,28152.25,94
32016,28153.2,94
32017,28154.15,94
32018,28155.1,94
32019,28156.05,94
32020,28157,94
32021,28157.95,94.05
32022,28158.9,94.1
32023,28159.85,94.15
32024,28160.8,94.2
32025,28161.75,94.25
32026,28162.7,94.3
32027,28163.65,94.35
32028,28164.6,94.4
32029,28165.55,94.45
32030,28166.5,94.5
32031,28167.45,94.55
32032,28168.4,94.6
32033,28169.35,94.65
32034,28170.3,94.7
32035,28171.25,94.75
32036,28172.2,94.8
32037,28173.15,94.85
32038,28174.1,94.9
32039,28175.05,94.95
32040,28176,95
32041,28176.9,95.1
32042,28177.8,95.2
32043,28178.7,95.3
32044,28179.6,95.4
32045,28180.5,95.5
32046,28181.4,95.6
32047,28182.3,95.7
32048,28183.2,95.8
32049,28184.1,95.9
32050,28185,96
32051,28185.9,96.1
32052,28186.8,96.2
32053,28187.7,96.3
32054,28188.6,96.4
32055,28189.5,96.5
32056,28190.4,96.6
32057,28191.3,96.7
32058,28192.2,96.8
32059,28193.1,96.9
32060,28194,97
32061,28194.95,97.15
32062,28195.9,97.3
32063,28196.85,97.45
32064,28197.8,97.6
32065,28198.75,97.75
32066,28199.7,97.9
32067,28200.65,98.05
32068,28201.6,98.2
32069,28202.55,98.35
32070,28203.5,98.5
32071,28204.45,98.65
32072,28205.4,98.8
32073,28206.35,98.95
32074,28207.3,99.1
32075,28208.25,99.25
32076,28209.2,99.4
32077,28210.15,99.55
32078,28211.1,99.7
32079,28212.05,99.85
32080,28213,100
32081,28213.95,100.1
32082,28214.9,100.2
32083,28215.85,100.3
32084,28216.8,100.4
32085,28217.75,100.5
32086,28218.7,100.6
32087,28219.65,100.7
32088,28220.6,100.8
32089,28221.55,100.9
32090,28222.5,101
32091,28223.45,101.1
32092,28224.4,101.2
32093,28225.35,101.3
32094,28226.3,101.4
32095,28227.25,101.5
32096,28228.2,101.6
32097,28229.15,101.7
32098,28230.1,101.8
32099,28231.05,101.9
32100,28232,102
32101,28233,102.05
32102,28234,102.1
32103,28235,102.15
32104,28236,102.2
32105,28237,102.25
32106,28238,102.3
32107,28239,102.35
32108,28240,102.4
32109,28241,102.45
32110,28242,102.5
32111,28243,102.55
32112,28244,102.6
32113,28245,102.65
32114,28246,102.7
32115,28247,102.75
32116,28248,102.8
32117,28249,102.85
32118,28250,102.9
32119,28251,102.95
32120,28252,103
32121,28252.95,103
32122,28253.9,103
32123,28254.85,103
32124,28255.8,103
32125,28256.75,103
32126,28257.7,103
32127,28258.65,103
32128,28259.6,103
32129,28260.55,103
32130,28261.5,103
32131,28262.45,103
32132,28263.4,103
32133,28264.35,103
32134,28265.3,103
32135,28266.25,103
32136,28267.2,103
32137,28268.15,103
32138,28269.1,103
32139,28270.05,103
32140,28271,103
32141,28272.05,102.95
32142,28273.1,102.9
32143,28274.15,102.85
32144,28275.2,102.8
32145,28276.25,102.75
32146,28277.3,102.7
32147,28278.35,102.65
32148,28279.4,102.6
32149,28280.45,102.55
32150,28281.5,102.5
32151,28282.55,102.45
32152,28283.6,102.4
32153,28284.65,102.35
32154,28285.7,102.3
32155,28286.75,102.25
32156,28287.8,102.2
32157,28288.85,102.15
32158,28289.9,102.1
32159,28290.95,102.05
32160,28292,102
32161,28293.05,101.8
32162,28294.1,101.6
32163,28295.15,101.4
32164,28296.2,101.2
32165,28297.25,101
32166,28298.3,100.8
32167,28299.35,100.6
32168,28300.4,100.4
32169,28301.45,100.2
32170,28302.5,100
32171,28303.55,99.8
32172,28304.6,99.6
32173,28305.65,99.4
32174,28306.7,99.2
32175,28307.75,99
32176,28308.8,98.8
32177,28309.85,98.6
32178,28310.9,98.4
32179,28311.95,98.2
32180,28313,98
32181,28314.1,97.85
32182,28315.2,97.7
32183,28316.3,97.55
32184,28317.4,97.4
32185,28318.5,97.25
32186,28319.6,97.1
32187,28320.7,96.95
32188,28321.8,96.8
32189,28322.9,96.65
32190,28324,96.5
32191,28325.1,96.35
32192,28326.2,96.2
32193,28327.3,96.05
32194,28328.4,95.9
32195,28329.5,95.75
32196,28330.6,95.6
32197,28331.7,95.45
32198,28332.8,95.3
32199,28333.9,95.15
32200,28335,95
32201,28336.05,94.9
32202,28337.1,94.8
32203,28338.15,94.7
32204,28339.2,94.6
32205,28340.25,94.5
32206,28341.3,94.4
32207,28342.35,94.3
32208,28343.4,94.2
32209,28344.45,94.1
32210,28345.5,94
32211,28346.55,93.9
32212,28347.6,93.8
32213,28348.65,93.7
32214,28349.7,93.6
32215,28350.75,93.5
32216,28351.8,93.4
32217,28352.85,93.3
32218,28353.9,93.2
32219,28354.95,93.1
32220,28356,93
32221,28356.95,92.95
32222,28357.9,92.9
32223,28358.85,92.85
32224,28359.8,92.8
32225,28360.75,92.75
32226,28361.7,92.7
32227,28362.65,92.65
32228,28363.6,92.6
32229,28364.55,92.55
32230,28365.5,92.5
32231,28366.45,92.45
32232,28367.4,92.4
32233,28368.35,92.35
32234,28369.3,92.3
32235,28370.25,92.25
32236,28371.2,92.2
32237,28372.15,92.15
32238,28373.1,92.1
32239,28374.05,92.05
32240,28375,92
32241,28375.95,92
32242,28376.9,92
32243,28377.85,92
32244,28378.8,92
32245,28379.75,92
32246,28380.7,92
32247,28381.65,92
32248,28382.6,92
32249,28383.55,92
32250,28384.5,92
32251,28385.45,92
32252,28386.4,92
32253,28387.35,92
32254,28388.3,92
32255,28389.25,92
32256,28390.2,92
32257,28391.15,92
32258,28392.1,92
32259,28393.05,92
32260,28394,92
32261,28394.8,92.05
32262,28395.6,92.1
32263,28396.4,92.15
32264,28397.2,92.2
32265,28398,92.25
32266,28398.8,92.3
32267,28399.6,92.35
32268,28400.4,92.4
32269,28401.2,92.45
32270,28402,92.5
32271,28402.8,92.55
32272,28403.6,92.6
32273,28404.4,92.65
32274,28405.2,92.7
32275,28406,92.75
32276,28406.8,92.8
32277,28407.6,92.85
32278,28408.4,92.9
32279,28409.2,92.95
32280,28410,93
32281,28410.65,93.05
32282,28411.3,93.1
32283,28411.95,93.15
32284,28412.6,93.2
32285,28413.25,93.25
32286,28413.9,93.3
32287,28414.55,93.35
32288,28415.2,93.4
32289,28415.85,93.45
32290,28416.5,93.5
32291,28417.15,93.55
32292,28417.8,93.6
32293,28418.45,93.65
32294,28419.1,93.7
32295,28419.75,93.75
32296,28420.4,93.8
32297,28421.05,93.85
32298,28421.7,93.9
32299,28422.35,93.95
32300,28423,94
32301,28423.5,94
32302,28424,94
32303,28424.5,94
32304,28425,94
32305,28425.5,94
32306,28426,94
32307,28426.5,94
32308,28427,94
32309,28427.5,94
32310,28428,94
32311,28428.5,94
32312,28429,94
32313,28429.5,94
32314,28430,94
32315,28430.5,94
32316,28431,94
32317,28431.5,94
32318,28432,94
32319,28432.5,94
32320,28433,94
32321,28433.35,94.05
32322,28433.7,94.1
32323,28434.05,94.15
32324,28434.4,94.2
32325,28434.75,94.25
32326,28435.1,94.3
32327,28435.45,94.35
32328,28435.8,94.4
32329,28436.15,94.45
32330,28436.5,94.5
32331,28436.85,94.55
32332,28437.2,94.6
32333,28437.55,94.65
32334,28437.9,94.7
32335,28438.25,94.75
32336,28438.6,94.8
32337,28438.95,94.85
32338,28439.3,94.9
32339,28439.65,94.95
32340,28440,95
32341,28440.3,95.1
32342,28440.6,95.2
32343,28440.9,95.3
32344,28441.2,95.4
32345,28441.5,95.5
32346,28441.8,95.6
32347,28442.1,95.7
32348,28442.4,95.8
32349,28442.7,95.9
32350,28443,96
32351,28443.3,96.1
32352,28443.6,96.2
32353,28443.9,96.3
32354,28444.2,96.4
32355,28444.5,96.5
32356,28444.8,96.6
32357,28445.1,96.7
32358,28445.4,96.8
32359,28445.7,96.9
32360,28446,97
32361,28446.15,97.2
32362,28446.3,97.4
32363,28446.45,97.6
32364,28446.6,97.8
32365,28446.75,98
32366,28446.9,98.2
32367,28447.05,98.4
32368,28447.2,98.6
32369,28447.35,98.8
32370,28447.5,99
32371,28447.65,99.2
32372,28447.8,99.4
32373,28447.95,99.6
32374,28448.1,99.8
32375,28448.25,100
32376,28448.4,100.2
32377,28448.55,100.4
32378,28448.7,100.6
32379,28448.85,100.8
32380,28449,101
32381,28449.05,101.2
32382,28449.1,101.4
32383,28449.15,101.6
32384,28449.2,101.8
32385,28449.25,102
32386,28449.3,102.2
32387,28449.35,102.4
32388,28449.4,102.6
32389,28449.45,102.8
32390,28449.5,103
32391,28449.55,103.2
32392,28449.6,103.4
32393,28449.65,103.6
32394,28449.7,103.8
32395,28449.75,104
32396,28449.8,104.2
32397,28449.85,104.4
32398,28449.9,104.6
32399,28449.95,104.8
32400,28450,105
32401,28450,105.15
32402,28450,105.3
32403,28450,105.45
32404,28450,105.6
32405,28450,105.75
32406,28450,105.9
32407,28450,106.05
32408,28450,106.2
32409,28450,106.35
32410,28450,106.5
32411,28450,106.65
32412,28450,106.8
32413,28450,106.95
32414,28450,107.1
32415,28450,107.25
32416,28450,107.4
32417,28450,107.55
32418,28450,107.7
32419,28450,107.85
32420,28450,108
32421,28449.95,108.15
32422,28449.9,108.3
32423,28449.85,108.45
32424,28449.8,108.6
32425,28449.75,108.75
32426,28449.7,108.9
32427,28449.65,109.05
32428,28449.6,109.2
32429,28449.55,109.35
32430,28449.5,109.5
32431,28449.45,109.65
32432,28449.4,109.8
32433,28449.35,109.95
32434,28449.3,110.1
32435,28449.25,110.25
32436,28449.2,110.4
32437,28449.15,110.55
32438,28449.1,110.7
32439,28449.05,110.85
32440,28449,111
32441,28448.9,111.05
32442,28448.8,111.1
32443,28448.7,111.15
32444,28448.6,111.2
32445,28448.5,111.25
32446,28448.4,111.3
32447,28448.3,111.35
32448,28448.2,111.4
32449,28448.1,111.45
32450,28448,111.5
32451,28447.9,111.55
32452,28447.8,111.6
32453,28447.7,111.65
32454,28447.6,111.7
32455,28447.5,111.75
32456,28447.4,111.8
32457,28447.3,111.85
32458,28447.2,111.9
32459,28447.1,111.95
32460,28447,112
32461,28446.8,112.1
32462,28446.6,112.2
32463,28446.4,112.3
32464,28446.2,112.4
32465,28446,112.5
32466,28445.8,112.6
32467,28445.6,112.7
32468,28445.4,112.8
32469,28445.2,112.9
32470,28445,113
32471,28444.8,113.1
32472,28444.6,113.2
32473,28444.4,113.3
32474,28444.2,113.4
32475,28444,113.5
32476,28443.8,113.6
32477,28443.6,113.7
32478,28443.4,113.8
32479,28443.2,113.9
32480,28443,114
32481,28442.8,114.1
32482,28442.6,114.2
32483,28442.4,114.3
32484,28442.2,114.4
32485,28442,114.5
32486,28441.8,114.6
32487,28441.6,114.7
32488,28441.4,114.8
32489,28441.2,114.9
32490,28441,115
32491,28440.8,115.1
32492,28440.6,115.2
32493,28440.4,115.3
32494,28440.2,115.4
32495,28440,115.5
32496,28439.8,115.6
32497,28439.6,115.7
32498,28439.4,115.8
32499,28439.2,115.9
32500,28439,116
32501,28438.65,116.1
32502,28438.3,116.2
32503,28437.95,116.3
32504,28437.6,116.4
32505,28437.25,116.5
32506,28436.9,116.6
32507,28436.55,116.7
32508,28436.2,116.8
32509,28435.85,116.9
32510,28435.5,117
32511,28435.15,117.1
32512,28434.8,117.2
32513,28434.45,117.3
32514,28434.1,117.4
32515,28433.75,117.5
32516,28433.4,117.6
32517,28433.05,117.7
32518,28432.7,117.8
32519,28432.35,117.9
32520,28432,118
32521,28431.55,118.1
32522,28431.1,118.2
32523,28430.65,118.3
32524,28430.2,118.4
32525,28429.75,118.5
32526,28429.3,118.6
32527,28428.85,118.7
32528,28428.4,118.8
32529,28427.95,118.9
32530,28427.5,119
32531,28427.05,119.1
32532,28426.6,119.2
32533,28426.15,119.3
32534,28425.7,119.4
32535,28425.25,119.5
32536,28424.8,119.6
32537,28424.35,119.7
32538,28423.9,119.8
32539,28423.45,119.9
32540,28423,120
32541,28422.55,120.05
32542,28422.1,120.1
32543,28421.65,120.15
32544,28421.2,120.2
32545,28420.75,120.25
32546,28420.3,120.3
32547,28419.85,120.35
32548,28419.4,120.4
32549,28418.95,120.45
32550,28418.5,120.5
32551,28418.05,120.55
32552,28417.6,120.6
32553,28417.15,120.65
32554,28416.7,120.7
32555,28416.25,120.75
32556,28415.8,120.8
32557,28415.35,120.85
32558,28414.9,120.9
32559,28414.45,120.95
32560,28414,121
32561,28413.5,121.05
32562,28413,121.1
32563,28412.5,121.15
32564,28412,121.2
32565,28411.5,121.25
32566,28411,121.3
32567,28410.5,121.35
32568,28410,121.4
32569,28409.5,121.45
32570,28409,121.5
32571,28408.5,121.55
32572,28408,121.6
32573,28407.5,121.65
32574,28407,121.7
32575,28406.5,121.75
32576,28406,121.8
32577,28405.5,121.85
32578,28405,121.9
32579,28404.5,121.95
32580,28404,122
32581,28403.5,122.1
32582,28403,122.2
32583,28402.5,122.3
32584,28402,122.4
32585,28401.5,122.5
32586,28401,122.6
32587,28400.5,122.7
32588,28400,122.8
32589,28399.5,122.9
32590,28399,123
32591,28398.5,123.1
32592,28398,123.2
32593,28397.5,123.3
32594,28397,123.4
32595,28396.5,123.5
32596,28396,123.6
32597,28395.5,123.7
32598,28395,123.8
32599,28394.5,123.9
32600,28394,124
32601,28393.6,124.1
32602,28393.2,124.2
32603,28392.8,124.3
32604,28392.4,124.4
32605,28392,124.5
32606,28391.6,124.6
32607,28391.2,124.7
32608,28390.8,124.8
32609,28390.4,124.9
32610,28390,125
32611,28389.6,125.1
32612,28389.2,125.2
32613,28388.8,125.3
32614,28388.4,125.4
32615,28388,125.5
32616,28387.6,125.6
32617,28387.2,125.7
32618,28386.8,125.8
32619,28386.4,125.9
32620,28386,126
32621,28385.65,126.05
32622,28385.3,126.1
32623,28384.95,126.15
32624,28384.6,126.2
32625,28384.25,126.25
32626,28383.9,126.3
32627,28383.55,126.35
32628,28383.2,126.4
32629,28382.85,126.45
32630,28382.5,126.5
32631,28382.15,126.55
32632,28381.8,126.6
32633,28381.45,126.65
32634,28381.1,126.7
32635,28380.75,126.75
32636,28380.4,126.8
32637,28380.05,126.85
32638,28379.7,126.9
32639,28379.35,126.95
32640,28379,127
32641,28378.8,126.95
32642,28378.6,126.9
32643,28378.4,126.85
32644,28378.2,126.8
32645,28378,126.75
32646,28377.8,126.7
32647,28377.6,126.65
32648,28377.4,126.6
32649,28377.2,126.55
32650,28377,126.5
32651,28376.8,126.45
32652,28376.6,126.4
32653,28376.4,126.35
32654,28376.2,126.3
32655,28376,126.25
32656,28375.8,126.2
32657,28375.6,126.15
32658,28375.4,126.1
32659,28375.2,126.05
32660,28375,126
32661,28374.95,126
32662,28374.9,126
32663,28374.85,126
32664,28374.8,126
32665,28374.75,126
32666,28374.7,126
32667,28374.65,126
32668,28374.6,126
32669,28374.55,126
32670,28374.5,126
32671,28374.45,126
32672,28374.4,126
32673,28374.35,126
32674,28374.3,126
32675,28374.25,126
32676,28374.2,126
32677,28374.15,126
32678,28374.1,126
32679,28374.05,126
32680,28374,126
32681,28374,126
32682,28374,126
32683,28374,126
32684,28374,126
32685,28374,126
32686,28374,126
32687,28374,126
32688,28374,126
32689,28374,126
32690,28374,126
32691,28374,126
32692,28374,126
32693,28374,126
32694,28374,126
32695,28374,126
32696,28374,126
32697,28374,126
32698,28374,126
32699,28374,126
32700,28374,126
32701,28374.15,126
32702,28374.3,126
32703,28374.45,126
32704,28374.6,126
32705,28374.75,126
32706,28374.9,126
32707,28375.05,126
32708,28375.2,126
32709,28375.35,126
32710,28375.5,126
32711,28375.65,126
32712,28375.8,126
32713,28375.95,126
32714,28376.1,126
32715,28376.25,126
32716,28376.4,126
32717,28376.55,126
32718,28376.7,126
32719,28376.85,126
32720,28377,126
32721,28377.25,126
32722,28377.5,126
32723,28377.75,126
32724,28378,126
32725,28378.25,126
32726,28378.5,126
32727,28378.75,126
32728,28379,126
32729,28379.25,126
32730,28379.5,126
32731,28379.75,126
32732,28380,126
32733,28380.25,126
32734,28380.5,126
32735,28380.75,126
32736,28381,126
32737,28381.25,126
32738,28381.5,126
32739,28381.75,126
32740,28382,126
32741,28382.35,125.95
32742,28382.7,125.9
32743,28383.05,125.85
32744,28383.4,125.8
32745,28383.75,125.75
32746,28384.1,125.7
32747,28384.45,125.65
32748,28384.8,125.6
32749,28385.15,125.55
32750,28385.5,125.5
32751,28385.85,125.45
32752,28386.2,125.4
32753,28386.55,125.35
32754,28386.9,125.3
32755,28387.25,125.25
32756,28387.6,125.2
32757,28387.95,125.15
32758,28388.3,125.1
32759,28388.65,125.05
32760,28389,125
32761,28389.45,124.85
32762,28389.9,124.7
32763,28390.35,124.55
32764,28390.8,124.4
32765,28391.25,124.25
32766,28391.7,124.1
32767,28392.15,123.95
32768,28392.6,123.8
32769,28393.05,123.65
32770,28393.5,123.5
32771,28393.95,123.35
32772,28394.4,123.2
32773,28394.85,123.05
32774,28395.3,122.9
32775,28395.75,122.75
32776,28396.2,122.6
32777,28396.65,122.45
32778,28397.1,122.3
32779,28397.55,122.15
32780,28398,122
32781,28398.55,121.8
32782,28399.1,121.6
32783,28399.65,121.4
32784,28400.2,121.2
32785,28400.75,121
32786,28401.3,120.8
32787,28401.85,120.6
32788,28402.4,120.4
32789,28402.95,120.2
32790,28403.5,120
32791,28404.05,119.8
32792,28404.6,119.6
32793,28405.15,119.4
32794,28405.7,119.2
32795,28406.25,119
32796,28406.8,118.8
32797,28407.35,118.6
32798,28407.9,118.4
32799,28408.45,118.2
32800,28409,118
32801,28409.7,117.8
32802,28410.4,117.6
32803,28411.1,117.4
32804,28411.8,117.2
32805,28412.5,117
32806,28413.2,116.8
32807,28413.9,116.6
32808,28414.6,116.4
32809,28415.3,116.2
32810,28416,116
32811,28416.7,115.8
32812,28417.4,115.6
32813,28418.1,115.4
32814,28418.8,115.2
32815,28419.5,115
32816,28420.2,114.8
32817,28420.9,114.6
32818,28421.6,114.4
32819,28422.3,114.2
32820,28423,114
32821,28423.7,113.8
32822,28424.4,113.6
32823,28425.1,113.4
32824,28425.8,113.2
32825,28426.5,113
32826,28427.2,112.8
32827,28427.9,112.6
32828,28428.6,112.4
32829,28429.3,112.2
32830,28430,112
32831,28430.7,111.8
32832,28431.4,111.6
32833,28432.1,111.4
32834,28432.8,111.2
32835,28433.5,111
32836,28434.2,110.8
32837,28434.9,110.6
32838,28435.6,110.4
32839,28436.3,110.2
32840,28437,110
32841,28437.8,109.9
32842,28438.6,109.8
32843,28439.4,109.7
32844,28440.2,109.6
32845,28441,109.5
32846,28441.8,109.4
32847,28442.6,109.3
32848,28443.4,109.2
32849,28444.2,109.1
32850,28445,109
32851,28445.8,108.9
32852,28446.6,108.8
32853,28447.4,108.7
32854,28448.2,108.6
32855,28449,108.5
32856,28449.8,108.4
32857,28450.6,108.3
32858,28451.4,108.2
32859,28452.2,108.1
32860,28453,108
32861,28453.8,107.95
32862,28454.6,107.9
32863,28455.4,107.85
32864,28456.2,107.8
32865,28457,107.75
32866,28457.8,107.7
32867,28458.6,107.65
32868,28459.4,107.6
32869,28460.2,107.55
32870,28461,107.5
32871,28461.8,107.45
32872,28462.6,107.4
32873,28463.4,107.35
32874,28464.2,107.3
32875,28465,107.25
32876,28465.8,107.2
32877,28466.6,107.15
32878,28467.4,107.1
32879,28468.2,107.05
32880,28469,107
32881,28469.85,106.95
32882,28470.7,106.9
32883,28471.55,106.85
32884,28472.4,106.8
32885,28473.25,106.75
32886,28474.1,106.7
32887,28474.95,106.65
32888,28475.8,106.6
32889,28476.65,106.55
32890,28477.5,106.5
32891,28478.35,106.45
32892,28479.2,106.4
32893,28480.05,106.35
32894,28480.9,106.3
32895,28481.75,106.25
32896,28482.6,106.2
32897,28483.45,106.15
32898,28484.3,106.1
32899,28485.15,106.05
32900,28486,106
32901,28486.9,105.95
32902,28487.8,105.9
32903,28488.7,105.85
32904,28489.6,105.8
32905,28490.5,105.75
32906,28491.4,105.7
32907,28492.3,105.65
32908,28493.2,105.6
32909,28494.1,105.55
32910,28495,105.5
32911,28495.9,105.45
32912,28496.8,105.4
32913,28497.7,105.35
32914,28498.6,105.3
32915,28499.5,105.25
32916,28500.4,105.2
32917,28501.3,105.15
32918,28502.2,105.1
32919,28503.1,105.05
32920,28504,105
32921,28504.85,104.85
32922,28505.7,104.7
32923,28506.55,104.55
32924,28507.4,104.4
32925,28508.25,104.25
32926,28509.1,104.1
32927,28509.95,103.95
32928,28510.8,103.8
32929,28511.65,103.65
32930,28512.5,103.5
32931,28513.35,103.35
32932,28514.2,103.2
32933,28515.05,103.05
32934,28515.9,102.9
32935,28516.75,102.75
32936,28517.6,102.6
32937,28518.45,102.45
32938,28519.3,102.3
32939,28520.15,102.15
32940,28521,102
32941,28521.9,101.9
32942,28522.8,101.8
32943,28523.7,101.7
32944,28524.6,101.6
32945,28525.5,101.5
32946,28526.4,101.4
32947,28527.3,101.3
32948,28528.2,101.2
32949,28529.1,101.1
32950,28530,101
32951,28530.9,100.9
32952,28531.8,100.8
32953,28532.7,100.7
32954,28533.6,100.6
32955,28534.5,100.5
32956,28535.4,100.4
32957,28536.3,100.3
32958,28537.2,100.2
32959,28538.1,100.1
32960,28539,100
32961,28539.9,99.85
32962,28540.8,99.7
32963,28541.7,99.55
32964,28542.6,99.4
32965,28543.5,99.25
32966,28544.4,99.1
32967,28545.3,98.95
32968,28546.2,98.8
32969,28547.1,98.65
32970,28548,98.5
32971,28548.9,98.35
32972,28549.8,98.2
32973,28550.7,98.05
32974,28551.6,97.9
32975,28552.5,97.75
32976,28553.4,97.6
32977,28554.3,97.45
32978,28555.2,97.3
32979,28556.1,97.15
32980,28557,97
32981,28557.9,96.95
32982,28558.8,96.9
32983,28559.7,96.85
32984,28560.6,96.8
32985,28561.5,96.75
32986,28562.4,96.7
32987,28563.3,96.65
32988,28564.2,96.6
32989,28565.1,96.55
32990,28566,96.5
32991,28566.9,96.45
32992,28567.8,96.4
32993,28568.7,96.35
32994,28569.6,96.3
32995,28570.5,96.25
32996,28571.4,96.2
32997,28572.3,96.15
32998,28573.2,96.1
32999,28574.1,96.05
33000,28575,96
33001,28576,95.95
33002,28577,95.9
33003,28578,95.85
33004,28579,95.8
33005,28580,95.75
33006,28581,95.7
33007,28582,95.65
33008,28583,95.6
33009,28584,95.55
33010,28585,95.5
33011,28586,95.45
33012,28587,95.4
33013,28588,95.35
33014,28589,95.3
33015,28590,95.25
33016,28591,95.2
33017,28592,95.15
33018,28593,95.1
33019,28594,95.05
33020,28595,95
33021,28595.95,95
33022,28596.9,95
33023,28597.85,95
33024,28598.8,95
33025,28599.75,95
33026,28600.7,95
33027,28601.65,95
33028,28602.6,95
33029,28603.55,95
33030,28604.5,95
33031,28605.45,95
33032,28606.4,95
33033,28607.35,95
33034,28608.3,95
33035,28609.25,95
33036,28610.2,95
33037,28611.15,95
33038,28612.1,95
33039,28613.05,95
33040,28614,95
33041,28615,95
33042,28616,95
33043,28617,95
33044,28618,95
33045,28619,95
33046,28620,95
33047,28621,95
33048,28622,95
33049,28623,95
33050,28624,95
33051,28625,95
33052,28626,95
33053,28627,95
33054,28628,95
33055,28629,95
33056,28630,95
33057,28631,95
33058,28632,95
33059,28633,95
33060,28634,95
33061,28635,95
33062,28636,95
33063,28637,95
33064,28638,95
33065,28639,95
33066,28640,95
33067,28641,95
33068,28642,95
33069,28643,95
33070,28644,95
33071,28645,95
33072,28646,95
33073,28647,95
33074,28648,95
33075,28649,95
33076,28650,95
33077,28651,95
33078,28652,95
33079,28653,95
33080,28654,95
33081,28655.1,94.9
33082,28656.2,94.8
33083,28657.3,94.7
33084,28658.4,94.6
33085,28659.5,94.5
33086,28660.6,94.4
33087,28661.7,94.3
33088,28662.8,94.2
33089,28663.9,94.1
33090,28665,94
33091,28666.1,93.9
33092,28667.2,93.8
33093,28668.3,93.7
33094,28669.4,93.6
33095,28670.5,93.5
33096,28671.6,93.4
33097,28672.7,93.3
33098,28673.8,93.2
33099,28674.9,93.1
33100,28676,93
33101,28677.05,92.95
33102,28678.1,92.9
33103,28679.15,92.85
33104,28680.2,92.8
33105,28681.25,92.75
33106,28682.3,92.7
33107,28683.35,92.65
33108,28684.4,92.6
33109,28685.45,92.55
33110,28686.5,92.5
33111,28687.55,92.45
33112,28688.6,92.4
33113,28689.65,92.35
33114,28690.7,92.3
33115,28691.75,92.25
33116,28692.8,92.2
33117,28693.85,92.15
33118,28694.9,92.1
33119,28695.95,92.05
33120,28697,92
33121,28698.1,92
33122,28699.2,92
33123,28700.3,92
33124,28701.4,92
33125,28702.5,92
33126,28703.6,92
33127,28704.7,92
33128,28705.8,92
33129,28706.9,92
33130,28708,92
33131,28709.1,92
33132,28710.2,92
33133,28711.3,92
33134,28712.4,92
33135,28713.5,92
33136,28714.6,92
33137,28715.7,92
33138,28716.8,92
33139,28717.9,92
33140,28719,92
33141,28720.1,92
33142,28721.2,92
33143,28722.3,92
33144,28723.4,92
33145,28724.5,92
33146,28725.6,92
33147,28726.7,92
33148,28727.8,92
33149,28728.9,92
33150,28730,92
33151,28731.1,92
33152,28732.2,92
33153,28733.3,92
33154,28734.4,92
33155,28735.5,92
33156,28736.6,92
33157,28737.7,92
33158,28738.8,92
33159,28739.9,92
33160,28741,92
33161,28742.1,92.05
33162,28743.2,92.1
33163,28744.3,92.15
33164,28745.4,92.2
33165,28746.5,92.25
33166,28747.6,92.3
33167,28748.7,92.35
33168,28749.8,92.4
33169,28750.9,92.45
33170,28752,92.5
33171,28753.1,92.55
33172,28754.2,92.6
33173,28755.3,92.65
33174,28756.4,92.7
33175,28757.5,92.75
33176,28758.6,92.8
33177,28759.7,92.85
33178,28760.8,92.9
33179,28761.9,92.95
33180,28763,93
33181,28764.1,93.05
33182,28765.2,93.1
33183,28766.3,93.15
33184,28767.4,93.2
33185,28768.5,93.25
33186,28769.6,93.3
33187,28770.7,93.35
33188,28771.8,93.4
33189,28772.9,93.45
33190,28774,93.5
33191,28775.1,93.55
33192,28776.2,93.6
33193,28777.3,93.65
33194,28778.4,93.7
33195,28779.5,93.75
33196,28780.6,93.8
33197,28781.7,93.85
33198,28782.8,93.9
33199,28783.9,93.95
33200,28785,94
33201,28786.1,93.95
33202,28787.2,93.9
33203,28788.3,93.85
33204,28789.4,93.8
33205,28790.5,93.75
33206,28791.6,93.7
33207,28792.7,93.65
33208,28793.8,93.6
33209,28794.9,93.55
33210,28796,93.5
33211,28797.1,93.45
33212,28798.2,93.4
33213,28799.3,93.35
33214,28800.4,93.3
33215,28801.5,93.25
33216,28802.6,93.2
33217,28803.7,93.15
33218,28804.8,93.1
33219,28805.9,93.05
33220,28807,93
33221,28808.05,93
33222,28809.1,93
33223,28810.15,93
33224,28811.2,93
33225,28812.25,93
33226,28813.3,93
33227,28814.35,93
33228,28815.4,93
33229,28816.45,93
33230,28817.5,93
33231,28818.55,93
33232,28819.6,93
33233,28820.65,93
33234,28821.7,93
33235,28822.75,93
33236,28823.8,93
33237,28824.85,93
33238,28825.9,93
33239,28826.95,93
33240,28828,93
33241,28829,92.95
33242,28830,92.9
33243,28831,92.85
33244,28832,92.8
33245,28833,92.75
33246,28834,92.7
33247,28835,92.65
33248,28836,92.6
33249,28837,92.55
33250,28838,92.5
33251,28839,92.45
33252,28840,92.4
33253,28841,92.35
33254,28842,92.3
33255,28843,92.25
33256,28844,92.2
33257,28845,92.15
33258,28846,92.1
33259,28847,92.05
33260,28848,92
33261,28849,91.95
33262,28850,91.9
33263,28851,91.85
33264,28852,91.8
33265,28853,91.75
33266,28854,91.7
33267,28855,91.65
33268,28856,91.6
33269,28857,91.55
33270,28858,91.5
33271,28859,91.45
33272,28860,91.4
33273,28861,91.35
33274,28862,91.3
33275,28863,91.25
33276,28864,91.2
33277,28865,91.15
33278,28866,91.1
33279,28867,91.05
33280,28868,91
33281,28868.9,91
33282,28869.8,91
33283,28870.7,91
33284,28871.6,91
33285,28872.5,91
33286,28873.4,91
33287,28874.3,91
33288,28875.2,91
33289,28876.1,91
33290,28877,91
33291,28877.9,91
33292,28878.8,91
33293,28879.7,91
33294,28880.6,91
33295,28881.5,91
33296,28882.4,91
33297,28883.3,91
33298,28884.2,91
33299,28885.1,91
33300,28886,91
33301,28886.8,91
33302,28887.6,91
33303,28888.4,91
33304,28889.2,91
33305,28890,91
33306,28890.8,91
33307,28891.6,91
33308,28892.4,91
33309,28893.2,91
33310,28894,91
33311,28894.8,91
33312,28895.6,91
33313,28896.4,91
33314,28897.2,91
33315,28898,91
33316,28898.8,91
33317,28899.6,91
33318,28900.4,91
33319,28901.2,91
33320,28902,91
33321,28902.75,91
33322,28903.5,91
33323,28904.25,91
33324,28905,91
33325,28905.75,91
33326,28906.5,91
33327,28907.25,91
33328,28908,91
33329,28908.75,91
33330,28909.5,91
33331,28910.25,91
33332,28911,91
33333,28911.75,91
33334,28912.5,91
33335,28913.25,91
33336,28914,91
33337,28914.75,91
33338,28915.5,91
33339,28916.25,91
33340,28917,91
33341,28917.7,91.05
33342,28918.4,91.1
33343,28919.1,91.15
33344,28919.8,91.2
33345,28920.5,91.25
33346,28921.2,91.3
33347,28921.9,91.35
33348,28922.6,91.4
33349,28923.3,91.45
33350,28924,91.5
33351,28924.7,91.55
33352,28925.4,91.6
33353,28926.1,91.65
33354,28926.8,91.7
33355,28927.5,91.75
33356,28928.2,91.8
33357,28928.9,91.85
33358,28929.6,91.9
33359,28930.3,91.95
33360,28931,92
33361,28931.6,92.05
33362,28932.2,92.1
33363,28932.8,92.15
33364,28933.4,92.2
33365,28934,92.25
33366,28934.6,92.3
33367,28935.2,92.35
33368,28935.8,92.4
33369,28936.4,92.45
33370,28937,92.5
33371,28937.6,92.55
33372,28938.2,92.6
33373,28938.8,92.65
33374,28939.4,92.7
33375,28940,92.75
33376,28940.6,92.8
33377,28941.2,92.85
33378,28941.8,92.9
33379,28942.4,92.95
33380,28943,93
33381,28943.5,93.15
33382,28944,93.3
33383,28944.5,93.45
33384,28945,93.6
33385,28945.5,93.75
33386,28946,93.9
33387,28946.5,94.05
33388,28947,94.2
33389,28947.5,94.35
33390,28948,94.5
33391,28948.5,94.65
33392,28949,94.8
33393,28949.5,94.95
33394,28950,95.1
33395,28950.5,95.25
33396,28951,95.4
33397,28951.5,95.55
33398,28952,95.7
33399,28952.5,95.85
33400,28953,96
33401,28953.4,96.2
33402,28953.8,96.4
33403,28954.2,96.6
33404,28954.6,96.8
33405,28955,97
33406,28955.4,97.2
33407,28955.8,97.4
33408,28956.2,97.6
33409,28956.6,97.8
33410,28957,98
33411,28957.4,98.2
33412,28957.8,98.4
33413,28958.2,98.6
33414,28958.6,98.8
33415,28959,99
33416,28959.4,99.2
33417,28959.8,99.4
33418,28960.2,99.6
33419,28960.6,99.8
33420,28961,100
33421,28961.35,100.1
33422,28961.7,100.2
33423,28962.05,100.3
33424,28962.4,100.4
33425,28962.75,100.5
33426,28963.1,100.6
33427,28963.45,100.7
33428,28963.8,100.8
33429,28964.15,100.9
33430,28964.5,101
33431,28964.85,101.1
33432,28965.2,101.2
33433,28965.55,101.3
33434,28965.9,101.4
33435,28966.25,101.5
33436,28966.6,101.6
33437,28966.95,101.7
33438,28967.3,101.8
33439,28967.65,101.9
33440,28968,102
33441,28968.25,102.05
33442,28968.5,102.1
33443,28968.75,102.15
33444,28969,102.2
33445,28969.25,102.25
33446,28969.5,102.3
33447,28969.75,102.35
33448,28970,102.4
33449,28970.25,102.45
33450,28970.5,102.5
33451,28970.75,102.55
33452,28971,102.6
33453,28971.25,102.65
33454,28971.5,102.7
33455,28971.75,102.75
33456,28972,102.8
33457,28972.25,102.85
33458,28972.5,102.9
33459,28972.75,102.95
33460,28973,103
33461,28973.2,103
33462,28973.4,103
33463,28973.6,103
33464,28973.8,103
33465,28974,103
33466,28974.2,103
33467,28974.4,103
33468,28974.6,103
33469,28974.8,103
33470,28975,103
33471,28975.2,103
33472,28975.4,103
33473,28975.6,103
33474,28975.8,103
33475,28976,103
33476,28976.2,103
33477,28976.4,103
33478,28976.6,103
33479,28976.8,103
33480,28977,103
33481,28977.15,102.95
33482,28977.3,102.9
33483,28977.45,102.85
33484,28977.6,102.8
33485,28977.75,102.75
33486,28977.9,102.7
33487,28978.05,102.65
33488,28978.2,102.6
33489,28978.35,102.55
33490,28978.5,102.5
33491,28978.65,102.45
33492,28978.8,102.4
33493,28978.95,102.35
33494,28979.1,102.3
33495,28979.25,102.25
33496,28979.4,102.2
33497,28979.55,102.15
33498,28979.7,102.1
33499,28979.85,102.05
33500,28980,102
33501,28980.15,101.95
33502,28980.3,101.9
33503,28980.45,101.85
33504,28980.6,101.8
33505,28980.75,101.75
33506,28980.9,101.7
33507,28981.05,101.65
33508,28981.2,101.6
33509,28981.35,101.55
33510,28981.5,101.5
33511,28981.65,101.45
33512,28981.8,101.4
33513,28981.95,101.35
33514,28982.1,101.3
33515,28982.25,101.25
33516,28982.4,101.2
33517,28982.55,101.15
33518,28982.7,101.1
33519,28982.85,101.05
33520,28983,101
33521,28983.25,101
33522,28983.5,101
33523,28983.75,101
33524,28984,101
33525,28984.25,101
33526,28984.5,101
33527,28984.75,101
33528,28985,101
33529,28985.25,101
33530,28985.5,101
33531,28985.75,101
33532,28986,101
33533,28986.25,101
33534,28986.5,101
33535,28986.75,101
33536,28987,101
33537,28987.25,101
33538,28987.5,101
33539,28987.75,101
33540,28988,101
33541,28988.3,101
33542,28988.6,101
33543,28988.9,101
33544,28989.2,101
33545,28989.5,101
33546,28989.8,101
33547,28990.1,101
33548,28990.4,101
33549,28990.7,101
33550,28991,101
33551,28991.3,101
33552,28991.6,101
33553,28991.9,101
33554,28992.2,101
33555,28992.5,101
33556,28992.8,101
33557,28993.1,101
33558,28993.4,101
33559,28993.7,101
33560,28994,101
33561,28994.35,101.05
33562,28994.7,101.1
33563,28995.05,101.15
33564,28995.4,101.2
33565,28995.75,101.25
33566,28996.1,101.3
33567,28996.45,101.35
33568,28996.8,101.4
33569,28997.15,101.45
33570,28997.5,101.5
33571,28997.85,101.55
33572,28998.2,101.6
33573,28998.55,101.65
33574,28998.9,101.7
33575,28999.25,101.75
33576,28999.6,101.8
33577,28999.95,101.85
33578,29000.3,101.9
33579,29000.65,101.95
33580,29001,102
33581,29001.5,102
33582,29002,102
33583,29002.5,102
33584,29003,102
33585,29003.5,102
33586,29004,102
33587,29004.5,102
33588,29005,102
33589,29005.5,102
33590,29006,102
33591,29006.5,102
33592,29007,102
33593,29007.5,102
33594,29008,102
33595,29008.5,102
33596,29009,102
33597,29009.5,102
33598,29010,102
33599,29010.5,102
33600,29011,102
33601,29011.65,102
33602,29012.3,102
33603,29012.95,102
33604,29013.6,102
33605,29014.25,102
33606,29014.9,102
33607,29015.55,102
33608,29016.2,102
33609,29016.85,102
33610,29017.5,102
33611,29018.15,102
33612,29018.8,102
33613,29019.45,102
33614,29020.1,102
33615,29020.75,102
33616,29021.4,102
33617,29022.05,102
33618,29022.7,102
33619,29023.35,102
33620,29024,102
33621,29024.8,102
33622,29025.6,102
33623,29026.4,102
33624,29027.2,102
33625,29028,102
33626,29028.8,102
33627,29029.6,102
33628,29030.4,102
33629,29031.2,102
33630,29032,102
33631,29032.8,102
33632,29033.6,102
33633,29034.4,102
33634,29035.2,102
33635,29036,102
33636,29036.8,102
33637,29037.6,102
33638,29038.4,102
33639,29039.2,102
33640,29040,102
33641,29040.9,102
33642,29041.8,102
33643,29042.7,102
33644,29043.6,102
33645,29044.5,102
33646,29045.4,102
33647,29046.3,102
33648,29047.2,102
33649,29048.1,102
33650,29049,102
33651,29049.9,102
33652,29050.8,102
33653,29051.7,102
33654,29052.6,102
33655,29053.5,102
33656,29054.4,102
33657,29055.3,102
33658,29056.2,102
33659,29057.1,102
33660,29058,102
33661,29059,102.05
33662,29060,102.1
33663,29061,102.15
33664,29062,102.2
33665,29063,102.25
33666,29064,102.3
33667,29065,102.35
33668,29066,102.4
33669,29067,102.45
33670,29068,102.5
33671,29069,102.55
33672,29070,102.6
33673,29071,102.65
33674,29072,102.7
33675,29073,102.75
33676,29074,102.8
33677,29075,102.85
33678,29076,102.9
33679,29077,102.95
33680,29078,103
33681,29079,103.1
33682,29080,103.2
33683,29081,103.3
33684,29082,103.4
33685,29083,103.5
33686,29084,103.6
33687,29085,103.7
33688,29086,103.8
33689,29087,103.9
33690,29088,104
33691,29089,104.1
33692,29090,104.2
33693,29091,104.3
33694,29092,104.4
33695,29093,104.5
33696,29094,104.6
33697,29095,104.7
33698,29096,104.8
33699,29097,104.9
33700,29098,105
33701,29099.1,105.1
33702,29100.2,105.2
33703,29101.3,105.3
33704,29102.4,105.4
33705,29103.5,105.5
33706,29104.6,105.6
33707,29105.7,105.7
33708,29106.8,105.8
33709,29107.9,105.9
33710,29109,106
33711,29110.1,106.1
33712,29111.2,106.2
33713,29112.3,106.3
33714,29113.4,106.4
33715,29114.5,106.5
33716,29115.6,106.6
33717,29116.7,106.7
33718,29117.8,106.8
33719,29118.9,106.9
33720,29120,107
33721,29121.05,107
33722,29122.1,107
33723,29123.15,107
33724,29124.2,107
33725,29125.25,107
33726,29126.3,107
33727,29127.35,107
33728,29128.4,107
33729,29129.45,107
33730,29130.5,107
33731,29131.55,107
33732,29132.6,107
33733,29133.65,107
33734,29134.7,107
33735,29135.75,107
33736,29136.8,107
33737,29137.85,107
33738,29138.9,107
33739,29139.95,107
33740,29141,107
33741,29142,106.9
33742,29143,106.8
33743,29144,106.7
33744,29145,106.6
33745,29146,106.5
33746,29147,106.4
33747,29148,106.3
33748,29149,106.2
33749,29150,106.1
33750,29151,106
33751,29152,105.9
33752,29153,105.8
33753,29154,105.7
33754,29155,105.6
33755,29156,105.5
33756,29157,105.4
33757,29158,105.3
33758,29159,105.2
33759,29160,105.1
33760,29161,105
33761,29162,104.9
33762,29163,104.8
33763,29164,104.7
33764,29165,104.6
33765,29166,104.5
33766,29167,104.4
33767,29168,104.3
33768,29169,104.2
33769,29170,104.1
33770,29171,104
33771,29172,103.9
33772,29173,103.8
33773,29174,103.7
33774,29175,103.6
33775,29176,103.5
33776,29177,103.4
33777,29178,103.3
33778,29179,103.2
33779,29180,103.1
33780,29181,103
33781,29181.95,103
33782,29182.9,103
33783,29183.85,103
33784,29184.8,103
33785,29185.75,103
33786,29186.7,103
33787,29187.65,103
33788,29188.6,103
33789,29189.55,103
33790,29190.5,103
33791,29191.45,103
33792,29192.4,103
33793,29193.35,103
33794,29194.3,103
33795,29195.25,103
33796,29196.2,103
33797,29197.15,103
33798,29198.1,103
33799,29199.05,103
33800,29200,103
33801,29200.85,102.95
33802,29201.7,102.9
33803,29202.55,102.85
33804,29203.4,102.8
33805,29204.25,102.75
33806,29205.1,102.7
33807,29205.95,102.65
33808,29206.8,102.6
33809,29207.65,102.55
33810,29208.5,102.5
33811,29209.35,102.45
33812,29210.2,102.4
33813,29211.05,102.35
33814,29211.9,102.3
33815,29212.75,102.25
33816,29213.6,102.2
33817,29214.45,102.15
33818,29215.3,102.1
33819,29216.15,102.05
33820,29217,102
33821,29217.8,102
33822,29218.6,102
33823,29219.4,102
33824,29220.2,102
33825,29221,102
33826,29221.8,102
33827,29222.6,102
33828,29223.4,102
33829,29224.2,102
33830,29225,102
33831,29225.8,102
33832,29226.6,102
33833,29227.4,102
33834,29228.2,102
33835,29229,102
33836,29229.8,102
33837,29230.6,102
33838,29231.4,102
33839,29232.2,102
33840,29233,102
33841,29233.8,102
33842,29234.6,102
33843,29235.4,102
33844,29236.2,102
33845,29237,102
33846,29237.8,102
33847,29238.6,102
33848,29239.4,102
33849,29240.2,102
33850,29241,102
33851,29241.8,102
33852,29242.6,102
33853,29243.4,102
33854,29244.2,102
33855,29245,102
33856,29245.8,102
33857,29246.6,102
33858,29247.4,102
33859,29248.2,102
33860,29249,102
33861,29249.75,102.1
33862,29250.5,102.2
33863,29251.25,102.3
33864,29252,102.4
33865,29252.75,102.5
33866,29253.5,102.6
33867,29254.25,102.7
33868,29255,102.8
33869,29255.75,102.9
33870,29256.5,103
33871,29257.25,103.1
33872,29258,103.2
33873,29258.75,103.3
33874,29259.5,103.4
33875,29260.25,103.5
33876,29261,103.6
33877,29261.75,103.7
33878,29262.5,103.8
33879,29263.25,103.9
33880,29264,104
33881,29264.7,104.15
33882,29265.4,104.3
33883,29266.1,104.45
33884,29266.8,104.6
33885,29267.5,104.75
33886,29268.2,104.9
33887,29268.9,105.05
33888,29269.6,105.2
33889,29270.3,105.35
33890,29271,105.5
33891,29271.7,105.65
33892,29272.4,105.8
33893,29273.1,105.95
33894,29273.8,106.1
33895,29274.5,106.25
33896,29275.2,106.4
33897,29275.9,106.55
33898,29276.6,106.7
33899,29277.3,106.85
33900,29278,107
33901,29278.75,107.2
33902,29279.5,107.4
33903,29280.25,107.6
33904,29281,107.8
33905,29281.75,108
33906,29282.5,108.2
33907,29283.25,108.4
33908,29284,108.6
33909,29284.75,108.8
33910,29285.5,109
33911,29286.25,109.2
33912,29287,109.4
33913,29287.75,109.6
33914,29288.5,109.8
33915,29289.25,110
33916,29290,110.2
33917,29290.75,110.4
33918,29291.5,110.6
33919,29292.25,110.8
33920,29293,111
33921,29293.75,111.2
33922,29294.5,111.4
33923,29295.25,111.6
33924,29296,111.8
33925,29296.75,112
33926,29297.5,112.2
33927,29298.25,112.4
33928,29299,112.6
33929,29299.75,112.8
33930,29300.5,113
33931,29301.25,113.2
33932,29302,113.4
33933,29302.75,113.6
33934,29303.5,113.8
33935,29304.25,114
33936,29305,114.2
33937,29305.75,114.4
33938,29306.5,114.6
33939,29307.25,114.8
33940,29308,115
33941,29308.75,115.05
33942,29309.5,115.1
33943,29310.25,115.15
33944,29311,115.2
33945,29311.75,115.25
33946,29312.5,115.3
33947,29313.25,115.35
33948,29314,115.4
33949,29314.75,115.45
33950,29315.5,115.5
33951,29316.25,115.55
33952,29317,115.6
33953,29317.75,115.65
33954,29318.5,115.7
33955,29319.25,115.75
33956,29320,115.8
33957,29320.75,115.85
33958,29321.5,115.9
33959,29322.25,115.95
33960,29323,116
33961,29323.75,116
33962,29324.5,116
33963,29325.25,116
33964,29326,116
33965,29326.75,116
33966,29327.5,116
33967,29328.25,116
33968,29329,116
33969,29329.75,116
33970,29330.5,116
33971,29331.25,116
33972,29332,116
33973,29332.75,116
33974,29333.5,116
33975,29334.25,116
33976,29335,116
33977,29335.75,116
33978,29336.5,116
33979,29337.25,116
33980,29338,116
33981,29338.85,116
33982,29339.7,116
33983,29340.55,116
33984,29341.4,116
33985,29342.25,116
33986,29343.1,116
33987,29343.95,116
33988,29344.8,116
33989,29345.65,116
33990,29346.5,116
33991,29347.35,116
33992,29348.2,116
33993,29349.05,116
33994,29349.9,116
33995,29350.75,116
33996,29351.6,116
33997,29352.45,116
33998,29353.3,116
33999,29354.15,116
34000,29355,116
34001,29355.85,115.95
34002,29356.7,115.9
34003,29357.55,115.85
34004,29358.4,115.8
34005,29359.25,115.75
34006,29360.1,115.7
34007,29360.95,115.65
34008,29361.8,115.6
34009,29362.65,115.55
34010,29363.5,115.5
34011,29364.35,115.45
34012,29365.2,115.4
34013,29366.05,115.35
34014,29366.9,115.3
34015,29367.75,115.25
34016,29368.6,115.2
34017,29369.45,115.15
34018,29370.3,115.1
34019,29371.15,115.05
34020,29372,115
34021,29372.9,115
34022,29373.8,115
34023,29374.7,115
34024,29375.6,115
34025,29376.5,115
34026,29377.4,115
34027,29378.3,115
34028,29379.2,115
34029,29380.1,115
34030,29381,115
34031,29381.9,115
34032,29382.8,115
34033,29383.7,115
34034,29384.6,115
34035,29385.5,115
34036,29386.4,115
34037,29387.3,115
34038,29388.2,115
34039,29389.1,115
34040,29390,115
34041,29390.95,115.1
34042,29391.9,115.2
34043,29392.85,115.3
34044,29393.8,115.4
34045,29394.75,115.5
34046,29395.7,115.6
34047,29396.65,115.7
34048,29397.6,115.8
34049,29398.55,115.9
34050,29399.5,116
34051,29400.45,116.1
34052,29401.4,116.2
34053,29402.35,116.3
34054,29403.3,116.4
34055,29404.25,116.5
34056,29405.2,116.6
34057,29406.15,116.7
34058,29407.1,116.8
34059,29408.05,116.9
34060,29409,117
34061,29410,117.15
34062,29411,117.3
34063,29412,117.45
34064,29413,117.6
34065,29414,117.75
34066,29415,117.9
34067,29416,118.05
34068,29417,118.2
34069,29418,118.35
34070,29419,118.5
34071,29420,118.65
34072,29421,118.8
34073,29422,118.95
34074,29423,119.1
34075,29424,119.25
34076,29425,119.4
34077,29426,119.55
34078,29427,119.7
34079,29428,119.85
34080,29429,120
34081,29430.1,120.25
34082,29431.2,120.5
34083,29432.3,120.75
34084,29433.4,121
34085,29434.5,121.25
34086,29435.6,121.5
34087,29436.7,121.75
34088,29437.8,122
34089,29438.9,122.25
34090,29440,122.5
34091,29441.1,122.75
34092,29442.2,123
34093,29443.3,123.25
34094,29444.4,123.5
34095,29445.5,123.75
34096,29446.6,124
34097,29447.7,124.25
34098,29448.8,124.5
34099,29449.9,124.75
34100,29451,125
34101,29452.1,125.25
34102,29453.2,125.5
34103,29454.3,125.75
34104,29455.4,126
34105,29456.5,126.25
34106,29457.6,126.5
34107,29458.7,126.75
34108,29459.8,127
34109,29460.9,127.25
34110,29462,127.5
34111,29463.1,127.75
34112,29464.2,128
34113,29465.3,128.25
34114,29466.4,128.5
34115,29467.5,128.75
34116,29468.6,129
34117,29469.7,129.25
34118,29470.8,129.5
34119,29471.9,129.75
34120,29473,130
34121,29474.25,130.3
34122,29475.5,130.6
34123,29476.75,130.9
34124,29478,131.2
34125,29479.25,131.5
34126,29480.5,131.8
34127,29481.75,132.1
34128,29483,132.4
34129,29484.25,132.7
34130,29485.5,133
34131,29486.75,133.3
34132,29488,133.6
34133,29489.25,133.9
34134,29490.5,134.2
34135,29491.75,134.5
34136,29493,134.8
34137,29494.25,135.1
34138,29495.5,135.4
34139,29496.75,135.7
34140,29498,136
34141,29499.25,136.3
34142,29500.5,136.6
34143,29501.75,136.9
34144,29503,137.2
34145,29504.25,137.5
34146,29505.5,137.8
34147,29506.75,138.1
34148,29508,138.4
34149,29509.25,138.7
34150,29510.5,139
34151,29511.75,139.3
34152,29513,139.6
34153,29514.25,139.9
34154,29515.5,140.2
34155,29516.75,140.5
34156,29518,140.8
34157,29519.25,141.1
34158,29520.5,141.4
34159,29521.75,141.7
34160,29523,142
34161,29524.35,142.2
34162,29525.7,142.4
34163,29527.05,142.6
34164,29528.4,142.8
34165,29529.75,143
34166,29531.1,143.2
34167,29532.45,143.4
34168,29533.8,143.6
34169,29535.15,143.8
34170,29536.5,144
34171,29537.85,144.2
34172,29539.2,144.4
34173,29540.55,144.6
34174,29541.9,144.8
34175,29543.25,145
34176,29544.6,145.2
34177,29545.95,145.4
34178,29547.3,145.6
34179,29548.65,145.8
34180,29550,146
34181,29551.45,146.15
34182,29552.9,146.3
34183,29554.35,146.45
34184,29555.8,146.6
34185,29557.25,146.75
34186,29558.7,146.9
34187,29560.15,147.05
34188,29561.6,147.2
34189,29563.05,147.35
34190,29564.5,147.5
34191,29565.95,147.65
34192,29567.4,147.8
34193,29568.85,147.95
34194,29570.3,148.1
34195,29571.75,148.25
34196,29573.2,148.4
34197,29574.65,148.55
34198,29576.1,148.7
34199,29577.55,148.85
34200,29579,149
34201,29580.5,149.05
34202,29582,149.1
34203,29583.5,149.15
34204,29585,149.2
34205,29586.5,149.25
34206,29588,149.3
34207,29589.5,149.35
34208,29591,149.4
34209,29592.5,149.45
34210,29594,149.5
34211,29595.5,149.55
34212,29597,149.6
34213,29598.5,149.65
34214,29600,149.7
34215,29601.5,149.75
34216,29603,149.8
34217,29604.5,149.85
34218,29606,149.9
34219,29607.5,149.95
34220,29609,150
34221,29610.55,150.05
34222,29612.1,150.1
34223,29613.65,150.15
34224,29615.2,150.2
34225,29616.75,150.25
34226,29618.3,150.3
34227,29619.85,150.35
34228,29621.4,150.4
34229,29622.95,150.45
34230,29624.5,150.5
34231,29626.05,150.55
34232,29627.6,150.6
34233,29629.15,150.65
34234,29630.7,150.7
34235,29632.25,150.75
34236,29633.8,150.8
34237,29635.35,150.85
34238,29636.9,150.9
34239,29638.45,150.95
34240,29640,151
34241,29641.65,150.95
34242,29643.3,150.9
34243,29644.95,150.85
34244,29646.6,150.8
34245,29648.25,150.75
34246,29649.9,150.7
34247,29651.55,150.65
34248,29653.2,150.6
34249,29654.85,150.55
34250,29656.5,150.5
34251,29658.15,150.45
34252,29659.8,150.4
34253,29661.45,150.35
34254,29663.1,150.3
34255,29664.75,150.25
34256,29666.4,150.2
34257,29668.05,150.15
34258,29669.7,150.1
34259,29671.35,150.05
34260,29673,150
34261,29674.65,150
34262,29676.3,150
34263,29677.95,150
34264,29679.6,150
34265,29681.25,150
34266,29682.9,150
34267,29684.55,150
34268,29686.2,150
34269,29687.85,150
34270,29689.5,150
34271,29691.15,150
34272,29692.8,150
34273,29694.45,150
34274,29696.1,150
34275,29697.75,150
34276,29699.4,150
34277,29701.05,150
34278,29702.7,150
34279,29704.35,150
34280,29706,150
34281,29707.7,149.95
34282,29709.4,149.9
34283,29711.1,149.85
34284,29712.8,149.8
34285,29714.5,149.75
34286,29716.2,149.7
34287,29717.9,149.65
34288,29719.6,149.6
34289,29721.3,149.55
34290,29723,149.5
34291,29724.7,149.45
34292,29726.4,149.4
34293,29728.1,149.35
34294,29729.8,149.3
34295,29731.5,149.25
34296,29733.2,149.2
34297,29734.9,149.15
34298,29736.6,149.1
34299,29738.3,149.05
34300,29740,149
34301,29741.75,149
34302,29743.5,149
34303,29745.25,149
34304,29747,149
34305,29748.75,149
34306,29750.5,149
34307,29752.25,149
34308,29754,149
34309,29755.75,149
34310,29757.5,149
34311,29759.25,149
34312,29761,149
34313,29762.75,149
34314,29764.5,149
34315,29766.25,149
34316,29768,149
34317,29769.75,149
34318,29771.5,149
34319,29773.25,149
34320,29775,149
34321,29776.75,149
34322,29778.5,149
34323,29780.25,149
34324,29782,149
34325,29783.75,149
34326,29785.5,149
34327,29787.25,149
34328,29789,149
34329,29790.75,149
34330,29792.5,149
34331,29794.25,149
34332,29796,149
34333,29797.75,149
34334,29799.5,149
34335,29801.25,149
34336,29803,149
34337,29804.75,149
34338,29806.5,149
34339,29808.25,149
34340,29810,149
34341,29811.8,148.95
34342,29813.6,148.9
34343,29815.4,148.85
34344,29817.2,148.8
34345,29819,148.75
34346,29820.8,148.7
34347,29822.6,148.65
34348,29824.4,148.6
34349,29826.2,148.55
34350,29828,148.5
34351,29829.8,148.45
34352,29831.6,148.4
34353,29833.4,148.35
34354,29835.2,148.3
34355,29837,148.25
34356,29838.8,148.2
34357,29840.6,148.15
34358,29842.4,148.1
34359,29844.2,148.05
34360,29846,148
34361,29847.75,147.95
34362,29849.5,147.9
34363,29851.25,147.85
34364,29853,147.8
34365,29854.75,147.75
34366,29856.5,147.7
34367,29858.25,147.65
34368,29860,147.6
34369,29861.75,147.55
34370,29863.5,147.5
34371,29865.25,147.45
34372,29867,147.4
34373,29868.75,147.35
34374,29870.5,147.3
34375,29872.25,147.25
34376,29874,147.2
34377,29875.75,147.15
34378,29877.5,147.1
34379,29879.25,147.05
34380,29881,147
34381,29882.75,146.95
34382,29884.5,146.9
34383,29886.25,146.85
34384,29888,146.8
34385,29889.75,146.75
34386,29891.5,146.7
34387,29893.25,146.65
34388,29895,146.6
34389,29896.75,146.55
34390,29898.5,146.5
34391,29900.25,146.45
34392,29902,146.4
34393,29903.75,146.35
34394,29905.5,146.3
34395,29907.25,146.25
34396,29909,146.2
34397,29910.75,146.15
34398,29912.5,146.1
34399,29914.25,146.05
34400,29916,146
34401,29917.75,145.85
34402,29919.5,145.7
34403,29921.25,145.55
34404,29923,145.4
34405,29924.75,145.25
34406,29926.5,145.1
34407,29928.25,144.95
34408,29930,144.8
34409,29931.75,144.65
34410,29933.5,144.5
34411,29935.25,144.35
34412,29937,144.2
34413,29938.75,144.05
34414,29940.5,143.9
34415,29942.25,143.75
34416,29944,143.6
34417,29945.75,143.45
34418,29947.5,143.3
34419,29949.25,143.15
34420,29951,143
34421,29952.75,142.85
34422,29954.5,142.7
34423,29956.25,142.55
34424,29958,142.4
34425,29959.75,142.25
34426,29961.5,142.1
34427,29963.25,141.95
34428,29965,141.8
34429,29966.75,141.65
34430,29968.5,141.5
34431,29970.25,141.35
34432,29972,141.2
34433,29973.75,141.05
34434,29975.5,140.9
34435,29977.25,140.75
34436,29979,140.6
34437,29980.75,140.45
34438,29982.5,140.3
34439,29984.25,140.15
34440,29986,140
34441,29987.7,139.8
34442,29989.4,139.6
34443,29991.1,139.4
34444,29992.8,139.2
34445,29994.5,139
34446,29996.2,138.8
34447,29997.9,138.6
34448,29999.6,138.4
34449,30001.3,138.2
34450,30003,138
34451,30004.7,137.8
34452,30006.4,137.6
34453,30008.1,137.4
34454,30009.8,137.2
34455,30011.5,137
34456,30013.2,136.8
34457,30014.9,136.6
34458,30016.6,136.4
34459,30018.3,136.2
34460,30020,136
34461,30021.7,135.8
34462,30023.4,135.6
34463,30025.1,135.4
34464,30026.8,135.2
34465,30028.5,135
34466,30030.2,134.8
34467,30031.9,134.6
34468,30033.6,134.4
34469,30035.3,134.2
34470,30037,134
34471,30038.7,133.8
34472,30040.4,133.6
34473,30042.1,133.4
34474,30043.8,133.2
34475,30045.5,133
34476,30047.2,132.8
34477,30048.9,132.6
34478,30050.6,132.4
34479,30052.3,132.2
34480,30054,132
34481,30055.7,131.9
34482,30057.4,131.8
34483,30059.1,131.7
34484,30060.8,131.6
34485,30062.5,131.5
34486,30064.2,131.4
34487,30065.9,131.3
34488,30067.6,131.2
34489,30069.3,131.1
34490,30071,131
34491,30072.7,130.9
34492,30074.4,130.8
34493,30076.1,130.7
34494,30077.8,130.6
34495,30079.5,130.5
34496,30081.2,130.4
34497,30082.9,130.3
34498,30084.6,130.2
34499,30086.3,130.1
34500,30088,130
34501,30089.65,129.9
34502,30091.3,129.8
34503,30092.95,129.7
34504,30094.6,129.6
34505,30096.25,129.5
34506,30097.9,129.4
34507,30099.55,129.3
34508,30101.2,129.2
34509,30102.85,129.1
34510,30104.5,129
34511,30106.15,128.9
34512,30107.8,128.8
34513,30109.45,128.7
34514,30111.1,128.6
34515,30112.75,128.5
34516,30114.4,128.4
34517,30116.05,128.3
34518,30117.7,128.2
34519,30119.35,128.1
34520,30121,128
34521,30122.7,127.95
34522,30124.4,127.9
34523,30126.1,127.85
34524,30127.8,127.8
34525,30129.5,127.75
34526,30131.2,127.7
34527,30132.9,127.65
34528,30134.6,127.6
34529,30136.3,127.55
34530,30138,127.5
34531,30139.7,127.45
34532,30141.4,127.4
34533,30143.1,127.35
34534,30144.8,127.3
34535,30146.5,127.25
34536,30148.2,127.2
34537,30149.9,127.15
34538,30151.6,127.1
34539,30153.3,127.05
34540,30155,127
34541,30156.65,127.05
34542,30158.3,127.1
34543,30159.95,127.15
34544,30161.6,127.2
34545,30163.25,127.25
34546,30164.9,127.3
34547,30166.55,127.35
34548,30168.2,127.4
34549,30169.85,127.45
34550,30171.5,127.5
34551,30173.15,127.55
34552,30174.8,127.6
34553,30176.45,127.65
34554,30178.1,127.7
34555,30179.75,127.75
34556,30181.4,127.8
34557,30183.05,127.85
34558,30184.7,127.9
34559,30186.35,127.95
34560,30188,128
34561,30189.7,128
34562,30191.4,128
34563,30193.1,128
34564,30194.8,128
34565,30196.5,128
34566,30198.2,128
34567,30199.9,128
34568,30201.6,128
34569,30203.3,128
34570,30205,128
34571,30206.7,128
34572,30208.4,128
34573,30210.1,128
34574,30211.8,128
34575,30213.5,128
34576,30215.2,128
34577,30216.9,128
34578,30218.6,128
34579,30220.3,128
34580,30222,128
34581,30223.65,127.95
34582,30225.3,127.9
34583,30226.95,127.85
34584,30228.6,127.8
34585,30230.25,127.75
34586,30231.9,127.7
34587,30233.55,127.65
34588,30235.2,127.6
34589,30236.85,127.55
34590,30238.5,127.5
34591,30240.15,127.45
34592,30241.8,127.4
34593,30243.45,127.35
34594,30245.1,127.3
34595,30246.75,127.25
34596,30248.4,127.2
34597,30250.05,127.15
34598,30251.7,127.1
34599,30253.35,127.05
34600,30255,127
34601,30256.7,126.95
34602,30258.4,126.9
34603,30260.1,126.85
34604,30261.8,126.8
34605,30263.5,126.75
34606,30265.2,126.7
34607,30266.9,126.65
34608,30268.6,126.6
34609,30270.3,126.55
34610,30272,126.5
34611,30273.7,126.45
34612,30275.4,126.4
34613,30277.1,126.35
34614,30278.8,126.3
34615,30280.5,126.25
34616,30282.2,126.2
34617,30283.9,126.15
34618,30285.6,126.1
34619,30287.3,126.05
34620,30289,126
34621,30290.65,125.95
34622,30292.3,125.9
34623,30293.95,125.85
34624,30295.6,125.8
34625,30297.25,125.75
34626,30298.9,125.7
34627,30300.55,125.65
34628,30302.2,125.6
34629,30303.85,125.55
34630,30305.5,125.5
34631,30307.15,125.45
34632,30308.8,125.4
34633,30310.45,125.35
34634,30312.1,125.3
34635,30313.75,125.25
34636,30315.4,125.2
34637,30317.05,125.15
34638,30318.7,125.1
34639,30320.35,125.05
34640,30322,125
34641,30323.7,124.9
34642,30325.4,124.8
34643,30327.1,124.7
34644,30328.8,124.6
34645,30330.5,124.5
34646,30332.2,124.4
34647,30333.9,124.3
34648,30335.6,124.2
34649,30337.3,124.1
34650,30339,124
34651,30340.7,123.9
34652,30342.4,123.8
34653,30344.1,123.7
34654,30345.8,123.6
34655,30347.5,123.5
34656,30349.2,123.4
34657,30350.9,123.3
34658,30352.6,123.2
34659,30354.3,123.1
34660,30356,123
34661,30357.55,122.9
34662,30359.1,122.8
34663,30360.65,122.7
34664,30362.2,122.6
34665,30363.75,122.5
34666,30365.3,122.4
34667,30366.85,122.3
34668,30368.4,122.2
34669,30369.95,122.1
34670,30371.5,122
34671,30373.05,121.9
34672,30374.6,121.8
34673,30376.15,121.7
34674,30377.7,121.6
34675,30379.25,121.5
34676,30380.8,121.4
34677,30382.35,121.3
34678,30383.9,121.2
34679,30385.45,121.1
34680,30387,121
34681,30388.55,120.95
34682,30390.1,120.9
34683,30391.65,120.85
34684,30393.2,120.8
34685,30394.75,120.75
34686,30396.3,120.7
34687,30397.85,120.65
34688,30399.4,120.6
34689,30400.95,120.55
34690,30402.5,120.5
34691,30404.05,120.45
34692,30405.6,120.4
34693,30407.15,120.35
34694,30408.7,120.3
34695,30410.25,120.25
34696,30411.8,120.2
34697,30413.35,120.15
34698,30414.9,120.1
34699,30416.45,120.05
34700,30418,120
34701,30419.5,120
34702,30421,120
34703,30422.5,120
34704,30424,120
34705,30425.5,120
34706,30427,120
34707,30428.5,120
34708,30430,120
34709,30431.5,120
34710,30433,120
34711,30434.5,120
34712,30436,120
34713,30437.5,120
34714,30439,120
34715,30440.5,120
34716,30442,120
34717,30443.5,120
34718,30445,120
34719,30446.5,120
34720,30448,120
34721,30449.4,120.05
34722,30450.8,120.1
34723,30452.2,120.15
34724,30453.6,120.2
34725,30455,120.25
34726,30456.4,120.3
34727,30457.8,120.35
34728,30459.2,120.4
34729,30460.6,120.45
34730,30462,120.5
34731,30463.4,120.55
34732,30464.8,120.6
34733,30466.2,120.65
34734,30467.6,120.7
34735,30469,120.75
34736,30470.4,120.8
34737,30471.8,120.85
34738,30473.2,120.9
34739,30474.6,120.95
34740,30476,121
34741,30477.3,121.05
34742,30478.6,121.1
34743,30479.9,121.15
34744,30481.2,121.2
34745,30482.5,121.25
34746,30483.8,121.3
34747,30485.1,121.35
34748,30486.4,121.4
34749,30487.7,121.45
34750,30489,121.5
34751,30490.3,121.55
34752,30491.6,121.6
34753,30492.9,121.65
34754,30494.2,121.7
34755,30495.5,121.75
34756,30496.8,121.8
34757,30498.1,121.85
34758,30499.4,121.9
34759,30500.7,121.95
34760,30502,122
34761,30503.15,121.95
34762,30504.3,121.9
34763,30505.45,121.85
34764,30506.6,121.8
34765,30507.75,121.75
34766,30508.9,121.7
34767,30510.05,121.65
34768,30511.2,121.6
34769,30512.35,121.55
34770,30513.5,121.5
34771,30514.65,121.45
34772,30515.8,121.4
34773,30516.95,121.35
34774,30518.1,121.3
34775,30519.25,121.25
34776,30520.4,121.2
34777,30521.55,121.15
34778,30522.7,121.1
34779,30523.85,121.05
34780,30525,121
34781,30526,120.95
34782,30527,120.9
34783,30528,120.85
34784,30529,120.8
34785,30530,120.75
34786,30531,120.7
34787,30532,120.65
34788,30533,120.6
34789,30534,120.55
34790,30535,120.5
34791,30536,120.45
34792,30537,120.4
34793,30538,120.35
34794,30539,120.3
34795,30540,120.25
34796,30541,120.2
34797,30542,120.15
34798,30543,120.1
34799,30544,120.05
34800,30545,120
34801,30545.9,120
34802,30546.8,120
34803,30547.7,120
34804,30548.6,120
34805,30549.5,120
34806,30550.4,120
34807,30551.3,120
34808,30552.2,120
34809,30553.1,120
34810,30554,120
34811,30554.9,120
34812,30555.8,120
34813,30556.7,120
34814,30557.6,120
34815,30558.5,120
34816,30559.4,120
34817,30560.3,120
34818,30561.2,120
34819,30562.1,120
34820,30563,120
34821,30563.7,120
34822,30564.4,120
34823,30565.1,120
34824,30565.8,120
34825,30566.5,120
34826,30567.2,120
34827,30567.9,120
34828,30568.6,120
34829,30569.3,120
34830,30570,120
34831,30570.7,120
34832,30571.4,120
34833,30572.1,120
34834,30572.8,120
34835,30573.5,120
34836,30574.2,120
34837,30574.9,120
34838,30575.6,120
34839,30576.3,120
34840,30577,120
34841,30577.6,120.05
34842,30578.2,120.1
34843,30578.8,120.15
34844,30579.4,120.2
34845,30580,120.25
34846,30580.6,120.3
34847,30581.2,120.35
34848,30581.8,120.4
34849,30582.4,120.45
34850,30583,120.5
34851,30583.6,120.55
34852,30584.2,120.6
34853,30584.8,120.65
34854,30585.4,120.7
34855,30586,120.75
34856,30586.6,120.8
34857,30587.2,120.85
34858,30587.8,120.9
34859,30588.4,120.95
34860,30589,121
34861,30589.5,121.1
34862,30590,121.2
34863,30590.5,121.3
34864,30591,121.4
34865,30591.5,121.5
34866,30592,121.6
34867,30592.5,121.7
34868,30593,121.8
34869,30593.5,121.9
34870,30594,122
34871,30594.5,122.1
34872,30595,122.2
34873,30595.5,122.3
34874,30596,122.4
34875,30596.5,122.5
34876,30597,122.6
34877,30597.5,122.7
34878,30598,122.8
34879,30598.5,122.9
34880,30599,123
34881,30599.3,123.1
34882,30599.6,123.2
34883,30599.9,123.3
34884,30600.2,123.4
34885,30600.5,123.5
34886,30600.8,123.6
34887,30601.1,123.7
34888,30601.4,123.8
34889,30601.7,123.9
34890,30602,124
34891,30602.3,124.1
34892,30602.6,124.2
34893,30602.9,124.3
34894,30603.2,124.4
34895,30603.5,124.5
34896,30603.8,124.6
34897,30604.1,124.7
34898,30604.4,124.8
34899,30604.7,124.9
34900,30605,125
34901,30605.25,125.05
34902,30605.5,125.1
34903,30605.75,125.15
34904,30606,125.2
34905,30606.25,125.25
34906,30606.5,125.3
34907,30606.75,125.35
34908,30607,125.4
34909,30607.25,125.45
34910,30607.5,125.5
34911,30607.75,125.55
34912,30608,125.6
34913,30608.25,125.65
34914,30608.5,125.7
34915,30608.75,125.75
34916,30609,125.8
34917,30609.25,125.85
34918,30609.5,125.9
34919,30609.75,125.95
34920,30610,126
34921,30610.05,126
34922,30610.1,126
34923,30610.15,126
34924,30610.2,126
34925,30610.25,126
34926,30610.3,126
34927,30610.35,126
34928,30610.4,126
34929,30610.45,126
34930,30610.5,126
34931,30610.55,126
34932,30610.6,126
34933,30610.65,126
34934,30610.7,126
34935,30610.75,126
34936,30610.8,126
34937,30610.85,126
34938,30610.9,126
34939,30610.95,126
34940,30611,126
34941,30611.05,126
34942,30611.1,126
34943,30611.15,126
34944,30611.2,126
34945,30611.25,126
34946,30611.3,126
34947,30611.35,126
34948,30611.4,126
34949,30611.45,126
34950,30611.5,126
34951,30611.55,126
34952,30611.6,126
34953,30611.65,126
34954,30611.7,126
34955,30611.75,126
34956,30611.8,126
34957,30611.85,126
34958,30611.9,126
34959,30611.95,126
34960,30612,126
34961,30611.95,126.05
34962,30611.9,126.1
34963,30611.85,126.15
34964,30611.8,126.2
34965,30611.75,126.25
34966,30611.7,126.3
34967,30611.65,126.35
34968,30611.6,126.4
34969,30611.55,126.45
34970,30611.5,126.5
34971,30611.45,126.55
34972,30611.4,126.6
34973,30611.35,126.65
34974,30611.3,126.7
34975,30611.25,126.75
34976,30611.2,126.8
34977,30611.15,126.85
34978,30611.1,126.9
34979,30611.05,126.95
34980,30611,127
34981,30610.95,126.95
34982,30610.9,126.9
34983,30610.85,126.85
34984,30610.8,126.8
34985,30610.75,126.75
34986,30610.7,126.7
34987,30610.65,126.65
34988,30610.6,126.6
34989,30610.55,126.55
34990,30610.5,126.5
34991,30610.45,126.45
34992,30610.4,126.4
34993,30610.35,126.35
34994,30610.3,126.3
34995,30610.25,126.25
34996,30610.2,126.2
34997,30610.15,126.15
34998,30610.1,126.1
34999,30610.05,126.05
35000,30610,126
35001,30609.95,125.95
35002,30609.9,125.9
35003,30609.85,125.85
35004,30609.8,125.8
35005,30609.75,125.75
35006,30609.7,125.7
35007,30609.65,125.65
35008,30609.6,125.6
35009,30609.55,125.55
35010,30609.5,125.5
35011,30609.45,125.45
35012,30609.4,125.4
35013,30609.35,125.35
35014,30609.3,125.3
35015,30609.25,125.25
35016,30609.2,125.2
35017,30609.15,125.15
35018,30609.1,125.1
35019,30609.05,125.05
35020,30609,125
35021,30609,124.95
35022,30609,124.9
35023,30609,124.85
35024,30609,124.8
35025,30609,124.75
35026,30609,124.7
35027,30609,124.65
35028,30609,124.6
35029,30609,124.55
35030,30609,124.5
35031,30609,124.45
35032,30609,124.4
35033,30609,124.35
35034,30609,124.3
35035,30609,124.25
35036,30609,124.2
35037,30609,124.15
35038,30609,124.1
35039,30609,124.05
35040,30609,124
35041,30609.1,123.9
35042,30609.2,123.8
35043,30609.3,123.7
35044,30609.4,123.6
35045,30609.5,123.5
35046,30609.6,123.4
35047,30609.7,123.3
35048,30609.8,123.2
35049,30609.9,123.1
35050,30610,123
35051,30610.1,122.9
35052,30610.2,122.8
35053,30610.3,122.7
35054,30610.4,122.6
35055,30610.5,122.5
35056,30610.6,122.4
35057,30610.7,122.3
35058,30610.8,122.2
35059,30610.9,122.1
35060,30611,122
35061,30611.25,121.95
35062,30611.5,121.9
35063,30611.75,121.85
35064,30612,121.8
35065,30612.25,121.75
35066,30612.5,121.7
35067,30612.75,121.65
35068,30613,121.6
35069,30613.25,121.55
35070,30613.5,121.5
35071,30613.75,121.45
35072,30614,121.4
35073,30614.25,121.35
35074,30614.5,121.3
35075,30614.75,121.25
35076,30615,121.2
35077,30615.25,121.15
35078,30615.5,121.1
35079,30615.75,121.05
35080,30616,121
35081,30616.4,121
35082,30616.8,121
35083,30617.2,121
35084,30617.6,121
35085,30618,121
35086,30618.4,121
35087,30618.8,121
35088,30619.2,121
35089,30619.6,121
35090,30620,121
35091,30620.4,121
35092,30620.8,121
35093,30621.2,121
35094,30621.6,121
35095,30622,121
35096,30622.4,121
35097,30622.8,121
35098,30623.2,121
35099,30623.6,121
35100,30624,121
35101,30624.6,121
35102,30625.2,121
35103,30625.8,121
35104,30626.4,121
35105,30627,121
35106,30627.6,121
35107,30628.2,121
35108,30628.8,121
35109,30629.4,121
35110,30630,121
35111,30630.6,121
35112,30631.2,121
35113,30631.8,121
35114,30632.4,121
35115,30633,121
35116,30633.6,121
35117,30634.2,121
35118,30634.8,121
35119,30635.4,121
35120,30636,121
35121,30636.85,121.05
35122,30637.7,121.1
35123,30638.55,121.15
35124,30639.4,121.2
35125,30640.25,121.25
35126,30641.1,121.3
35127,30641.95,121.35
35128,30642.8,121.4
35129,30643.65,121.45
35130,30644.5,121.5
35131,30645.35,121.55
35132,30646.2,121.6
35133,30647.05,121.65
35134,30647.9,121.7
35135,30648.75,121.75
35136,30649.6,121.8
35137,30650.45,121.85
35138,30651.3,121.9
35139,30652.15,121.95
35140,30653,122
35141,30654,122.15
35142,30655,122.3
35143,30656,122.45
35144,30657,122.6
35145,30658,122.75
35146,30659,122.9
35147,30660,123.05
35148,30661,123.2
35149,30662,123.35
35150,30663,123.5
35151,30664,123.65
35152,30665,123.8
35153,30666,123.95
35154,30667,124.1
35155,30668,124.25
35156,30669,124.4
35157,30670,124.55
35158,30671,124.7
35159,30672,124.85
35160,30673,125
35161,30674.3,125.1
35162,30675.6,125.2
35163,30676.9,125.3
35164,30678.2,125.4
35165,30679.5,125.5
35166,30680.8,125.6
35167,30682.1,125.7
35168,30683.4,125.8
35169,30684.7,125.9
35170,30686,126
35171,30687.3,126.1
35172,30688.6,126.2
35173,30689.9,126.3
35174,30691.2,126.4
35175,30692.5,126.5
35176,30693.8,126.6
35177,30695.1,126.7
35178,30696.4,126.8
35179,30697.7,126.9
35180,30699,127
35181,30700.45,127.15
35182,30701.9,127.3
35183,30703.35,127.45
35184,30704.8,127.6
35185,30706.25,127.75
35186,30707.7,127.9
35187,30709.15,128.05
35188,30710.6,128.2
35189,30712.05,128.35
35190,30713.5,128.5
35191,30714.95,128.65
35192,30716.4,128.8
35193,30717.85,128.95
35194,30719.3,129.1
35195,30720.75,129.25
35196,30722.2,129.4
35197,30723.65,129.55
35198,30725.1,129.7
35199,30726.55,129.85
35200,30728,130
35201,30729.6,130.1
35202,30731.2,130.2
35203,30732.8,130.3
35204,30734.4,130.4
35205,30736,130.5
35206,30737.6,130.6
35207,30739.2,130.7
35208,30740.8,130.8
35209,30742.4,130.9
35210,30744,131
35211,30745.6,131.1
35212,30747.2,131.2
35213,30748.8,131.3
35214,30750.4,131.4
35215,30752,131.5
35216,30753.6,131.6
35217,30755.2,131.7
35218,30756.8,131.8
35219,30758.4,131.9
35220,30760,132
35221,30761.75,132.1
35222,30763.5,132.2
35223,30765.25,132.3
35224,30767,132.4
35225,30768.75,132.5
35226,30770.5,132.6
35227,30772.25,132.7
35228,30774,132.8
35229,30775.75,132.9
35230,30777.5,133
35231,30779.25,133.1
35232,30781,133.2
35233,30782.75,133.3
35234,30784.5,133.4
35235,30786.25,133.5
35236,30788,133.6
35237,30789.75,133.7
35238,30791.5,133.8
35239,30793.25,133.9
35240,30795,134
35241,30796.8,134.1
35242,30798.6,134.2
35243,30800.4,134.3
35244,30802.2,134.4
35245,30804,134.5
35246,30805.8,134.6
35247,30807.6,134.7
35248,30809.4,134.8
35249,30811.2,134.9
35250,30813,135
35251,30814.8,135.1
35252,30816.6,135.2
35253,30818.4,135.3
35254,30820.2,135.4
35255,30822,135.5
35256,30823.8,135.6
35257,30825.6,135.7
35258,30827.4,135.8
35259,30829.2,135.9
35260,30831,136
35261,30832.85,136.15
35262,30834.7,136.3
35263,30836.55,136.45
35264,30838.4,136.6
35265,30840.25,136.75
35266,30842.1,136.9
35267,30843.95,137.05
35268,30845.8,137.2
35269,30847.65,137.35
35270,30849.5,137.5
35271,30851.35,137.65
35272,30853.2,137.8
35273,30855.05,137.95
35274,30856.9,138.1
35275,30858.75,138.25
35276,30860.6,138.4
35277,30862.45,138.55
35278,30864.3,138.7
35279,30866.15,138.85
35280,30868,139
35281,30869.9,139.1
35282,30871.8,139.2
35283,30873.7,139.3
35284,30875.6,139.4
35285,30877.5,139.5
35286,30879.4,139.6
35287,30881.3,139.7
35288,30883.2,139.8
35289,30885.1,139.9
35290,30887,140
35291,30888.9,140.1
35292,30890.8,140.2
35293,30892.7,140.3
35294,30894.6,140.4
35295,30896.5,140.5
35296,30898.4,140.6
35297,30900.3,140.7
35298,30902.2,140.8
35299,30904.1,140.9
35300,30906,141
35301,30907.8,141.05
35302,30909.6,141.1
35303,30911.4,141.15
35304,30913.2,141.2
35305,30915,141.25
35306,30916.8,141.3
35307,30918.6,141.35
35308,30920.4,141.4
35309,30922.2,141.45
35310,30924,141.5
35311,30925.8,141.55
35312,30927.6,141.6
35313,30929.4,141.65
35314,30931.2,141.7
35315,30933,141.75
35316,30934.8,141.8
35317,30936.6,141.85
35318,30938.4,141.9
35319,30940.2,141.95
35320,30942,142
35321,30943.8,142
35322,30945.6,142
35323,30947.4,142
35324,30949.2,142
35325,30951,142
35326,30952.8,142
35327,30954.6,142
35328,30956.4,142
35329,30958.2,142
35330,30960,142
35331,30961.8,142
35332,30963.6,142
35333,30965.4,142
35334,30967.2,142
35335,30969,142
35336,30970.8,142
35337,30972.6,142
35338,30974.4,142
35339,30976.2,142
35340,30978,142
35341,30979.7,141.9
35342,30981.4,141.8
35343,30983.1,141.7
35344,30984.8,141.6
35345,30986.5,141.5
35346,30988.2,141.4
35347,30989.9,141.3
35348,30991.6,141.2
35349,30993.3,141.1
35350,30995,141
35351,30996.7,140.9
35352,30998.4,140.8
35353,31000.1,140.7
35354,31001.8,140.6
35355,31003.5,140.5
35356,31005.2,140.4
35357,31006.9,140.3
35358,31008.6,140.2
35359,31010.3,140.1
35360,31012,140
35361,31013.6,139.9
35362,31015.2,139.8
35363,31016.8,139.7
35364,31018.4,139.6
35365,31020,139.5
35366,31021.6,139.4
35367,31023.2,139.3
35368,31024.8,139.2
35369,31026.4,139.1
35370,31028,139
35371,31029.6,138.9
35372,31031.2,138.8
35373,31032.8,138.7
35374,31034.4,138.6
35375,31036,138.5
35376,31037.6,138.4
35377,31039.2,138.3
35378,31040.8,138.2
35379,31042.4,138.1
35380,31044,138
35381,31045.5,137.95
35382,31047,137.9
35383,31048.5,137.85
35384,31050,137.8
35385,31051.5,137.75
35386,31053,137.7
35387,31054.5,137.65
35388,31056,137.6
35389,31057.5,137.55
35390,31059,137.5
35391,31060.5,137.45
35392,31062,137.4
35393,31063.5,137.35
35394,31065,137.3
35395,31066.5,137.25
35396,31068,137.2
35397,31069.5,137.15
35398,31071,137.1
35399,31072.5,137.05
35400,31074,137
35401,31075.45,136.95
35402,31076.9,136.9
35403,31078.35,136.85
35404,31079.8,136.8
35405,31081.25,136.75
35406,31082.7,136.7
35407,31084.15,136.65
35408,31085.6,136.6
35409,31087.05,136.55
35410,31088.5,136.5
35411,31089.95,136.45
35412,31091.4,136.4
35413,31092.85,136.35
35414,31094.3,136.3
35415,31095.75,136.25
35416,31097.2,136.2
35417,31098.65,136.15
35418,31100.1,136.1
35419,31101.55,136.05
35420,31103,136
35421,31104.35,135.95
35422,31105.7,135.9
35423,31107.05,135.85
35424,31108.4,135.8
35425,31109.75,135.75
35426,31111.1,135.7
35427,31112.45,135.65
35428,31113.8,135.6
35429,31115.15,135.55
35430,31116.5,135.5
35431,31117.85,135.45
35432,31119.2,135.4
35433,31120.55,135.35
35434,31121.9,135.3
35435,31123.25,135.25
35436,31124.6,135.2
35437,31125.95,135.15
35438,31127.3,135.1
35439,31128.65,135.05
35440,31130,135
35441,31131.3,134.95
35442,31132.6,134.9
35443,31133.9,134.85
35444,31135.2,134.8
35445,31136.5,134.75
35446,31137.8,134.7
35447,31139.1,134.65
35448,31140.4,134.6
35449,31141.7,134.55
35450,31143,134.5
35451,31144.3,134.45
35452,31145.6,134.4
35453,31146.9,134.35
35454,31148.2,134.3
35455,31149.5,134.25
35456,31150.8,134.2
35457,31152.1,134.15
35458,31153.4,134.1
35459,31154.7,134.05
35460,31156,134
35461,31157.15,133.85
35462,31158.3,133.7
35463,31159.45,133.55
35464,31160.6,133.4
35465,31161.75,133.25
35466,31162.9,133.1
35467,31164.05,132.95
35468,31165.2,132.8
35469,31166.35,132.65
35470,31167.5,132.5
35471,31168.65,132.35
35472,31169.8,132.2
35473,31170.95,132.05
35474,31172.1,131.9
35475,31173.25,131.75
35476,31174.4,131.6
35477,31175.55,131.45
35478,31176.7,131.3
35479,31177.85,131.15
35480,31179,131
35481,31180.1,130.8
35482,31181.2,130.6
35483,31182.3,130.4
35484,31183.4,130.2
35485,31184.5,130
35486,31185.6,129.8
35487,31186.7,129.6
35488,31187.8,129.4
35489,31188.9,129.2
35490,31190,129
35491,31191.1,128.8
35492,31192.2,128.6
35493,31193.3,128.4
35494,31194.4,128.2
35495,31195.5,128
35496,31196.6,127.8
35497,31197.7,127.6
35498,31198.8,127.4
35499,31199.9,127.2
35500,31201,127
35501,31202,126.8
35502,31203,126.6
35503,31204,126.4
35504,31205,126.2
35505,31206,126
35506,31207,125.8
35507,31208,125.6
35508,31209,125.4
35509,31210,125.2
35510,31211,125
35511,31212,124.8
35512,31213,124.6
35513,31214,124.4
35514,31215,124.2
35515,31216,124
35516,31217,123.8
35517,31218,123.6
35518,31219,123.4
35519,31220,123.2
35520,31221,123
35521,31221.95,122.8
35522,31222.9,122.6
35523,31223.85,122.4
35524,31224.8,122.2
35525,31225.75,122
35526,31226.7,121.8
35527,31227.65,121.6
35528,31228.6,121.4
35529,31229.55,121.2
35530,31230.5,121
35531,31231.45,120.8
35532,31232.4,120.6
35533,31233.35,120.4
35534,31234.3,120.2
35535,31235.25,120
35536,31236.2,119.8
35537,31237.15,119.6
35538,31238.1,119.4
35539,31239.05,119.2
35540,31240,119
35541,31240.9,118.85
35542,31241.8,118.7
35543,31242.7,118.55
35544,31243.6,118.4
35545,31244.5,118.25
35546,31245.4,118.1
35547,31246.3,117.95
35548,31247.2,117.8
35549,31248.1,117.65
35550,31249,117.5
35551,31249.9,117.35
35552,31250.8,117.2
35553,31251.7,117.05
35554,31252.6,116.9
35555,31253.5,116.75
35556,31254.4,116.6
35557,31255.3,116.45
35558,31256.2,116.3
35559,31257.1,116.15
35560,31258,116
35561,31258.85,115.85
35562,31259.7,115.7
35563,31260.55,115.55
35564,31261.4,115.4
35565,31262.25,115.25
35566,31263.1,115.1
35567,31263.95,114.95
35568,31264.8,114.8
35569,31265.65,114.65
35570,31266.5,114.5
35571,31267.35,114.35
35572,31268.2,114.2
35573,31269.05,114.05
35574,31269.9,113.9
35575,31270.75,113.75
35576,31271.6,113.6
35577,31272.45,113.45
35578,31273.3,113.3
35579,31274.15,113.15
35580,31275,113
35581,31275.8,112.9
35582,31276.6,112.8
35583,31277.4,112.7
35584,31278.2,112.6
35585,31279,112.5
35586,31279.8,112.4
35587,31280.6,112.3
35588,31281.4,112.2
35589,31282.2,112.1
35590,31283,112
35591,31283.8,111.9
35592,31284.6,111.8
35593,31285.4,111.7
35594,31286.2,111.6
35595,31287,111.5
35596,31287.8,111.4
35597,31288.6,111.3
35598,31289.4,111.2
35599,31290.2,111.1
35600,31291,111
35601,31291.8,110.85
35602,31292.6,110.7
35603,31293.4,110.55
35604,31294.2,110.4
35605,31295,110.25
35606,31295.8,110.1
35607,31296.6,109.95
35608,31297.4,109.8
35609,31298.2,109.65
35610,31299,109.5
35611,31299.8,109.35
35612,31300.6,109.2
35613,31301.4,109.05
35614,31302.2,108.9
35615,31303,108.75
35616,31303.8,108.6
35617,31304.6,108.45
35618,31305.4,108.3
35619,31306.2,108.15
35620,31307,108
35621,31307.75,107.85
35622,31308.5,107.7
35623,31309.25,107.55
35624,31310,107.4
35625,31310.75,107.25
35626,31311.5,107.1
35627,31312.25,106.95
35628,31313,106.8
35629,31313.75,106.65
35630,31314.5,106.5
35631,31315.25,106.35
35632,31316,106.2
35633,31316.75,106.05
35634,31317.5,105.9
35635,31318.25,105.75
35636,31319,105.6
35637,31319.75,105.45
35638,31320.5,105.3
35639,31321.25,105.15
35640,31322,105
35641,31322.75,104.85
35642,31323.5,104.7
35643,31324.25,104.55
35644,31325,104.4
35645,31325.75,104.25
35646,31326.5,104.1
35647,31327.25,103.95
35648,31328,103.8
35649,31328.75,103.65
35650,31329.5,103.5
35651,31330.25,103.35
35652,31331,103.2
35653,31331.75,103.05
35654,31332.5,102.9
35655,31333.25,102.75
35656,31334,102.6
35657,31334.75,102.45
35658,31335.5,102.3
35659,31336.25,102.15
35660,31337,102
35661,31337.7,101.95
35662,31338.4,101.9
35663,31339.1,101.85
35664,31339.8,101.8
35665,31340.5,101.75
35666,31341.2,101.7
35667,31341.9,101.65
35668,31342.6,101.6
35669,31343.3,101.55
35670,31344,101.5
35671,31344.7,101.45
35672,31345.4,101.4
35673,31346.1,101.35
35674,31346.8,101.3
35675,31347.5,101.25
35676,31348.2,101.2
35677,31348.9,101.15
35678,31349.6,101.1
35679,31350.3,101.05
35680,31351,101
35681,31351.65,100.95
35682,31352.3,100.9
35683,31352.95,100.85
35684,31353.6,100.8
35685,31354.25,100.75
35686,31354.9,100.7
35687,31355.55,100.65
35688,31356.2,100.6
35689,31356.85,100.55
35690,31357.5,100.5
35691,31358.15,100.45
35692,31358.8,100.4
35693,31359.45,100.35
35694,31360.1,100.3
35695,31360.75,100.25
35696,31361.4,100.2
35697,31362.05,100.15
35698,31362.7,100.1
35699,31363.35,100.05
35700,31364,100
35701,31364.65,100
35702,31365.3,100
35703,31365.95,100
35704,31366.6,100
35705,31367.25,100
35706,31367.9,100
35707,31368.55,100
35708,31369.2,100
35709,31369.85,100
35710,31370.5,100
35711,31371.15,100
35712,31371.8,100
35713,31372.45,100
35714,31373.1,100
35715,31373.75,100
35716,31374.4,100
35717,31375.05,100
35718,31375.7,100
35719,31376.35,100
35720,31377,100
35721,31377.55,99.95
35722,31378.1,99.9
35723,31378.65,99.85
35724,31379.2,99.8
35725,31379.75,99.75
35726,31380.3,99.7
35727,31380.85,99.65
35728,31381.4,99.6
35729,31381.95,99.55
35730,31382.5,99.5
35731,31383.05,99.45
35732,31383.6,99.4
35733,31384.15,99.35
35734,31384.7,99.3
35735,31385.25,99.25
35736,31385.8,99.2
35737,31386.35,99.15
35738,31386.9,99.1
35739,31387.45,99.05
35740,31388,99
35741,31388.5,99
35742,31389,99
35743,31389.5,99
35744,31390,99
35745,31390.5,99
35746,31391,99
35747,31391.5,99
35748,31392,99
35749,31392.5,99
35750,31393,99
35751,31393.5,99
35752,31394,99
35753,31394.5,99
35754,31395,99
35755,31395.5,99
35756,31396,99
35757,31396.5,99
35758,31397,99
35759,31397.5,99
35760,31398,99
35761,31398.5,99.05
35762,31399,99.1
35763,31399.5,99.15
35764,31400,99.2
35765,31400.5,99.25
35766,31401,99.3
35767,31401.5,99.35
35768,31402,99.4
35769,31402.5,99.45
35770,31403,99.5
35771,31403.5,99.55
35772,31404,99.6
35773,31404.5,99.65
35774,31405,99.7
35775,31405.5,99.75
35776,31406,99.8
35777,31406.5,99.85
35778,31407,99.9
35779,31407.5,99.95
35780,31408,100
35781,31408.35,100.05
35782,31408.7,100.1
35783,31409.05,100.15
35784,31409.4,100.2
35785,31409.75,100.25
35786,31410.1,100.3
35787,31410.45,100.35
35788,31410.8,100.4
35789,31411.15,100.45
35790,31411.5,100.5
35791,31411.85,100.55
35792,31412.2,100.6
35793,31412.55,100.65
35794,31412.9,100.7
35795,31413.25,100.75
35796,31413.6,100.8
35797,31413.95,100.85
35798,31414.3,100.9
35799,31414.65,100.95
35800,31415,101
35801,31415.35,101.05
35802,31415.7,101.1
35803,31416.05,101.15
35804,31416.4,101.2
35805,31416.75,101.25
35806,31417.1,101.3
35807,31417.45,101.35
35808,31417.8,101.4
35809,31418.15,101.45
35810,31418.5,101.5
35811,31418.85,101.55
35812,31419.2,101.6
35813,31419.55,101.65
35814,31419.9,101.7
35815,31420.25,101.75
35816,31420.6,101.8
35817,31420.95,101.85
35818,31421.3,101.9
35819,31421.65,101.95
35820,31422,102
35821,31422.35,102.1
35822,31422.7,102.2
35823,31423.05,102.3
35824,31423.4,102.4
35825,31423.75,102.5
35826,31424.1,102.6
35827,31424.45,102.7
35828,31424.8,102.8
35829,31425.15,102.9
35830,31425.5,103
35831,31425.85,103.1
35832,31426.2,103.2
35833,31426.55,103.3
35834,31426.9,103.4
35835,31427.25,103.5
35836,31427.6,103.6
35837,31427.95,103.7
35838,31428.3,103.8
35839,31428.65,103.9
35840,31429,104
35841,31429.3,104.1
35842,31429.6,104.2
35843,31429.9,104.3
35844,31430.2,104.4
35845,31430.5,104.5
35846,31430.8,104.6
35847,31431.1,104.7
35848,31431.4,104.8
35849,31431.7,104.9
35850,31432,105
35851,31432.3,105.1
35852,31432.6,105.2
35853,31432.9,105.3
35854,31433.2,105.4
35855,31433.5,105.5
35856,31433.8,105.6
35857,31434.1,105.7
35858,31434.4,105.8
35859,31434.7,105.9
35860,31435,106
35861,31435.4,106.2
35862,31435.8,106.4
35863,31436.2,106.6
35864,31436.6,106.8
35865,31437,107
35866,31437.4,107.2
35867,31437.8,107.4
35868,31438.2,107.6
35869,31438.6,107.8
35870,31439,108
35871,31439.4,108.2
35872,31439.8,108.4
35873,31440.2,108.6
35874,31440.6,108.8
35875,31441,109
35876,31441.4,109.2
35877,31441.8,109.4
35878,31442.2,109.6
35879,31442.6,109.8
35880,31443,110
35881,31443.45,110.1
35882,31443.9,110.2
35883,31444.35,110.3
35884,31444.8,110.4
35885,31445.25,110.5
35886,31445.7,110.6
35887,31446.15,110.7
35888,31446.6,110.8
35889,31447.05,110.9
35890,31447.5,111
35891,31447.95,111.1
35892,31448.4,111.2
35893,31448.85,111.3
35894,31449.3,111.4
35895,31449.75,111.5
35896,31450.2,111.6
35897,31450.65,111.7
35898,31451.1,111.8
35899,31451.55,111.9
35900,31452,112
35901,31452.55,112.05
35902,31453.1,112.1
35903,31453.65,112.15
35904,31454.2,112.2
35905,31454.75,112.25
35906,31455.3,112.3
35907,31455.85,112.35
35908,31456.4,112.4
35909,31456.95,112.45
35910,31457.5,112.5
35911,31458.05,112.55
35912,31458.6,112.6
35913,31459.15,112.65
35914,31459.7,112.7
35915,31460.25,112.75
35916,31460.8,112.8
35917,31461.35,112.85
35918,31461.9,112.9
35919,31462.45,112.95
35920,31463,113
35921,31463.6,113.05
35922,31464.2,113.1
35923,31464.8,113.15
35924,31465.4,113.2
35925,31466,113.25
35926,31466.6,113.3
35927,31467.2,113.35
35928,31467.8,113.4
35929,31468.4,113.45
35930,31469,113.5
35931,31469.6,113.55
35932,31470.2,113.6
35933,31470.8,113.65
35934,31471.4,113.7
35935,31472,113.75
35936,31472.6,113.8
35937,31473.2,113.85
35938,31473.8,113.9
35939,31474.4,113.95
35940,31475,114
35941,31475.75,114
35942,31476.5,114
35943,31477.25,114
35944,31478,114
35945,31478.75,114
35946,31479.5,114
35947,31480.25,114
35948,31481,114
35949,31481.75,114
35950,31482.5,114
35951,31483.25,114
35952,31484,114
35953,31484.75,114
35954,31485.5,114
35955,31486.25,114
35956,31487,114
35957,31487.75,114
35958,31488.5,114
35959,31489.25,114
35960,31490,114
35961,31490.85,114.05
35962,31491.7,114.1
35963,31492.55,114.15
35964,31493.4,114.2
35965,31494.25,114.25
35966,31495.1,114.3
35967,31495.95,114.35
35968,31496.8,114.4
35969,31497.65,114.45
35970,31498.5,114.5
35971,31499.35,114.55
35972,31500.2,114.6
35973,31501.05,114.65
35974,31501.9,114.7
35975,31502.75,114.75
35976,31503.6,114.8
35977,31504.45,114.85
35978,31505.3,114.9
35979,31506.15,114.95
35980,31507,115
35981,31507.95,115.05
35982,31508.9,115.1
35983,31509.85,115.15
35984,31510.8,115.2
35985,31511.75,115.25
35986,31512.7,115.3
35987,31513.65,115.35
35988,31514.6,115.4
35989,31515.55,115.45
35990,31516.5,115.5
35991,31517.45,115.55
35992,31518.4,115.6
35993,31519.35,115.65
35994,31520.3,115.7
35995,31521.25,115.75
35996,31522.2,115.8
35997,31523.15,115.85
35998,31524.1,115.9
35999,31525.05,115.95
36000,31526,116
36001,31527.1,116.15
36002,31528.2,116.3
36003,31529.3,116.45
36004,31530.4,116.6
36005,31531.5,116.75
36006,31532.6,116.9
36007,31533.7,117.05
36008,31534.8,117.2
36009,31535.9,117.35
36010,31537,117.5
36011,31538.1,117.65
36012,31539.2,117.8
36013,31540.3,117.95
36014,31541.4,118.1
36015,31542.5,118.25
36016,31543.6,118.4
36017,31544.7,118.55
36018,31545.8,118.7
36019,31546.9,118.85
36020,31548,119
36021,31549.2,119.15
36022,31550.4,119.3
36023,31551.6,119.45
36024,31552.8,119.6
36025,31554,119.75
36026,31555.2,119.9
36027,31556.4,120.05
36028,31557.6,120.2
36029,31558.8,120.35
36030,31560,120.5
36031,31561.2,120.65
36032,31562.4,120.8
36033,31563.6,120.95
36034,31564.8,121.1
36035,31566,121.25
36036,31567.2,121.4
36037,31568.4,121.55
36038,31569.6,121.7
36039,31570.8,121.85
36040,31572,122
36041,31573.35,122.15
36042,31574.7,122.3
36043,31576.05,122.45
36044,31577.4,122.6
36045,31578.75,122.75
36046,31580.1,122.9
36047,31581.45,123.05
36048,31582.8,123.2
36049,31584.15,123.35
36050,31585.5,123.5
36051,31586.85,123.65
36052,31588.2,123.8
36053,31589.55,123.95
36054,31590.9,124.1
36055,31592.25,124.25
36056,31593.6,124.4
36057,31594.95,124.55
36058,31596.3,124.7
36059,31597.65,124.85
36060,31599,125
36061,31600.5,125.1
36062,31602,125.2
36063,31603.5,125.3
36064,31605,125.4
36065,31606.5,125.5
36066,31608,125.6
36067,31609.5,125.7
36068,31611,125.8
36069,31612.5,125.9
36070,31614,126
36071,31615.5,126.1
36072,31617,126.2
36073,31618.5,126.3
36074,31620,126.4
36075,31621.5,126.5
36076,31623,126.6
36077,31624.5,126.7
36078,31626,126.8
36079,31627.5,126.9
36080,31629,127
36081,31630.55,127.1
36082,31632.1,127.2
36083,31633.65,127.3
36084,31635.2,127.4
36085,31636.75,127.5
36086,31638.3,127.6
36087,31639.85,127.7
36088,31641.4,127.8
36089,31642.95,127.9
36090,31644.5,128
36091,31646.05,128.1
36092,31647.6,128.2
36093,31649.15,128.3
36094,31650.7,128.4
36095,31652.25,128.5
36096,31653.8,128.6
36097,31655.35,128.7
36098,31656.9,128.8
36099,31658.45,128.9
36100,31660,129
36101,31661.7,129
36102,31663.4,129
36103,31665.1,129
36104,31666.8,129
36105,31668.5,129
36106,31670.2,129
36107,31671.9,129
36108,31673.6,129
36109,31675.3,129
36110,31677,129
36111,31678.7,129
36112,31680.4,129
36113,31682.1,129
36114,31683.8,129
36115,31685.5,129
36116,31687.2,129
36117,31688.9,129
36118,31690.6,129
36119,31692.3,129
36120,31694,129
36121,31695.8,129
36122,31697.6,129
36123,31699.4,129
36124,31701.2,129
36125,31703,129
36126,31704.8,129
36127,31706.6,129
36128,31708.4,129
36129,31710.2,129
36130,31712,129
36131,31713.8,129
36132,31715.6,129
36133,31717.4,129
36134,31719.2,129
36135,31721,129
36136,31722.8,129
36137,31724.6,129
36138,31726.4,129
36139,31728.2,129
36140,31730,129
36141,31731.85,129.05
36142,31733.7,129.1
36143,31735.55,129.15
36144,31737.4,129.2
36145,31739.25,129.25
36146,31741.1,129.3
36147,31742.95,129.35
36148,31744.8,129.4
36149,31746.65,129.45
36150,31748.5,129.5
36151,31750.35,129.55
36152,31752.2,129.6
36153,31754.05,129.65
36154,31755.9,129.7
36155,31757.75,129.75
36156,31759.6,129.8
36157,31761.45,129.85
36158,31763.3,129.9
36159,31765.15,129.95
36160,31767,130
36161,31768.85,130.05
36162,31770.7,130.1
36163,31772.55,130.15
36164,31774.4,130.2
36165,31776.25,130.25
36166,31778.1,130.3
36167,31779.95,130.35
36168,31781.8,130.4
36169,31783.65,130.45
36170,31785.5,130.5
36171,31787.35,130.55
36172,31789.2,130.6
36173,31791.05,130.65
36174,31792.9,130.7
36175,31794.75,130.75
36176,31796.6,130.8
36177,31798.45,130.85
36178,31800.3,130.9
36179,31802.15,130.95
36180,31804,131
36181,31805.9,131.05
36182,31807.8,131.1
36183,31809.7,131.15
36184,31811.6,131.2
36185,31813.5,131.25
36186,31815.4,131.3
36187,31817.3,131.35
36188,31819.2,131.4
36189,31821.1,131.45
36190,31823,131.5
36191,31824.9,131.55
36192,31826.8,131.6
36193,31828.7,131.65
36194,31830.6,131.7
36195,31832.5,131.75
36196,31834.4,131.8
36197,31836.3,131.85
36198,31838.2,131.9
36199,31840.1,131.95
36200,31842,132
36201,31843.9,132.05
36202,31845.8,132.1
36203,31847.7,132.15
36204,31849.6,132.2
36205,31851.5,132.25
36206,31853.4,132.3
36207,31855.3,132.35
36208,31857.2,132.4
36209,31859.1,132.45
36210,31861,132.5
36211,31862.9,132.55
36212,31864.8,132.6
36213,31866.7,132.65
36214,31868.6,132.7
36215,31870.5,132.75
36216,31872.4,132.8
36217,31874.3,132.85
36218,31876.2,132.9
36219,31878.1,132.95
36220,31880,133
36221,31881.85,133.05
36222,31883.7,133.1
36223,31885.55,133.15
36224,31887.4,133.2
36225,31889.25,133.25
36226,31891.1,133.3
36227,31892.95,133.35
36228,31894.8,133.4
36229,31896.65,133.45
36230,31898.5,133.5
36231,31900.35,133.55
36232,31902.2,133.6
36233,31904.05,133.65
36234,31905.9,133.7
36235,31907.75,133.75
36236,31909.6,133.8
36237,31911.45,133.85
36238,31913.3,133.9
36239,31915.15,133.95
36240,31917,134
36241,31918.8,134
36242,31920.6,134
36243,31922.4,134
36244,31924.2,134
36245,31926,134
36246,31927.8,134
36247,31929.6,134
36248,31931.4,134
36249,31933.2,134
36250,31935,134
36251,31936.8,134
36252,31938.6,134
36253,31940.4,134
36254,31942.2,134
36255,31944,134
36256,31945.8,134
36257,31947.6,134
36258,31949.4,134
36259,31951.2,134
36260,31953,134
36261,31954.7,133.9
36262,31956.4,133.8
36263,31958.1,133.7
36264,31959.8,133.6
36265,31961.5,133.5
36266,31963.2,133.4
36267,31964.9,133.3
36268,31966.6,133.2
36269,31968.3,133.1
36270,31970,133
36271,31971.7,132.9
36272,31973.4,132.8
36273,31975.1,132.7
36274,31976.8,132.6
36275,31978.5,132.5
36276,31980.2,132.4
36277,31981.9,132.3
36278,31983.6,132.2
36279,31985.3,132.1
36280,31987,132
36281,31988.65,131.85
36282,31990.3,131.7
36283,31991.95,131.55
36284,31993.6,131.4
36285,31995.25,131.25
36286,31996.9,131.1
36287,31998.55,130.95
36288,32000.2,130.8
36289,32001.85,130.65
36290,32003.5,130.5
36291,32005.15,130.35
36292,32006.8,130.2
36293,32008.45,130.05
36294,32010.1,129.9
36295,32011.75,129.75
36296,32013.4,129.6
36297,32015.05,129.45
36298,32016.7,129.3
36299,32018.35,129.15
36300,32020,129
36301,32021.5,128.8
36302,32023,128.6
36303,32024.5,128.4
36304,32026,128.2
36305,32027.5,128
36306,32029,127.8
36307,32030.5,127.6
36308,32032,127.4
36309,32033.5,127.2
36310,32035,127
36311,32036.5,126.8
36312,32038,126.6
36313,32039.5,126.4
36314,32041,126.2
36315,32042.5,126
36316,32044,125.8
36317,32045.5,125.6
36318,32047,125.4
36319,32048.5,125.2
36320,32050,125
36321,32051.5,124.85
36322,32053,124.7
36323,32054.5,124.55
36324,32056,124.4
36325,32057.5,124.25
36326,32059,124.1
36327,32060.5,123.95
36328,32062,123.8
36329,32063.5,123.65
36330,32065,123.5
36331,32066.5,123.35
36332,32068,123.2
36333,32069.5,123.05
36334,32071,122.9
36335,32072.5,122.75
36336,32074,122.6
36337,32075.5,122.45
36338,32077,122.3
36339,32078.5,122.15
36340,32080,122
36341,32081.35,121.85
36342,32082.7,121.7
36343,32084.05,121.55
36344,32085.4,121.4
36345,32086.75,121.25
36346,32088.1,121.1
36347,32089.45,120.95
36348,32090.8,120.8
36349,32092.15,120.65
36350,32093.5,120.5
36351,32094.85,120.35
36352,32096.2,120.2
36353,32097.55,120.05
36354,32098.9,119.9
36355,32100.25,119.75
36356,32101.6,119.6
36357,32102.95,119.45
36358,32104.3,119.3
36359,32105.65,119.15
36360,32107,119
36361,32108.3,118.9
36362,32109.6,118.8
36363,32110.9,118.7
36364,32112.2,118.6
36365,32113.5,118.5
36366,32114.8,118.4
36367,32116.1,118.3
36368,32117.4,118.2
36369,32118.7,118.1
36370,32120,118
36371,32121.3,117.9
36372,32122.6,117.8
36373,32123.9,117.7
36374,32125.2,117.6
36375,32126.5,117.5
36376,32127.8,117.4
36377,32129.1,117.3
36378,32130.4,117.2
36379,32131.7,117.1
36380,32133,117
36381,32134.25,116.95
36382,32135.5,116.9
36383,32136.75,116.85
36384,32138,116.8
36385,32139.25,116.75
36386,32140.5,116.7
36387,32141.75,116.65
36388,32143,116.6
36389,32144.25,116.55
36390,32145.5,116.5
36391,32146.75,116.45
36392,32148,116.4
36393,32149.25,116.35
36394,32150.5,116.3
36395,32151.75,116.25
36396,32153,116.2
36397,32154.25,116.15
36398,32155.5,116.1
36399,32156.75,116.05
36400,32158,116
36401,32159.15,115.95
36402,32160.3,115.9
36403,32161.45,115.85
36404,32162.6,115.8
36405,32163.75,115.75
36406,32164.9,115.7
36407,32166.05,115.65
36408,32167.2,115.6
36409,32168.35,115.55
36410,32169.5,115.5
36411,32170.65,115.45
36412,32171.8,115.4
36413,32172.95,115.35
36414,32174.1,115.3
36415,32175.25,115.25
36416,32176.4,115.2
36417,32177.55,115.15
36418,32178.7,115.1
36419,32179.85,115.05
36420,32181,115
36421,32182.05,114.9
36422,32183.1,114.8
36423,32184.15,114.7
36424,32185.2,114.6
36425,32186.25,114.5
36426,32187.3,114.4
36427,32188.35,114.3
36428,32189.4,114.2
36429,32190.45,114.1
36430,32191.5,114
36431,32192.55,113.9
36432,32193.6,113.8
36433,32194.65,113.7
36434,32195.7,113.6
36435,32196.75,113.5
36436,32197.8,113.4
36437,32198.85,113.3
36438,32199.9,113.2
36439,32200.95,113.1
36440,32202,113
36441,32203.05,112.9
36442,32204.1,112.8
36443,32205.15,112.7
36444,32206.2,112.6
36445,32207.25,112.5
36446,32208.3,112.4
36447,32209.35,112.3
36448,32210.4,112.2
36449,32211.45,112.1
36450,32212.5,112
36451,32213.55,111.9
36452,32214.6,111.8
36453,32215.65,111.7
36454,32216.7,111.6
36455,32217.75,111.5
36456,32218.8,111.4
36457,32219.85,111.3
36458,32220.9,111.2
36459,32221.95,111.1
36460,32223,111
36461,32223.95,110.95
36462,32224.9,110.9
36463,32225.85,110.85
36464,32226.8,110.8
36465,32227.75,110.75
36466,32228.7,110.7
36467,32229.65,110.65
36468,32230.6,110.6
36469,32231.55,110.55
36470,32232.5,110.5
36471,32233.45,110.45
36472,32234.4,110.4
36473,32235.35,110.35
36474,32236.3,110.3
36475,32237.25,110.25
36476,32238.2,110.2
36477,32239.15,110.15
36478,32240.1,110.1
36479,32241.05,110.05
36480,32242,110
36481,32242.9,109.95
36482,32243.8,109.9
36483,32244.7,109.85
36484,32245.6,109.8
36485,32246.5,109.75
36486,32247.4,109.7
36487,32248.3,109.65
36488,32249.2,109.6
36489,32250.1,109.55
36490,32251,109.5
36491,32251.9,109.45
36492,32252.8,109.4
36493,32253.7,109.35
36494,32254.6,109.3
36495,32255.5,109.25
36496,32256.4,109.2
36497,32257.3,109.15
36498,32258.2,109.1
36499,32259.1,109.05
36500,32260,109
36501,32260.85,109
36502,32261.7,109
36503,32262.55,109
36504,32263.4,109
36505,32264.25,109
36506,32265.1,109
36507,32265.95,109
36508,32266.8,109
36509,32267.65,109
36510,32268.5,109
36511,32269.35,109
36512,32270.2,109
36513,32271.05,109
36514,32271.9,109
36515,32272.75,109
36516,32273.6,109
36517,32274.45,109
36518,32275.3,109
36519,32276.15,109
36520,32277,109
36521,32277.8,109.05
36522,32278.6,109.1
36523,32279.4,109.15
36524,32280.2,109.2
36525,32281,109.25
36526,32281.8,109.3
36527,32282.6,109.35
36528,32283.4,109.4
36529,32284.2,109.45
36530,32285,109.5
36531,32285.8,109.55
36532,32286.6,109.6
36533,32287.4,109.65
36534,32288.2,109.7
36535,32289,109.75
36536,32289.8,109.8
36537,32290.6,109.85
36538,32291.4,109.9
36539,32292.2,109.95
36540,32293,110
36541,32293.75,110.05
36542,32294.5,110.1
36543,32295.25,110.15
36544,32296,110.2
36545,32296.75,110.25
36546,32297.5,110.3
36547,32298.25,110.35
36548,32299,110.4
36549,32299.75,110.45
36550,32300.5,110.5
36551,32301.25,110.55
36552,32302,110.6
36553,32302.75,110.65
36554,32303.5,110.7
36555,32304.25,110.75
36556,32305,110.8
36557,32305.75,110.85
36558,32306.5,110.9
36559,32307.25,110.95
36560,32308,111
36561,32308.75,111.05
36562,32309.5,111.1
36563,32310.25,111.15
36564,32311,111.2
36565,32311.75,111.25
36566,32312.5,111.3
36567,32313.25,111.35
36568,32314,111.4
36569,32314.75,111.45
36570,32315.5,111.5
36571,32316.25,111.55
36572,32317,111.6
36573,32317.75,111.65
36574,32318.5,111.7
36575,32319.25,111.75
36576,32320,111.8
36577,32320.75,111.85
36578,32321.5,111.9
36579,32322.25,111.95
36580,32323,112
36581,32323.7,112
36582,32324.4,112
36583,32325.1,112
36584,32325.8,112
36585,32326.5,112
36586,32327.2,112
36587,32327.9,112
36588,32328.6,112
36589,32329.3,112
36590,32330,112
36591,32330.7,112
36592,32331.4,112
36593,32332.1,112
36594,32332.8,112
36595,32333.5,112
36596,32334.2,112
36597,32334.9,112
36598,32335.6,112
36599,32336.3,112
36600,32337,112
36601,32337.6,112
36602,32338.2,112
36603,32338.8,112
36604,32339.4,112
36605,32340,112
36606,32340.6,112
36607,32341.2,112
36608,32341.8,112
36609,32342.4,112
36610,32343,112
36611,32343.6,112
36612,32344.2,112
36613,32344.8,112
36614,32345.4,112
36615,32346,112
36616,32346.6,112
36617,32347.2,112
36618,32347.8,112
36619,32348.4,112
36620,32349,112
36621,32349.65,112
36622,32350.3,112
36623,32350.95,112
36624,32351.6,112
36625,32352.25,112
36626,32352.9,112
36627,32353.55,112
36628,32354.2,112
36629,32354.85,112
36630,32355.5,112
36631,32356.15,112
36632,32356.8,112
36633,32357.45,112
36634,32358.1,112
36635,32358.75,112
36636,32359.4,112
36637,32360.05,112
36638,32360.7,112
36639,32361.35,112
36640,32362,112
36641,32362.6,112.05
36642,32363.2,112.1
36643,32363.8,112.15
36644,32364.4,112.2
36645,32365,112.25
36646,32365.6,112.3
36647,32366.2,112.35
36648,32366.8,112.4
36649,32367.4,112.45
36650,32368,112.5
36651,32368.6,112.55
36652,32369.2,112.6
36653,32369.8,112.65
36654,32370.4,112.7
36655,32371,112.75
36656,32371.6,112.8
36657,32372.2,112.85
36658,32372.8,112.9
36659,32373.4,112.95
36660,32374,113
36661,32374.55,113
36662,32375.1,113
36663,32375.65,113
36664,32376.2,113
36665,32376.75,113
36666,32377.3,113
36667,32377.85,113
36668,32378.4,113
36669,32378.95,113
36670,32379.5,113
36671,32380.05,113
36672,32380.6,113
36673,32381.15,113
36674,32381.7,113
36675,32382.25,113
36676,32382.8,113
36677,32383.35,113
36678,32383.9,113
36679,32384.45,113
36680,32385,113
36681,32385.5,113
36682,32386,113
36683,32386.5,113
36684,32387,113
36685,32387.5,113
36686,32388,113
36687,32388.5,113
36688,32389,113
36689,32389.5,113
36690,32390,113
36691,32390.5,113
36692,32391,113
36693,32391.5,113
36694,32392,113
36695,32392.5,113
36696,32393,113
36697,32393.5,113
36698,32394,113
36699,32394.5,113
36700,32395,113
36701,32395.5,112.95
36702,32396,112.9
36703,32396.5,112.85
36704,32397,112.8
36705,32397.5,112.75
36706,32398,112.7
36707,32398.5,112.65
36708,32399,112.6
36709,32399.5,112.55
36710,32400,112.5
36711,32400.5,112.45
36712,32401,112.4
36713,32401.5,112.35
36714,32402,112.3
36715,32402.5,112.25
36716,32403,112.2
36717,32403.5,112.15
36718,32404,112.1
36719,32404.5,112.05
36720,32405,112
36721,32405.55,111.95
36722,32406.1,111.9
36723,32406.65,111.85
36724,32407.2,111.8
36725,32407.75,111.75
36726,32408.3,111.7
36727,32408.85,111.65
36728,32409.4,111.6
36729,32409.95,111.55
36730,32410.5,111.5
36731,32411.05,111.45
36732,32411.6,111.4
36733,32412.15,111.35
36734,32412.7,111.3
36735,32413.25,111.25
36736,32413.8,111.2
36737,32414.35,111.15
36738,32414.9,111.1
36739,32415.45,111.05
36740,32416,111
36741,32416.55,111.05
36742,32417.1,111.1
36743,32417.65,111.15
36744,32418.2,111.2
36745,32418.75,111.25
36746,32419.3,111.3
36747,32419.85,111.35
36748,32420.4,111.4
36749,32420.95,111.45
36750,32421.5,111.5
36751,32422.05,111.55
36752,32422.6,111.6
36753,32423.15,111.65
36754,32423.7,111.7
36755,32424.25,111.75
36756,32424.8,111.8
36757,32425.35,111.85
36758,32425.9,111.9
36759,32426.45,111.95
36760,32427,112
36761,32427.55,112
36762,32428.1,112
36763,32428.65,112
36764,32429.2,112
36765,32429.75,112
36766,32430.3,112
36767,32430.85,112
36768,32431.4,112
36769,32431.95,112
36770,32432.5,112
36771,32433.05,112
36772,32433.6,112
36773,32434.15,112
36774,32434.7,112
36775,32435.25,112
36776,32435.8,112
36777,32436.35,112
36778,32436.9,112
36779,32437.45,112
36780,32438,112
36781,32438.7,112
36782,32439.4,112
36783,32440.1,112
36784,32440.8,112
36785,32441.5,112
36786,32442.2,112
36787,32442.9,112
36788,32443.6,112
36789,32444.3,112
36790,32445,112
36791,32445.7,112
36792,32446.4,112
36793,32447.1,112
36794,32447.8,112
36795,32448.5,112
36796,32449.2,112
36797,32449.9,112
36798,32450.6,112
36799,32451.3,112
36800,32452,112
36801,32452.7,111.95
36802,32453.4,111.9
36803,32454.1,111.85
36804,32454.8,111.8
36805,32455.5,111.75
36806,32456.2,111.7
36807,32456.9,111.65
36808,32457.6,111.6
36809,32458.3,111.55
36810,32459,111.5
36811,32459.7,111.45
36812,32460.4,111.4
36813,32461.1,111.35
36814,32461.8,111.3
36815,32462.5,111.25
36816,32463.2,111.2
36817,32463.9,111.15
36818,32464.6,111.1
36819,32465.3,111.05
36820,32466,111
36821,32466.85,110.9
36822,32467.7,110.8
36823,32468.55,110.7
36824,32469.4,110.6
36825,32470.25,110.5
36826,32471.1,110.4
36827,32471.95,110.3
36828,32472.8,110.2
36829,32473.65,110.1
36830,32474.5,110
36831,32475.35,109.9
36832,32476.2,109.8
36833,32477.05,109.7
36834,32477.9,109.6
36835,32478.75,109.5
36836,32479.6,109.4
36837,32480.45,109.3
36838,32481.3,109.2
36839,32482.15,109.1
36840,32483,109
36841,32483.9,108.9
36842,32484.8,108.8
36843,32485.7,108.7
36844,32486.6,108.6
36845,32487.5,108.5
36846,32488.4,108.4
36847,32489.3,108.3
36848,32490.2,108.2
36849,32491.1,108.1
36850,32492,108
36851,32492.9,107.9
36852,32493.8,107.8
36853,32494.7,107.7
36854,32495.6,107.6
36855,32496.5,107.5
36856,32497.4,107.4
36857,32498.3,107.3
36858,32499.2,107.2
36859,32500.1,107.1
36860,32501,107
36861,32501.95,107
36862,32502.9,107
36863,32503.85,107
36864,32504.8,107
36865,32505.75,107
36866,32506.7,107
36867,32507.65,107
36868,32508.6,107
36869,32509.55,107
36870,32510.5,107
36871,32511.45,107
36872,32512.4,107
36873,32513.35,107
36874,32514.3,107
36875,32515.25,107
36876,32516.2,107
36877,32517.15,107
36878,32518.1,107
36879,32519.05,107
36880,32520,107
36881,32521.05,107
36882,32522.1,107
36883,32523.15,107
36884,32524.2,107
36885,32525.25,107
36886,32526.3,107
36887,32527.35,107
36888,32528.4,107
36889,32529.45,107
36890,32530.5,107
36891,32531.55,107
36892,32532.6,107
36893,32533.65,107
36894,32534.7,107
36895,32535.75,107
36896,32536.8,107
36897,32537.85,107
36898,32538.9,107
36899,32539.95,107
36900,32541,107
36901,32542.1,107.05
36902,32543.2,107.1
36903,32544.3,107.15
36904,32545.4,107.2
36905,32546.5,107.25
36906,32547.6,107.3
36907,32548.7,107.35
36908,32549.8,107.4
36909,32550.9,107.45
36910,32552,107.5
36911,32553.1,107.55
36912,32554.2,107.6
36913,32555.3,107.65
36914,32556.4,107.7
36915,32557.5,107.75
36916,32558.6,107.8
36917,32559.7,107.85
36918,32560.8,107.9
36919,32561.9,107.95
36920,32563,108
36921,32564.25,107.95
36922,32565.5,107.9
36923,32566.75,107.85
36924,32568,107.8
36925,32569.25,107.75
36926,32570.5,107.7
36927,32571.75,107.65
36928,32573,107.6
36929,32574.25,107.55
36930,32575.5,107.5
36931,32576.75,107.45
36932,32578,107.4
36933,32579.25,107.35
36934,32580.5,107.3
36935,32581.75,107.25
36936,32583,107.2
36937,32584.25,107.15
36938,32585.5,107.1
36939,32586.75,107.05
36940,32588,107
36941,32589.3,106.9
36942,32590.6,106.8
36943,32591.9,106.7
36944,32593.2,106.6
36945,32594.5,106.5
36946,32595.8,106.4
36947,32597.1,106.3
36948,32598.4,106.2
36949,32599.7,106.1
36950,32601,106
36951,32602.3,105.9
36952,32603.6,105.8
36953,32604.9,105.7
36954,32606.2,105.6
36955,32607.5,105.5
36956,32608.8,105.4
36957,32610.1,105.3
36958,32611.4,105.2
36959,32612.7,105.1
36960,32614,105
36961,32615.35,104.9
36962,32616.7,104.8
36963,32618.05,104.7
36964,32619.4,104.6
36965,32620.75,104.5
36966,32622.1,104.4
36967,32623.45,104.3
36968,32624.8,104.2
36969,32626.15,104.1
36970,32627.5,104
36971,32628.85,103.9
36972,32630.2,103.8
36973,32631.55,103.7
36974,32632.9,103.6
36975,32634.25,103.5
36976,32635.6,103.4
36977,32636.95,103.3
36978,32638.3,103.2
36979,32639.65,103.1
36980,32641,103
36981,32642.4,102.95
36982,32643.8,102.9
36983,32645.2,102.85
36984,32646.6,102.8
36985,32648,102.75
36986,32649.4,102.7
36987,32650.8,102.65
36988,32652.2,102.6
36989,32653.6,102.55
36990,32655,102.5
36991,32656.4,102.45
36992,32657.8,102.4
36993,32659.2,102.35
36994,32660.6,102.3
36995,32662,102.25
36996,32663.4,102.2
36997,32664.8,102.15
36998,32666.2,102.1
36999,32667.6,102.05
37000,32669,102
37001,32670.35,101.95
37002,32671.7,101.9
37003,32673.05,101.85
37004,32674.4,101.8
37005,32675.75,101.75
37006,32677.1,101.7
37007,32678.45,101.65
37008,32679.8,101.6
37009,32681.15,101.55
37010,32682.5,101.5
37011,32683.85,101.45
37012,32685.2,101.4
37013,32686.55,101.35
37014,32687.9,101.3
37015,32689.25,101.25
37016,32690.6,101.2
37017,32691.95,101.15
37018,32693.3,101.1
37019,32694.65,101.05
37020,32696,101
37021,32697.35,101
37022,32698.7,101
37023,32700.05,101
37024,32701.4,101
37025,32702.75,101
37026,32704.1,101
37027,32705.45,101
37028,32706.8,101
37029,32708.15,101
37030,32709.5,101
37031,32710.85,101
37032,32712.2,101
37033,32713.55,101
37034,32714.9,101
37035,32716.25,101
37036,32717.6,101
37037,32718.95,101
37038,32720.3,101
37039,32721.65,101
37040,32723,101
37041,32724.2,100.95
37042,32725.4,100.9
37043,32726.6,100.85
37044,32727.8,100.8
37045,32729,100.75
37046,32730.2,100.7
37047,32731.4,100.65
37048,32732.6,100.6
37049,32733.8,100.55
37050,32735,100.5
37051,32736.2,100.45
37052,32737.4,100.4
37053,32738.6,100.35
37054,32739.8,100.3
37055,32741,100.25
37056,32742.2,100.2
37057,32743.4,100.15
37058,32744.6,100.1
37059,32745.8,100.05
37060,32747,100
37061,32748.15,99.95
37062,32749.3,99.9
37063,32750.45,99.85
37064,32751.6,99.8
37065,32752.75,99.75
37066,32753.9,99.7
37067,32755.05,99.65
37068,32756.2,99.6
37069,32757.35,99.55
37070,32758.5,99.5
37071,32759.65,99.45
37072,32760.8,99.4
37073,32761.95,99.35
37074,32763.1,99.3
37075,32764.25,99.25
37076,32765.4,99.2
37077,32766.55,99.15
37078,32767.7,99.1
37079,32768.85,99.05
37080,32770,99
37081,32771.1,98.95
37082,32772.2,98.9
37083,32773.3,98.85
37084,32774.4,98.8
37085,32775.5,98.75
37086,32776.6,98.7
37087,32777.7,98.65
37088,32778.8,98.6
37089,32779.9,98.55
37090,32781,98.5
37091,32782.1,98.45
37092,32783.2,98.4
37093,32784.3,98.35
37094,32785.4,98.3
37095,32786.5,98.25
37096,32787.6,98.2
37097,32788.7,98.15
37098,32789.8,98.1
37099,32790.9,98.05
37100,32792,98
37101,32793,98.05
37102,32794,98.1
37103,32795,98.15
37104,32796,98.2
37105,32797,98.25
37106,32798,98.3
37107,32799,98.35
37108,32800,98.4
37109,32801,98.45
37110,32802,98.5
37111,32803,98.55
37112,32804,98.6
37113,32805,98.65
37114,32806,98.7
37115,32807,98.75
37116,32808,98.8
37117,32809,98.85
37118,32810,98.9
37119,32811,98.95
37120,32812,99
37121,32812.9,98.95
37122,32813.8,98.9
37123,32814.7,98.85
37124,32815.6,98.8
37125,32816.5,98.75
37126,32817.4,98.7
37127,32818.3,98.65
37128,32819.2,98.6
37129,32820.1,98.55
37130,32821,98.5
37131,32821.9,98.45
37132,32822.8,98.4
37133,32823.7,98.35
37134,32824.6,98.3
37135,32825.5,98.25
37136,32826.4,98.2
37137,32827.3,98.15
37138,32828.2,98.1
37139,32829.1,98.05
37140,32830,98
37141,32830.85,98
37142,32831.7,98
37143,32832.55,98
37144,32833.4,98
37145,32834.25,98
37146,32835.1,98
37147,32835.95,98
37148,32836.8,98
37149,32837.65,98
37150,32838.5,98
37151,32839.35,98
37152,32840.2,98
37153,32841.05,98
37154,32841.9,98
37155,32842.75,98
37156,32843.6,98
37157,32844.45,98
37158,32845.3,98
37159,32846.15,98
37160,32847,98
37161,32847.8,97.95
37162,32848.6,97.9
37163,32849.4,97.85
37164,32850.2,97.8
37165,32851,97.75
37166,32851.8,97.7
37167,32852.6,97.65
37168,32853.4,97.6
37169,32854.2,97.55
37170,32855,97.5
37171,32855.8,97.45
37172,32856.6,97.4
37173,32857.4,97.35
37174,32858.2,97.3
37175,32859,97.25
37176,32859.8,97.2
37177,32860.6,97.15
37178,32861.4,97.1
37179,32862.2,97.05
37180,32863,97
37181,32863.7,97.05
37182,32864.4,97.1
37183,32865.1,97.15
37184,32865.8,97.2
37185,32866.5,97.25
37186,32867.2,97.3
37187,32867.9,97.35
37188,32868.6,97.4
37189,32869.3,97.45
37190,32870,97.5
37191,32870.7,97.55
37192,32871.4,97.6
37193,32872.1,97.65
37194,32872.8,97.7
37195,32873.5,97.75
37196,32874.2,97.8
37197,32874.9,97.85
37198,32875.6,97.9
37199,32876.3,97.95
37200,32877,98
37201,32877.65,98.05
37202,32878.3,98.1
37203,32878.95,98.15
37204,32879.6,98.2
37205,32880.25,98.25
37206,32880.9,98.3
37207,32881.55,98.35
37208,32882.2,98.4
37209,32882.85,98.45
37210,32883.5,98.5
37211,32884.15,98.55
37212,32884.8,98.6
37213,32885.45,98.65
37214,32886.1,98.7
37215,32886.75,98.75
37216,32887.4,98.8
37217,32888.05,98.85
37218,32888.7,98.9
37219,32889.35,98.95
37220,32890,99
37221,32890.6,99
37222,32891.2,99
37223,32891.8,99
37224,32892.4,99
37225,32893,99
37226,32893.6,99
37227,32894.2,99
37228,32894.8,99
37229,32895.4,99
37230,32896,99
37231,32896.6,99
37232,32897.2,99
37233,32897.8,99
37234,32898.4,99
37235,32899,99
37236,32899.6,99
37237,32900.2,99
37238,32900.8,99
37239,32901.4,99
37240,32902,99
37241,32902.55,98.95
37242,32903.1,98.9
37243,32903.65,98.85
37244,32904.2,98.8
37245,32904.75,98.75
37246,32905.3,98.7
37247,32905.85,98.65
37248,32906.4,98.6
37249,32906.95,98.55
37250,32907.5,98.5
37251,32908.05,98.45
37252,32908.6,98.4
37253,32909.15,98.35
37254,32909.7,98.3
37255,32910.25,98.25
37256,32910.8,98.2
37257,32911.35,98.15
37258,32911.9,98.1
37259,32912.45,98.05
37260,32913,98
37261,32913.45,98
37262,32913.9,98
37263,32914.35,98
37264,32914.8,98
37265,32915.25,98
37266,32915.7,98
37267,32916.15,98
37268,32916.6,98
37269,32917.05,98
37270,32917.5,98
37271,32917.95,98
37272,32918.4,98
37273,32918.85,98
37274,32919.3,98
37275,32919.75,98
37276,32920.2,98
37277,32920.65,98
37278,32921.1,98
37279,32921.55,98
37280,32922,98
37281,32922.45,97.95
37282,32922.9,97.9
37283,32923.35,97.85
37284,32923.8,97.8
37285,32924.25,97.75
37286,32924.7,97.7
37287,32925.15,97.65
37288,32925.6,97.6
37289,32926.05,97.55
37290,32926.5,97.5
37291,32926.95,97.45
37292,32927.4,97.4
37293,32927.85,97.35
37294,32928.3,97.3
37295,32928.75,97.25
37296,32929.2,97.2
37297,32929.65,97.15
37298,32930.1,97.1
37299,32930.55,97.05
37300,32931,97
37301,32931.45,97.1
37302,32931.9,97.2
37303,32932.35,97.3
37304,32932.8,97.4
37305,32933.25,97.5
37306,32933.7,97.6
37307,32934.15,97.7
37308,32934.6,97.8
37309,32935.05,97.9
37310,32935.5,98
37311,32935.95,98.1
37312,32936.4,98.2
37313,32936.85,98.3
37314,32937.3,98.4
37315,32937.75,98.5
37316,32938.2,98.6
37317,32938.65,98.7
37318,32939.1,98.8
37319,32939.55,98.9
37320,32940,99
37321,32940.4,99.05
37322,32940.8,99.1
37323,32941.2,99.15
37324,32941.6,99.2
37325,32942,99.25
37326,32942.4,99.3
37327,32942.8,99.35
37328,32943.2,99.4
37329,32943.6,99.45
37330,32944,99.5
37331,32944.4,99.55
37332,32944.8,99.6
37333,32945.2,99.65
37334,32945.6,99.7
37335,32946,99.75
37336,32946.4,99.8
37337,32946.8,99.85
37338,32947.2,99.9
37339,32947.6,99.95
37340,32948,100
37341,32948.4,100.1
37342,32948.8,100.2
37343,32949.2,100.3
37344,32949.6,100.4
37345,32950,100.5
37346,32950.4,100.6
37347,32950.8,100.7
37348,32951.2,100.8
37349,32951.6,100.9
37350,32952,101
37351,32952.4,101.1
37352,32952.8,101.2
37353,32953.2,101.3
37354,32953.6,101.4
37355,32954,101.5
37356,32954.4,101.6
37357,32954.8,101.7
37358,32955.2,101.8
37359,32955.6,101.9
37360,32956,102
37361,32956.45,102
37362,32956.9,102
37363,32957.35,102
37364,32957.8,102
37365,32958.25,102
37366,32958.7,102
37367,32959.15,102
37368,32959.6,102
37369,32960.05,102
37370,32960.5,102
37371,32960.95,102
37372,32961.4,102
37373,32961.85,102
37374,32962.3,102
37375,32962.75,102
37376,32963.2,102
37377,32963.65,102
37378,32964.1,102
37379,32964.55,102
37380,32965,102
37381,32965.4,102
37382,32965.8,102
37383,32966.2,102
37384,32966.6,102
37385,32967,102
37386,32967.4,102
37387,32967.8,102
37388,32968.2,102
37389,32968.6,102
37390,32969,102
37391,32969.4,102
37392,32969.8,102
37393,32970.2,102
37394,32970.6,102
37395,32971,102
37396,32971.4,102
37397,32971.8,102
37398,32972.2,102
37399,32972.6,102
37400,32973,102
37401,32973.5,102.05
37402,32974,102.1
37403,32974.5,102.15
37404,32975,102.2
37405,32975.5,102.25
37406,32976,102.3
37407,32976.5,102.35
37408,32977,102.4
37409,32977.5,102.45
37410,32978,102.5
37411,32978.5,102.55
37412,32979,102.6
37413,32979.5,102.65
37414,32980,102.7
37415,32980.5,102.75
37416,32981,102.8
37417,32981.5,102.85
37418,32982,102.9
37419,32982.5,102.95
37420,32983,103
37421,32983.55,103
37422,32984.1,103
37423,32984.65,103
37424,32985.2,103
37425,32985.75,103
37426,32986.3,103
37427,32986.85,103
37428,32987.4,103
37429,32987.95,103
37430,32988.5,103
37431,32989.05,103
37432,32989.6,103
37433,32990.15,103
37434,32990.7,103
37435,32991.25,103
37436,32991.8,103
37437,32992.35,103
37438,32992.9,103
37439,32993.45,103
37440,32994,103
37441,32994.65,103.1
37442,32995.3,103.2
37443,32995.95,103.3
37444,32996.6,103.4
37445,32997.25,103.5
37446,32997.9,103.6
37447,32998.55,103.7
37448,32999.2,103.8
37449,32999.85,103.9
37450,33000.5,104
37451,33001.15,104.1
37452,33001.8,104.2
37453,33002.45,104.3
37454,33003.1,104.4
37455,33003.75,104.5
37456,33004.4,104.6
37457,33005.05,104.7
37458,33005.7,104.8
37459,33006.35,104.9
37460,33007,105
37461,33007.85,105
37462,33008.7,105
37463,33009.55,105
37464,33010.4,105
37465,33011.25,105
37466,33012.1,105
37467,33012.95,105
37468,33013.8,105
37469,33014.65,105
37470,33015.5,105
37471,33016.35,105
37472,33017.2,105
37473,33018.05,105
37474,33018.9,105
37475,33019.75,105
37476,33020.6,105
37477,33021.45,105
37478,33022.3,105
37479,33023.15,105
37480,33024,105
37481,33025.05,105
37482,33026.1,105
37483,33027.15,105
37484,33028.2,105
37485,33029.25,105
37486,33030.3,105
37487,33031.35,105
37488,33032.4,105
37489,33033.45,105
37490,33034.5,105
37491,33035.55,105
37492,33036.6,105
37493,33037.65,105
37494,33038.7,105
37495,33039.75,105
37496,33040.8,105
37497,33041.85,105
37498,33042.9,105
37499,33043.95,105
37500,33045,105
37501,33046.2,105
37502,33047.4,105
37503,33048.6,105
37504,33049.8,105
37505,33051,105
37506,33052.2,105
37507,33053.4,105
37508,33054.6,105
37509,33055.8,105
37510,33057,105
37511,33058.2,105
37512,33059.4,105
37513,33060.6,105
37514,33061.8,105
37515,33063,105
37516,33064.2,105
37517,33065.4,105
37518,33066.6,105
37519,33067.8,105
37520,33069,105
37521,33070.25,104.95
37522,33071.5,104.9
37523,33072.75,104.85
37524,33074,104.8
37525,33075.25,104.75
37526,33076.5,104.7
37527,33077.75,104.65
37528,33079,104.6
37529,33080.25,104.55
37530,33081.5,104.5
37531,33082.75,104.45
37532,33084,104.4
37533,33085.25,104.35
37534,33086.5,104.3
37535,33087.75,104.25
37536,33089,104.2
37537,33090.25,104.15
37538,33091.5,104.1
37539,33092.75,104.05
37540,33094,104
37541,33095.35,104.05
37542,33096.7,104.1
37543,33098.05,104.15
37544,33099.4,104.2
37545,33100.75,104.25
37546,33102.1,104.3
37547,33103.45,104.35
37548,33104.8,104.4
37549,33106.15,104.45
37550,33107.5,104.5
37551,33108.85,104.55
37552,33110.2,104.6
37553,33111.55,104.65
37554,33112.9,104.7
37555,33114.25,104.75
37556,33115.6,104.8
37557,33116.95,104.85
37558,33118.3,104.9
37559,33119.65,104.95
37560,33121,105
37561,33122.35,105.05
37562,33123.7,105.1
37563,33125.05,105.15
37564,33126.4,105.2
37565,33127.75,105.25
37566,33129.1,105.3
37567,33130.45,105.35
37568,33131.8,105.4
37569,33133.15,105.45
37570,33134.5,105.5
37571,33135.85,105.55
37572,33137.2,105.6
37573,33138.55,105.65
37574,33139.9,105.7
37575,33141.25,105.75
37576,33142.6,105.8
37577,33143.95,105.85
37578,33145.3,105.9
37579,33146.65,105.95
37580,33148,106
37581,33149.35,106
37582,33150.7,106
37583,33152.05,106
37584,33153.4,106
37585,33154.75,106
37586,33156.1,106
37587,33157.45,106
37588,33158.8,106
37589,33160.15,106
37590,33161.5,106
37591,33162.85,106
37592,33164.2,106
37593,33165.55,106
37594,33166.9,106
37595,33168.25,106
37596,33169.6,106
37597,33170.95,106
37598,33172.3,106
37599,33173.65,106
37600,33175,106
37601,33176.35,105.95
37602,33177.7,105.9
37603,33179.05,105.85
37604,33180.4,105.8
37605,33181.75,105.75
37606,33183.1,105.7
37607,33184.45,105.65
37608,33185.8,105.6
37609,33187.15,105.55
37610,33188.5,105.5
37611,33189.85,105.45
37612,33191.2,105.4
37613,33192.55,105.35
37614,33193.9,105.3
37615,33195.25,105.25
37616,33196.6,105.2
37617,33197.95,105.15
37618,33199.3,105.1
37619,33200.65,105.05
37620,33202,105
37621,33203.3,104.9
37622,33204.6,104.8
37623,33205.9,104.7
37624,33207.2,104.6
37625,33208.5,104.5
37626,33209.8,104.4
37627,33211.1,104.3
37628,33212.4,104.2
37629,33213.7,104.1
37630,33215,104
37631,33216.3,103.9
37632,33217.6,103.8
37633,33218.9,103.7
37634,33220.2,103.6
37635,33221.5,103.5
37636,33222.8,103.4
37637,33224.1,103.3
37638,33225.4,103.2
37639,33226.7,103.1
37640,33228,103
37641,33229.2,102.85
37642,33230.4,102.7
37643,33231.6,102.55
37644,33232.8,102.4
37645,33234,102.25
37646,33235.2,102.1
37647,33236.4,101.95
37648,33237.6,101.8
37649,33238.8,101.65
37650,33240,101.5
37651,33241.2,101.35
37652,33242.4,101.2
37653,33243.6,101.05
37654,33244.8,100.9
37655,33246,100.75
37656,33247.2,100.6
37657,33248.4,100.45
37658,33249.6,100.3
37659,33250.8,100.15
37660,33252,100
37661,33253.1,100
37662,33254.2,100
37663,33255.3,100
37664,33256.4,100
37665,33257.5,100
37666,33258.6,100
37667,33259.7,100
37668,33260.8,100
37669,33261.9,100
37670,33263,100
37671,33264.1,100
37672,33265.2,100
37673,33266.3,100
37674,33267.4,100
37675,33268.5,100
37676,33269.6,100
37677,33270.7,100
37678,33271.8,100
37679,33272.9,100
37680,33274,100
37681,33274.95,99.95
37682,33275.9,99.9
37683,33276.85,99.85
37684,33277.8,99.8
37685,33278.75,99.75
37686,33279.7,99.7
37687,33280.65,99.65
37688,33281.6,99.6
37689,33282.55,99.55
37690,33283.5,99.5
37691,33284.45,99.45
37692,33285.4,99.4
37693,33286.35,99.35
37694,33287.3,99.3
37695,33288.25,99.25
37696,33289.2,99.2
37697,33290.15,99.15
37698,33291.1,99.1
37699,33292.05,99.05
37700,33293,99
37701,33293.9,99
37702,33294.8,99
37703,33295.7,99
37704,33296.6,99
37705,33297.5,99
37706,33298.4,99
37707,33299.3,99
37708,33300.2,99
37709,33301.1,99
37710,33302,99
37711,33302.9,99
37712,33303.8,99
37713,33304.7,99
37714,33305.6,99
37715,33306.5,99
37716,33307.4,99
37717,33308.3,99
37718,33309.2,99
37719,33310.1,99
37720,33311,99
37721,33311.7,98.95
37722,33312.4,98.9
37723,33313.1,98.85
37724,33313.8,98.8
37725,33314.5,98.75
37726,33315.2,98.7
37727,33315.9,98.65
37728,33316.6,98.6
37729,33317.3,98.55
37730,33318,98.5
37731,33318.7,98.45
37732,33319.4,98.4
37733,33320.1,98.35
37734,33320.8,98.3
37735,33321.5,98.25
37736,33322.2,98.2
37737,33322.9,98.15
37738,33323.6,98.1
37739,33324.3,98.05
37740,33325,98
37741,33325.55,97.95
37742,33326.1,97.9
37743,33326.65,97.85
37744,33327.2,97.8
37745,33327.75,97.75
37746,33328.3,97.7
37747,33328.85,97.65
37748,33329.4,97.6
37749,33329.95,97.55
37750,33330.5,97.5
37751,33331.05,97.45
37752,33331.6,97.4
37753,33332.15,97.35
37754,33332.7,97.3
37755,33333.25,97.25
37756,33333.8,97.2
37757,33334.35,97.15
37758,33334.9,97.1
37759,33335.45,97.05
37760,33336,97
37761,33336.4,96.9
37762,33336.8,96.8
37763,33337.2,96.7
37764,33337.6,96.6
37765,33338,96.5
37766,33338.4,96.4
37767,33338.8,96.3
37768,33339.2,96.2
37769,33339.6,96.1
37770,33340,96
37771,33340.4,95.9
37772,33340.8,95.8
37773,33341.2,95.7
37774,33341.6,95.6
37775,33342,95.5
37776,33342.4,95.4
37777,33342.8,95.3
37778,33343.2,95.2
37779,33343.6,95.1
37780,33344,95
37781,33344.25,94.95
37782,33344.5,94.9
37783,33344.75,94.85
37784,33345,94.8
37785,33345.25,94.75
37786,33345.5,94.7
37787,33345.75,94.65
37788,33346,94.6
37789,33346.25,94.55
37790,33346.5,94.5
37791,33346.75,94.45
37792,33347,94.4
37793,33347.25,94.35
37794,33347.5,94.3
37795,33347.75,94.25
37796,33348,94.2
37797,33348.25,94.15
37798,33348.5,94.1
37799,33348.75,94.05
37800,33349,94
37801,33349.2,93.95
37802,33349.4,93.9
37803,33349.6,93.85
37804,33349.8,93.8
37805,33350,93.75
37806,33350.2,93.7
37807,33350.4,93.65
37808,33350.6,93.6
37809,33350.8,93.55
37810,33351,93.5
37811,33351.2,93.45
37812,33351.4,93.4
37813,33351.6,93.35
37814,33351.8,93.3
37815,33352,93.25
37816,33352.2,93.2
37817,33352.4,93.15
37818,33352.6,93.1
37819,33352.8,93.05
37820,33353,93
37821,33353.05,93
37822,33353.1,93
37823,33353.15,93
37824,33353.2,93
37825,33353.25,93
37826,33353.3,93
37827,33353.35,93
37828,33353.4,93
37829,33353.45,93
37830,33353.5,93
37831,33353.55,93
37832,33353.6,93
37833,33353.65,93
37834,33353.7,93
37835,33353.75,93
37836,33353.8,93
37837,33353.85,93
37838,33353.9,93
37839,33353.95,93
37840,33354,93
37841,33354.05,92.95
37842,33354.1,92.9
37843,33354.15,92.85
37844,33354.2,92.8
37845,33354.25,92.75
37846,33354.3,92.7
37847,33354.35,92.65
37848,33354.4,92.6
37849,33354.45,92.55
37850,33354.5,92.5
37851,33354.55,92.45
37852,33354.6,92.4
37853,33354.65,92.35
37854,33354.7,92.3
37855,33354.75,92.25
37856,33354.8,92.2
37857,33354.85,92.15
37858,33354.9,92.1
37859,33354.95,92.05
37860,33355,92
37861,33355.05,92.05
37862,33355.1,92.1
37863,33355.15,92.15
37864,33355.2,92.2
37865,33355.25,92.25
37866,33355.3,92.3
37867,33355.35,92.35
37868,33355.4,92.4
37869,33355.45,92.45
37870,33355.5,92.5
37871,33355.55,92.55
37872,33355.6,92.6
37873,33355.65,92.65
37874,33355.7,92.7
37875,33355.75,92.75
37876,33355.8,92.8
37877,33355.85,92.85
37878,33355.9,92.9
37879,33355.95,92.95
37880,33356,93
37881,33355.95,93.1
37882,33355.9,93.2
37883,33355.85,93.3
37884,33355.8,93.4
37885,33355.75,93.5
37886,33355.7,93.6
37887,33355.65,93.7
37888,33355.6,93.8
37889,33355.55,93.9
37890,33355.5,94
37891,33355.45,94.1
37892,33355.4,94.2
37893,33355.35,94.3
37894,33355.3,94.4
37895,33355.25,94.5
37896,33355.2,94.6
37897,33355.15,94.7
37898,33355.1,94.8
37899,33355.05,94.9
37900,33355,95
37901,33355,95.05
37902,33355,95.1
37903,33355,95.15
37904,33355,95.2
37905,33355,95.25
37906,33355,95.3
37907,33355,95.35
37908,33355,95.4
37909,33355,95.45
37910,33355,95.5
37911,33355,95.55
37912,33355,95.6
37913,33355,95.65
37914,33355,95.7
37915,33355,95.75
37916,33355,95.8
37917,33355,95.85
37918,33355,95.9
37919,33355,95.95
37920,33355,96
37921,33354.95,96.05
37922,33354.9,96.1
37923,33354.85,96.15
37924,33354.8,96.2
37925,33354.75,96.25
37926,33354.7,96.3
37927,33354.65,96.35
37928,33354.6,96.4
37929,33354.55,96.45
37930,33354.5,96.5
37931,33354.45,96.55
37932,33354.4,96.6
37933,33354.35,96.65
37934,33354.3,96.7
37935,33354.25,96.75
37936,33354.2,96.8
37937,33354.15,96.85
37938,33354.1,96.9
37939,33354.05,96.95
37940,33354,97
37941,33354,97.05
37942,33354,97.1
37943,33354,97.15
37944,33354,97.2
37945,33354,97.25
37946,33354,97.3
37947,33354,97.35
37948,33354,97.4
37949,33354,97.45
37950,33354,97.5
37951,33354,97.55
37952,33354,97.6
37953,33354,97.65
37954,33354,97.7
37955,33354,97.75
37956,33354,97.8
37957,33354,97.85
37958,33354,97.9
37959,33354,97.95
37960,33354,98
37961,33354,98.15
37962,33354,98.3
37963,33354,98.45
37964,33354,98.6
37965,33354,98.75
37966,33354,98.9
37967,33354,99.05
37968,33354,99.2
37969,33354,99.35
37970,33354,99.5
37971,33354,99.65
37972,33354,99.8
37973,33354,99.95
37974,33354,100.1
37975,33354,100.25
37976,33354,100.4
37977,33354,100.55
37978,33354,100.7
37979,33354,100.85
37980,33354,101
37981,33353.95,101.1
37982,33353.9,101.2
37983,33353.85,101.3
37984,33353.8,101.4
37985,33353.75,101.5
37986,33353.7,101.6
37987,33353.65,101.7
37988,33353.6,101.8
37989,33353.55,101.9
37990,33353.5,102
37991,33353.45,102.1
37992,33353.4,102.2
37993,33353.35,102.3
37994,33353.3,102.4
37995,33353.25,102.5
37996,33353.2,102.6
37997,33353.15,102.7
37998,33353.1,102.8
37999,33353.05,102.9
38000,33353,103
38001,33353.1,103.15
38002,33353.2,103.3
38003,33353.3,103.45
38004,33353.4,103.6
38005,33353.5,103.75
38006,33353.6,103.9
38007,33353.7,104.05
38008,33353.8,104.2
38009,33353.9,104.35
38010,33354,104.5
38011,33354.1,104.65
38012,33354.2,104.8
38013,33354.3,104.95
38014,33354.4,105.1
38015,33354.5,105.25
38016,33354.6,105.4
38017,33354.7,105.55
38018,33354.8,105.7
38019,33354.9,105.85
38020,33355,106
38021,33355.05,106.05
38022,33355.1,106.1
38023,33355.15,106.15
38024,33355.2,106.2
38025,33355.25,106.25
38026,33355.3,106.3
38027,33355.35,106.35
38028,33355.4,106.4
38029,33355.45,106.45
38030,33355.5,106.5
38031,33355.55,106.55
38032,33355.6,106.6
38033,33355.65,106.65
38034,33355.7,106.7
38035,33355.75,106.75
38036,33355.8,106.8
38037,33355.85,106.85
38038,33355.9,106.9
38039,33355.95,106.95
38040,33356,107
38041,33356.1,107.05
38042,33356.2,107.1
38043,33356.3,107.15
38044,33356.4,107.2
38045,33356.5,107.25
38046,33356.6,107.3
38047,33356.7,107.35
38048,33356.8,107.4
38049,33356.9,107.45
38050,33357,107.5
38051,33357.1,107.55
38052,33357.2,107.6
38053,33357.3,107.65
38054,33357.4,107.7
38055,33357.5,107.75
38056,33357.6,107.8
38057,33357.7,107.85
38058,33357.8,107.9
38059,33357.9,107.95
38060,33358,108
38061,33358.2,107.95
38062,33358.4,107.9
38063,33358.6,107.85
38064,33358.8,107.8
38065,33359,107.75
38066,33359.2,107.7
38067,33359.4,107.65
38068,33359.6,107.6
38069,33359.8,107.55
38070,33360,107.5
38071,33360.2,107.45
38072,33360.4,107.4
38073,33360.6,107.35
38074,33360.8,107.3
38075,33361,107.25
38076,33361.2,107.2
38077,33361.4,107.15
38078,33361.6,107.1
38079,33361.8,107.05
38080,33362,107
38081,33362.2,107
38082,33362.4,107
38083,33362.6,107
38084,33362.8,107
38085,33363,107
38086,33363.2,107
38087,33363.4,107
38088,33363.6,107
38089,33363.8,107
38090,33364,107
38091,33364.2,107
38092,33364.4,107
38093,33364.6,107
38094,33364.8,107
38095,33365,107
38096,33365.2,107
38097,33365.4,107
38098,33365.6,107
38099,33365.8,107
38100,33366,107
38101,33366.25,107
38102,33366.5,107
38103,33366.75,107
38104,33367,107
38105,33367.25,107
38106,33367.5,107
38107,33367.75,107
38108,33368,107
38109,33368.25,107
38110,33368.5,107
38111,33368.75,107
38112,33369,107
38113,33369.25,107
38114,33369.5,107
38115,33369.75,107
38116,33370,107
38117,33370.25,107
38118,33370.5,107
38119,33370.75,107
38120,33371,107
38121,33371.3,107
38122,33371.6,107
38123,33371.9,107
38124,33372.2,107
38125,33372.5,107
38126,33372.8,107
38127,33373.1,107
38128,33373.4,107
38129,33373.7,107
38130,33374,107
38131,33374.3,107
38132,33374.6,107
38133,33374.9,107
38134,33375.2,107
38135,33375.5,107
38136,33375.8,107
38137,33376.1,107
38138,33376.4,107
38139,33376.7,107
38140,33377,107
38141,33377.3,107.05
38142,33377.6,107.1
38143,33377.9,107.15
38144,33378.2,107.2
38145,33378.5,107.25
38146,33378.8,107.3
38147,33379.1,107.35
38148,33379.4,107.4
38149,33379.7,107.45
38150,33380,107.5
38151,33380.3,107.55
38152,33380.6,107.6
38153,33380.9,107.65
38154,33381.2,107.7
38155,33381.5,107.75
38156,33381.8,107.8
38157,33382.1,107.85
38158,33382.4,107.9
38159,33382.7,107.95
38160,33383,108
38161,33383.3,108
38162,33383.6,108
38163,33383.9,108
38164,33384.2,108
38165,33384.5,108
38166,33384.8,108
38167,33385.1,108
38168,33385.4,108
38169,33385.7,108
38170,33386,108
38171,33386.3,108
38172,33386.6,108
38173,33386.9,108
38174,33387.2,108
38175,33387.5,108
38176,33387.8,108
38177,33388.1,108
38178,33388.4,108
38179,33388.7,108
38180,33389,108
38181,33389.3,107.95
38182,33389.6,107.9
38183,33389.9,107.85
38184,33390.2,107.8
38185,33390.5,107.75
38186,33390.8,107.7
38187,33391.1,107.65
38188,33391.4,107.6
38189,33391.7,107.55
38190,33392,107.5
38191,33392.3,107.45
38192,33392.6,107.4
38193,33392.9,107.35
38194,33393.2,107.3
38195,33393.5,107.25
38196,33393.8,107.2
38197,33394.1,107.15
38198,33394.4,107.1
38199,33394.7,107.05
38200,33395,107
38201,33395.35,106.9
38202,33395.7,106.8
38203,33396.05,106.7
38204,33396.4,106.6
38205,33396.75,106.5
38206,33397.1,106.4
38207,33397.45,106.3
38208,33397.8,106.2
38209,33398.15,106.1
38210,33398.5,106
38211,33398.85,105.9
38212,33399.2,105.8
38213,33399.55,105.7
38214,33399.9,105.6
38215,33400.25,105.5
38216,33400.6,105.4
38217,33400.95,105.3
38218,33401.3,105.2
38219,33401.65,105.1
38220,33402,105
38221,33402.3,104.95
38222,33402.6,104.9
38223,33402.9,104.85
38224,33403.2,104.8
38225,33403.5,104.75
38226,33403.8,104.7
38227,33404.1,104.65
38228,33404.4,104.6
38229,33404.7,104.55
38230,33405,104.5
38231,33405.3,104.45
38232,33405.6,104.4
38233,33405.9,104.35
38234,33406.2,104.3
38235,33406.5,104.25
38236,33406.8,104.2
38237,33407.1,104.15
38238,33407.4,104.1
38239,33407.7,104.05
38240,33408,104
38241,33408.35,103.95
38242,33408.7,103.9
38243,33409.05,103.85
38244,33409.4,103.8
38245,33409.75,103.75
38246,33410.1,103.7
38247,33410.45,103.65
38248,33410.8,103.6
38249,33411.15,103.55
38250,33411.5,103.5
38251,33411.85,103.45
38252,33412.2,103.4
38253,33412.55,103.35
38254,33412.9,103.3
38255,33413.25,103.25
38256,33413.6,103.2
38257,33413.95,103.15
38258,33414.3,103.1
38259,33414.65,103.05
38260,33415,103
38261,33415.35,103
38262,33415.7,103
38263,33416.05,103
38264,33416.4,103
38265,33416.75,103
38266,33417.1,103
38267,33417.45,103
38268,33417.8,103
38269,33418.15,103
38270,33418.5,103
38271,33418.85,103
38272,33419.2,103
38273,33419.55,103
38274,33419.9,103
38275,33420.25,103
38276,33420.6,103
38277,33420.95,103
38278,33421.3,103
38279,33421.65,103
38280,33422,103
38281,33422.3,103
38282,33422.6,103
38283,33422.9,103
38284,33423.2,103
38285,33423.5,103
38286,33423.8,103
38287,33424.1,103
38288,33424.4,103
38289,33424.7,103
38290,33425,103
38291,33425.3,103
38292,33425.6,103
38293,33425.9,103
38294,33426.2,103
38295,33426.5,103
38296,33426.8,103
38297,33427.1,103
38298,33427.4,103
38299,33427.7,103
38300,33428,103
38301,33428.35,103
38302,33428.7,103
38303,33429.05,103
38304,33429.4,103
38305,33429.75,103
38306,33430.1,103
38307,33430.45,103
38308,33430.8,103
38309,33431.15,103
38310,33431.5,103
38311,33431.85,103
38312,33432.2,103
38313,33432.55,103
38314,33432.9,103
38315,33433.25,103
38316,33433.6,103
38317,33433.95,103
38318,33434.3,103
38319,33434.65,103
38320,33435,103
38321,33435.35,103
38322,33435.7,103
38323,33436.05,103
38324,33436.4,103
38325,33436.75,103
38326,33437.1,103
38327,33437.45,103
38328,33437.8,103
38329,33438.15,103
38330,33438.5,103
38331,33438.85,103
38332,33439.2,103
38333,33439.55,103
38334,33439.9,103
38335,33440.25,103
38336,33440.6,103
38337,33440.95,103
38338,33441.3,103
38339,33441.65,103
38340,33442,103
38341,33442.35,103
38342,33442.7,103
38343,33443.05,103
38344,33443.4,103
38345,33443.75,103
38346,33444.1,103
38347,33444.45,103
38348,33444.8,103
38349,33445.15,103
38350,33445.5,103
38351,33445.85,103
38352,33446.2,103
38353,33446.55,103
38354,33446.9,103
38355,33447.25,103
38356,33447.6,103
38357,33447.95,103
38358,33448.3,103
38359,33448.65,103
38360,33449,103
38361,33449.35,103.1
38362,33449.7,103.2
38363,33450.05,103.3
38364,33450.4,103.4
38365,33450.75,103.5
38366,33451.1,103.6
38367,33451.45,103.7
38368,33451.8,103.8
38369,33452.15,103.9
38370,33452.5,104
38371,33452.85,104.1
38372,33453.2,104.2
38373,33453.55,104.3
38374,33453.9,104.4
38375,33454.25,104.5
38376,33454.6,104.6
38377,33454.95,104.7
38378,33455.3,104.8
38379,33455.65,104.9
38380,33456,105
38381,33456.35,105.05
38382,33456.7,105.1
38383,33457.05,105.15
38384,33457.4,105.2
38385,33457.75,105.25
38386,33458.1,105.3
38387,33458.45,105.35
38388,33458.8,105.4
38389,33459.15,105.45
38390,33459.5,105.5
38391,33459.85,105.55
38392,33460.2,105.6
38393,33460.55,105.65
38394,33460.9,105.7
38395,33461.25,105.75
38396,33461.6,105.8
38397,33461.95,105.85
38398,33462.3,105.9
38399,33462.65,105.95
38400,33463,106
38401,33463.45,106.15
38402,33463.9,106.3
38403,33464.35,106.45
38404,33464.8,106.6
38405,33465.25,106.75
38406,33465.7,106.9
38407,33466.15,107.05
38408,33466.6,107.2
38409,33467.05,107.35
38410,33467.5,107.5
38411,33467.95,107.65
38412,33468.4,107.8
38413,33468.85,107.95
38414,33469.3,108.1
38415,33469.75,108.25
38416,33470.2,108.4
38417,33470.65,108.55
38418,33471.1,108.7
38419,33471.55,108.85
38420,33472,109
38421,33472.45,109.1
38422,33472.9,109.2
38423,33473.35,109.3
38424,33473.8,109.4
38425,33474.25,109.5
38426,33474.7,109.6
38427,33475.15,109.7
38428,33475.6,109.8
38429,33476.05,109.9
38430,33476.5,110
38431,33476.95,110.1
38432,33477.4,110.2
38433,33477.85,110.3
38434,33478.3,110.4
38435,33478.75,110.5
38436,33479.2,110.6
38437,33479.65,110.7
38438,33480.1,110.8
38439,33480.55,110.9
38440,33481,111
38441,33481.45,111.1
38442,33481.9,111.2
38443,33482.35,111.3
38444,33482.8,111.4
38445,33483.25,111.5
38446,33483.7,111.6
38447,33484.15,111.7
38448,33484.6,111.8
38449,33485.05,111.9
38450,33485.5,112
38451,33485.95,112.1
38452,33486.4,112.2
38453,33486.85,112.3
38454,33487.3,112.4
38455,33487.75,112.5
38456,33488.2,112.6
38457,33488.65,112.7
38458,33489.1,112.8
38459,33489.55,112.9
38460,33490,113
38461,33490.5,113.15
38462,33491,113.3
38463,33491.5,113.45
38464,33492,113.6
38465,33492.5,113.75
38466,33493,113.9
38467,33493.5,114.05
38468,33494,114.2
38469,33494.5,114.35
38470,33495,114.5
38471,33495.5,114.65
38472,33496,114.8
38473,33496.5,114.95
38474,33497,115.1
38475,33497.5,115.25
38476,33498,115.4
38477,33498.5,115.55
38478,33499,115.7
38479,33499.5,115.85
38480,33500,116
38481,33500.5,116.15
38482,33501,116.3
38483,33501.5,116.45
38484,33502,116.6
38485,33502.5,116.75
38486,33503,116.9
38487,33503.5,117.05
38488,33504,117.2
38489,33504.5,117.35
38490,33505,117.5
38491,33505.5,117.65
38492,33506,117.8
38493,33506.5,117.95
38494,33507,118.1
38495,33507.5,118.25
38496,33508,118.4
38497,33508.5,118.55
38498,33509,118.7
38499,33509.5,118.85
38500,33510,119
38501,33510.45,119.2
38502,33510.9,119.4
38503,33511.35,119.6
38504,33511.8,119.8
38505,33512.25,120
38506,33512.7,120.2
38507,33513.15,120.4
38508,33513.6,120.6
38509,33514.05,120.8
38510,33514.5,121
38511,33514.95,121.2
38512,33515.4,121.4
38513,33515.85,121.6
38514,33516.3,121.8
38515,33516.75,122
38516,33517.2,122.2
38517,33517.65,122.4
38518,33518.1,122.6
38519,33518.55,122.8
38520,33519,123
38521,33519.45,123.1
38522,33519.9,123.2
38523,33520.35,123.3
38524,33520.8,123.4
38525,33521.25,123.5
38526,33521.7,123.6
38527,33522.15,123.7
38528,33522.6,123.8
38529,33523.05,123.9
38530,33523.5,124
38531,33523.95,124.1
38532,33524.4,124.2
38533,33524.85,124.3
38534,33525.3,124.4
38535,33525.75,124.5
38536,33526.2,124.6
38537,33526.65,124.7
38538,33527.1,124.8
38539,33527.55,124.9
38540,33528,125
38541,33528.4,125
38542,33528.8,125
38543,33529.2,125
38544,33529.6,125
38545,33530,125
38546,33530.4,125
38547,33530.8,125
38548,33531.2,125
38549,33531.6,125
38550,33532,125
38551,33532.4,125
38552,33532.8,125
38553,33533.2,125
38554,33533.6,125
38555,33534,125
38556,33534.4,125
38557,33534.8,125
38558,33535.2,125
38559,33535.6,125
38560,33536,125
38561,33536.35,124.95
38562,33536.7,124.9
38563,33537.05,124.85
38564,33537.4,124.8
38565,33537.75,124.75
38566,33538.1,124.7
38567,33538.45,124.65
38568,33538.8,124.6
38569,33539.15,124.55
38570,33539.5,124.5
38571,33539.85,124.45
38572,33540.2,124.4
38573,33540.55,124.35
38574,33540.9,124.3
38575,33541.25,124.25
38576,33541.6,124.2
38577,33541.95,124.15
38578,33542.3,124.1
38579,33542.65,124.05
38580,33543,124
38581,33543.35,124
38582,33543.7,124
38583,33544.05,124
38584,33544.4,124
38585,33544.75,124
38586,33545.1,124
38587,33545.45,124
38588,33545.8,124
38589,33546.15,124
38590,33546.5,124
38591,33546.85,124
38592,33547.2,124
38593,33547.55,124
38594,33547.9,124
38595,33548.25,124
38596,33548.6,124
38597,33548.95,124
38598,33549.3,124
38599,33549.65,124
38600,33550,124
38601,33550.35,123.9
38602,33550.7,123.8
38603,33551.05,123.7
38604,33551.4,123.6
38605,33551.75,123.5
38606,33552.1,123.4
38607,33552.45,123.3
38608,33552.8,123.2
38609,33553.15,123.1
38610,33553.5,123
38611,33553.85,122.9
38612,33554.2,122.8
38613,33554.55,122.7
38614,33554.9,122.6
38615,33555.25,122.5
38616,33555.6,122.4
38617,33555.95,122.3
38618,33556.3,122.2
38619,33556.65,122.1
38620,33557,122
38621,33557.25,122
38622,33557.5,122
38623,33557.75,122
38624,33558,122
38625,33558.25,122
38626,33558.5,122
38627,33558.75,122
38628,33559,122
38629,33559.25,122
38630,33559.5,122
38631,33559.75,122
38632,33560,122
38633,33560.25,122
38634,33560.5,122
38635,33560.75,122
38636,33561,122
38637,33561.25,122
38638,33561.5,122
38639,33561.75,122
38640,33562,122
38641,33562.2,121.95
38642,33562.4,121.9
38643,33562.6,121.85
38644,33562.8,121.8
38645,33563,121.75
38646,33563.2,121.7
38647,33563.4,121.65
38648,33563.6,121.6
38649,33563.8,121.55
38650,33564,121.5
38651,33564.2,121.45
38652,33564.4,121.4
38653,33564.6,121.35
38654,33564.8,121.3
38655,33565,121.25
38656,33565.2,121.2
38657,33565.4,121.15
38658,33565.6,121.1
38659,33565.8,121.05
38660,33566,121
38661,33566.25,120.9
38662,33566.5,120.8
38663,33566.75,120.7
38664,33567,120.6
38665,33567.25,120.5
38666,33567.5,120.4
38667,33567.75,120.3
38668,33568,120.2
38669,33568.25,120.1
38670,33568.5,120
38671,33568.75,119.9
38672,33569,119.8
38673,33569.25,119.7
38674,33569.5,119.6
38675,33569.75,119.5
38676,33570,119.4
38677,33570.25,119.3
38678,33570.5,119.2
38679,33570.75,119.1
38680,33571,119
38681,33571.15,118.9
38682,33571.3,118.8
38683,33571.45,118.7
38684,33571.6,118.6
38685,33571.75,118.5
38686,33571.9,118.4
38687,33572.05,118.3
38688,33572.2,118.2
38689,33572.35,118.1
38690,33572.5,118
38691,33572.65,117.9
38692,33572.8,117.8
38693,33572.95,117.7
38694,33573.1,117.6
38695,33573.25,117.5
38696,33573.4,117.4
38697,33573.55,117.3
38698,33573.7,117.2
38699,33573.85,117.1
38700,33574,117
38701,33574.2,116.9
38702,33574.4,116.8
38703,33574.6,116.7
38704,33574.8,116.6
38705,33575,116.5
38706,33575.2,116.4
38707,33575.4,116.3
38708,33575.6,116.2
38709,33575.8,116.1
38710,33576,116
38711,33576.2,115.9
38712,33576.4,115.8
38713,33576.6,115.7
38714,33576.8,115.6
38715,33577,115.5
38716,33577.2,115.4
38717,33577.4,115.3
38718,33577.6,115.2
38719,33577.8,115.1
38720,33578,115
38721,33578.1,114.95
38722,33578.2,114.9
38723,33578.3,114.85
38724,33578.4,114.8
38725,33578.5,114.75
38726,33578.6,114.7
38727,33578.7,114.65
38728,33578.8,114.6
38729,33578.9,114.55
38730,33579,114.5
38731,33579.1,114.45
38732,33579.2,114.4
38733,33579.3,114.35
38734,33579.4,114.3
38735,33579.5,114.25
38736,33579.6,114.2
38737,33579.7,114.15
38738,33579.8,114.1
38739,33579.9,114.05
38740,33580,114
38741,33580.15,114
38742,33580.3,114
38743,33580.45,114
38744,33580.6,114
38745,33580.75,114
38746,33580.9,114
38747,33581.05,114
38748,33581.2,114
38749,33581.35,114
38750,33581.5,114
38751,33581.65,114
38752,33581.8,114
38753,33581.95,114
38754,33582.1,114
38755,33582.25,114
38756,33582.4,114
38757,33582.55,114
38758,33582.7,114
38759,33582.85,114
38760,33583,114
38761,33583.15,114.05
38762,33583.3,114.1
38763,33583.45,114.15
38764,33583.6,114.2
38765,33583.75,114.25
38766,33583.9,114.3
38767,33584.05,114.35
38768,33584.2,114.4
38769,33584.35,114.45
38770,33584.5,114.5
38771,33584.65,114.55
38772,33584.8,114.6
38773,33584.95,114.65
38774,33585.1,114.7
38775,33585.25,114.75
38776,33585.4,114.8
38777,33585.55,114.85
38778,33585.7,114.9
38779,33585.85,114.95
38780,33586,115
38781,33586.15,115.1
38782,33586.3,115.2
38783,33586.45,115.3
38784,33586.6,115.4
38785,33586.75,115.5
38786,33586.9,115.6
38787,33587.05,115.7
38788,33587.2,115.8
38789,33587.35,115.9
38790,33587.5,116
38791,33587.65,116.1
38792,33587.8,116.2
38793,33587.95,116.3
38794,33588.1,116.4
38795,33588.25,116.5
38796,33588.4,116.6
38797,33588.55,116.7
38798,33588.7,116.8
38799,33588.85,116.9
38800,33589,117
38801,33589.15,117.05
38802,33589.3,117.1
38803,33589.45,117.15
38804,33589.6,117.2
38805,33589.75,117.25
38806,33589.9,117.3
38807,33590.05,117.35
38808,33590.2,117.4
38809,33590.35,117.45
38810,33590.5,117.5
38811,33590.65,117.55
38812,33590.8,117.6
38813,33590.95,117.65
38814,33591.1,117.7
38815,33591.25,117.75
38816,33591.4,117.8
38817,33591.55,117.85
38818,33591.7,117.9
38819,33591.85,117.95
38820,33592,118
38821,33592.25,118
38822,33592.5,118
38823,33592.75,118
38824,33593,118
38825,33593.25,118
38826,33593.5,118
38827,33593.75,118
38828,33594,118
38829,33594.25,118
38830,33594.5,118
38831,33594.75,118
38832,33595,118
38833,33595.25,118
38834,33595.5,118
38835,33595.75,118
38836,33596,118
38837,33596.25,118
38838,33596.5,118
38839,33596.75,118
38840,33597,118
38841,33597.25,118
38842,33597.5,118
38843,33597.75,118
38844,33598,118
38845,33598.25,118
38846,33598.5,118
38847,33598.75,118
38848,33599,118
38849,33599.25,118
38850,33599.5,118
38851,33599.75,118
38852,33600,118
38853,33600.25,118
38854,33600.5,118
38855,33600.75,118
38856,33601,118
38857,33601.25,118
38858,33601.5,118
38859,33601.75,118
38860,33602,118
38861,33602.3,118
38862,33602.6,118
38863,33602.9,118
38864,33603.2,118
38865,33603.5,118
38866,33603.8,118
38867,33604.1,118
38868,33604.4,118
38869,33604.7,118
38870,33605,118
38871,33605.3,118
38872,33605.6,118
38873,33605.9,118
38874,33606.2,118
38875,33606.5,118
38876,33606.8,118
38877,33607.1,118
38878,33607.4,118
38879,33607.7,118
38880,33608,118
38881,33608.35,118
38882,33608.7,118
38883,33609.05,118
38884,33609.4,118
38885,33609.75,118
38886,33610.1,118
38887,33610.45,118
38888,33610.8,118
38889,33611.15,118
38890,33611.5,118
38891,33611.85,118
38892,33612.2,118
38893,33612.55,118
38894,33612.9,118
38895,33613.25,118
38896,33613.6,118
38897,33613.95,118
38898,33614.3,118
38899,33614.65,118
38900,33615,118
38901,33615.4,118
38902,33615.8,118
38903,33616.2,118
38904,33616.6,118
38905,33617,118
38906,33617.4,118
38907,33617.8,118
38908,33618.2,118
38909,33618.6,118
38910,33619,118
38911,33619.4,118
38912,33619.8,118
38913,33620.2,118
38914,33620.6,118
38915,33621,118
38916,33621.4,118
38917,33621.8,118
38918,33622.2,118
38919,33622.6,118
38920,33623,118
38921,33623.45,118
38922,33623.9,118
38923,33624.35,118
38924,33624.8,118
38925,33625.25,118
38926,33625.7,118
38927,33626.15,118
38928,33626.6,118
38929,33627.05,118
38930,33627.5,118
38931,33627.95,118
38932,33628.4,118
38933,33628.85,118
38934,33629.3,118
38935,33629.75,118
38936,33630.2,118
38937,33630.65,118
38938,33631.1,118
38939,33631.55,118
38940,33632,118
38941,33632.55,117.9
38942,33633.1,117.8
38943,33633.65,117.7
38944,33634.2,117.6
38945,33634.75,117.5
38946,33635.3,117.4
38947,33635.85,117.3
38948,33636.4,117.2
38949,33636.95,117.1
38950,33637.5,117
38951,33638.05,116.9
38952,33638.6,116.8
38953,33639.15,116.7
38954,33639.7,116.6
38955,33640.25,116.5
38956,33640.8,116.4
38957,33641.35,116.3
38958,33641.9,116.2
38959,33642.45,116.1
38960,33643,116
38961,33643.55,115.95
38962,33644.1,115.9
38963,33644.65,115.85
38964,33645.2,115.8
38965,33645.75,115.75
38966,33646.3,115.7
38967,33646.85,115.65
38968,33647.4,115.6
38969,33647.95,115.55
38970,33648.5,115.5
38971,33649.05,115.45
38972,33649.6,115.4
38973,33650.15,115.35
38974,33650.7,115.3
38975,33651.25,115.25
38976,33651.8,115.2
38977,33652.35,115.15
38978,33652.9,115.1
38979,33653.45,115.05
38980,33654,115
38981,33654.7,114.95
38982,33655.4,114.9
38983,33656.1,114.85
38984,33656.8,114.8
38985,33657.5,114.75
38986,33658.2,114.7
38987,33658.9,114.65
38988,33659.6,114.6
38989,33660.3,114.55
38990,33661,114.5
38991,33661.7,114.45
38992,33662.4,114.4
38993,33663.1,114.35
38994,33663.8,114.3
38995,33664.5,114.25
38996,33665.2,114.2
38997,33665.9,114.15
38998,33666.6,114.1
38999,33667.3,114.05
39000,33668,114
39001,33668.8,114.05
39002,33669.6,114.1
39003,33670.4,114.15
39004,33671.2,114.2
39005,33672,114.25
39006,33672.8,114.3
39007,33673.6,114.35
39008,33674.4,114.4
39009,33675.2,114.45
39010,33676,114.5
39011,33676.8,114.55
39012,33677.6,114.6
39013,33678.4,114.65
39014,33679.2,114.7
39015,33680,114.75
39016,33680.8,114.8
39017,33681.6,114.85
39018,33682.4,114.9
39019,33683.2,114.95
39020,33684,115
39021,33684.95,115.05
39022,33685.9,115.1
39023,33686.85,115.15
39024,33687.8,115.2
39025,33688.75,115.25
39026,33689.7,115.3
39027,33690.65,115.35
39028,33691.6,115.4
39029,33692.55,115.45
39030,33693.5,115.5
39031,33694.45,115.55
39032,33695.4,115.6
39033,33696.35,115.65
39034,33697.3,115.7
39035,33698.25,115.75
39036,33699.2,115.8
39037,33700.15,115.85
39038,33701.1,115.9
39039,33702.05,115.95
39040,33703,116
39041,33704,116.1
39042,33705,116.2
39043,33706,116.3
39044,33707,116.4
39045,33708,116.5
39046,33709,116.6
39047,33710,116.7
39048,33711,116.8
39049,33712,116.9
39050,33713,117
39051,33714,117.1
39052,33715,117.2
39053,33716,117.3
39054,33717,117.4
39055,33718,117.5
39056,33719,117.6
39057,33720,117.7
39058,33721,117.8
39059,33722,117.9
39060,33723,118
39061,33724.25,118.1
39062,33725.5,118.2
39063,33726.75,118.3
39064,33728,118.4
39065,33729.25,118.5
39066,33730.5,118.6
39067,33731.75,118.7
39068,33733,118.8
39069,33734.25,118.9
39070,33735.5,119
39071,33736.75,119.1
39072,33738,119.2
39073,33739.25,119.3
39074,33740.5,119.4
39075,33741.75,119.5
39076,33743,119.6
39077,33744.25,119.7
39078,33745.5,119.8
39079,33746.75,119.9
39080,33748,120
39081,33749.35,120.05
39082,33750.7,120.1
39083,33752.05,120.15
39084,33753.4,120.2
39085,33754.75,120.25
39086,33756.1,120.3
39087,33757.45,120.35
39088,33758.8,120.4
39089,33760.15,120.45
39090,33761.5,120.5
39091,33762.85,120.55
39092,33764.2,120.6
39093,33765.55,120.65
39094,33766.9,120.7
39095,33768.25,120.75
39096,33769.6,120.8
39097,33770.95,120.85
39098,33772.3,120.9
39099,33773.65,120.95
39100,33775,121
39101,33776.5,121.05
39102,33778,121.1
39103,33779.5,121.15
39104,33781,121.2
39105,33782.5,121.25
39106,33784,121.3
39107,33785.5,121.35
39108,33787,121.4
39109,33788.5,121.45
39110,33790,121.5
39111,33791.5,121.55
39112,33793,121.6
39113,33794.5,121.65
39114,33796,121.7
39115,33797.5,121.75
39116,33799,121.8
39117,33800.5,121.85
39118,33802,121.9
39119,33803.5,121.95
39120,33805,122
39121,33806.6,122.1
39122,33808.2,122.2
39123,33809.8,122.3
39124,33811.4,122.4
39125,33813,122.5
39126,33814.6,122.6
39127,33816.2,122.7
39128,33817.8,122.8
39129,33819.4,122.9
39130,33821,123
39131,33822.6,123.1
39132,33824.2,123.2
39133,33825.8,123.3
39134,33827.4,123.4
39135,33829,123.5
39136,33830.6,123.6
39137,33832.2,123.7
39138,33833.8,123.8
39139,33835.4,123.9
39140,33837,124
39141,33838.7,124.05
39142,33840.4,124.1
39143,33842.1,124.15
39144,33843.8,124.2
39145,33845.5,124.25
39146,33847.2,124.3
39147,33848.9,124.35
39148,33850.6,124.4
39149,33852.3,124.45
39150,33854,124.5
39151,33855.7,124.55
39152,33857.4,124.6
39153,33859.1,124.65
39154,33860.8,124.7
39155,33862.5,124.75
39156,33864.2,124.8
39157,33865.9,124.85
39158,33867.6,124.9
39159,33869.3,124.95
39160,33871,125
39161,33872.7,125.15
39162,33874.4,125.3
39163,33876.1,125.45
39164,33877.8,125.6
39165,33879.5,125.75
39166,33881.2,125.9
39167,33882.9,126.05
39168,33884.6,126.2
39169,33886.3,126.35
39170,33888,126.5
39171,33889.7,126.65
39172,33891.4,126.8
39173,33893.1,126.95
39174,33894.8,127.1
39175,33896.5,127.25
39176,33898.2,127.4
39177,33899.9,127.55
39178,33901.6,127.7
39179,33903.3,127.85
39180,33905,128
39181,33906.75,128.1
39182,33908.5,128.2
39183,33910.25,128.3
39184,33912,128.4
39185,33913.75,128.5
39186,33915.5,128.6
39187,33917.25,128.7
39188,33919,128.8
39189,33920.75,128.9
39190,33922.5,129
39191,33924.25,129.1
39192,33926,129.2
39193,33927.75,129.3
39194,33929.5,129.4
39195,33931.25,129.5
39196,33933,129.6
39197,33934.75,129.7
39198,33936.5,129.8
39199,33938.25,129.9
39200,33940,130
39201,33941.75,130.05
39202,33943.5,130.1
39203,33945.25,130.15
39204,33947,130.2
39205,33948.75,130.25
39206,33950.5,130.3
39207,33952.25,130.35
39208,33954,130.4
39209,33955.75,130.45
39210,33957.5,130.5
39211,33959.25,130.55
39212,33961,130.6
39213,33962.75,130.65
39214,33964.5,130.7
39215,33966.25,130.75
39216,33968,130.8
39217,33969.75,130.85
39218,33971.5,130.9
39219,33973.25,130.95
39220,33975,131
39221,33976.7,131
39222,33978.4,131
39223,33980.1,131
39224,33981.8,131
39225,33983.5,131
39226,33985.2,131
39227,33986.9,131
39228,33988.6,131
39229,33990.3,131
39230,33992,131
39231,33993.7,131
39232,33995.4,131
39233,33997.1,131
39234,33998.8,131
39235,34000.5,131
39236,34002.2,131
39237,34003.9,131
39238,34005.6,131
39239,34007.3,131
39240,34009,131
39241,34010.7,131
39242,34012.4,131
39243,34014.1,131
39244,34015.8,131
39245,34017.5,131
39246,34019.2,131
39247,34020.9,131
39248,34022.6,131
39249,34024.3,131
39250,34026,131
39251,34027.7,131
39252,34029.4,131
39253,34031.1,131
39254,34032.8,131
39255,34034.5,131
39256,34036.2,131
39257,34037.9,131
39258,34039.6,131
39259,34041.3,131
39260,34043,131
39261,34044.6,130.95
39262,34046.2,130.9
39263,34047.8,130.85
39264,34049.4,130.8
39265,34051,130.75
39266,34052.6,130.7
39267,34054.2,130.65
39268,34055.8,130.6
39269,34057.4,130.55
39270,34059,130.5
39271,34060.6,130.45
39272,34062.2,130.4
39273,34063.8,130.35
39274,34065.4,130.3
39275,34067,130.25
39276,34068.6,130.2
39277,34070.2,130.15
39278,34071.8,130.1
39279,34073.4,130.05
39280,34075,130
39281,34076.6,130
39282,34078.2,130
39283,34079.8,130
39284,34081.4,130
39285,34083,130
39286,34084.6,130
39287,34086.2,130
39288,34087.8,130
39289,34089.4,130
39290,34091,130
39291,34092.6,130
39292,34094.2,130
39293,34095.8,130
39294,34097.4,130
39295,34099,130
39296,34100.6,130
39297,34102.2,130
39298,34103.8,130
39299,34105.4,130
39300,34107,130
39301,34108.55,129.95
39302,34110.1,129.9
39303,34111.65,129.85
39304,34113.2,129.8
39305,34114.75,129.75
39306,34116.3,129.7
39307,34117.85,129.65
39308,34119.4,129.6
39309,34120.95,129.55
39310,34122.5,129.5
39311,34124.05,129.45
39312,34125.6,129.4
39313,34127.15,129.35
39314,34128.7,129.3
39315,34130.25,129.25
39316,34131.8,129.2
39317,34133.35,129.15
39318,34134.9,129.1
39319,34136.45,129.05
39320,34138,129
39321,34139.5,129
39322,34141,129
39323,34142.5,129
39324,34144,129
39325,34145.5,129
39326,34147,129
39327,34148.5,129
39328,34150,129
39329,34151.5,129
39330,34153,129
39331,34154.5,129
39332,34156,129
39333,34157.5,129
39334,34159,129
39335,34160.5,129
39336,34162,129
39337,34163.5,129
39338,34165,129
39339,34166.5,129
39340,34168,129
39341,34169.45,129
39342,34170.9,129
39343,34172.35,129
39344,34173.8,129
39345,34175.25,129
39346,34176.7,129
39347,34178.15,129
39348,34179.6,129
39349,34181.05,129
39350,34182.5,129
39351,34183.95,129
39352,34185.4,129
39353,34186.85,129
39354,34188.3,129
39355,34189.75,129
39356,34191.2,129
39357,34192.65,129
39358,34194.1,129
39359,34195.55,129
39360,34197,129
39361,34198.45,129
39362,34199.9,129
39363,34201.35,129
39364,34202.8,129
39365,34204.25,129
39366,34205.7,129
39367,34207.15,129
39368,34208.6,129
39369,34210.05,129
39370,34211.5,129
39371,34212.95,129
39372,34214.4,129
39373,34215.85,129
39374,34217.3,129
39375,34218.75,129
39376,34220.2,129
39377,34221.65,129
39378,34223.1,129
39379,34224.55,129
39380,34226,129
39381,34227.35,128.95
39382,34228.7,128.9
39383,34230.05,128.85
39384,34231.4,128.8
39385,34232.75,128.75
39386,34234.1,128.7
39387,34235.45,128.65
39388,34236.8,128.6
39389,34238.15,128.55
39390,34239.5,128.5
39391,34240.85,128.45
39392,34242.2,128.4
39393,34243.55,128.35
39394,34244.9,128.3
39395,34246.25,128.25
39396,34247.6,128.2
39397,34248.95,128.15
39398,34250.3,128.1
39399,34251.65,128.05
39400,34253,128
39401,34254.3,127.9
39402,34255.6,127.8
39403,34256.9,127.7
39404,34258.2,127.6
39405,34259.5,127.5
39406,34260.8,127.4
39407,34262.1,127.3
39408,34263.4,127.2
39409,34264.7,127.1
39410,34266,127
39411,34267.3,126.9
39412,34268.6,126.8
39413,34269.9,126.7
39414,34271.2,126.6
39415,34272.5,126.5
39416,34273.8,126.4
39417,34275.1,126.3
39418,34276.4,126.2
39419,34277.7,126.1
39420,34279,126
39421,34280.2,125.9
39422,34281.4,125.8
39423,34282.6,125.7
39424,34283.8,125.6
39425,34285,125.5
39426,34286.2,125.4
39427,34287.4,125.3
39428,34288.6,125.2
39429,34289.8,125.1
39430,34291,125
39431,34292.2,124.9
39432,34293.4,124.8
39433,34294.6,124.7
39434,34295.8,124.6
39435,34297,124.5
39436,34298.2,124.4
39437,34299.4,124.3
39438,34300.6,124.2
39439,34301.8,124.1
39440,34303,124
39441,34304.2,123.95
39442,34305.4,123.9
39443,34306.6,123.85
39444,34307.8,123.8
39445,34309,123.75
39446,34310.2,123.7
39447,34311.4,123.65
39448,34312.6,123.6
39449,34313.8,123.55
39450,34315,123.5
39451,34316.2,123.45
39452,34317.4,123.4
39453,34318.6,123.35
39454,34319.8,123.3
39455,34321,123.25
39456,34322.2,123.2
39457,34323.4,123.15
39458,34324.6,123.1
39459,34325.8,123.05
39460,34327,123
39461,34328.15,123
39462,34329.3,123
39463,34330.45,123
39464,34331.6,123
39465,34332.75,123
39466,34333.9,123
39467,34335.05,123
39468,34336.2,123
39469,34337.35,123
39470,34338.5,123
39471,34339.65,123
39472,34340.8,123
39473,34341.95,123
39474,34343.1,123
39475,34344.25,123
39476,34345.4,123
39477,34346.55,123
39478,34347.7,123
39479,34348.85,123
39480,34350,123
39481,34351.15,123
39482,34352.3,123
39483,34353.45,123
39484,34354.6,123
39485,34355.75,123
39486,34356.9,123
39487,34358.05,123
39488,34359.2,123
39489,34360.35,123
39490,34361.5,123
39491,34362.65,123
39492,34363.8,123
39493,34364.95,123
39494,34366.1,123
39495,34367.25,123
39496,34368.4,123
39497,34369.55,123
39498,34370.7,123
39499,34371.85,123
39500,34373,123
39501,34374.1,123
39502,34375.2,123
39503,34376.3,123
39504,34377.4,123
39505,34378.5,123
39506,34379.6,123
39507,34380.7,123
39508,34381.8,123
39509,34382.9,123
39510,34384,123
39511,34385.1,123
39512,34386.2,123
39513,34387.3,123
39514,34388.4,123
39515,34389.5,123
39516,34390.6,123
39517,34391.7,123
39518,34392.8,123
39519,34393.9,123
39520,34395,123
39521,34396.1,122.95
39522,34397.2,122.9
39523,34398.3,122.85
39524,34399.4,122.8
39525,34400.5,122.75
39526,34401.6,122.7
39527,34402.7,122.65
39528,34403.8,122.6
39529,34404.9,122.55
39530,34406,122.5
39531,34407.1,122.45
39532,34408.2,122.4
39533,34409.3,122.35
39534,34410.4,122.3
39535,34411.5,122.25
39536,34412.6,122.2
39537,34413.7,122.15
39538,34414.8,122.1
39539,34415.9,122.05
39540,34417,122
39541,34418.1,121.95
39542,34419.2,121.9
39543,34420.3,121.85
39544,34421.4,121.8
39545,34422.5,121.75
39546,34423.6,121.7
39547,34424.7,121.65
39548,34425.8,121.6
39549,34426.9,121.55
39550,34428,121.5
39551,34429.1,121.45
39552,34430.2,121.4
39553,34431.3,121.35
39554,34432.4,121.3
39555,34433.5,121.25
39556,34434.6,121.2
39557,34435.7,121.15
39558,34436.8,121.1
39559,34437.9,121.05
39560,34439,121
39561,34440.1,121.05
39562,34441.2,121.1
39563,34442.3,121.15
39564,34443.4,121.2
39565,34444.5,121.25
39566,34445.6,121.3
39567,34446.7,121.35
39568,34447.8,121.4
39569,34448.9,121.45
39570,34450,121.5
39571,34451.1,121.55
39572,34452.2,121.6
39573,34453.3,121.65
39574,34454.4,121.7
39575,34455.5,121.75
39576,34456.6,121.8
39577,34457.7,121.85
39578,34458.8,121.9
39579,34459.9,121.95
39580,34461,122
39581,34462.1,122.05
39582,34463.2,122.1
39583,34464.3,122.15
39584,34465.4,122.2
39585,34466.5,122.25
39586,34467.6,122.3
39587,34468.7,122.35
39588,34469.8,122.4
39589,34470.9,122.45
39590,34472,122.5
39591,34473.1,122.55
39592,34474.2,122.6
39593,34475.3,122.65
39594,34476.4,122.7
39595,34477.5,122.75
39596,34478.6,122.8
39597,34479.7,122.85
39598,34480.8,122.9
39599,34481.9,122.95
39600,34483,123
39601,34484.1,123.1
39602,34485.2,123.2
39603,34486.3,123.3
39604,34487.4,123.4
39605,34488.5,123.5
39606,34489.6,123.6
39607,34490.7,123.7
39608,34491.8,123.8
39609,34492.9,123.9
39610,34494,124
39611,34495.1,124.1
39612,34496.2,124.2
39613,34497.3,124.3
39614,34498.4,124.4
39615,34499.5,124.5
39616,34500.6,124.6
39617,34501.7,124.7
39618,34502.8,124.8
39619,34503.9,124.9
39620,34505,125
39621,34506.15,125.05
39622,34507.3,125.1
39623,34508.45,125.15
39624,34509.6,125.2
39625,34510.75,125.25
39626,34511.9,125.3
39627,34513.05,125.35
39628,34514.2,125.4
39629,34515.35,125.45
39630,34516.5,125.5
39631,34517.65,125.55
39632,34518.8,125.6
39633,34519.95,125.65
39634,34521.1,125.7
39635,34522.25,125.75
39636,34523.4,125.8
39637,34524.55,125.85
39638,34525.7,125.9
39639,34526.85,125.95
39640,34528,126
39641,34529.15,126.05
39642,34530.3,126.1
39643,34531.45,126.15
39644,34532.6,126.2
39645,34533.75,126.25
39646,34534.9,126.3
39647,34536.05,126.35
39648,34537.2,126.4
39649,34538.35,126.45
39650,34539.5,126.5
39651,34540.65,126.55
39652,34541.8,126.6
39653,34542.95,126.65
39654,34544.1,126.7
39655,34545.25,126.75
39656,34546.4,126.8
39657,34547.55,126.85
39658,34548.7,126.9
39659,34549.85,126.95
39660,34551,127
39661,34552.2,127
39662,34553.4,127
39663,34554.6,127
39664,34555.8,127
39665,34557,127
39666,34558.2,127
39667,34559.4,127
39668,34560.6,127
39669,34561.8,127
39670,34563,127
39671,34564.2,127
39672,34565.4,127
39673,34566.6,127
39674,34567.8,127
39675,34569,127
39676,34570.2,127
39677,34571.4,127
39678,34572.6,127
39679,34573.8,127
39680,34575,127
39681,34576.15,127.1
39682,34577.3,127.2
39683,34578.45,127.3
39684,34579.6,127.4
39685,34580.75,127.5
39686,34581.9,127.6
39687,34583.05,127.7
39688,34584.2,127.8
39689,34585.35,127.9
39690,34586.5,128
39691,34587.65,128.1
39692,34588.8,128.2
39693,34589.95,128.3
39694,34591.1,128.4
39695,34592.25,128.5
39696,34593.4,128.6
39697,34594.55,128.7
39698,34595.7,128.8
39699,34596.85,128.9
39700,34598,129
39701,34599.2,129.05
39702,34600.4,129.1
39703,34601.6,129.15
39704,34602.8,129.2
39705,34604,129.25
39706,34605.2,129.3
39707,34606.4,129.35
39708,34607.6,129.4
39709,34608.8,129.45
39710,34610,129.5
39711,34611.2,129.55
39712,34612.4,129.6
39713,34613.6,129.65
39714,34614.8,129.7
39715,34616,129.75
39716,34617.2,129.8
39717,34618.4,129.85
39718,34619.6,129.9
39719,34620.8,129.95
39720,34622,130
39721,34623.15,130.1
39722,34624.3,130.2
39723,34625.45,130.3
39724,34626.6,130.4
39725,34627.75,130.5
39726,34628.9,130.6
39727,34630.05,130.7
39728,34631.2,130.8
39729,34632.35,130.9
39730,34633.5,131
39731,34634.65,131.1
39732,34635.8,131.2
39733,34636.95,131.3
39734,34638.1,131.4
39735,34639.25,131.5
39736,34640.4,131.6
39737,34641.55,131.7
39738,34642.7,131.8
39739,34643.85,131.9
39740,34645,132
39741,34646.15,132.1
39742,34647.3,132.2
39743,34648.45,132.3
39744,34649.6,132.4
39745,34650.75,132.5
39746,34651.9,132.6
39747,34653.05,132.7
39748,34654.2,132.8
39749,34655.35,132.9
39750,34656.5,133
39751,34657.65,133.1
39752,34658.8,133.2
39753,34659.95,133.3
39754,34661.1,133.4
39755,34662.25,133.5
39756,34663.4,133.6
39757,34664.55,133.7
39758,34665.7,133.8
39759,34666.85,133.9
39760,34668,134
39761,34669.15,134
39762,34670.3,134
39763,34671.45,134
39764,34672.6,134
39765,34673.75,134
39766,34674.9,134
39767,34676.05,134
39768,34677.2,134
39769,34678.35,134
39770,34679.5,134
39771,34680.65,134
39772,34681.8,134
39773,34682.95,134
39774,34684.1,134
39775,34685.25,134
39776,34686.4,134
39777,34687.55,134
39778,34688.7,134
39779,34689.85,134
39780,34691,134
39781,34692.1,133.95
39782,34693.2,133.9
39783,34694.3,133.85
39784,34695.4,133.8
39785,34696.5,133.75
39786,34697.6,133.7
39787,34698.7,133.65
39788,34699.8,133.6
39789,34700.9,133.55
39790,34702,133.5
39791,34703.1,133.45
39792,34704.2,133.4
39793,34705.3,133.35
39794,34706.4,133.3
39795,34707.5,133.25
39796,34708.6,133.2
39797,34709.7,133.15
39798,34710.8,133.1
39799,34711.9,133.05
39800,34713,133
39801,34714,132.95
39802,34715,132.9
39803,34716,132.85
39804,34717,132.8
39805,34718,132.75
39806,34719,132.7
39807,34720,132.65
39808,34721,132.6
39809,34722,132.55
39810,34723,132.5
39811,34724,132.45
39812,34725,132.4
39813,34726,132.35
39814,34727,132.3
39815,34728,132.25
39816,34729,132.2
39817,34730,132.15
39818,34731,132.1
39819,34732,132.05
39820,34733,132
39821,34734.05,131.95
39822,34735.1,131.9
39823,34736.15,131.85
39824,34737.2,131.8
39825,34738.25,131.75
39826,34739.3,131.7
39827,34740.35,131.65
39828,34741.4,131.6
39829,34742.45,131.55
39830,34743.5,131.5
39831,34744.55,131.45
39832,34745.6,131.4
39833,34746.65,131.35
39834,34747.7,131.3
39835,34748.75,131.25
39836,34749.8,131.2
39837,34750.85,131.15
39838,34751.9,131.1
39839,34752.95,131.05
39840,34754,131
39841,34755.05,130.95
39842,34756.1,130.9
39843,34757.15,130.85
39844,34758.2,130.8
39845,34759.25,130.75
39846,34760.3,130.7
39847,34761.35,130.65
39848,34762.4,130.6
39849,34763.45,130.55
39850,34764.5,130.5
39851,34765.55,130.45
39852,34766.6,130.4
39853,34767.65,130.35
39854,34768.7,130.3
39855,34769.75,130.25
39856,34770.8,130.2
39857,34771.85,130.15
39858,34772.9,130.1
39859,34773.95,130.05
39860,34775,130
39861,34776,130
39862,34777,130
39863,34778,130
39864,34779,130
39865,34780,130
39866,34781,130
39867,34782,130
39868,34783,130
39869,34784,130
39870,34785,130
39871,34786,130
39872,34787,130
39873,34788,130
39874,34789,130
39875,34790,130
39876,34791,130
39877,34792,130
39878,34793,130
39879,34794,130
39880,34795,130
39881,34796.05,129.95
39882,34797.1,129.9
39883,34798.15,129.85
39884,34799.2,129.8
39885,34800.25,129.75
39886,34801.3,129.7
39887,34802.35,129.65
39888,34803.4,129.6
39889,34804.45,129.55
39890,34805.5,129.5
39891,34806.55,129.45
39892,34807.6,129.4
39893,34808.65,129.35
39894,34809.7,129.3
39895,34810.75,129.25
39896,34811.8,129.2
39897,34812.85,129.15
39898,34813.9,129.1
39899,34814.95,129.05
39900,34816,129
39901,34817,128.95
39902,34818,128.9
39903,34819,128.85
39904,34820,128.8
39905,34821,128.75
39906,34822,128.7
39907,34823,128.65
39908,34824,128.6
39909,34825,128.55
39910,34826,128.5
39911,34827,128.45
39912,34828,128.4
39913,34829,128.35
39914,34830,128.3
39915,34831,128.25
39916,34832,128.2
39917,34833,128.15
39918,34834,128.1
39919,34835,128.05
39920,34836,128
39921,34837,127.95
39922,34838,127.9
39923,34839,127.85
39924,34840,127.8
39925,34841,127.75
39926,34842,127.7
39927,34843,127.65
39928,34844,127.6
39929,34845,127.55
39930,34846,127.5
39931,34847,127.45
39932,34848,127.4
39933,34849,127.35
39934,34850,127.3
39935,34851,127.25
39936,34852,127.2
39937,34853,127.15
39938,34854,127.1
39939,34855,127.05
39940,34856,127
39941,34857.05,126.95
39942,34858.1,126.9
39943,34859.15,126.85
39944,34860.2,126.8
39945,34861.25,126.75
39946,34862.3,126.7
39947,34863.35,126.65
39948,34864.4,126.6
39949,34865.45,126.55
39950,34866.5,126.5
39951,34867.55,126.45
39952,34868.6,126.4
39953,34869.65,126.35
39954,34870.7,126.3
39955,34871.75,126.25
39956,34872.8,126.2
39957,34873.85,126.15
39958,34874.9,126.1
39959,34875.95,126.05
39960,34877,126
39961,34878.05,126
39962,34879.1,126
39963,34880.15,126
39964,34881.2,126
39965,34882.25,126
39966,34883.3,126
39967,34884.35,126
39968,34885.4,126
39969,34886.45,126
39970,34887.5,126
39971,34888.55,126
39972,34889.6,126
39973,34890.65,126
39974,34891.7,126
39975,34892.75,126
39976,34893.8,126
39977,34894.85,126
39978,34895.9,126
39979,34896.95,126
39980,34898,126
39981,34899,125.95
39982,34900,125.9
39983,34901,125.85
39984,34902,125.8
39985,34903,125.75
39986,34904,125.7
39987,34905,125.65
39988,34906,125.6
39989,34907,125.55
39990,34908,125.5
39991,34909,125.45
39992,34910,125.4
39993,34911,125.35
39994,34912,125.3
39995,34913,125.25
39996,34914,125.2
39997,34915,125.15
39998,34916,125.1
39999,34917,125.05
40000,34918,125
40001,34919,124.95
40002,34920,124.9
40003,34921,124.85
40004,34922,124.8
40005,34923,124.75
40006,34924,124.7
40007,34925,124.65
40008,34926,124.6
40009,34927,124.55
40010,34928,124.5
40011,34929,124.45
40012,34930,124.4
40013,34931,124.35
40014,34932,124.3
40015,34933,124.25
40016,34934,124.2
40017,34935,124.15
40018,34936,124.1
40019,34937,124.05
40020,34938,124
40021,34938.9,124
40022,34939.8,124
40023,34940.7,124
40024,34941.6,124
40025,34942.5,124
40026,34943.4,124
40027,34944.3,124
40028,34945.2,124
40029,34946.1,124
40030,34947,124
40031,34947.9,124
40032,34948.8,124
40033,34949.7,124
40034,34950.6,124
40035,34951.5,124
40036,34952.4,124
40037,34953.3,124
40038,34954.2,124
40039,34955.1,124
40040,34956,124
40041,34956.85,123.95
40042,34957.7,123.9
40043,34958.55,123.85
40044,34959.4,123.8
40045,34960.25,123.75
40046,34961.1,123.7
40047,34961.95,123.65
40048,34962.8,123.6
40049,34963.65,123.55
40050,34964.5,123.5
40051,34965.35,123.45
40052,34966.2,123.4
40053,34967.05,123.35
40054,34967.9,123.3
40055,34968.75,123.25
40056,34969.6,123.2
40057,34970.45,123.15
40058,34971.3,123.1
40059,34972.15,123.05
40060,34973,123
40061,34973.8,123
40062,34974.6,123
40063,34975.4,123
40064,34976.2,123
40065,34977,123
40066,34977.8,123
40067,34978.6,123
40068,34979.4,123
40069,34980.2,123
40070,34981,123
40071,34981.8,123
40072,34982.6,123
40073,34983.4,123
40074,34984.2,123
40075,34985,123
40076,34985.8,123
40077,34986.6,123
40078,34987.4,123
40079,34988.2,123
40080,34989,123
40081,34989.75,123
40082,34990.5,123
40083,34991.25,123
40084,34992,123
40085,34992.75,123
40086,34993.5,123
40087,34994.25,123
40088,34995,123
40089,34995.75,123
40090,34996.5,123
40091,34997.25,123
40092,34998,123
40093,34998.75,123
40094,34999.5,123
40095,35000.25,123
40096,35001,123
40097,35001.75,123
40098,35002.5,123
40099,35003.25,123
40100,35004,123
40101,35004.6,123
40102,35005.2,123
40103,35005.8,123
40104,35006.4,123
40105,35007,123
40106,35007.6,123
40107,35008.2,123
40108,35008.8,123
40109,35009.4,123
40110,35010,123
40111,35010.6,123
40112,35011.2,123
40113,35011.8,123
40114,35012.4,123
40115,35013,123
40116,35013.6,123
40117,35014.2,123
40118,35014.8,123
40119,35015.4,123
40120,35016,123
40121,35016.5,123
40122,35017,123
40123,35017.5,123
40124,35018,123
40125,35018.5,123
40126,35019,123
40127,35019.5,123
40128,35020,123
40129,35020.5,123
40130,35021,123
40131,35021.5,123
40132,35022,123
40133,35022.5,123
40134,35023,123
40135,35023.5,123
40136,35024,123
40137,35024.5,123
40138,35025,123
40139,35025.5,123
40140,35026,123
40141,35026.45,123
40142,35026.9,123
40143,35027.35,123
40144,35027.8,123
40145,35028.25,123
40146,35028.7,123
40147,35029.15,123
40148,35029.6,123
40149,35030.05,123
40150,35030.5,123
40151,35030.95,123
40152,35031.4,123
40153,35031.85,123
40154,35032.3,123
40155,35032.75,123
40156,35033.2,123
40157,35033.65,123
40158,35034.1,123
40159,35034.55,123
40160,35035,123
40161,35035.35,123
40162,35035.7,123
40163,35036.05,123
40164,35036.4,123
40165,35036.75,123
40166,35037.1,123
40167,35037.45,123
40168,35037.8,123
40169,35038.15,123
40170,35038.5,123
40171,35038.85,123
40172,35039.2,123
40173,35039.55,123
40174,35039.9,123
40175,35040.25,123
40176,35040.6,123
40177,35040.95,123
40178,35041.3,123
40179,35041.65,123
40180,35042,123
40181,35042.3,123.05
40182,35042.6,123.1
40183,35042.9,123.15
40184,35043.2,123.2
40185,35043.5,123.25
40186,35043.8,123.3
40187,35044.1,123.35
40188,35044.4,123.4
40189,35044.7,123.45
40190,35045,123.5
40191,35045.3,123.55
40192,35045.6,123.6
40193,35045.9,123.65
40194,35046.2,123.7
40195,35046.5,123.75
40196,35046.8,123.8
40197,35047.1,123.85
40198,35047.4,123.9
40199,35047.7,123.95
40200,35048,124
40201,35048.25,124.05
40202,35048.5,124.1
40203,35048.75,124.15
40204,35049,124.2
40205,35049.25,124.25
40206,35049.5,124.3
40207,35049.75,124.35
40208,35050,124.4
40209,35050.25,124.45
40210,35050.5,124.5
40211,35050.75,124.55
40212,35051,124.6
40213,35051.25,124.65
40214,35051.5,124.7
40215,35051.75,124.75
40216,35052,124.8
40217,35052.25,124.85
40218,35052.5,124.9
40219,35052.75,124.95
40220,35053,125
40221,35053.3,125.05
40222,35053.6,125.1
40223,35053.9,125.15
40224,35054.2,125.2
40225,35054.5,125.25
40226,35054.8,125.3
40227,35055.1,125.35
40228,35055.4,125.4
40229,35055.7,125.45
40230,35056,125.5
40231,35056.3,125.55
40232,35056.6,125.6
40233,35056.9,125.65
40234,35057.2,125.7
40235,35057.5,125.75
40236,35057.8,125.8
40237,35058.1,125.85
40238,35058.4,125.9
40239,35058.7,125.95
40240,35059,126
40241,35059.3,126.1
40242,35059.6,126.2
40243,35059.9,126.3
40244,35060.2,126.4
40245,35060.5,126.5
40246,35060.8,126.6
40247,35061.1,126.7
40248,35061.4,126.8
40249,35061.7,126.9
40250,35062,127
40251,35062.3,127.1
40252,35062.6,127.2
40253,35062.9,127.3
40254,35063.2,127.4
40255,35063.5,127.5
40256,35063.8,127.6
40257,35064.1,127.7
40258,35064.4,127.8
40259,35064.7,127.9
40260,35065,128
40261,35065.35,128.05
40262,35065.7,128.1
40263,35066.05,128.15
40264,35066.4,128.2
40265,35066.75,128.25
40266,35067.1,128.3
40267,35067.45,128.35
40268,35067.8,128.4
40269,35068.15,128.45
40270,35068.5,128.5
40271,35068.85,128.55
40272,35069.2,128.6
40273,35069.55,128.65
40274,35069.9,128.7
40275,35070.25,128.75
40276,35070.6,128.8
40277,35070.95,128.85
40278,35071.3,128.9
40279,35071.65,128.95
40280,35072,129
40281,35072.4,129.1
40282,35072.8,129.2
40283,35073.2,129.3
40284,35073.6,129.4
40285,35074,129.5
40286,35074.4,129.6
40287,35074.8,129.7
40288,35075.2,129.8
40289,35075.6,129.9
40290,35076,130
40291,35076.4,130.1
40292,35076.8,130.2
40293,35077.2,130.3
40294,35077.6,130.4
40295,35078,130.5
40296,35078.4,130.6
40297,35078.8,130.7
40298,35079.2,130.8
40299,35079.6,130.9
40300,35080,131
40301,35080.45,131.1
40302,35080.9,131.2
40303,35081.35,131.3
40304,35081.8,131.4
40305,35082.25,131.5
40306,35082.7,131.6
40307,35083.15,131.7
40308,35083.6,131.8
40309,35084.05,131.9
40310,35084.5,132
40311,35084.95,132.1
40312,35085.4,132.2
40313,35085.85,132.3
40314,35086.3,132.4
40315,35086.75,132.5
40316,35087.2,132.6
40317,35087.65,132.7
40318,35088.1,132.8
40319,35088.55,132.9
40320,35089,133
40321,35089.6,133.05
40322,35090.2,133.1
40323,35090.8,133.15
40324,35091.4,133.2
40325,35092,133.25
40326,35092.6,133.3
40327,35093.2,133.35
40328,35093.8,133.4
40329,35094.4,133.45
40330,35095,133.5
40331,35095.6,133.55
40332,35096.2,133.6
40333,35096.8,133.65
40334,35097.4,133.7
40335,35098,133.75
40336,35098.6,133.8
40337,35099.2,133.85
40338,35099.8,133.9
40339,35100.4,133.95
40340,35101,134
40341,35101.75,134.05
40342,35102.5,134.1
40343,35103.25,134.15
40344,35104,134.2
40345,35104.75,134.25
40346,35105.5,134.3
40347,35106.25,134.35
40348,35107,134.4
40349,35107.75,134.45
40350,35108.5,134.5
40351,35109.25,134.55
40352,35110,134.6
40353,35110.75,134.65
40354,35111.5,134.7
40355,35112.25,134.75
40356,35113,134.8
40357,35113.75,134.85
40358,35114.5,134.9
40359,35115.25,134.95
40360,35116,135
40361,35116.85,134.95
40362,35117.7,134.9
40363,35118.55,134.85
40364,35119.4,134.8
40365,35120.25,134.75
40366,35121.1,134.7
40367,35121.95,134.65
40368,35122.8,134.6
40369,35123.65,134.55
40370,35124.5,134.5
40371,35125.35,134.45
40372,35126.2,134.4
40373,35127.05,134.35
40374,35127.9,134.3
40375,35128.75,134.25
40376,35129.6,134.2
40377,35130.45,134.15
40378,35131.3,134.1
40379,35132.15,134.05
40380,35133,134
40381,35133.9,134
40382,35134.8,134
40383,35135.7,134
40384,35136.6,134
40385,35137.5,134
40386,35138.4,134
40387,35139.3,134
40388,35140.2,134
40389,35141.1,134
40390,35142,134
40391,35142.9,134
40392,35143.8,134
40393,35144.7,134
40394,35145.6,134
40395,35146.5,134
40396,35147.4,134
40397,35148.3,134
40398,35149.2,134
40399,35150.1,134
40400,35151,134
40401,35152,133.95
40402,35153,133.9
40403,35154,133.85
40404,35155,133.8
40405,35156,133.75
40406,35157,133.7
40407,35158,133.65
40408,35159,133.6
40409,35160,133.55
40410,35161,133.5
40411,35162,133.45
40412,35163,133.4
40413,35164,133.35
40414,35165,133.3
40415,35166,133.25
40416,35167,133.2
40417,35168,133.15
40418,35169,133.1
40419,35170,133.05
40420,35171,133
40421,35172.1,133
40422,35173.2,133
40423,35174.3,133
40424,35175.4,133
40425,35176.5,133
40426,35177.6,133
40427,35178.7,133
40428,35179.8,133
40429,35180.9,133
40430,35182,133
40431,35183.1,133
40432,35184.2,133
40433,35185.3,133
40434,35186.4,133
40435,35187.5,133
40436,35188.6,133
40437,35189.7,133
40438,35190.8,133
40439,35191.9,133
40440,35193,133
40441,35194.15,133
40442,35195.3,133
40443,35196.45,133
40444,35197.6,133
40445,35198.75,133
40446,35199.9,133
40447,35201.05,133
40448,35202.2,133
40449,35203.35,133
40450,35204.5,133
40451,35205.65,133
40452,35206.8,133
40453,35207.95,133
40454,35209.1,133
40455,35210.25,133
40456,35211.4,133
40457,35212.55,133
40458,35213.7,133
40459,35214.85,133
40460,35216,133
40461,35217.2,133
40462,35218.4,133
40463,35219.6,133
40464,35220.8,133
40465,35222,133
40466,35223.2,133
40467,35224.4,133
40468,35225.6,133
40469,35226.8,133
40470,35228,133
40471,35229.2,133
40472,35230.4,133
40473,35231.6,133
40474,35232.8,133
40475,35234,133
40476,35235.2,133
40477,35236.4,133
40478,35237.6,133
40479,35238.8,133
40480,35240,133
40481,35241.3,132.95
40482,35242.6,132.9
40483,35243.9,132.85
40484,35245.2,132.8
40485,35246.5,132.75
40486,35247.8,132.7
40487,35249.1,132.65
40488,35250.4,132.6
40489,35251.7,132.55
40490,35253,132.5
40491,35254.3,132.45
40492,35255.6,132.4
40493,35256.9,132.35
40494,35258.2,132.3
40495,35259.5,132.25
40496,35260.8,132.2
40497,35262.1,132.15
40498,35263.4,132.1
40499,35264.7,132.05
40500,35266,132
40501,35267.3,131.95
40502,35268.6,131.9
40503,35269.9,131.85
40504,35271.2,131.8
40505,35272.5,131.75
40506,35273.8,131.7
40507,35275.1,131.65
40508,35276.4,131.6
40509,35277.7,131.55
40510,35279,131.5
40511,35280.3,131.45
40512,35281.6,131.4
40513,35282.9,131.35
40514,35284.2,131.3
40515,35285.5,131.25
40516,35286.8,131.2
40517,35288.1,131.15
40518,35289.4,131.1
40519,35290.7,131.05
40520,35292,131
40521,35293.4,130.95
40522,35294.8,130.9
40523,35296.2,130.85
40524,35297.6,130.8
40525,35299,130.75
40526,35300.4,130.7
40527,35301.8,130.65
40528,35303.2,130.6
40529,35304.6,130.55
40530,35306,130.5
40531,35307.4,130.45
40532,35308.8,130.4
40533,35310.2,130.35
40534,35311.6,130.3
40535,35313,130.25
40536,35314.4,130.2
40537,35315.8,130.15
40538,35317.2,130.1
40539,35318.6,130.05
40540,35320,130
40541,35321.4,130
40542,35322.8,130
40543,35324.2,130
40544,35325.6,130
40545,35327,130
40546,35328.4,130
40547,35329.8,130
40548,35331.2,130
40549,35332.6,130
40550,35334,130
40551,35335.4,130
40552,35336.8,130
40553,35338.2,130
40554,35339.6,130
40555,35341,130
40556,35342.4,130
40557,35343.8,130
40558,35345.2,130
40559,35346.6,130
40560,35348,130
40561,35349.3,130
40562,35350.6,130
40563,35351.9,130
40564,35353.2,130
40565,35354.5,130
40566,35355.8,130
40567,35357.1,130
40568,35358.4,130
40569,35359.7,130
40570,35361,130
40571,35362.3,130
40572,35363.6,130
40573,35364.9,130
40574,35366.2,130
40575,35367.5,130
40576,35368.8,130
40577,35370.1,130
40578,35371.4,130
40579,35372.7,130
40580,35374,130
40581,35375.35,130
40582,35376.7,130
40583,35378.05,130
40584,35379.4,130
40585,35380.75,130
40586,35382.1,130
40587,35383.45,130
40588,35384.8,130
40589,35386.15,130
40590,35387.5,130
40591,35388.85,130
40592,35390.2,130
40593,35391.55,130
40594,35392.9,130
40595,35394.25,130
40596,35395.6,130
40597,35396.95,130
40598,35398.3,130
40599,35399.65,130
40600,35401,130
40601,35402.3,130
40602,35403.6,130
40603,35404.9,130
40604,35406.2,130
40605,35407.5,130
40606,35408.8,130
40607,35410.1,130
40608,35411.4,130
40609,35412.7,130
40610,35414,130
40611,35415.3,130
40612,35416.6,130
40613,35417.9,130
40614,35419.2,130
40615,35420.5,130
40616,35421.8,130
40617,35423.1,130
40618,35424.4,130
40619,35425.7,130
40620,35427,130
40621,35428.25,129.9
40622,35429.5,129.8
40623,35430.75,129.7
40624,35432,129.6
40625,35433.25,129.5
40626,35434.5,129.4
40627,35435.75,129.3
40628,35437,129.2
40629,35438.25,129.1
40630,35439.5,129
40631,35440.75,128.9
40632,35442,128.8
40633,35443.25,128.7
40634,35444.5,128.6
40635,35445.75,128.5
40636,35447,128.4
40637,35448.25,128.3
40638,35449.5,128.2
40639,35450.75,128.1
40640,35452,128
40641,35453.15,127.9
40642,35454.3,127.8
40643,35455.45,127.7
40644,35456.6,127.6
40645,35457.75,127.5
40646,35458.9,127.4
40647,35460.05,127.3
40648,35461.2,127.2
40649,35462.35,127.1
40650,35463.5,127
40651,35464.65,126.9
40652,35465.8,126.8
40653,35466.95,126.7
40654,35468.1,126.6
40655,35469.25,126.5
40656,35470.4,126.4
40657,35471.55,126.3
40658,35472.7,126.2
40659,35473.85,126.1
40660,35475,126
40661,35476.15,125.95
40662,35477.3,125.9
40663,35478.45,125.85
40664,35479.6,125.8
40665,35480.75,125.75
40666,35481.9,125.7
40667,35483.05,125.65
40668,35484.2,125.6
40669,35485.35,125.55
40670,35486.5,125.5
40671,35487.65,125.45
40672,35488.8,125.4
40673,35489.95,125.35
40674,35491.1,125.3
40675,35492.25,125.25
40676,35493.4,125.2
40677,35494.55,125.15
40678,35495.7,125.1
40679,35496.85,125.05
40680,35498,125
40681,35499.05,124.95
40682,35500.1,124.9
40683,35501.15,124.85
40684,35502.2,124.8
40685,35503.25,124.75
40686,35504.3,124.7
40687,35505.35,124.65
40688,35506.4,124.6
40689,35507.45,124.55
40690,35508.5,124.5
40691,35509.55,124.45
40692,35510.6,124.4
40693,35511.65,124.35
40694,35512.7,124.3
40695,35513.75,124.25
40696,35514.8,124.2
40697,35515.85,124.15
40698,35516.9,124.1
40699,35517.95,124.05
40700,35519,124
40701,35520.05,124
40702,35521.1,124
40703,35522.15,124
40704,35523.2,124
40705,35524.25,124
40706,35525.3,124
40707,35526.35,124
40708,35527.4,124
40709,35528.45,124
40710,35529.5,124
40711,35530.55,124
40712,35531.6,124
40713,35532.65,124
40714,35533.7,124
40715,35534.75,124
40716,35535.8,124
40717,35536.85,124
40718,35537.9,124
40719,35538.95,124
40720,35540,124
40721,35541,124
40722,35542,124
40723,35543,124
40724,35544,124
40725,35545,124
40726,35546,124
40727,35547,124
40728,35548,124
40729,35549,124
40730,35550,124
40731,35551,124
40732,35552,124
40733,35553,124
40734,35554,124
40735,35555,124
40736,35556,124
40737,35557,124
40738,35558,124
40739,35559,124
40740,35560,124
40741,35560.95,124
40742,35561.9,124
40743,35562.85,124
40744,35563.8,124
40745,35564.75,124
40746,35565.7,124
40747,35566.65,124
40748,35567.6,124
40749,35568.55,124
40750,35569.5,124
40751,35570.45,124
40752,35571.4,124
40753,35572.35,124
40754,35573.3,124
40755,35574.25,124
40756,35575.2,124
40757,35576.15,124
40758,35577.1,124
40759,35578.05,124
40760,35579,124
40761,35579.9,123.95
40762,35580.8,123.9
40763,35581.7,123.85
40764,35582.6,123.8
40765,35583.5,123.75
40766,35584.4,123.7
40767,35585.3,123.65
40768,35586.2,123.6
40769,35587.1,123.55
40770,35588,123.5
40771,35588.9,123.45
40772,35589.8,123.4
40773,35590.7,123.35
40774,35591.6,123.3
40775,35592.5,123.25
40776,35593.4,123.2
40777,35594.3,123.15
40778,35595.2,123.1
40779,35596.1,123.05
40780,35597,123
40781,35597.85,123
40782,35598.7,123
40783,35599.55,123
40784,35600.4,123
40785,35601.25,123
40786,35602.1,123
40787,35602.95,123
40788,35603.8,123
40789,35604.65,123
40790,35605.5,123
40791,35606.35,123
40792,35607.2,123
40793,35608.05,123
40794,35608.9,123
40795,35609.75,123
40796,35610.6,123
40797,35611.45,123
40798,35612.3,123
40799,35613.15,123
40800,35614,123
40801,35614.9,123
40802,35615.8,123
40803,35616.7,123
40804,35617.6,123
40805,35618.5,123
40806,35619.4,123
40807,35620.3,123
40808,35621.2,123
40809,35622.1,123
40810,35623,123
40811,35623.9,123
40812,35624.8,123
40813,35625.7,123
40814,35626.6,123
40815,35627.5,123
40816,35628.4,123
40817,35629.3,123
40818,35630.2,123
40819,35631.1,123
40820,35632,123
40821,35632.95,123.05
40822,35633.9,123.1
40823,35634.85,123.15
40824,35635.8,123.2
40825,35636.75,123.25
40826,35637.7,123.3
40827,35638.65,123.35
40828,35639.6,123.4
40829,35640.55,123.45
40830,35641.5,123.5
40831,35642.45,123.55
40832,35643.4,123.6
40833,35644.35,123.65
40834,35645.3,123.7
40835,35646.25,123.75
40836,35647.2,123.8
40837,35648.15,123.85
40838,35649.1,123.9
40839,35650.05,123.95
40840,35651,124
40841,35651.95,124.05
40842,35652.9,124.1
40843,35653.85,124.15
40844,35654.8,124.2
40845,35655.75,124.25
40846,35656.7,124.3
40847,35657.65,124.35
40848,35658.6,124.4
40849,35659.55,124.45
40850,35660.5,124.5
40851,35661.45,124.55
40852,35662.4,124.6
40853,35663.35,124.65
40854,35664.3,124.7
40855,35665.25,124.75
40856,35666.2,124.8
40857,35667.15,124.85
40858,35668.1,124.9
40859,35669.05,124.95
40860,35670,125
40861,35671.05,124.95
40862,35672.1,124.9
40863,35673.15,124.85
40864,35674.2,124.8
40865,35675.25,124.75
40866,35676.3,124.7
40867,35677.35,124.65
40868,35678.4,124.6
40869,35679.45,124.55
40870,35680.5,124.5
40871,35681.55,124.45
40872,35682.6,124.4
40873,35683.65,124.35
40874,35684.7,124.3
40875,35685.75,124.25
40876,35686.8,124.2
40877,35687.85,124.15
40878,35688.9,124.1
40879,35689.95,124.05
40880,35691,124
40881,35692.1,124
40882,35693.2,124
40883,35694.3,124
40884,35695.4,124
40885,35696.5,124
40886,35697.6,124
40887,35698.7,124
40888,35699.8,124
40889,35700.9,124
40890,35702,124
40891,35703.1,124
40892,35704.2,124
40893,35705.3,124
40894,35706.4,124
40895,35707.5,124
40896,35708.6,124
40897,35709.7,124
40898,35710.8,124
40899,35711.9,124
40900,35713,124
40901,35714.2,124
40902,35715.4,124
40903,35716.6,124
40904,35717.8,124
40905,35719,124
40906,35720.2,124
40907,35721.4,124
40908,35722.6,124
40909,35723.8,124
40910,35725,124
40911,35726.2,124
40912,35727.4,124
40913,35728.6,124
40914,35729.8,124
40915,35731,124
40916,35732.2,124
40917,35733.4,124
40918,35734.6,124
40919,35735.8,124
40920,35737,124
40921,35738.25,124.05
40922,35739.5,124.1
40923,35740.75,124.15
40924,35742,124.2
40925,35743.25,124.25
40926,35744.5,124.3
40927,35745.75,124.35
40928,35747,124.4
40929,35748.25,124.45
40930,35749.5,124.5
40931,35750.75,124.55
40932,35752,124.6
40933,35753.25,124.65
40934,35754.5,124.7
40935,35755.75,124.75
40936,35757,124.8
40937,35758.25,124.85
40938,35759.5,124.9
40939,35760.75,124.95
40940,35762,125
40941,35763.25,125.05
40942,35764.5,125.1
40943,35765.75,125.15
40944,35767,125.2
40945,35768.25,125.25
40946,35769.5,125.3
40947,35770.75,125.35
40948,35772,125.4
40949,35773.25,125.45
40950,35774.5,125.5
40951,35775.75,125.55
40952,35777,125.6
40953,35778.25,125.65
40954,35779.5,125.7
40955,35780.75,125.75
40956,35782,125.8
40957,35783.25,125.85
40958,35784.5,125.9
40959,35785.75,125.95
40960,35787,126
40961,35788.4,126.05
40962,35789.8,126.1
40963,35791.2,126.15
40964,35792.6,126.2
40965,35794,126.25
40966,35795.4,126.3
40967,35796.8,126.35
40968,35798.2,126.4
40969,35799.6,126.45
40970,35801,126.5
40971,35802.4,126.55
40972,35803.8,126.6
40973,35805.2,126.65
40974,35806.6,126.7
40975,35808,126.75
40976,35809.4,126.8
40977,35810.8,126.85
40978,35812.2,126.9
40979,35813.6,126.95
40980,35815,127
40981,35816.4,127
40982,35817.8,127
40983,35819.2,127
40984,35820.6,127
40985,35822,127
40986,35823.4,127
40987,35824.8,127
40988,35826.2,127
40989,35827.6,127
40990,35829,127
40991,35830.4,127
40992,35831.8,127
40993,35833.2,127
40994,35834.6,127
40995,35836,127
40996,35837.4,127
40997,35838.8,127
40998,35840.2,127
40999,35841.6,127
41000,35843,127
41001,35844.4,127
41002,35845.8,127
41003,35847.2,127
41004,35848.6,127
41005,35850,127
41006,35851.4,127
41007,35852.8,127
41008,35854.2,127
41009,35855.6,127
41010,35857,127
41011,35858.4,127
41012,35859.8,127
41013,35861.2,127
41014,35862.6,127
41015,35864,127
41016,35865.4,127
41017,35866.8,127
41018,35868.2,127
41019,35869.6,127
41020,35871,127
41021,35872.5,127
41022,35874,127
41023,35875.5,127
41024,35877,127
41025,35878.5,127
41026,35880,127
41027,35881.5,127
41028,35883,127
41029,35884.5,127
41030,35886,127
41031,35887.5,127
41032,35889,127
41033,35890.5,127
41034,35892,127
41035,35893.5,127
41036,35895,127
41037,35896.5,127
41038,35898,127
41039,35899.5,127
41040,35901,127
41041,35902.5,127.05
41042,35904,127.1
41043,35905.5,127.15
41044,35907,127.2
41045,35908.5,127.25
41046,35910,127.3
41047,35911.5,127.35
41048,35913,127.4
41049,35914.5,127.45
41050,35916,127.5
41051,35917.5,127.55
41052,35919,127.6
41053,35920.5,127.65
41054,35922,127.7
41055,35923.5,127.75
41056,35925,127.8
41057,35926.5,127.85
41058,35928,127.9
41059,35929.5,127.95
41060,35931,128
41061,35932.55,128
41062,35934.1,128
41063,35935.65,128
41064,35937.2,128
41065,35938.75,128
41066,35940.3,128
41067,35941.85,128
41068,35943.4,128
41069,35944.95,128
41070,35946.5,128
41071,35948.05,128
41072,35949.6,128
41073,35951.15,128
41074,35952.7,128
41075,35954.25,128
41076,35955.8,128
41077,35957.35,128
41078,35958.9,128
41079,35960.45,128
41080,35962,128
41081,35963.55,128
41082,35965.1,128
41083,35966.65,128
41084,35968.2,128
41085,35969.75,128
41086,35971.3,128
41087,35972.85,128
41088,35974.4,128
41089,35975.95,128
41090,35977.5,128
41091,35979.05,128
41092,35980.6,128
41093,35982.15,128
41094,35983.7,128
41095,35985.25,128
41096,35986.8,128
41097,35988.35,128
41098,35989.9,128
41099,35991.45,128
41100,35993,128
41101,35994.6,127.95
41102,35996.2,127.9
41103,35997.8,127.85
41104,35999.4,127.8
41105,36001,127.75
41106,36002.6,127.7
41107,36004.2,127.65
41108,36005.8,127.6
41109,36007.4,127.55
41110,36009,127.5
41111,36010.6,127.45
41112,36012.2,127.4
41113,36013.8,127.35
41114,36015.4,127.3
41115,36017,127.25
41116,36018.6,127.2
41117,36020.2,127.15
41118,36021.8,127.1
41119,36023.4,127.05
41120,36025,127
41121,36026.6,127.05
41122,36028.2,127.1
41123,36029.8,127.15
41124,36031.4,127.2
41125,36033,127.25
41126,36034.6,127.3
41127,36036.2,127.35
41128,36037.8,127.4
41129,36039.4,127.45
41130,36041,127.5
41131,36042.6,127.55
41132,36044.2,127.6
41133,36045.8,127.65
41134,36047.4,127.7
41135,36049,127.75
41136,36050.6,127.8
41137,36052.2,127.85
41138,36053.8,127.9
41139,36055.4,127.95
41140,36057,128
41141,36058.6,128.05
41142,36060.2,128.1
41143,36061.8,128.15
41144,36063.4,128.2
41145,36065,128.25
41146,36066.6,128.3
41147,36068.2,128.35
41148,36069.8,128.4
41149,36071.4,128.45
41150,36073,128.5
41151,36074.6,128.55
41152,36076.2,128.6
41153,36077.8,128.65
41154,36079.4,128.7
41155,36081,128.75
41156,36082.6,128.8
41157,36084.2,128.85
41158,36085.8,128.9
41159,36087.4,128.95
41160,36089,129
41161,36090.65,129.05
41162,36092.3,129.1
41163,36093.95,129.15
41164,36095.6,129.2
41165,36097.25,129.25
41166,36098.9,129.3
41167,36100.55,129.35
41168,36102.2,129.4
41169,36103.85,129.45
41170,36105.5,129.5
41171,36107.15,129.55
41172,36108.8,129.6
41173,36110.45,129.65
41174,36112.1,129.7
41175,36113.75,129.75
41176,36115.4,129.8
41177,36117.05,129.85
41178,36118.7,129.9
41179,36120.35,129.95
41180,36122,130
41181,36123.7,130
41182,36125.4,130
41183,36127.1,130
41184,36128.8,130
41185,36130.5,130
41186,36132.2,130
41187,36133.9,130
41188,36135.6,130
41189,36137.3,130
41190,36139,130
41191,36140.7,130
41192,36142.4,130
41193,36144.1,130
41194,36145.8,130
41195,36147.5,130
41196,36149.2,130
41197,36150.9,130
41198,36152.6,130
41199,36154.3,130
41200,36156,130
41201,36157.7,130
41202,36159.4,130
41203,36161.1,130
41204,36162.8,130
41205,36164.5,130
41206,36166.2,130
41207,36167.9,130
41208,36169.6,130
41209,36171.3,130
41210,36173,130
41211,36174.7,130
41212,36176.4,130
41213,36178.1,130
41214,36179.8,130
41215,36181.5,130
41216,36183.2,130
41217,36184.9,130
41218,36186.6,130
41219,36188.3,130
41220,36190,130
41221,36191.65,129.95
41222,36193.3,129.9
41223,36194.95,129.85
41224,36196.6,129.8
41225,36198.25,129.75
41226,36199.9,129.7
41227,36201.55,129.65
41228,36203.2,129.6
41229,36204.85,129.55
41230,36206.5,129.5
41231,36208.15,129.45
41232,36209.8,129.4
41233,36211.45,129.35
41234,36213.1,129.3
41235,36214.75,129.25
41236,36216.4,129.2
41237,36218.05,129.15
41238,36219.7,129.1
41239,36221.35,129.05
41240,36223,129
41241,36224.7,128.95
41242,36226.4,128.9
41243,36228.1,128.85
41244,36229.8,128.8
41245,36231.5,128.75
41246,36233.2,128.7
41247,36234.9,128.65
41248,36236.6,128.6
41249,36238.3,128.55
41250,36240,128.5
41251,36241.7,128.45
41252,36243.4,128.4
41253,36245.1,128.35
41254,36246.8,128.3
41255,36248.5,128.25
41256,36250.2,128.2
41257,36251.9,128.15
41258,36253.6,128.1
41259,36255.3,128.05
41260,36257,128
41261,36258.65,128.05
41262,36260.3,128.1
41263,36261.95,128.15
41264,36263.6,128.2
41265,36265.25,128.25
41266,36266.9,128.3
41267,36268.55,128.35
41268,36270.2,128.4
41269,36271.85,128.45
41270,36273.5,128.5
41271,36275.15,128.55
41272,36276.8,128.6
41273,36278.45,128.65
41274,36280.1,128.7
41275,36281.75,128.75
41276,36283.4,128.8
41277,36285.05,128.85
41278,36286.7,128.9
41279,36288.35,128.95
41280,36290,129
41281,36291.7,129
41282,36293.4,129
41283,36295.1,129
41284,36296.8,129
41285,36298.5,129
41286,36300.2,129
41287,36301.9,129
41288,36303.6,129
41289,36305.3,129
41290,36307,129
41291,36308.7,129
41292,36310.4,129
41293,36312.1,129
41294,36313.8,129
41295,36315.5,129
41296,36317.2,129
41297,36318.9,129
41298,36320.6,129
41299,36322.3,129
41300,36324,129
41301,36325.65,129
41302,36327.3,129
41303,36328.95,129
41304,36330.6,129
41305,36332.25,129
41306,36333.9,129
41307,36335.55,129
41308,36337.2,129
41309,36338.85,129
41310,36340.5,129
41311,36342.15,129
41312,36343.8,129
41313,36345.45,129
41314,36347.1,129
41315,36348.75,129
41316,36350.4,129
41317,36352.05,129
41318,36353.7,129
41319,36355.35,129
41320,36357,129
41321,36358.6,128.95
41322,36360.2,128.9
41323,36361.8,128.85
41324,36363.4,128.8
41325,36365,128.75
41326,36366.6,128.7
41327,36368.2,128.65
41328,36369.8,128.6
41329,36371.4,128.55
41330,36373,128.5
41331,36374.6,128.45
41332,36376.2,128.4
41333,36377.8,128.35
41334,36379.4,128.3
41335,36381,128.25
41336,36382.6,128.2
41337,36384.2,128.15
41338,36385.8,128.1
41339,36387.4,128.05
41340,36389,128
41341,36390.55,127.95
41342,36392.1,127.9
41343,36393.65,127.85
41344,36395.2,127.8
41345,36396.75,127.75
41346,36398.3,127.7
41347,36399.85,127.65
41348,36401.4,127.6
41349,36402.95,127.55
41350,36404.5,127.5
41351,36406.05,127.45
41352,36407.6,127.4
41353,36409.15,127.35
41354,36410.7,127.3
41355,36412.25,127.25
41356,36413.8,127.2
41357,36415.35,127.15
41358,36416.9,127.1
41359,36418.45,127.05
41360,36420,127
41361,36421.55,126.9
41362,36423.1,126.8
41363,36424.65,126.7
41364,36426.2,126.6
41365,36427.75,126.5
41366,36429.3,126.4
41367,36430.85,126.3
41368,36432.4,126.2
41369,36433.95,126.1
41370,36435.5,126
41371,36437.05,125.9
41372,36438.6,125.8
41373,36440.15,125.7
41374,36441.7,125.6
41375,36443.25,125.5
41376,36444.8,125.4
41377,36446.35,125.3
41378,36447.9,125.2
41379,36449.45,125.1
41380,36451,125
41381,36452.45,124.95
41382,36453.9,124.9
41383,36455.35,124.85
41384,36456.8,124.8
41385,36458.25,124.75
41386,36459.7,124.7
41387,36461.15,124.65
41388,36462.6,124.6
41389,36464.05,124.55
41390,36465.5,124.5
41391,36466.95,124.45
41392,36468.4,124.4
41393,36469.85,124.35
41394,36471.3,124.3
41395,36472.75,124.25
41396,36474.2,124.2
41397,36475.65,124.15
41398,36477.1,124.1
41399,36478.55,124.05
41400,36480,124
41401,36481.4,123.95
41402,36482.8,123.9
41403,36484.2,123.85
41404,36485.6,123.8
41405,36487,123.75
41406,36488.4,123.7
41407,36489.8,123.65
41408,36491.2,123.6
41409,36492.6,123.55
41410,36494,123.5
41411,36495.4,123.45
41412,36496.8,123.4
41413,36498.2,123.35
41414,36499.6,123.3
41415,36501,123.25
41416,36502.4,123.2
41417,36503.8,123.15
41418,36505.2,123.1
41419,36506.6,123.05
41420,36508,123
41421,36509.35,123.05
41422,36510.7,123.1
41423,36512.05,123.15
41424,36513.4,123.2
41425,36514.75,123.25
41426,36516.1,123.3
41427,36517.45,123.35
41428,36518.8,123.4
41429,36520.15,123.45
41430,36521.5,123.5
41431,36522.85,123.55
41432,36524.2,123.6
41433,36525.55,123.65
41434,36526.9,123.7
41435,36528.25,123.75
41436,36529.6,123.8
41437,36530.95,123.85
41438,36532.3,123.9
41439,36533.65,123.95
41440,36535,124
41441,36536.15,124.05
41442,36537.3,124.1
41443,36538.45,124.15
41444,36539.6,124.2
41445,36540.75,124.25
41446,36541.9,124.3
41447,36543.05,124.35
41448,36544.2,124.4
41449,36545.35,124.45
41450,36546.5,124.5
41451,36547.65,124.55
41452,36548.8,124.6
41453,36549.95,124.65
41454,36551.1,124.7
41455,36552.25,124.75
41456,36553.4,124.8
41457,36554.55,124.85
41458,36555.7,124.9
41459,36556.85,124.95
41460,36558,125
41461,36559.15,125.05
41462,36560.3,125.1
41463,36561.45,125.15
41464,36562.6,125.2
41465,36563.75,125.25
41466,36564.9,125.3
41467,36566.05,125.35
41468,36567.2,125.4
41469,36568.35,125.45
41470,36569.5,125.5
41471,36570.65,125.55
41472,36571.8,125.6
41473,36572.95,125.65
41474,36574.1,125.7
41475,36575.25,125.75
41476,36576.4,125.8
41477,36577.55,125.85
41478,36578.7,125.9
41479,36579.85,125.95
41480,36581,126
41481,36582,126
41482,36583,126
41483,36584,126
41484,36585,126
41485,36586,126
41486,36587,126
41487,36588,126
41488,36589,126
41489,36590,126
41490,36591,126
41491,36592,126
41492,36593,126
41493,36594,126
41494,36595,126
41495,36596,126
41496,36597,126
41497,36598,126
41498,36599,126
41499,36600,126
41500,36601,126
41501,36601.85,125.95
41502,36602.7,125.9
41503,36603.55,125.85
41504,36604.4,125.8
41505,36605.25,125.75
41506,36606.1,125.7
41507,36606.95,125.65
41508,36607.8,125.6
41509,36608.65,125.55
41510,36609.5,125.5
41511,36610.35,125.45
41512,36611.2,125.4
41513,36612.05,125.35
41514,36612.9,125.3
41515,36613.75,125.25
41516,36614.6,125.2
41517,36615.45,125.15
41518,36616.3,125.1
41519,36617.15,125.05
41520,36618,125
41521,36618.75,125
41522,36619.5,125
41523,36620.25,125
41524,36621,125
41525,36621.75,125
41526,36622.5,125
41527,36623.25,125
41528,36624,125
41529,36624.75,125
41530,36625.5,125
41531,36626.25,125
41532,36627,125
41533,36627.75,125
41534,36628.5,125
41535,36629.25,125
41536,36630,125
41537,36630.75,125
41538,36631.5,125
41539,36632.25,125
41540,36633,125
41541,36633.75,125
41542,36634.5,125
41543,36635.25,125
41544,36636,125
41545,36636.75,125
41546,36637.5,125
41547,36638.25,125
41548,36639,125
41549,36639.75,125
41550,36640.5,125
41551,36641.25,125
41552,36642,125
41553,36642.75,125
41554,36643.5,125
41555,36644.25,125
41556,36645,125
41557,36645.75,125
41558,36646.5,125
41559,36647.25,125
41560,36648,125
41561,36648.6,125
41562,36649.2,125
41563,36649.8,125
41564,36650.4,125
41565,36651,125
41566,36651.6,125
41567,36652.2,125
41568,36652.8,125
41569,36653.4,125
41570,36654,125
41571,36654.6,125
41572,36655.2,125
41573,36655.8,125
41574,36656.4,125
41575,36657,125
41576,36657.6,125
41577,36658.2,125
41578,36658.8,125
41579,36659.4,125
41580,36660,125
41581,36660.6,125.1
41582,36661.2,125.2
41583,36661.8,125.3
41584,36662.4,125.4
41585,36663,125.5
41586,36663.6,125.6
41587,36664.2,125.7
41588,36664.8,125.8
41589,36665.4,125.9
41590,36666,126
41591,36666.6,126.1
41592,36667.2,126.2
41593,36667.8,126.3
41594,36668.4,126.4
41595,36669,126.5
41596,36669.6,126.6
41597,36670.2,126.7
41598,36670.8,126.8
41599,36671.4,126.9
41600,36672,127
41601,36672.6,127.05
41602,36673.2,127.1
41603,36673.8,127.15
41604,36674.4,127.2
41605,36675,127.25
41606,36675.6,127.3
41607,36676.2,127.35
41608,36676.8,127.4
41609,36677.4,127.45
41610,36678,127.5
41611,36678.6,127.55
41612,36679.2,127.6
41613,36679.8,127.65
41614,36680.4,127.7
41615,36681,127.75
41616,36681.6,127.8
41617,36682.2,127.85
41618,36682.8,127.9
41619,36683.4,127.95
41620,36684,128
41621,36684.55,128
41622,36685.1,128
41623,36685.65,128
41624,36686.2,128
41625,36686.75,128
41626,36687.3,128
41627,36687.85,128
41628,36688.4,128
41629,36688.95,128
41630,36689.5,128
41631,36690.05,128
41632,36690.6,128
41633,36691.15,128
41634,36691.7,128
41635,36692.25,128
41636,36692.8,128
41637,36693.35,128
41638,36693.9,128
41639,36694.45,128
41640,36695,128
41641,36695.6,128.05
41642,36696.2,128.1
41643,36696.8,128.15
41644,36697.4,128.2
41645,36698,128.25
41646,36698.6,128.3
41647,36699.2,128.35
41648,36699.8,128.4
41649,36700.4,128.45
41650,36701,128.5
41651,36701.6,128.55
41652,36702.2,128.6
41653,36702.8,128.65
41654,36703.4,128.7
41655,36704,128.75
41656,36704.6,128.8
41657,36705.2,128.85
41658,36705.8,128.9
41659,36706.4,128.95
41660,36707,129
41661,36707.65,129.05
41662,36708.3,129.1
41663,36708.95,129.15
41664,36709.6,129.2
41665,36710.25,129.25
41666,36710.9,129.3
41667,36711.55,129.35
41668,36712.2,129.4
41669,36712.85,129.45
41670,36713.5,129.5
41671,36714.15,129.55
41672,36714.8,129.6
41673,36715.45,129.65
41674,36716.1,129.7
41675,36716.75,129.75
41676,36717.4,129.8
41677,36718.05,129.85
41678,36718.7,129.9
41679,36719.35,129.95
41680,36720,130
41681,36720.7,130.05
41682,36721.4,130.1
41683,36722.1,130.15
41684,36722.8,130.2
41685,36723.5,130.25
41686,36724.2,130.3
41687,36724.9,130.35
41688,36725.6,130.4
41689,36726.3,130.45
41690,36727,130.5
41691,36727.7,130.55
41692,36728.4,130.6
41693,36729.1,130.65
41694,36729.8,130.7
41695,36730.5,130.75
41696,36731.2,130.8
41697,36731.9,130.85
41698,36732.6,130.9
41699,36733.3,130.95
41700,36734,131
41701,36734.85,131.15
41702,36735.7,131.3
41703,36736.55,131.45
41704,36737.4,131.6
41705,36738.25,131.75
41706,36739.1,131.9
41707,36739.95,132.05
41708,36740.8,132.2
41709,36741.65,132.35
41710,36742.5,132.5
41711,36743.35,132.65
41712,36744.2,132.8
41713,36745.05,132.95
41714,36745.9,133.1
41715,36746.75,133.25
41716,36747.6,133.4
41717,36748.45,133.55
41718,36749.3,133.7
41719,36750.15,133.85
41720,36751,134
41721,36752,134.15
41722,36753,134.3
41723,36754,134.45
41724,36755,134.6
41725,36756,134.75
41726,36757,134.9
41727,36758,135.05
41728,36759,135.2
41729,36760,135.35
41730,36761,135.5
41731,36762,135.65
41732,36763,135.8
41733,36764,135.95
41734,36765,136.1
41735,36766,136.25
41736,36767,136.4
41737,36768,136.55
41738,36769,136.7
41739,36770,136.85
41740,36771,137
41741,36772.15,137.15
41742,36773.3,137.3
41743,36774.45,137.45
41744,36775.6,137.6
41745,36776.75,137.75
41746,36777.9,137.9
41747,36779.05,138.05
41748,36780.2,138.2
41749,36781.35,138.35
41750,36782.5,138.5
41751,36783.65,138.65
41752,36784.8,138.8
41753,36785.95,138.95
41754,36787.1,139.1
41755,36788.25,139.25
41756,36789.4,139.4
41757,36790.55,139.55
41758,36791.7,139.7
41759,36792.85,139.85
41760,36794,140
41761,36795.25,140.05
41762,36796.5,140.1
41763,36797.75,140.15
41764,36799,140.2
41765,36800.25,140.25
41766,36801.5,140.3
41767,36802.75,140.35
41768,36804,140.4
41769,36805.25,140.45
41770,36806.5,140.5
41771,36807.75,140.55
41772,36809,140.6
41773,36810.25,140.65
41774,36811.5,140.7
41775,36812.75,140.75
41776,36814,140.8
41777,36815.25,140.85
41778,36816.5,140.9
41779,36817.75,140.95
41780,36819,141
41781,36820.4,141.15
41782,36821.8,141.3
41783,36823.2,141.45
41784,36824.6,141.6
41785,36826,141.75
41786,36827.4,141.9
41787,36828.8,142.05
41788,36830.2,142.2
41789,36831.6,142.35
41790,36833,142.5
41791,36834.4,142.65
41792,36835.8,142.8
41793,36837.2,142.95
41794,36838.6,143.1
41795,36840,143.25
41796,36841.4,143.4
41797,36842.8,143.55
41798,36844.2,143.7
41799,36845.6,143.85
41800,36847,144
41801,36848.55,144.1
41802,36850.1,144.2
41803,36851.65,144.3
41804,36853.2,144.4
41805,36854.75,144.5
41806,36856.3,144.6
41807,36857.85,144.7
41808,36859.4,144.8
41809,36860.95,144.9
41810,36862.5,145
41811,36864.05,145.1
41812,36865.6,145.2
41813,36867.15,145.3
41814,36868.7,145.4
41815,36870.25,145.5
41816,36871.8,145.6
41817,36873.35,145.7
41818,36874.9,145.8
41819,36876.45,145.9
41820,36878,146
41821,36879.65,146.1
41822,36881.3,146.2
41823,36882.95,146.3
41824,36884.6,146.4
41825,36886.25,146.5
41826,36887.9,146.6
41827,36889.55,146.7
41828,36891.2,146.8
41829,36892.85,146.9
41830,36894.5,147
41831,36896.15,147.1
41832,36897.8,147.2
41833,36899.45,147.3
41834,36901.1,147.4
41835,36902.75,147.5
41836,36904.4,147.6
41837,36906.05,147.7
41838,36907.7,147.8
41839,36909.35,147.9
41840,36911,148
41841,36912.8,148.2
41842,36914.6,148.4
41843,36916.4,148.6
41844,36918.2,148.8
41845,36920,149
41846,36921.8,149.2
41847,36923.6,149.4
41848,36925.4,149.6
41849,36927.2,149.8
41850,36929,150
41851,36930.8,150.2
41852,36932.6,150.4
41853,36934.4,150.6
41854,36936.2,150.8
41855,36938,151
41856,36939.8,151.2
41857,36941.6,151.4
41858,36943.4,151.6
41859,36945.2,151.8
41860,36947,152
41861,36948.85,152.2
41862,36950.7,152.4
41863,36952.55,152.6
41864,36954.4,152.8
41865,36956.25,153
41866,36958.1,153.2
41867,36959.95,153.4
41868,36961.8,153.6
41869,36963.65,153.8
41870,36965.5,154
41871,36967.35,154.2
41872,36969.2,154.4
41873,36971.05,154.6
41874,36972.9,154.8
41875,36974.75,155
41876,36976.6,155.2
41877,36978.45,155.4
41878,36980.3,155.6
41879,36982.15,155.8
41880,36984,156
41881,36985.95,156.2
41882,36987.9,156.4
41883,36989.85,156.6
41884,36991.8,156.8
41885,36993.75,157
41886,36995.7,157.2
41887,36997.65,157.4
41888,36999.6,157.6
41889,37001.55,157.8
41890,37003.5,158
41891,37005.45,158.2
41892,37007.4,158.4
41893,37009.35,158.6
41894,37011.3,158.8
41895,37013.25,159
41896,37015.2,159.2
41897,37017.15,159.4
41898,37019.1,159.6
41899,37021.05,159.8
41900,37023,160
41901,37025.05,160.2
41902,37027.1,160.4
41903,37029.15,160.6
41904,37031.2,160.8
41905,37033.25,161
41906,37035.3,161.2
41907,37037.35,161.4
41908,37039.4,161.6
41909,37041.45,161.8
41910,37043.5,162
41911,37045.55,162.2
41912,37047.6,162.4
41913,37049.65,162.6
41914,37051.7,162.8
41915,37053.75,163
41916,37055.8,163.2
41917,37057.85,163.4
41918,37059.9,163.6
41919,37061.95,163.8
41920,37064,164
41921,37066.15,164.15
41922,37068.3,164.3
41923,37070.45,164.45
41924,37072.6,164.6
41925,37074.75,164.75
41926,37076.9,164.9
41927,37079.05,165.05
41928,37081.2,165.2
41929,37083.35,165.35
41930,37085.5,165.5
41931,37087.65,165.65
41932,37089.8,165.8
41933,37091.95,165.95
41934,37094.1,166.1
41935,37096.25,166.25
41936,37098.4,166.4
41937,37100.55,166.55
41938,37102.7,166.7
41939,37104.85,166.85
41940,37107,167
41941,37109.15,167.1
41942,37111.3,167.2
41943,37113.45,167.3
41944,37115.6,167.4
41945,37117.75,167.5
41946,37119.9,167.6
41947,37122.05,167.7
41948,37124.2,167.8
41949,37126.35,167.9
41950,37128.5,168
41951,37130.65,168.1
41952,37132.8,168.2
41953,37134.95,168.3
41954,37137.1,168.4
41955,37139.25,168.5
41956,37141.4,168.6
41957,37143.55,168.7
41958,37145.7,168.8
41959,37147.85,168.9
41960,37150,169
41961,37152.25,169.1
41962,37154.5,169.2
41963,37156.75,169.3
41964,37159,169.4
41965,37161.25,169.5
41966,37163.5,169.6
41967,37165.75,169.7
41968,37168,169.8
41969,37170.25,169.9
41970,37172.5,170
41971,37174.75,170.1
41972,37177,170.2
41973,37179.25,170.3
41974,37181.5,170.4
41975,37183.75,170.5
41976,37186,170.6
41977,37188.25,170.7
41978,37190.5,170.8
41979,37192.75,170.9
41980,37195,171
41981,37197.3,171.05
41982,37199.6,171.1
41983,37201.9,171.15
41984,37204.2,171.2
41985,37206.5,171.25
41986,37208.8,171.3
41987,37211.1,171.35
41988,37213.4,171.4
41989,37215.7,171.45
41990,37218,171.5
41991,37220.3,171.55
41992,37222.6,171.6
41993,37224.9,171.65
41994,37227.2,171.7
41995,37229.5,171.75
41996,37231.8,171.8
41997,37234.1,171.85
41998,37236.4,171.9
41999,37238.7,171.95
42000,37241,172
42001,37243.3,172.05
42002,37245.6,172.1
42003,37247.9,172.15
42004,37250.2,172.2
42005,37252.5,172.25
42006,37254.8,172.3
42007,37257.1,172.35
42008,37259.4,172.4
42009,37261.7,172.45
42010,37264,172.5
42011,37266.3,172.55
42012,37268.6,172.6
42013,37270.9,172.65
42014,37273.2,172.7
42015,37275.5,172.75
42016,37277.8,172.8
42017,37280.1,172.85
42018,37282.4,172.9
42019,37284.7,172.95
42020,37287,173
42021,37289.45,173.05
42022,37291.9,173.1
42023,37294.35,173.15
42024,37296.8,173.2
42025,37299.25,173.25
42026,37301.7,173.3
42027,37304.15,173.35
42028,37306.6,173.4
42029,37309.05,173.45
42030,37311.5,173.5
42031,37313.95,173.55
42032,37316.4,173.6
42033,37318.85,173.65
42034,37321.3,173.7
42035,37323.75,173.75
42036,37326.2,173.8
42037,37328.65,173.85
42038,37331.1,173.9
42039,37333.55,173.95
42040,37336,174
42041,37338.5,174.1
42042,37341,174.2
42043,37343.5,174.3
42044,37346,174.4
42045,37348.5,174.5
42046,37351,174.6
42047,37353.5,174.7
42048,37356,174.8
42049,37358.5,174.9
42050,37361,175
42051,37363.5,175.1
42052,37366,175.2
42053,37368.5,175.3
42054,37371,175.4
42055,37373.5,175.5
42056,37376,175.6
42057,37378.5,175.7
42058,37381,175.8
42059,37383.5,175.9
42060,37386,176
42061,37388.5,176.1
42062,37391,176.2
42063,37393.5,176.3
42064,37396,176.4
42065,37398.5,176.5
42066,37401,176.6
42067,37403.5,176.7
42068,37406,176.8
42069,37408.5,176.9
42070,37411,177
42071,37413.5,177.1
42072,37416,177.2
42073,37418.5,177.3
42074,37421,177.4
42075,37423.5,177.5
42076,37426,177.6
42077,37428.5,177.7
42078,37431,177.8
42079,37433.5,177.9
42080,37436,178
42081,37438.65,178.1
42082,37441.3,178.2
42083,37443.95,178.3
42084,37446.6,178.4
42085,37449.25,178.5
42086,37451.9,178.6
42087,37454.55,178.7
42088,37457.2,178.8
42089,37459.85,178.9
42090,37462.5,179
42091,37465.15,179.1
42092,37467.8,179.2
42093,37470.45,179.3
42094,37473.1,179.4
42095,37475.75,179.5
42096,37478.4,179.6
42097,37481.05,179.7
42098,37483.7,179.8
42099,37486.35,179.9
42100,37489,180
42101,37491.65,180.1
42102,37494.3,180.2
42103,37496.95,180.3
42104,37499.6,180.4
42105,37502.25,180.5
42106,37504.9,180.6
42107,37507.55,180.7
42108,37510.2,180.8
42109,37512.85,180.9
42110,37515.5,181
42111,37518.15,181.1
42112,37520.8,181.2
42113,37523.45,181.3
42114,37526.1,181.4
42115,37528.75,181.5
42116,37531.4,181.6
42117,37534.05,181.7
42118,37536.7,181.8
42119,37539.35,181.9
42120,37542,182
42121,37544.75,182
42122,37547.5,182
42123,37550.25,182
42124,37553,182
42125,37555.75,182
42126,37558.5,182
42127,37561.25,182
42128,37564,182
42129,37566.75,182
42130,37569.5,182
42131,37572.25,182
42132,37575,182
42133,37577.75,182
42134,37580.5,182
42135,37583.25,182
42136,37586,182
42137,37588.75,182
42138,37591.5,182
42139,37594.25,182
42140,37597,182
42141,37599.8,181.95
42142,37602.6,181.9
42143,37605.4,181.85
42144,37608.2,181.8
42145,37611,181.75
42146,37613.8,181.7
42147,37616.6,181.65
42148,37619.4,181.6
42149,37622.2,181.55
42150,37625,181.5
42151,37627.8,181.45
42152,37630.6,181.4
42153,37633.4,181.35
42154,37636.2,181.3
42155,37639,181.25
42156,37641.8,181.2
42157,37644.6,181.15
42158,37647.4,181.1
42159,37650.2,181.05
42160,37653,181
42161,37655.9,181
42162,37658.8,181
42163,37661.7,181
42164,37664.6,181
42165,37667.5,181
42166,37670.4,181
42167,37673.3,181
42168,37676.2,181
42169,37679.1,181
42170,37682,181
42171,37684.9,181
42172,37687.8,181
42173,37690.7,181
42174,37693.6,181
42175,37696.5,181
42176,37699.4,181
42177,37702.3,181
42178,37705.2,181
42179,37708.1,181
42180,37711,181
42181,37713.9,180.95
42182,37716.8,180.9
42183,37719.7,180.85
42184,37722.6,180.8
42185,37725.5,180.75
42186,37728.4,180.7
42187,37731.3,180.65
42188,37734.2,180.6
42189,37737.1,180.55
42190,37740,180.5
42191,37742.9,180.45
42192,37745.8,180.4
42193,37748.7,180.35
42194,37751.6,180.3
42195,37754.5,180.25
42196,37757.4,180.2
42197,37760.3,180.15
42198,37763.2,180.1
42199,37766.1,180.05
42200,37769,180
42201,37772,180
42202,37775,180
42203,37778,180
42204,37781,180
42205,37784,180
42206,37787,180
42207,37790,180
42208,37793,180
42209,37796,180
42210,37799,180
42211,37802,180
42212,37805,180
42213,37808,180
42214,37811,180
42215,37814,180
42216,37817,180
42217,37820,180
42218,37823,180
42219,37826,180
42220,37829,180
42221,37832.1,180
42222,37835.2,180
42223,37838.3,180
42224,37841.4,180
42225,37844.5,180
42226,37847.6,180
42227,37850.7,180
42228,37853.8,180
42229,37856.9,180
42230,37860,180
42231,37863.1,180
42232,37866.2,180
42233,37869.3,180
42234,37872.4,180
42235,37875.5,180
42236,37878.6,180
42237,37881.7,180
42238,37884.8,180
42239,37887.9,180
42240,37891,180
42241,37894.15,180
42242,37897.3,180
42243,37900.45,180
42244,37903.6,180
42245,37906.75,180
42246,37909.9,180
42247,37913.05,180
42248,37916.2,180
42249,37919.35,180
42250,37922.5,180
42251,37925.65,180
42252,37928.8,180
42253,37931.95,180
42254,37935.1,180
42255,37938.25,180
42256,37941.4,180
42257,37944.55,180
42258,37947.7,180
42259,37950.85,180
42260,37954,180
42261,37957.15,180
42262,37960.3,180
42263,37963.45,180
42264,37966.6,180
42265,37969.75,180
42266,37972.9,180
42267,37976.05,180
42268,37979.2,180
42269,37982.35,180
42270,37985.5,180
42271,37988.65,180
42272,37991.8,180
42273,37994.95,180
42274,37998.1,180
42275,38001.25,180
42276,38004.4,180
42277,38007.55,180
42278,38010.7,180
42279,38013.85,180
42280,38017,180
42281,38020.25,179.95
42282,38023.5,179.9
42283,38026.75,179.85
42284,38030,179.8
42285,38033.25,179.75
42286,38036.5,179.7
42287,38039.75,179.65
42288,38043,179.6
42289,38046.25,179.55
42290,38049.5,179.5
42291,38052.75,179.45
42292,38056,179.4
42293,38059.25,179.35
42294,38062.5,179.3
42295,38065.75,179.25
42296,38069,179.2
42297,38072.25,179.15
42298,38075.5,179.1
42299,38078.75,179.05
42300,38082,179
42301,38085.3,178.9
42302,38088.6,178.8
42303,38091.9,178.7
42304,38095.2,178.6
42305,38098.5,178.5
42306,38101.8,178.4
42307,38105.1,178.3
42308,38108.4,178.2
42309,38111.7,178.1
42310,38115,178
42311,38118.3,177.9
42312,38121.6,177.8
42313,38124.9,177.7
42314,38128.2,177.6
42315,38131.5,177.5
42316,38134.8,177.4
42317,38138.1,177.3
42318,38141.4,177.2
42319,38144.7,177.1
42320,38148,177
42321,38151.35,176.8
42322,38154.7,176.6
42323,38158.05,176.4
42324,38161.4,176.2
42325,38164.75,176
42326,38168.1,175.8
42327,38171.45,175.6
42328,38174.8,175.4
42329,38178.15,175.2
42330,38181.5,175
42331,38184.85,174.8
42332,38188.2,174.6
42333,38191.55,174.4
42334,38194.9,174.2
42335,38198.25,174
42336,38201.6,173.8
42337,38204.95,173.6
42338,38208.3,173.4
42339,38211.65,173.2
42340,38215,173
42341,38218.3,172.9
42342,38221.6,172.8
42343,38224.9,172.7
42344,38228.2,172.6
42345,38231.5,172.5
42346,38234.8,172.4
42347,38238.1,172.3
42348,38241.4,172.2
42349,38244.7,172.1
42350,38248,172
42351,38251.3,171.9
42352,38254.6,171.8
42353,38257.9,171.7
42354,38261.2,171.6
42355,38264.5,171.5
42356,38267.8,171.4
42357,38271.1,171.3
42358,38274.4,171.2
42359,38277.7,171.1
42360,38281,171
42361,38284.3,170.9
42362,38287.6,170.8
42363,38290.9,170.7
42364,38294.2,170.6
42365,38297.5,170.5
42366,38300.8,170.4
42367,38304.1,170.3
42368,38307.4,170.2
42369,38310.7,170.1
42370,38314,170
42371,38317.3,169.9
42372,38320.6,169.8
42373,38323.9,169.7
42374,38327.2,169.6
42375,38330.5,169.5
42376,38333.8,169.4
42377,38337.1,169.3
42378,38340.4,169.2
42379,38343.7,169.1
42380,38347,169
42381,38350.3,168.95
42382,38353.6,168.9
42383,38356.9,168.85
42384,38360.2,168.8
42385,38363.5,168.75
42386,38366.8,168.7
42387,38370.1,168.65
42388,38373.4,168.6
42389,38376.7,168.55
42390,38380,168.5
42391,38383.3,168.45
42392,38386.6,168.4
42393,38389.9,168.35
42394,38393.2,168.3
42395,38396.5,168.25
42396,38399.8,168.2
42397,38403.1,168.15
42398,38406.4,168.1
42399,38409.7,168.05
42400,38413,168
42401,38416.15,167.9
42402,38419.3,167.8
42403,38422.45,167.7
42404,38425.6,167.6
42405,38428.75,167.5
42406,38431.9,167.4
42407,38435.05,167.3
42408,38438.2,167.2
42409,38441.35,167.1
42410,38444.5,167
42411,38447.65,166.9
42412,38450.8,166.8
42413,38453.95,166.7
42414,38457.1,166.6
42415,38460.25,166.5
42416,38463.4,166.4
42417,38466.55,166.3
42418,38469.7,166.2
42419,38472.85,166.1
42420,38476,166
42421,38479.1,165.9
42422,38482.2,165.8
42423,38485.3,165.7
42424,38488.4,165.6
42425,38491.5,165.5
42426,38494.6,165.4
42427,38497.7,165.3
42428,38500.8,165.2
42429,38503.9,165.1
42430,38507,165
42431,38510.1,164.9
42432,38513.2,164.8
42433,38516.3,164.7
42434,38519.4,164.6
42435,38522.5,164.5
42436,38525.6,164.4
42437,38528.7,164.3
42438,38531.8,164.2
42439,38534.9,164.1
42440,38538,164
42441,38541,163.95
42442,38544,163.9
42443,38547,163.85
42444,38550,163.8
42445,38553,163.75
42446,38556,163.7
42447,38559,163.65
42448,38562,163.6
42449,38565,163.55
42450,38568,163.5
42451,38571,163.45
42452,38574,163.4
42453,38577,163.35
42454,38580,163.3
42455,38583,163.25
42456,38586,163.2
42457,38589,163.15
42458,38592,163.1
42459,38595,163.05
42460,38598,163
42461,38600.9,162.9
42462,38603.8,162.8
42463,38606.7,162.7
42464,38609.6,162.6
42465,38612.5,162.5
42466,38615.4,162.4
42467,38618.3,162.3
42468,38621.2,162.2
42469,38624.1,162.1
42470,38627,162
42471,38629.9,161.9
42472,38632.8,161.8
42473,38635.7,161.7
42474,38638.6,161.6
42475,38641.5,161.5
42476,38644.4,161.4
42477,38647.3,161.3
42478,38650.2,161.2
42479,38653.1,161.1
42480,38656,161
42481,38658.8,160.9
42482,38661.6,160.8
42483,38664.4,160.7
42484,38667.2,160.6
42485,38670,160.5
42486,38672.8,160.4
42487,38675.6,160.3
42488,38678.4,160.2
42489,38681.2,160.1
42490,38684,160
42491,38686.8,159.9
42492,38689.6,159.8
42493,38692.4,159.7
42494,38695.2,159.6
42495,38698,159.5
42496,38700.8,159.4
42497,38703.6,159.3
42498,38706.4,159.2
42499,38709.2,159.1
42500,38712,159
42501,38714.7,158.95
42502,38717.4,158.9
42503,38720.1,158.85
42504,38722.8,158.8
42505,38725.5,158.75
42506,38728.2,158.7
42507,38730.9,158.65
42508,38733.6,158.6
42509,38736.3,158.55
42510,38739,158.5
42511,38741.7,158.45
42512,38744.4,158.4
42513,38747.1,158.35
42514,38749.8,158.3
42515,38752.5,158.25
42516,38755.2,158.2
42517,38757.9,158.15
42518,38760.6,158.1
42519,38763.3,158.05
42520,38766,158
42521,38768.65,158
42522,38771.3,158
42523,38773.95,158
42524,38776.6,158
42525,38779.25,158
42526,38781.9,158
42527,38784.55,158
42528,38787.2,158
42529,38789.85,158
42530,38792.5,158
42531,38795.15,158
42532,38797.8,158
42533,38800.45,158
42534,38803.1,158
42535,38805.75,158
42536,38808.4,158
42537,38811.05,158
42538,38813.7,158
42539,38816.35,158
42540,38819,158
42541,38821.5,158.05
42542,38824,158.1
42543,38826.5,158.15
42544,38829,158.2
42545,38831.5,158.25
42546,38834,158.3
42547,38836.5,158.35
42548,38839,158.4
42549,38841.5,158.45
42550,38844,158.5
42551,38846.5,158.55
42552,38849,158.6
42553,38851.5,158.65
42554,38854,158.7
42555,38856.5,158.75
42556,38859,158.8
42557,38861.5,158.85
42558,38864,158.9
42559,38866.5,158.95
42560,38869,159
42561,38871.45,159
42562,38873.9,159
42563,38876.35,159
42564,38878.8,159
42565,38881.25,159
42566,38883.7,159
42567,38886.15,159
42568,38888.6,159
42569,38891.05,159
42570,38893.5,159
42571,38895.95,159
42572,38898.4,159
42573,38900.85,159
42574,38903.3,159
42575,38905.75,159
42576,38908.2,159
42577,38910.65,159
42578,38913.1,159
42579,38915.55,159
42580,38918,159
42581,38920.4,158.95
42582,38922.8,158.9
42583,38925.2,158.85
42584,38927.6,158.8
42585,38930,158.75
42586,38932.4,158.7
42587,38934.8,158.65
42588,38937.2,158.6
42589,38939.6,158.55
42590,38942,158.5
42591,38944.4,158.45
42592,38946.8,158.4
42593,38949.2,158.35
42594,38951.6,158.3
42595,38954,158.25
42596,38956.4,158.2
42597,38958.8,158.15
42598,38961.2,158.1
42599,38963.6,158.05
42600,38966,158
42601,38968.25,157.95
42602,38970.5,157.9
42603,38972.75,157.85
42604,38975,157.8
42605,38977.25,157.75
42606,38979.5,157.7
42607,38981.75,157.65
42608,38984,157.6
42609,38986.25,157.55
42610,38988.5,157.5
42611,38990.75,157.45
42612,38993,157.4
42613,38995.25,157.35
42614,38997.5,157.3
42615,38999.75,157.25
42616,39002,157.2
42617,39004.25,157.15
42618,39006.5,157.1
42619,39008.75,157.05
42620,39011,157
42621,39013.25,157
42622,39015.5,157
42623,39017.75,157
42624,39020,157
42625,39022.25,157
42626,39024.5,157
42627,39026.75,157
42628,39029,157
42629,39031.25,157
42630,39033.5,157
42631,39035.75,157
42632,39038,157
42633,39040.25,157
42634,39042.5,157
42635,39044.75,157
42636,39047,157
42637,39049.25,157
42638,39051.5,157
42639,39053.75,157
42640,39056,157
42641,39058.15,157.05
42642,39060.3,157.1
42643,39062.45,157.15
42644,39064.6,157.2
42645,39066.75,157.25
42646,39068.9,157.3
42647,39071.05,157.35
42648,39073.2,157.4
42649,39075.35,157.45
42650,39077.5,157.5
42651,39079.65,157.55
42652,39081.8,157.6
42653,39083.95,157.65
42654,39086.1,157.7
42655,39088.25,157.75
42656,39090.4,157.8
42657,39092.55,157.85
42658,39094.7,157.9
42659,39096.85,157.95
42660,39099,158
42661,39101.1,158.05
42662,39103.2,158.1
42663,39105.3,158.15
42664,39107.4,158.2
42665,39109.5,158.25
42666,39111.6,158.3
42667,39113.7,158.35
42668,39115.8,158.4
42669,39117.9,158.45
42670,39120,158.5
42671,39122.1,158.55
42672,39124.2,158.6
42673,39126.3,158.65
42674,39128.4,158.7
42675,39130.5,158.75
42676,39132.6,158.8
42677,39134.7,158.85
42678,39136.8,158.9
42679,39138.9,158.95
42680,39141,159
42681,39143.15,158.95
42682,39145.3,158.9
42683,39147.45,158.85
42684,39149.6,158.8
42685,39151.75,158.75
42686,39153.9,158.7
42687,39156.05,158.65
42688,39158.2,158.6
42689,39160.35,158.55
42690,39162.5,158.5
42691,39164.65,158.45
42692,39166.8,158.4
42693,39168.95,158.35
42694,39171.1,158.3
42695,39173.25,158.25
42696,39175.4,158.2
42697,39177.55,158.15
42698,39179.7,158.1
42699,39181.85,158.05
42700,39184,158
42701,39186.15,158.05
42702,39188.3,158.1
42703,39190.45,158.15
42704,39192.6,158.2
42705,39194.75,158.25
42706,39196.9,158.3
42707,39199.05,158.35
42708,39201.2,158.4
42709,39203.35,158.45
42710,39205.5,158.5
42711,39207.65,158.55
42712,39209.8,158.6
42713,39211.95,158.65
42714,39214.1,158.7
42715,39216.25,158.75
42716,39218.4,158.8
42717,39220.55,158.85
42718,39222.7,158.9
42719,39224.85,158.95
42720,39227,159
42721,39229.2,159.05
42722,39231.4,159.1
42723,39233.6,159.15
42724,39235.8,159.2
42725,39238,159.25
42726,39240.2,159.3
42727,39242.4,159.35
42728,39244.6,159.4
42729,39246.8,159.45
42730,39249,159.5
42731,39251.2,159.55
42732,39253.4,159.6
42733,39255.6,159.65
42734,39257.8,159.7
42735,39260,159.75
42736,39262.2,159.8
42737,39264.4,159.85
42738,39266.6,159.9
42739,39268.8,159.95
42740,39271,160
42741,39273.3,160.05
42742,39275.6,160.1
42743,39277.9,160.15
42744,39280.2,160.2
42745,39282.5,160.25
42746,39284.8,160.3
42747,39287.1,160.35
42748,39289.4,160.4
42749,39291.7,160.45
42750,39294,160.5
42751,39296.3,160.55
42752,39298.6,160.6
42753,39300.9,160.65
42754,39303.2,160.7
42755,39305.5,160.75
42756,39307.8,160.8
42757,39310.1,160.85
42758,39312.4,160.9
42759,39314.7,160.95
42760,39317,161
42761,39319.3,161.05
42762,39321.6,161.1
42763,39323.9,161.15
42764,39326.2,161.2
42765,39328.5,161.25
42766,39330.8,161.3
42767,39333.1,161.35
42768,39335.4,161.4
42769,39337.7,161.45
42770,39340,161.5
42771,39342.3,161.55
42772,39344.6,161.6
42773,39346.9,161.65
42774,39349.2,161.7
42775,39351.5,161.75
42776,39353.8,161.8
42777,39356.1,161.85
42778,39358.4,161.9
42779,39360.7,161.95
42780,39363,162
42781,39365.4,162.05
42782,39367.8,162.1
42783,39370.2,162.15
42784,39372.6,162.2
42785,39375,162.25
42786,39377.4,162.3
42787,39379.8,162.35
42788,39382.2,162.4
42789,39384.6,162.45
42790,39387,162.5
42791,39389.4,162.55
42792,39391.8,162.6
42793,39394.2,162.65
42794,39396.6,162.7
42795,39399,162.75
42796,39401.4,162.8
42797,39403.8,162.85
42798,39406.2,162.9
42799,39408.6,162.95
42800,39411,163
42801,39413.5,163.05
42802,39416,163.1
42803,39418.5,163.15
42804,39421,163.2
42805,39423.5,163.25
42806,39426,163.3
42807,39428.5,163.35
42808,39431,163.4
42809,39433.5,163.45
42810,39436,163.5
42811,39438.5,163.55
42812,39441,163.6
42813,39443.5,163.65
42814,39446,163.7
42815,39448.5,163.75
42816,39451,163.8
42817,39453.5,163.85
42818,39456,163.9
42819,39458.5,163.95
42820,39461,164
42821,39463.5,164.1
42822,39466,164.2
42823,39468.5,164.3
42824,39471,164.4
42825,39473.5,164.5
42826,39476,164.6
42827,39478.5,164.7
42828,39481,164.8
42829,39483.5,164.9
42830,39486,165
42831,39488.5,165.1
42832,39491,165.2
42833,39493.5,165.3
42834,39496,165.4
42835,39498.5,165.5
42836,39501,165.6
42837,39503.5,165.7
42838,39506,165.8
42839,39508.5,165.9
42840,39511,166
42841,39513.5,166.1
42842,39516,166.2
42843,39518.5,166.3
42844,39521,166.4
42845,39523.5,166.5
42846,39526,166.6
42847,39528.5,166.7
42848,39531,166.8
42849,39533.5,166.9
42850,39536,167
42851,39538.5,167.1
42852,39541,167.2
42853,39543.5,167.3
42854,39546,167.4
42855,39548.5,167.5
42856,39551,167.6
42857,39553.5,167.7
42858,39556,167.8
42859,39558.5,167.9
42860,39561,168
42861,39563.6,168.05
42862,39566.2,168.1
42863,39568.8,168.15
42864,39571.4,168.2
42865,39574,168.25
42866,39576.6,168.3
42867,39579.2,168.35
42868,39581.8,168.4
42869,39584.4,168.45
42870,39587,168.5
42871,39589.6,168.55
42872,39592.2,168.6
42873,39594.8,168.65
42874,39597.4,168.7
42875,39600,168.75
42876,39602.6,168.8
42877,39605.2,168.85
42878,39607.8,168.9
42879,39610.4,168.95
42880,39613,169
42881,39615.6,169.05
42882,39618.2,169.1
42883,39620.8,169.15
42884,39623.4,169.2
42885,39626,169.25
42886,39628.6,169.3
42887,39631.2,169.35
42888,39633.8,169.4
42889,39636.4,169.45
42890,39639,169.5
42891,39641.6,169.55
42892,39644.2,169.6
42893,39646.8,169.65
42894,39649.4,169.7
42895,39652,169.75
42896,39654.6,169.8
42897,39657.2,169.85
42898,39659.8,169.9
42899,39662.4,169.95
42900,39665,170
42901,39667.5,170
42902,39670,170
42903,39672.5,170
42904,39675,170
42905,39677.5,170
42906,39680,170
42907,39682.5,170
42908,39685,170
42909,39687.5,170
42910,39690,170
42911,39692.5,170
42912,39695,170
42913,39697.5,170
42914,39700,170
42915,39702.5,170
42916,39705,170
42917,39707.5,170
42918,39710,170
42919,39712.5,170
42920,39715,170
42921,39717.5,170.05
42922,39720,170.1
42923,39722.5,170.15
42924,39725,170.2
42925,39727.5,170.25
42926,39730,170.3
42927,39732.5,170.35
42928,39735,170.4
42929,39737.5,170.45
42930,39740,170.5
42931,39742.5,170.55
42932,39745,170.6
42933,39747.5,170.65
42934,39750,170.7
42935,39752.5,170.75
42936,39755,170.8
42937,39757.5,170.85
42938,39760,170.9
42939,39762.5,170.95
42940,39765,171
42941,39767.45,171.1
42942,39769.9,171.2
42943,39772.35,171.3
42944,39774.8,171.4
42945,39777.25,171.5
42946,39779.7,171.6
42947,39782.15,171.7
42948,39784.6,171.8
42949,39787.05,171.9
42950,39789.5,172
42951,39791.95,172.1
42952,39794.4,172.2
42953,39796.85,172.3
42954,39799.3,172.4
42955,39801.75,172.5
42956,39804.2,172.6
42957,39806.65,172.7
42958,39809.1,172.8
42959,39811.55,172.9
42960,39814,173
42961,39816.35,173
42962,39818.7,173
42963,39821.05,173
42964,39823.4,173
42965,39825.75,173
42966,39828.1,173
42967,39830.45,173
42968,39832.8,173
42969,39835.15,173
42970,39837.5,173
42971,39839.85,173
42972,39842.2,173
42973,39844.55,173
42974,39846.9,173
42975,39849.25,173
42976,39851.6,173
42977,39853.95,173
42978,39856.3,173
42979,39858.65,173
42980,39861,173
42981,39863.2,173.05
42982,39865.4,173.1
42983,39867.6,173.15
42984,39869.8,173.2
42985,39872,173.25
42986,39874.2,173.3
42987,39876.4,173.35
42988,39878.6,173.4
42989,39880.8,173.45
42990,39883,173.5
42991,39885.2,173.55
42992,39887.4,173.6
42993,39889.6,173.65
42994,39891.8,173.7
42995,39894,173.75
42996,39896.2,173.8
42997,39898.4,173.85
42998,39900.6,173.9
42999,39902.8,173.95
43000,39905,174
43001,39907.1,174
43002,39909.2,174
43003,39911.3,174
43004,39913.4,174
43005,39915.5,174
43006,39917.6,174
43007,39919.7,174
43008,39921.8,174
43009,39923.9,174
43010,39926,174
43011,39928.1,174
43012,39930.2,174
43013,39932.3,174
43014,39934.4,174
43015,39936.5,174
43016,39938.6,174
43017,39940.7,174
43018,39942.8,174
43019,39944.9,174
43020,39947,174
43021,39949.05,174.1
43022,39951.1,174.2
43023,39953.15,174.3
43024,39955.2,174.4
43025,39957.25,174.5
43026,39959.3,174.6
43027,39961.35,174.7
43028,39963.4,174.8
43029,39965.45,174.9
43030,39967.5,175
43031,39969.55,175.1
43032,39971.6,175.2
43033,39973.65,175.3
43034,39975.7,175.4
43035,39977.75,175.5
43036,39979.8,175.6
43037,39981.85,175.7
43038,39983.9,175.8
43039,39985.95,175.9
43040,39988,176
43041,39989.9,176
43042,39991.8,176
43043,39993.7,176
43044,39995.6,176
43045,39997.5,176
43046,39999.4,176
43047,40001.3,176
43048,40003.2,176
43049,40005.1,176
43050,40007,176
43051,40008.9,176
43052,40010.8,176
43053,40012.7,176
43054,40014.6,176
43055,40016.5,176
43056,40018.4,176
43057,40020.3,176
43058,40022.2,176
43059,40024.1,176
43060,40026,176
43061,40027.9,176.05
43062,40029.8,176.1
43063,40031.7,176.15
43064,40033.6,176.2
43065,40035.5,176.25
43066,40037.4,176.3
43067,40039.3,176.35
43068,40041.2,176.4
43069,40043.1,176.45
43070,40045,176.5
43071,40046.9,176.55
43072,40048.8,176.6
43073,40050.7,176.65
43074,40052.6,176.7
43075,40054.5,176.75
43076,40056.4,176.8
43077,40058.3,176.85
43078,40060.2,176.9
43079,40062.1,176.95
43080,40064,177
43081,40065.85,177
43082,40067.7,177
43083,40069.55,177
43084,40071.4,177
43085,40073.25,177
43086,40075.1,177
43087,40076.95,177
43088,40078.8,177
43089,40080.65,177
43090,40082.5,177
43091,40084.35,177
43092,40086.2,177
43093,40088.05,177
43094,40089.9,177
43095,40091.75,177
43096,40093.6,177
43097,40095.45,177
43098,40097.3,177
43099,40099.15,177
43100,40101,177
43101,40102.8,176.95
43102,40104.6,176.9
43103,40106.4,176.85
43104,40108.2,176.8
43105,40110,176.75
43106,40111.8,176.7
43107,40113.6,176.65
43108,40115.4,176.6
43109,40117.2,176.55
43110,40119,176.5
43111,40120.8,176.45
43112,40122.6,176.4
43113,40124.4,176.35
43114,40126.2,176.3
43115,40128,176.25
43116,40129.8,176.2
43117,40131.6,176.15
43118,40133.4,176.1
43119,40135.2,176.05
43120,40137,176
43121,40138.7,176
43122,40140.4,176
43123,40142.1,176
43124,40143.8,176
43125,40145.5,176
43126,40147.2,176
43127,40148.9,176
43128,40150.6,176
43129,40152.3,176
43130,40154,176
43131,40155.7,176
43132,40157.4,176
43133,40159.1,176
43134,40160.8,176
43135,40162.5,176
43136,40164.2,176
43137,40165.9,176
43138,40167.6,176
43139,40169.3,176
43140,40171,176
43141,40172.8,176
43142,40174.6,176
43143,40176.4,176
43144,40178.2,176
43145,40180,176
43146,40181.8,176
43147,40183.6,176
43148,40185.4,176
43149,40187.2,176
43150,40189,176
43151,40190.8,176
43152,40192.6,176
43153,40194.4,176
43154,40196.2,176
43155,40198,176
43156,40199.8,176
43157,40201.6,176
43158,40203.4,176
43159,40205.2,176
43160,40207,176
43161,40208.7,176.05
43162,40210.4,176.1
43163,40212.1,176.15
43164,40213.8,176.2
43165,40215.5,176.25
43166,40217.2,176.3
43167,40218.9,176.35
43168,40220.6,176.4
43169,40222.3,176.45
43170,40224,176.5
43171,40225.7,176.55
43172,40227.4,176.6
43173,40229.1,176.65
43174,40230.8,176.7
43175,40232.5,176.75
43176,40234.2,176.8
43177,40235.9,176.85
43178,40237.6,176.9
43179,40239.3,176.95
43180,40241,177
43181,40242.6,177
43182,40244.2,177
43183,40245.8,177
43184,40247.4,177
43185,40249,177
43186,40250.6,177
43187,40252.2,177
43188,40253.8,177
43189,40255.4,177
43190,40257,177
43191,40258.6,177
43192,40260.2,177
43193,40261.8,177
43194,40263.4,177
43195,40265,177
43196,40266.6,177
43197,40268.2,177
43198,40269.8,177
43199,40271.4,177
43200,40273,177
43201,40274.6,177.05
43202,40276.2,177.1
43203,40277.8,177.15
43204,40279.4,177.2
43205,40281,177.25
43206,40282.6,177.3
43207,40284.2,177.35
43208,40285.8,177.4
43209,40287.4,177.45
43210,40289,177.5
43211,40290.6,177.55
43212,40292.2,177.6
43213,40293.8,177.65
43214,40295.4,177.7
43215,40297,177.75
43216,40298.6,177.8
43217,40300.2,177.85
43218,40301.8,177.9
43219,40303.4,177.95
43220,40305,178
43221,40306.6,177.9
43222,40308.2,177.8
43223,40309.8,177.7
43224,40311.4,177.6
43225,40313,177.5
43226,40314.6,177.4
43227,40316.2,177.3
43228,40317.8,177.2
43229,40319.4,177.1
43230,40321,177
43231,40322.6,176.9
43232,40324.2,176.8
43233,40325.8,176.7
43234,40327.4,176.6
43235,40329,176.5
43236,40330.6,176.4
43237,40332.2,176.3
43238,40333.8,176.2
43239,40335.4,176.1
43240,40337,176
43241,40338.5,176
43242,40340,176
43243,40341.5,176
43244,40343,176
43245,40344.5,176
43246,40346,176
43247,40347.5,176
43248,40349,176
43249,40350.5,176
43250,40352,176
43251,40353.5,176
43252,40355,176
43253,40356.5,176
43254,40358,176
43255,40359.5,176
43256,40361,176
43257,40362.5,176
43258,40364,176
43259,40365.5,176
43260,40367,176
43261,40368.5,176
43262,40370,176
43263,40371.5,176
43264,40373,176
43265,40374.5,176
43266,40376,176
43267,40377.5,176
43268,40379,176
43269,40380.5,176
43270,40382,176
43271,40383.5,176
43272,40385,176
43273,40386.5,176
43274,40388,176
43275,40389.5,176
43276,40391,176
43277,40392.5,176
43278,40394,176
43279,40395.5,176
43280,40397,176
43281,40398.4,176
43282,40399.8,176
43283,40401.2,176
43284,40402.6,176
43285,40404,176
43286,40405.4,176
43287,40406.8,176
43288,40408.2,176
43289,40409.6,176
43290,40411,176
43291,40412.4,176
43292,40413.8,176
43293,40415.2,176
43294,40416.6,176
43295,40418,176
43296,40419.4,176
43297,40420.8,176
43298,40422.2,176
43299,40423.6,176
43300,40425,176
43301,40426.4,175.9
43302,40427.8,175.8
43303,40429.2,175.7
43304,40430.6,175.6
43305,40432,175.5
43306,40433.4,175.4
43307,40434.8,175.3
43308,40436.2,175.2
43309,40437.6,175.1
43310,40439,175
43311,40440.4,174.9
43312,40441.8,174.8
43313,40443.2,174.7
43314,40444.6,174.6
43315,40446,174.5
43316,40447.4,174.4
43317,40448.8,174.3
43318,40450.2,174.2
43319,40451.6,174.1
43320,40453,174
43321,40454.3,173.95
43322,40455.6,173.9
43323,40456.9,173.85
43324,40458.2,173.8
43325,40459.5,173.75
43326,40460.8,173.7
43327,40462.1,173.65
43328,40463.4,173.6
43329,40464.7,173.55
43330,40466,173.5
43331,40467.3,173.45
43332,40468.6,173.4
43333,40469.9,173.35
43334,40471.2,173.3
43335,40472.5,173.25
43336,40473.8,173.2
43337,40475.1,173.15
43338,40476.4,173.1
43339,40477.7,173.05
43340,40479,173
43341,40480.3,172.9
43342,40481.6,172.8
43343,40482.9,172.7
43344,40484.2,172.6
43345,40485.5,172.5
43346,40486.8,172.4
43347,40488.1,172.3
43348,40489.4,172.2
43349,40490.7,172.1
43350,40492,172
43351,40493.3,171.9
43352,40494.6,171.8
43353,40495.9,171.7
43354,40497.2,171.6
43355,40498.5,171.5
43356,40499.8,171.4
43357,40501.1,171.3
43358,40502.4,171.2
43359,40503.7,171.1
43360,40505,171
43361,40506.15,170.95
43362,40507.3,170.9
43363,40508.45,170.85
43364,40509.6,170.8
43365,40510.75,170.75
43366,40511.9,170.7
43367,40513.05,170.65
43368,40514.2,170.6
43369,40515.35,170.55
43370,40516.5,170.5
43371,40517.65,170.45
43372,40518.8,170.4
43373,40519.95,170.35
43374,40521.1,170.3
43375,40522.25,170.25
43376,40523.4,170.2
43377,40524.55,170.15
43378,40525.7,170.1
43379,40526.85,170.05
43380,40528,170
43381,40529.05,169.95
43382,40530.1,169.9
43383,40531.15,169.85
43384,40532.2,169.8
43385,40533.25,169.75
43386,40534.3,169.7
43387,40535.35,169.65
43388,40536.4,169.6
43389,40537.45,169.55
43390,40538.5,169.5
43391,40539.55,169.45
43392,40540.6,169.4
43393,40541.65,169.35
43394,40542.7,169.3
43395,40543.75,169.25
43396,40544.8,169.2
43397,40545.85,169.15
43398,40546.9,169.1
43399,40547.95,169.05
43400,40549,169
43401,40549.9,168.9
43402,40550.8,168.8
43403,40551.7,168.7
43404,40552.6,168.6
43405,40553.5,168.5
43406,40554.4,168.4
43407,40555.3,168.3
43408,40556.2,168.2
43409,40557.1,168.1
43410,40558,168
43411,40558.9,167.9
43412,40559.8,167.8
43413,40560.7,167.7
43414,40561.6,167.6
43415,40562.5,167.5
43416,40563.4,167.4
43417,40564.3,167.3
43418,40565.2,167.2
43419,40566.1,167.1
43420,40567,167
43421,40567.8,166.95
43422,40568.6,166.9
43423,40569.4,166.85
43424,40570.2,166.8
43425,40571,166.75
43426,40571.8,166.7
43427,40572.6,166.65
43428,40573.4,166.6
43429,40574.2,166.55
43430,40575,166.5
43431,40575.8,166.45
43432,40576.6,166.4
43433,40577.4,166.35
43434,40578.2,166.3
43435,40579,166.25
43436,40579.8,166.2
43437,40580.6,166.15
43438,40581.4,166.1
43439,40582.2,166.05
43440,40583,166
43441,40583.65,165.95
43442,40584.3,165.9
43443,40584.95,165.85
43444,40585.6,165.8
43445,40586.25,165.75
43446,40586.9,165.7
43447,40587.55,165.65
43448,40588.2,165.6
43449,40588.85,165.55
43450,40589.5,165.5
43451,40590.15,165.45
43452,40590.8,165.4
43453,40591.45,165.35
43454,40592.1,165.3
43455,40592.75,165.25
43456,40593.4,165.2
43457,40594.05,165.15
43458,40594.7,165.1
43459,40595.35,165.05
43460,40596,165
43461,40596.4,164.95
43462,40596.8,164.9
43463,40597.2,164.85
43464,40597.6,164.8
43465,40598,164.75
43466,40598.4,164.7
43467,40598.8,164.65
43468,40599.2,164.6
43469,40599.6,164.55
43470,40600,164.5
43471,40600.4,164.45
43472,40600.8,164.4
43473,40601.2,164.35
43474,40601.6,164.3
43475,40602,164.25
43476,40602.4,164.2
43477,40602.8,164.15
43478,40603.2,164.1
43479,40603.6,164.05
43480,40604,164
43481,40604.3,164.05
43482,40604.6,164.1
43483,40604.9,164.15
43484,40605.2,164.2
43485,40605.5,164.25
43486,40605.8,164.3
43487,40606.1,164.35
43488,40606.4,164.4
43489,40606.7,164.45
43490,40607,164.5
43491,40607.3,164.55
43492,40607.6,164.6
43493,40607.9,164.65
43494,40608.2,164.7
43495,40608.5,164.75
43496,40608.8,164.8
43497,40609.1,164.85
43498,40609.4,164.9
43499,40609.7,164.95
43500,40610,165
43501,40610.1,165
43502,40610.2,165
43503,40610.3,165
43504,40610.4,165
43505,40610.5,165
43506,40610.6,165
43507,40610.7,165
43508,40610.8,165
43509,40610.9,165
43510,40611,165
43511,40611.1,165
43512,40611.2,165
43513,40611.3,165
43514,40611.4,165
43515,40611.5,165
43516,40611.6,165
43517,40611.7,165
43518,40611.8,165
43519,40611.9,165
43520,40612,165
43521,40611.85,164.95
43522,40611.7,164.9
43523,40611.55,164.85
43524,40611.4,164.8
43525,40611.25,164.75
43526,40611.1,164.7
43527,40610.95,164.65
43528,40610.8,164.6
43529,40610.65,164.55
43530,40610.5,164.5
43531,40610.35,164.45
43532,40610.2,164.4
43533,40610.05,164.35
43534,40609.9,164.3
43535,40609.75,164.25
43536,40609.6,164.2
43537,40609.45,164.15
43538,40609.3,164.1
43539,40609.15,164.05
43540,40609,164
43541,40608.7,164
43542,40608.4,164
43543,40608.1,164
43544,40607.8,164
43545,40607.5,164
43546,40607.2,164
43547,40606.9,164
43548,40606.6,164
43549,40606.3,164
43550,40606,164
43551,40605.7,164
43552,40605.4,164
43553,40605.1,164
43554,40604.8,164
43555,40604.5,164
43556,40604.2,164
43557,40603.9,164
43558,40603.6,164
43559,40603.3,164
43560,40603,164
43561,40602.6,164.05
43562,40602.2,164.1
43563,40601.8,164.15
43564,40601.4,164.2
43565,40601,164.25
43566,40600.6,164.3
43567,40600.2,164.35
43568,40599.8,164.4
43569,40599.4,164.45
43570,40599,164.5
43571,40598.6,164.55
43572,40598.2,164.6
43573,40597.8,164.65
43574,40597.4,164.7
43575,40597,164.75
43576,40596.6,164.8
43577,40596.2,164.85
43578,40595.8,164.9
43579,40595.4,164.95
43580,40595,165
43581,40594.55,165
43582,40594.1,165
43583,40593.65,165
43584,40593.2,165
43585,40592.75,165
43586,40592.3,165
43587,40591.85,165
43588,40591.4,165
43589,40590.95,165
43590,40590.5,165
43591,40590.05,165
43592,40589.6,165
43593,40589.15,165
43594,40588.7,165
43595,40588.25,165
43596,40587.8,165
43597,40587.35,165
43598,40586.9,165
43599,40586.45,165
43600,40586,165
43601,40585.6,165.05
43602,40585.2,165.1
43603,40584.8,165.15
43604,40584.4,165.2
43605,40584,165.25
43606,40583.6,165.3
43607,40583.2,165.35
43608,40582.8,165.4
43609,40582.4,165.45
43610,40582,165.5
43611,40581.6,165.55
43612,40581.2,165.6
43613,40580.8,165.65
43614,40580.4,165.7
43615,40580,165.75
43616,40579.6,165.8
43617,40579.2,165.85
43618,40578.8,165.9
43619,40578.4,165.95
43620,40578,166
43621,40577.65,166
43622,40577.3,166
43623,40576.95,166
43624,40576.6,166
43625,40576.25,166
43626,40575.9,166
43627,40575.55,166
43628,40575.2,166
43629,40574.85,166
43630,40574.5,166
43631,40574.15,166
43632,40573.8,166
43633,40573.45,166
43634,40573.1,166
43635,40572.75,166
43636,40572.4,166
43637,40572.05,166
43638,40571.7,166
43639,40571.35,166
43640,40571,166
43641,40570.75,166
43642,40570.5,166
43643,40570.25,166
43644,40570,166
43645,40569.75,166
43646,40569.5,166
43647,40569.25,166
43648,40569,166
43649,40568.75,166
43650,40568.5,166
43651,40568.25,166
43652,40568,166
43653,40567.75,166
43654,40567.5,166
43655,40567.25,166
43656,40567,166
43657,40566.75,166
43658,40566.5,166
43659,40566.25,166
43660,40566,166
43661,40565.75,166.05
43662,40565.5,166.1
43663,40565.25,166.15
43664,40565,166.2
43665,40564.75,166.25
43666,40564.5,166.3
43667,40564.25,166.35
43668,40564,166.4
43669,40563.75,166.45
43670,40563.5,166.5
43671,40563.25,166.55
43672,40563,166.6
43673,40562.75,166.65
43674,40562.5,166.7
43675,40562.25,166.75
43676,40562,166.8
43677,40561.75,166.85
43678,40561.5,166.9
43679,40561.25,166.95
43680,40561,167
43681,40560.85,167.1
43682,40560.7,167.2
43683,40560.55,167.3
43684,40560.4,167.4
43685,40560.25,167.5
43686,40560.1,167.6
43687,40559.95,167.7
43688,40559.8,167.8
43689,40559.65,167.9
43690,40559.5,168
43691,40559.35,168.1
43692,40559.2,168.2
43693,40559.05,168.3
43694,40558.9,168.4
43695,40558.75,168.5
43696,40558.6,168.6
43697,40558.45,168.7
43698,40558.3,168.8
43699,40558.15,168.9
43700,40558,169
43701,40557.9,169.15
43702,40557.8,169.3
43703,40557.7,169.45
43704,40557.6,169.6
43705,40557.5,169.75
43706,40557.4,169.9
43707,40557.3,170.05
43708,40557.2,170.2
43709,40557.1,170.35
43710,40557,170.5
43711,40556.9,170.65
43712,40556.8,170.8
43713,40556.7,170.95
43714,40556.6,171.1
43715,40556.5,171.25
43716,40556.4,171.4
43717,40556.3,171.55
43718,40556.2,171.7
43719,40556.1,171.85
43720,40556,172
43721,40556.05,172.25
43722,40556.1,172.5
43723,40556.15,172.75
43724,40556.2,173
43725,40556.25,173.25
43726,40556.3,173.5
43727,40556.35,173.75
43728,40556.4,174
43729,40556.45,174.25
43730,40556.5,174.5
43731,40556.55,174.75
43732,40556.6,175
43733,40556.65,175.25
43734,40556.7,175.5
43735,40556.75,175.75
43736,40556.8,176
43737,40556.85,176.25
43738,40556.9,176.5
43739,40556.95,176.75
43740,40557,177
43741,40557.15,177.2
43742,40557.3,177.4
43743,40557.45,177.6
43744,40557.6,177.8
43745,40557.75,178
43746,40557.9,178.2
43747,40558.05,178.4
43748,40558.2,178.6
43749,40558.35,178.8
43750,40558.5,179
43751,40558.65,179.2
43752,40558.8,179.4
43753,40558.95,179.6
43754,40559.1,179.8
43755,40559.25,180
43756,40559.4,180.2
43757,40559.55,180.4
43758,40559.7,180.6
43759,40559.85,180.8
43760,40560,181
43761,40560.25,181.2
43762,40560.5,181.4
43763,40560.75,181.6
43764,40561,181.8
43765,40561.25,182
43766,40561.5,182.2
43767,40561.75,182.4
43768,40562,182.6
43769,40562.25,182.8
43770,40562.5,183
43771,40562.75,183.2
43772,40563,183.4
43773,40563.25,183.6
43774,40563.5,183.8
43775,40563.75,184
43776,40564,184.2
43777,40564.25,184.4
43778,40564.5,184.6
43779,40564.75,184.8
43780,40565,185
43781,40565.4,185.15
43782,40565.8,185.3
43783,40566.2,185.45
43784,40566.6,185.6
43785,40567,185.75
43786,40567.4,185.9
43787,40567.8,186.05
43788,40568.2,186.2
43789,40568.6,186.35
43790,40569,186.5
43791,40569.4,186.65
43792,40569.8,186.8
43793,40570.2,186.95
43794,40570.6,187.1
43795,40571,187.25
43796,40571.4,187.4
43797,40571.8,187.55
43798,40572.2,187.7
43799,40572.6,187.85
43800,40573,188
43801,40573.5,188.1
43802,40574,188.2
43803,40574.5,188.3
43804,40575,188.4
43805,40575.5,188.5
43806,40576,188.6
43807,40576.5,188.7
43808,40577,188.8
43809,40577.5,188.9
43810,40578,189
43811,40578.5,189.1
43812,40579,189.2
43813,40579.5,189.3
43814,40580,189.4
43815,40580.5,189.5
43816,40581,189.6
43817,40581.5,189.7
43818,40582,189.8
43819,40582.5,189.9
43820,40583,190
43821,40583.6,190.1
43822,40584.2,190.2
43823,40584.8,190.3
43824,40585.4,190.4
43825,40586,190.5
43826,40586.6,190.6
43827,40587.2,190.7
43828,40587.8,190.8
43829,40588.4,190.9
43830,40589,191
43831,40589.6,191.1
43832,40590.2,191.2
43833,40590.8,191.3
43834,40591.4,191.4
43835,40592,191.5
43836,40592.6,191.6
43837,40593.2,191.7
43838,40593.8,191.8
43839,40594.4,191.9
43840,40595,192
43841,40595.75,192.15
43842,40596.5,192.3
43843,40597.25,192.45
43844,40598,192.6
43845,40598.75,192.75
43846,40599.5,192.9
43847,40600.25,193.05
43848,40601,193.2
43849,40601.75,193.35
43850,40602.5,193.5
43851,40603.25,193.65
43852,40604,193.8
43853,40604.75,193.95
43854,40605.5,194.1
43855,40606.25,194.25
43856,40607,194.4
43857,40607.75,194.55
43858,40608.5,194.7
43859,40609.25,194.85
43860,40610,195
43861,40610.8,195.15
43862,40611.6,195.3
43863,40612.4,195.45
43864,40613.2,195.6
43865,40614,195.75
43866,40614.8,195.9
43867,40615.6,196.05
43868,40616.4,196.2
43869,40617.2,196.35
43870,40618,196.5
43871,40618.8,196.65
43872,40619.6,196.8
43873,40620.4,196.95
43874,40621.2,197.1
43875,40622,197.25
43876,40622.8,197.4
43877,40623.6,197.55
43878,40624.4,197.7
43879,40625.2,197.85
43880,40626,198
43881,40626.9,198.15
43882,40627.8,198.3
43883,40628.7,198.45
43884,40629.6,198.6
43885,40630.5,198.75
43886,40631.4,198.9
43887,40632.3,199.05
43888,40633.2,199.2
43889,40634.1,199.35
43890,40635,199.5
43891,40635.9,199.65
43892,40636.8,199.8
43893,40637.7,199.95
43894,40638.6,200.1
43895,40639.5,200.25
43896,40640.4,200.4
43897,40641.3,200.55
43898,40642.2,200.7
43899,40643.1,200.85
43900,40644,201
43901,40644.95,201.2
43902,40645.9,201.4
43903,40646.85,201.6
43904,40647.8,201.8
43905,40648.75,202
43906,40649.7,202.2
43907,40650.65,202.4
43908,40651.6,202.6
43909,40652.55,202.8
43910,40653.5,203
43911,40654.45,203.2
43912,40655.4,203.4
43913,40656.35,203.6
43914,40657.3,203.8
43915,40658.25,204
43916,40659.2,204.2
43917,40660.15,204.4
43918,40661.1,204.6
43919,40662.05,204.8
43920,40663,205
43921,40664.1,205.2
43922,40665.2,205.4
43923,40666.3,205.6
43924,40667.4,205.8
43925,40668.5,206
43926,40669.6,206.2
43927,40670.7,206.4
43928,40671.8,206.6
43929,40672.9,206.8
43930,40674,207
43931,40675.1,207.2
43932,40676.2,207.4
43933,40677.3,207.6
43934,40678.4,207.8
43935,40679.5,208
43936,40680.6,208.2
43937,40681.7,208.4
43938,40682.8,208.6
43939,40683.9,208.8
43940,40685,209
43941,40686.1,209.2
43942,40687.2,209.4
43943,40688.3,209.6
43944,40689.4,209.8
43945,40690.5,210
43946,40691.6,210.2
43947,40692.7,210.4
43948,40693.8,210.6
43949,40694.9,210.8
43950,40696,211
43951,40697.1,211.2
43952,40698.2,211.4
43953,40699.3,211.6
43954,40700.4,211.8
43955,40701.5,212
43956,40702.6,212.2
43957,40703.7,212.4
43958,40704.8,212.6
43959,40705.9,212.8
43960,40707,213
43961,40708.15,213.15
43962,40709.3,213.3
43963,40710.45,213.45
43964,40711.6,213.6
43965,40712.75,213.75
43966,40713.9,213.9
43967,40715.05,214.05
43968,40716.2,214.2
43969,40717.35,214.35
43970,40718.5,214.5
43971,40719.65,214.65
43972,40720.8,214.8
43973,40721.95,214.95
43974,40723.1,215.1
43975,40724.25,215.25
43976,40725.4,215.4
43977,40726.55,215.55
43978,40727.7,215.7
43979,40728.85,215.85
43980,40730,216
43981,40731.2,216.05
43982,40732.4,216.1
43983,40733.6,216.15
43984,40734.8,216.2
43985,40736,216.25
43986,40737.2,216.3
43987,40738.4,216.35
43988,40739.6,216.4
43989,40740.8,216.45
43990,40742,216.5
43991,40743.2,216.55
43992,40744.4,216.6
43993,40745.6,216.65
43994,40746.8,216.7
43995,40748,216.75
43996,40749.2,216.8
43997,40750.4,216.85
43998,40751.6,216.9
43999,40752.8,216.95
44000,40754,217
44001,40755.25,217
44002,40756.5,217
44003,40757.75,217
44004,40759,217
44005,40760.25,217
44006,40761.5,217
44007,40762.75,217
44008,40764,217
44009,40765.25,217
44010,40766.5,217
44011,40767.75,217
44012,40769,217
44013,40770.25,217
44014,40771.5,217
44015,40772.75,217
44016,40774,217
44017,40775.25,217
44018,40776.5,217
44019,40777.75,217
44020,40779,217
44021,40780.3,217
44022,40781.6,217
44023,40782.9,217
44024,40784.2,217
44025,40785.5,217
44026,40786.8,217
44027,40788.1,217
44028,40789.4,217
44029,40790.7,217
44030,40792,217
44031,40793.3,217
44032,40794.6,217
44033,40795.9,217
44034,40797.2,217
44035,40798.5,217
44036,40799.8,217
44037,40801.1,217
44038,40802.4,217
44039,40803.7,217
44040,40805,217
44041,40806.35,217
44042,40807.7,217
44043,40809.05,217
44044,40810.4,217
44045,40811.75,217
44046,40813.1,217
44047,40814.45,217
44048,40815.8,217
44049,40817.15,217
44050,40818.5,217
44051,40819.85,217
44052,40821.2,217
44053,40822.55,217
44054,40823.9,217
44055,40825.25,217
44056,40826.6,217
44057,40827.95,217
44058,40829.3,217
44059,40830.65,217
44060,40832,217
44061,40833.35,217
44062,40834.7,217
44063,40836.05,217
44064,40837.4,217
44065,40838.75,217
44066,40840.1,217
44067,40841.45,217
44068,40842.8,217
44069,40844.15,217
44070,40845.5,217
44071,40846.85,217
44072,40848.2,217
44073,40849.55,217
44074,40850.9,217
44075,40852.25,217
44076,40853.6,217
44077,40854.95,217
44078,40856.3,217
44079,40857.65,217
44080,40859,217
44081,40860.4,217.1
44082,40861.8,217.2
44083,40863.2,217.3
44084,40864.6,217.4
44085,40866,217.5
44086,40867.4,217.6
44087,40868.8,217.7
44088,40870.2,217.8
44089,40871.6,217.9
44090,40873,218
44091,40874.4,218.1
44092,40875.8,218.2
44093,40877.2,218.3
44094,40878.6,218.4
44095,40880,218.5
44096,40881.4,218.6
44097,40882.8,218.7
44098,40884.2,218.8
44099,40885.6,218.9
44100,40887,219
44101,40888.4,219.05
44102,40889.8,219.1
44103,40891.2,219.15
44104,40892.6,219.2
44105,40894,219.25
44106,40895.4,219.3
44107,40896.8,219.35
44108,40898.2,219.4
44109,40899.6,219.45
44110,40901,219.5
44111,40902.4,219.55
44112,40903.8,219.6
44113,40905.2,219.65
44114,40906.6,219.7
44115,40908,219.75
44116,40909.4,219.8
44117,40910.8,219.85
44118,40912.2,219.9
44119,40913.6,219.95
44120,40915,220
44121,40916.4,220.05
44122,40917.8,220.1
44123,40919.2,220.15
44124,40920.6,220.2
44125,40922,220.25
44126,40923.4,220.3
44127,40924.8,220.35
44128,40926.2,220.4
44129,40927.6,220.45
44130,40929,220.5
44131,40930.4,220.55
44132,40931.8,220.6
44133,40933.2,220.65
44134,40934.6,220.7
44135,40936,220.75
44136,40937.4,220.8
44137,40938.8,220.85
44138,40940.2,220.9
44139,40941.6,220.95
44140,40943,221
44141,40944.45,221
44142,40945.9,221
44143,40947.35,221
44144,40948.8,221
44145,40950.25,221
44146,40951.7,221
44147,40953.15,221
44148,40954.6,221
44149,40956.05,221
44150,40957.5,221
44151,40958.95,221
44152,40960.4,221
44153,40961.85,221
44154,40963.3,221
44155,40964.75,221
44156,40966.2,221
44157,40967.65,221
44158,40969.1,221
44159,40970.55,221
44160,40972,221
44161,40973.4,220.95
44162,40974.8,220.9
44163,40976.2,220.85
44164,40977.6,220.8
44165,40979,220.75
44166,40980.4,220.7
44167,40981.8,220.65
44168,40983.2,220.6
44169,40984.6,220.55
44170,40986,220.5
44171,40987.4,220.45
44172,40988.8,220.4
44173,40990.2,220.35
44174,40991.6,220.3
44175,40993,220.25
44176,40994.4,220.2
44177,40995.8,220.15
44178,40997.2,220.1
44179,40998.6,220.05
44180,41000,220
44181,41001.4,219.9
44182,41002.8,219.8
44183,41004.2,219.7
44184,41005.6,219.6
44185,41007,219.5
44186,41008.4,219.4
44187,41009.8,219.3
44188,41011.2,219.2
44189,41012.6,219.1
44190,41014,219
44191,41015.4,218.9
44192,41016.8,218.8
44193,41018.2,218.7
44194,41019.6,218.6
44195,41021,218.5
44196,41022.4,218.4
44197,41023.8,218.3
44198,41025.2,218.2
44199,41026.6,218.1
44200,41028,218
44201,41029.5,217.9
44202,41031,217.8
44203,41032.5,217.7
44204,41034,217.6
44205,41035.5,217.5
44206,41037,217.4
44207,41038.5,217.3
44208,41040,217.2
44209,41041.5,217.1
44210,41043,217
44211,41044.5,216.9
44212,41046,216.8
44213,41047.5,216.7
44214,41049,216.6
44215,41050.5,216.5
44216,41052,216.4
44217,41053.5,216.3
44218,41055,216.2
44219,41056.5,216.1
44220,41058,216
44221,41059.5,215.9
44222,41061,215.8
44223,41062.5,215.7
44224,41064,215.6
44225,41065.5,215.5
44226,41067,215.4
44227,41068.5,215.3
44228,41070,215.2
44229,41071.5,215.1
44230,41073,215
44231,41074.5,214.9
44232,41076,214.8
44233,41077.5,214.7
44234,41079,214.6
44235,41080.5,214.5
44236,41082,214.4
44237,41083.5,214.3
44238,41085,214.2
44239,41086.5,214.1
44240,41088,214
44241,41089.55,213.9
44242,41091.1,213.8
44243,41092.65,213.7
44244,41094.2,213.6
44245,41095.75,213.5
44246,41097.3,213.4
44247,41098.85,213.3
44248,41100.4,213.2
44249,41101.95,213.1
44250,41103.5,213
44251,41105.05,212.9
44252,41106.6,212.8
44253,41108.15,212.7
44254,41109.7,212.6
44255,41111.25,212.5
44256,41112.8,212.4
44257,41114.35,212.3
44258,41115.9,212.2
44259,41117.45,212.1
44260,41119,212
44261,41120.65,211.95
44262,41122.3,211.9
44263,41123.95,211.85
44264,41125.6,211.8
44265,41127.25,211.75
44266,41128.9,211.7
44267,41130.55,211.65
44268,41132.2,211.6
44269,41133.85,211.55
44270,41135.5,211.5
44271,41137.15,211.45
44272,41138.8,211.4
44273,41140.45,211.35
44274,41142.1,211.3
44275,41143.75,211.25
44276,41145.4,211.2
44277,41147.05,211.15
44278,41148.7,211.1
44279,41150.35,211.05
44280,41152,211
44281,41153.75,210.95
44282,41155.5,210.9
44283,41157.25,210.85
44284,41159,210.8
44285,41160.75,210.75
44286,41162.5,210.7
44287,41164.25,210.65
44288,41166,210.6
44289,41167.75,210.55
44290,41169.5,210.5
44291,41171.25,210.45
44292,41173,210.4
44293,41174.75,210.35
44294,41176.5,210.3
44295,41178.25,210.25
44296,41180,210.2
44297,41181.75,210.15
44298,41183.5,210.1
44299,41185.25,210.05
44300,41187,210
44301,41188.75,209.95
44302,41190.5,209.9
44303,41192.25,209.85
44304,41194,209.8
44305,41195.75,209.75
44306,41197.5,209.7
44307,41199.25,209.65
44308,41201,209.6
44309,41202.75,209.55
44310,41204.5,209.5
44311,41206.25,209.45
44312,41208,209.4
44313,41209.75,209.35
44314,41211.5,209.3
44315,41213.25,209.25
44316,41215,209.2
44317,41216.75,209.15
44318,41218.5,209.1
44319,41220.25,209.05
44320,41222,209
44321,41223.95,208.9
44322,41225.9,208.8
44323,41227.85,208.7
44324,41229.8,208.6
44325,41231.75,208.5
44326,41233.7,208.4
44327,41235.65,208.3
44328,41237.6,208.2
44329,41239.55,208.1
44330,41241.5,208
44331,41243.45,207.9
44332,41245.4,207.8
44333,41247.35,207.7
44334,41249.3,207.6
44335,41251.25,207.5
44336,41253.2,207.4
44337,41255.15,207.3
44338,41257.1,207.2
44339,41259.05,207.1
44340,41261,207
44341,41263,206.9
44342,41265,206.8
44343,41267,206.7
44344,41269,206.6
44345,41271,206.5
44346,41273,206.4
44347,41275,206.3
44348,41277,206.2
44349,41279,206.1
44350,41281,206
44351,41283,205.9
44352,41285,205.8
44353,41287,205.7
44354,41289,205.6
44355,41291,205.5
44356,41293,205.4
44357,41295,205.3
44358,41297,205.2
44359,41299,205.1
44360,41301,205
44361,41303.05,204.95
44362,41305.1,204.9
44363,41307.15,204.85
44364,41309.2,204.8
44365,41311.25,204.75
44366,41313.3,204.7
44367,41315.35,204.65
44368,41317.4,204.6
44369,41319.45,204.55
44370,41321.5,204.5
44371,41323.55,204.45
44372,41325.6,204.4
44373,41327.65,204.35
44374,41329.7,204.3
44375,41331.75,204.25
44376,41333.8,204.2
44377,41335.85,204.15
44378,41337.9,204.1
44379,41339.95,204.05
44380,41342,204
44381,41344.1,203.95
44382,41346.2,203.9
44383,41348.3,203.85
44384,41350.4,203.8
44385,41352.5,203.75
44386,41354.6,203.7
44387,41356.7,203.65
44388,41358.8,203.6
44389,41360.9,203.55
44390,41363,203.5
44391,41365.1,203.45
44392,41367.2,203.4
44393,41369.3,203.35
44394,41371.4,203.3
44395,41373.5,203.25
44396,41375.6,203.2
44397,41377.7,203.15
44398,41379.8,203.1
44399,41381.9,203.05
44400,41384,203
44401,41386.2,203
44402,41388.4,203
44403,41390.6,203
44404,41392.8,203
44405,41395,203
44406,41397.2,203
44407,41399.4,203
44408,41401.6,203
44409,41403.8,203
44410,41406,203
44411,41408.2,203
44412,41410.4,203
44413,41412.6,203
44414,41414.8,203
44415,41417,203
44416,41419.2,203
44417,41421.4,203
44418,41423.6,203
44419,41425.8,203
44420,41428,203
44421,41430.25,203.1
44422,41432.5,203.2
44423,41434.75,203.3
44424,41437,203.4
44425,41439.25,203.5
44426,41441.5,203.6
44427,41443.75,203.7
44428,41446,203.8
44429,41448.25,203.9
44430,41450.5,204
44431,41452.75,204.1
44432,41455,204.2
44433,41457.25,204.3
44434,41459.5,204.4
44435,41461.75,204.5
44436,41464,204.6
44437,41466.25,204.7
44438,41468.5,204.8
44439,41470.75,204.9
44440,41473,205
44441,41475.25,205.05
44442,41477.5,205.1
44443,41479.75,205.15
44444,41482,205.2
44445,41484.25,205.25
44446,41486.5,205.3
44447,41488.75,205.35
44448,41491,205.4
44449,41493.25,205.45
44450,41495.5,205.5
44451,41497.75,205.55
44452,41500,205.6
44453,41502.25,205.65
44454,41504.5,205.7
44455,41506.75,205.75
44456,41509,205.8
44457,41511.25,205.85
44458,41513.5,205.9
44459,41515.75,205.95
44460,41518,206
44461,41520.3,206
44462,41522.6,206
44463,41524.9,206
44464,41527.2,206
44465,41529.5,206
44466,41531.8,206
44467,41534.1,206
44468,41536.4,206
44469,41538.7,206
44470,41541,206
44471,41543.3,206
44472,41545.6,206
44473,41547.9,206
44474,41550.2,206
44475,41552.5,206
44476,41554.8,206
44477,41557.1,206
44478,41559.4,206
44479,41561.7,206
44480,41564,206
44481,41566.35,206
44482,41568.7,206
44483,41571.05,206
44484,41573.4,206
44485,41575.75,206
44486,41578.1,206
44487,41580.45,206
44488,41582.8,206
44489,41585.15,206
44490,41587.5,206
44491,41589.85,206
44492,41592.2,206
44493,41594.55,206
44494,41596.9,206
44495,41599.25,206
44496,41601.6,206
44497,41603.95,206
44498,41606.3,206
44499,41608.65,206
44500,41611,206
44501,41613.4,205.9
44502,41615.8,205.8
44503,41618.2,205.7
44504,41620.6,205.6
44505,41623,205.5
44506,41625.4,205.4
44507,41627.8,205.3
44508,41630.2,205.2
44509,41632.6,205.1
44510,41635,205
44511,41637.4,204.9
44512,41639.8,204.8
44513,41642.2,204.7
44514,41644.6,204.6
44515,41647,204.5
44516,41649.4,204.4
44517,41651.8,204.3
44518,41654.2,204.2
44519,41656.6,204.1
44520,41659,204
44521,41661.3,203.9
44522,41663.6,203.8
44523,41665.9,203.7
44524,41668.2,203.6
44525,41670.5,203.5
44526,41672.8,203.4
44527,41675.1,203.3
44528,41677.4,203.2
44529,41679.7,203.1
44530,41682,203
44531,41684.3,202.9
44532,41686.6,202.8
44533,41688.9,202.7
44534,41691.2,202.6
44535,41693.5,202.5
44536,41695.8,202.4
44537,41698.1,202.3
44538,41700.4,202.2
44539,41702.7,202.1
44540,41705,202
44541,41707.4,201.95
44542,41709.8,201.9
44543,41712.2,201.85
44544,41714.6,201.8
44545,41717,201.75
44546,41719.4,201.7
44547,41721.8,201.65
44548,41724.2,201.6
44549,41726.6,201.55
44550,41729,201.5
44551,41731.4,201.45
44552,41733.8,201.4
44553,41736.2,201.35
44554,41738.6,201.3
44555,41741,201.25
44556,41743.4,201.2
44557,41745.8,201.15
44558,41748.2,201.1
44559,41750.6,201.05
44560,41753,201
44561,41755.25,201.05
44562,41757.5,201.1
44563,41759.75,201.15
44564,41762,201.2
44565,41764.25,201.25
44566,41766.5,201.3
44567,41768.75,201.35
44568,41771,201.4
44569,41773.25,201.45
44570,41775.5,201.5
44571,41777.75,201.55
44572,41780,201.6
44573,41782.25,201.65
44574,41784.5,201.7
44575,41786.75,201.75
44576,41789,201.8
44577,41791.25,201.85
44578,41793.5,201.9
44579,41795.75,201.95
44580,41798,202
44581,41800.35,202
44582,41802.7,202
44583,41805.05,202
44584,41807.4,202
44585,41809.75,202
44586,41812.1,202
44587,41814.45,202
44588,41816.8,202
44589,41819.15,202
44590,41821.5,202
44591,41823.85,202
44592,41826.2,202
44593,41828.55,202
44594,41830.9,202
44595,41833.25,202
44596,41835.6,202
44597,41837.95,202
44598,41840.3,202
44599,41842.65,202
44600,41845,202
44601,41847.2,202.15
44602,41849.4,202.3
44603,41851.6,202.45
44604,41853.8,202.6
44605,41856,202.75
44606,41858.2,202.9
44607,41860.4,203.05
44608,41862.6,203.2
44609,41864.8,203.35
44610,41867,203.5
44611,41869.2,203.65
44612,41871.4,203.8
44613,41873.6,203.95
44614,41875.8,204.1
44615,41878,204.25
44616,41880.2,204.4
44617,41882.4,204.55
44618,41884.6,204.7
44619,41886.8,204.85
44620,41889,205
44621,41891.2,205.2
44622,41893.4,205.4
44623,41895.6,205.6
44624,41897.8,205.8
44625,41900,206
44626,41902.2,206.2
44627,41904.4,206.4
44628,41906.6,206.6
44629,41908.8,206.8
44630,41911,207
44631,41913.2,207.2
44632,41915.4,207.4
44633,41917.6,207.6
44634,41919.8,207.8
44635,41922,208
44636,41924.2,208.2
44637,41926.4,208.4
44638,41928.6,208.6
44639,41930.8,208.8
44640,41933,209
44641,41935.1,209.15
44642,41937.2,209.3
44643,41939.3,209.45
44644,41941.4,209.6
44645,41943.5,209.75
44646,41945.6,209.9
44647,41947.7,210.05
44648,41949.8,210.2
44649,41951.9,210.35
44650,41954,210.5
44651,41956.1,210.65
44652,41958.2,210.8
44653,41960.3,210.95
44654,41962.4,211.1
44655,41964.5,211.25
44656,41966.6,211.4
44657,41968.7,211.55
44658,41970.8,211.7
44659,41972.9,211.85
44660,41975,212
44661,41977,212.15
44662,41979,212.3
44663,41981,212.45
44664,41983,212.6
44665,41985,212.75
44666,41987,212.9
44667,41989,213.05
44668,41991,213.2
44669,41993,213.35
44670,41995,213.5
44671,41997,213.65
44672,41999,213.8
44673,42001,213.95
44674,42003,214.1
44675,42005,214.25
44676,42007,214.4
44677,42009,214.55
44678,42011,214.7
44679,42013,214.85
44680,42015,215
44681,42016.95,215.05
44682,42018.9,215.1
44683,42020.85,215.15
44684,42022.8,215.2
44685,42024.75,215.25
44686,42026.7,215.3
44687,42028.65,215.35
44688,42030.6,215.4
44689,42032.55,215.45
44690,42034.5,215.5
44691,42036.45,215.55
44692,42038.4,215.6
44693,42040.35,215.65
44694,42042.3,215.7
44695,42044.25,215.75
44696,42046.2,215.8
44697,42048.15,215.85
44698,42050.1,215.9
44699,42052.05,215.95
44700,42054,216
44701,42055.85,216.05
44702,42057.7,216.1
44703,42059.55,216.15
44704,42061.4,216.2
44705,42063.25,216.25
44706,42065.1,216.3
44707,42066.95,216.35
44708,42068.8,216.4
44709,42070.65,216.45
44710,42072.5,216.5
44711,42074.35,216.55
44712,42076.2,216.6
44713,42078.05,216.65
44714,42079.9,216.7
44715,42081.75,216.75
44716,42083.6,216.8
44717,42085.45,216.85
44718,42087.3,216.9
44719,42089.15,216.95
44720,42091,217
44721,42092.75,217
44722,42094.5,217
44723,42096.25,217
44724,42098,217
44725,42099.75,217
44726,42101.5,217
44727,42103.25,217
44728,42105,217
44729,42106.75,217
44730,42108.5,217
44731,42110.25,217
44732,42112,217
44733,42113.75,217
44734,42115.5,217
44735,42117.25,217
44736,42119,217
44737,42120.75,217
44738,42122.5,217
44739,42124.25,217
44740,42126,217
44741,42127.7,217
44742,42129.4,217
44743,42131.1,217
44744,42132.8,217
44745,42134.5,217
44746,42136.2,217
44747,42137.9,217
44748,42139.6,217
44749,42141.3,217
44750,42143,217
44751,42144.7,217
44752,42146.4,217
44753,42148.1,217
44754,42149.8,217
44755,42151.5,217
44756,42153.2,217
44757,42154.9,217
44758,42156.6,217
44759,42158.3,217
44760,42160,217
44761,42161.6,217.05
44762,42163.2,217.1
44763,42164.8,217.15
44764,42166.4,217.2
44765,42168,217.25
44766,42169.6,217.3
44767,42171.2,217.35
44768,42172.8,217.4
44769,42174.4,217.45
44770,42176,217.5
44771,42177.6,217.55
44772,42179.2,217.6
44773,42180.8,217.65
44774,42182.4,217.7
44775,42184,217.75
44776,42185.6,217.8
44777,42187.2,217.85
44778,42188.8,217.9
44779,42190.4,217.95
44780,42192,218
44781,42193.55,218.05
44782,42195.1,218.1
44783,42196.65,218.15
44784,42198.2,218.2
44785,42199.75,218.25
44786,42201.3,218.3
44787,42202.85,218.35
44788,42204.4,218.4
44789,42205.95,218.45
44790,42207.5,218.5
44791,42209.05,218.55
44792,42210.6,218.6
44793,42212.15,218.65
44794,42213.7,218.7
44795,42215.25,218.75
44796,42216.8,218.8
44797,42218.35,218.85
44798,42219.9,218.9
44799,42221.45,218.95
44800,42223,219
44801,42224.5,219.1
44802,42226,219.2
44803,42227.5,219.3
44804,42229,219.4
44805,42230.5,219.5
44806,42232,219.6
44807,42233.5,219.7
44808,42235,219.8
44809,42236.5,219.9
44810,42238,220
44811,42239.5,220.1
44812,42241,220.2
44813,42242.5,220.3
44814,42244,220.4
44815,42245.5,220.5
44816,42247,220.6
44817,42248.5,220.7
44818,42250,220.8
44819,42251.5,220.9
44820,42253,221
44821,42254.45,221.1
44822,42255.9,221.2
44823,42257.35,221.3
44824,42258.8,221.4
44825,42260.25,221.5
44826,42261.7,221.6
44827,42263.15,221.7
44828,42264.6,221.8
44829,42266.05,221.9
44830,42267.5,222
44831,42268.95,222.1
44832,42270.4,222.2
44833,42271.85,222.3
44834,42273.3,222.4
44835,42274.75,222.5
44836,42276.2,222.6
44837,42277.65,222.7
44838,42279.1,222.8
44839,42280.55,222.9
44840,42282,223
44841,42283.4,223.15
44842,42284.8,223.3
44843,42286.2,223.45
44844,42287.6,223.6
44845,42289,223.75
44846,42290.4,223.9
44847,42291.8,224.05
44848,42293.2,224.2
44849,42294.6,224.35
44850,42296,224.5
44851,42297.4,224.65
44852,42298.8,224.8
44853,42300.2,224.95
44854,42301.6,225.1
44855,42303,225.25
44856,42304.4,225.4
44857,42305.8,225.55
44858,42307.2,225.7
44859,42308.6,225.85
44860,42310,226
44861,42311.4,226.1
44862,42312.8,226.2
44863,42314.2,226.3
44864,42315.6,226.4
44865,42317,226.5
44866,42318.4,226.6
44867,42319.8,226.7
44868,42321.2,226.8
44869,42322.6,226.9
44870,42324,227
44871,42325.4,227.1
44872,42326.8,227.2
44873,42328.2,227.3
44874,42329.6,227.4
44875,42331,227.5
44876,42332.4,227.6
44877,42333.8,227.7
44878,42335.2,227.8
44879,42336.6,227.9
44880,42338,228
44881,42339.35,228.1
44882,42340.7,228.2
44883,42342.05,228.3
44884,42343.4,228.4
44885,42344.75,228.5
44886,42346.1,228.6
44887,42347.45,228.7
44888,42348.8,228.8
44889,42350.15,228.9
44890,42351.5,229
44891,42352.85,229.1
44892,42354.2,229.2
44893,42355.55,229.3
44894,42356.9,229.4
44895,42358.25,229.5
44896,42359.6,229.6
44897,42360.95,229.7
44898,42362.3,229.8
44899,42363.65,229.9
44900,42365,230
44901,42366.35,229.95
44902,42367.7,229.9
44903,42369.05,229.85
44904,42370.4,229.8
44905,42371.75,229.75
44906,42373.1,229.7
44907,42374.45,229.65
44908,42375.8,229.6
44909,42377.15,229.55
44910,42378.5,229.5
44911,42379.85,229.45
44912,42381.2,229.4
44913,42382.55,229.35
44914,42383.9,229.3
44915,42385.25,229.25
44916,42386.6,229.2
44917,42387.95,229.15
44918,42389.3,229.1
44919,42390.65,229.05
44920,42392,229
44921,42393.35,228.9
44922,42394.7,228.8
44923,42396.05,228.7
44924,42397.4,228.6
44925,42398.75,228.5
44926,42400.1,228.4
44927,42401.45,228.3
44928,42402.8,228.2
44929,42404.15,228.1
44930,42405.5,228
44931,42406.85,227.9
44932,42408.2,227.8
44933,42409.55,227.7
44934,42410.9,227.6
44935,42412.25,227.5
44936,42413.6,227.4
44937,42414.95,227.3
44938,42416.3,227.2
44939,42417.65,227.1
44940,42419,227
44941,42420.35,226.85
44942,42421.7,226.7
44943,42423.05,226.55
44944,42424.4,226.4
44945,42425.75,226.25
44946,42427.1,226.1
44947,42428.45,225.95
44948,42429.8,225.8
44949,42431.15,225.65
44950,42432.5,225.5
44951,42433.85,225.35
44952,42435.2,225.2
44953,42436.55,225.05
44954,42437.9,224.9
44955,42439.25,224.75
44956,42440.6,224.6
44957,42441.95,224.45
44958,42443.3,224.3
44959,42444.65,224.15
44960,42446,224
44961,42447.3,223.8
44962,42448.6,223.6
44963,42449.9,223.4
44964,42451.2,223.2
44965,42452.5,223
44966,42453.8,222.8
44967,42455.1,222.6
44968,42456.4,222.4
44969,42457.7,222.2
44970,42459,222
44971,42460.3,221.8
44972,42461.6,221.6
44973,42462.9,221.4
44974,42464.2,221.2
44975,42465.5,221
44976,42466.8,220.8
44977,42468.1,220.6
44978,42469.4,220.4
44979,42470.7,220.2
44980,42472,220
44981,42473.25,219.9
44982,42474.5,219.8
44983,42475.75,219.7
44984,42477,219.6
44985,42478.25,219.5
44986,42479.5,219.4
44987,42480.75,219.3
44988,42482,219.2
44989,42483.25,219.1
44990,42484.5,219
44991,42485.75,218.9
44992,42487,218.8
44993,42488.25,218.7
44994,42489.5,218.6
44995,42490.75,218.5
44996,42492,218.4
44997,42493.25,218.3
44998,42494.5,218.2
44999,42495.75,218.1
45000,42497,218
45001,42498.25,217.85
45002,42499.5,217.7
45003,42500.75,217.55
45004,42502,217.4
45005,42503.25,217.25
45006,42504.5,217.1
45007,42505.75,216.95
45008,42507,216.8
45009,42508.25,216.65
45010,42509.5,216.5
45011,42510.75,216.35
45012,42512,216.2
45013,42513.25,216.05
45014,42514.5,215.9
45015,42515.75,215.75
45016,42517,215.6
45017,42518.25,215.45
45018,42519.5,215.3
45019,42520.75,215.15
45020,42522,215
45021,42523.3,214.95
45022,42524.6,214.9
45023,42525.9,214.85
45024,42527.2,214.8
45025,42528.5,214.75
45026,42529.8,214.7
45027,42531.1,214.65
45028,42532.4,214.6
45029,42533.7,214.55
45030,42535,214.5
45031,42536.3,214.45
45032,42537.6,214.4
45033,42538.9,214.35
45034,42540.2,214.3
45035,42541.5,214.25
45036,42542.8,214.2
45037,42544.1,214.15
45038,42545.4,214.1
45039,42546.7,214.05
45040,42548,214
45041,42549.2,213.95
45042,42550.4,213.9
45043,42551.6,213.85
45044,42552.8,213.8
45045,42554,213.75
45046,42555.2,213.7
45047,42556.4,213.65
45048,42557.6,213.6
45049,42558.8,213.55
45050,42560,213.5
45051,42561.2,213.45
45052,42562.4,213.4
45053,42563.6,213.35
45054,42564.8,213.3
45055,42566,213.25
45056,42567.2,213.2
45057,42568.4,213.15
45058,42569.6,213.1
45059,42570.8,213.05
45060,42572,213
45061,42573.2,213
45062,42574.4,213
45063,42575.6,213
45064,42576.8,213
45065,42578,213
45066,42579.2,213
45067,42580.4,213
45068,42581.6,213
45069,42582.8,213
45070,42584,213
45071,42585.2,213
45072,42586.4,213
45073,42587.6,213
45074,42588.8,213
45075,42590,213
45076,42591.2,213
45077,42592.4,213
45078,42593.6,213
45079,42594.8,213
45080,42596,213
45081,42597.1,213
45082,42598.2,213
45083,42599.3,213
45084,42600.4,213
45085,42601.5,213
45086,42602.6,213
45087,42603.7,213
45088,42604.8,213
45089,42605.9,213
45090,42607,213
45091,42608.1,213
45092,42609.2,213
45093,42610.3,213
45094,42611.4,213
45095,42612.5,213
45096,42613.6,213
45097,42614.7,213
45098,42615.8,213
45099,42616.9,213
45100,42618,213
45101,42619.15,213.05
45102,42620.3,213.1
45103,42621.45,213.15
45104,42622.6,213.2
45105,42623.75,213.25
45106,42624.9,213.3
45107,42626.05,213.35
45108,42627.2,213.4
45109,42628.35,213.45
45110,42629.5,213.5
45111,42630.65,213.55
45112,42631.8,213.6
45113,42632.95,213.65
45114,42634.1,213.7
45115,42635.25,213.75
45116,42636.4,213.8
45117,42637.55,213.85
45118,42638.7,213.9
45119,42639.85,213.95
45120,42641,214
45121,42642.1,213.95
45122,42643.2,213.9
45123,42644.3,213.85
45124,42645.4,213.8
45125,42646.5,213.75
45126,42647.6,213.7
45127,42648.7,213.65
45128,42649.8,213.6
45129,42650.9,213.55
45130,42652,213.5
45131,42653.1,213.45
45132,42654.2,213.4
45133,42655.3,213.35
45134,42656.4,213.3
45135,42657.5,213.25
45136,42658.6,213.2
45137,42659.7,213.15
45138,42660.8,213.1
45139,42661.9,213.05
45140,42663,213
45141,42664.05,212.9
45142,42665.1,212.8
45143,42666.15,212.7
45144,42667.2,212.6
45145,42668.25,212.5
45146,42669.3,212.4
45147,42670.35,212.3
45148,42671.4,212.2
45149,42672.45,212.1
45150,42673.5,212
45151,42674.55,211.9
45152,42675.6,211.8
45153,42676.65,211.7
45154,42677.7,211.6
45155,42678.75,211.5
45156,42679.8,211.4
45157,42680.85,211.3
45158,42681.9,211.2
45159,42682.95,211.1
45160,42684,211
45161,42685.05,210.9
45162,42686.1,210.8
45163,42687.15,210.7
45164,42688.2,210.6
45165,42689.25,210.5
45166,42690.3,210.4
45167,42691.35,210.3
45168,42692.4,210.2
45169,42693.45,210.1
45170,42694.5,210
45171,42695.55,209.9
45172,42696.6,209.8
45173,42697.65,209.7
45174,42698.7,209.6
45175,42699.75,209.5
45176,42700.8,209.4
45177,42701.85,209.3
45178,42702.9,209.2
45179,42703.95,209.1
45180,42705,209
45181,42705.95,208.9
45182,42706.9,208.8
45183,42707.85,208.7
45184,42708.8,208.6
45185,42709.75,208.5
45186,42710.7,208.4
45187,42711.65,208.3
45188,42712.6,208.2
45189,42713.55,208.1
45190,42714.5,208
45191,42715.45,207.9
45192,42716.4,207.8
45193,42717.35,207.7
45194,42718.3,207.6
45195,42719.25,207.5
45196,42720.2,207.4
45197,42721.15,207.3
45198,42722.1,207.2
45199,42723.05,207.1
45200,42724,207
45201,42724.95,206.9
45202,42725.9,206.8
45203,42726.85,206.7
45204,42727.8,206.6
45205,42728.75,206.5
45206,42729.7,206.4
45207,42730.65,206.3
45208,42731.6,206.2
45209,42732.55,206.1
45210,42733.5,206
45211,42734.45,205.9
45212,42735.4,205.8
45213,42736.35,205.7
45214,42737.3,205.6
45215,42738.25,205.5
45216,42739.2,205.4
45217,42740.15,205.3
45218,42741.1,205.2
45219,42742.05,205.1
45220,42743,205
45221,42744.05,204.95
45222,42745.1,204.9
45223,42746.15,204.85
45224,42747.2,204.8
45225,42748.25,204.75
45226,42749.3,204.7
45227,42750.35,204.65
45228,42751.4,204.6
45229,42752.45,204.55
45230,42753.5,204.5
45231,42754.55,204.45
45232,42755.6,204.4
45233,42756.65,204.35
45234,42757.7,204.3
45235,42758.75,204.25
45236,42759.8,204.2
45237,42760.85,204.15
45238,42761.9,204.1
45239,42762.95,204.05
45240,42764,204
45241,42765,204.1
45242,42766,204.2
45243,42767,204.3
45244,42768,204.4
45245,42769,204.5
45246,42770,204.6
45247,42771,204.7
45248,42772,204.8
45249,42773,204.9
45250,42774,205
45251,42775,205.1
45252,42776,205.2
45253,42777,205.3
45254,42778,205.4
45255,42779,205.5
45256,42780,205.6
45257,42781,205.7
45258,42782,205.8
45259,42783,205.9
45260,42784,206
45261,42785.05,206.1
45262,42786.1,206.2
45263,42787.15,206.3
45264,42788.2,206.4
45265,42789.25,206.5
45266,42790.3,206.6
45267,42791.35,206.7
45268,42792.4,206.8
45269,42793.45,206.9
45270,42794.5,207
45271,42795.55,207.1
45272,42796.6,207.2
45273,42797.65,207.3
45274,42798.7,207.4
45275,42799.75,207.5
45276,42800.8,207.6
45277,42801.85,207.7
45278,42802.9,207.8
45279,42803.95,207.9
45280,42805,208
45281,42806.05,208.15
45282,42807.1,208.3
45283,42808.15,208.45
45284,42809.2,208.6
45285,42810.25,208.75
45286,42811.3,208.9
45287,42812.35,209.05
45288,42813.4,209.2
45289,42814.45,209.35
45290,42815.5,209.5
45291,42816.55,209.65
45292,42817.6,209.8
45293,42818.65,209.95
45294,42819.7,210.1
45295,42820.75,210.25
45296,42821.8,210.4
45297,42822.85,210.55
45298,42823.9,210.7
45299,42824.95,210.85
45300,42826,211
45301,42827.2,211.2
45302,42828.4,211.4
45303,42829.6,211.6
45304,42830.8,211.8
45305,42832,212
45306,42833.2,212.2
45307,42834.4,212.4
45308,42835.6,212.6
45309,42836.8,212.8
45310,42838,213
45311,42839.2,213.2
45312,42840.4,213.4
45313,42841.6,213.6
45314,42842.8,213.8
45315,42844,214
45316,42845.2,214.2
45317,42846.4,214.4
45318,42847.6,214.6
45319,42848.8,214.8
45320,42850,215
45321,42851.15,215.1
45322,42852.3,215.2
45323,42853.45,215.3
45324,42854.6,215.4
45325,42855.75,215.5
45326,42856.9,215.6
45327,42858.05,215.7
45328,42859.2,215.8
45329,42860.35,215.9
45330,42861.5,216
45331,42862.65,216.1
45332,42863.8,216.2
45333,42864.95,216.3
45334,42866.1,216.4
45335,42867.25,216.5
45336,42868.4,216.6
45337,42869.55,216.7
45338,42870.7,216.8
45339,42871.85,216.9
45340,42873,217
45341,42874.3,217.05
45342,42875.6,217.1
45343,42876.9,217.15
45344,42878.2,217.2
45345,42879.5,217.25
45346,42880.8,217.3
45347,42882.1,217.35
45348,42883.4,217.4
45349,42884.7,217.45
45350,42886,217.5
45351,42887.3,217.55
45352,42888.6,217.6
45353,42889.9,217.65
45354,42891.2,217.7
45355,42892.5,217.75
45356,42893.8,217.8
45357,42895.1,217.85
45358,42896.4,217.9
45359,42897.7,217.95
45360,42899,218
45361,42900.4,218
45362,42901.8,218
45363,42903.2,218
45364,42904.6,218
45365,42906,218
45366,42907.4,218
45367,42908.8,218
45368,42910.2,218
45369,42911.6,218
45370,42913,218
45371,42914.4,218
45372,42915.8,218
45373,42917.2,218
45374,42918.6,218
45375,42920,218
45376,42921.4,218
45377,42922.8,218
45378,42924.2,218
45379,42925.6,218
45380,42927,218
45381,42928.35,217.95
45382,42929.7,217.9
45383,42931.05,217.85
45384,42932.4,217.8
45385,42933.75,217.75
45386,42935.1,217.7
45387,42936.45,217.65
45388,42937.8,217.6
45389,42939.15,217.55
45390,42940.5,217.5
45391,42941.85,217.45
45392,42943.2,217.4
45393,42944.55,217.35
45394,42945.9,217.3
45395,42947.25,217.25
45396,42948.6,217.2
45397,42949.95,217.15
45398,42951.3,217.1
45399,42952.65,217.05
45400,42954,217
45401,42955.45,217
45402,42956.9,217
45403,42958.35,217
45404,42959.8,217
45405,42961.25,217
45406,42962.7,217
45407,42964.15,217
45408,42965.6,217
45409,42967.05,217
45410,42968.5,217
45411,42969.95,217
45412,42971.4,217
45413,42972.85,217
45414,42974.3,217
45415,42975.75,217
45416,42977.2,217
45417,42978.65,217
45418,42980.1,217
45419,42981.55,217
45420,42983,217
45421,42984.45,216.95
45422,42985.9,216.9
45423,42987.35,216.85
45424,42988.8,216.8
45425,42990.25,216.75
45426,42991.7,216.7
45427,42993.15,216.65
45428,42994.6,216.6
45429,42996.05,216.55
45430,42997.5,216.5
45431,42998.95,216.45
45432,43000.4,216.4
45433,43001.85,216.35
45434,43003.3,216.3
45435,43004.75,216.25
45436,43006.2,216.2
45437,43007.65,216.15
45438,43009.1,216.1
45439,43010.55,216.05
45440,43012,216
45441,43013.4,216
45442,43014.8,216
45443,43016.2,216
45444,43017.6,216
45445,43019,216
45446,43020.4,216
45447,43021.8,216
45448,43023.2,216
45449,43024.6,216
45450,43026,216
45451,43027.4,216
45452,43028.8,216
45453,43030.2,216
45454,43031.6,216
45455,43033,216
45456,43034.4,216
45457,43035.8,216
45458,43037.2,216
45459,43038.6,216
45460,43040,216
45461,43041.45,216.05
45462,43042.9,216.1
45463,43044.35,216.15
45464,43045.8,216.2
45465,43047.25,216.25
45466,43048.7,216.3
45467,43050.15,216.35
45468,43051.6,216.4
45469,43053.05,216.45
45470,43054.5,216.5
45471,43055.95,216.55
45472,43057.4,216.6
45473,43058.85,216.65
45474,43060.3,216.7
45475,43061.75,216.75
45476,43063.2,216.8
45477,43064.65,216.85
45478,43066.1,216.9
45479,43067.55,216.95
45480,43069,217
45481,43070.35,217.1
45482,43071.7,217.2
45483,43073.05,217.3
45484,43074.4,217.4
45485,43075.75,217.5
45486,43077.1,217.6
45487,43078.45,217.7
45488,43079.8,217.8
45489,43081.15,217.9
45490,43082.5,218
45491,43083.85,218.1
45492,43085.2,218.2
45493,43086.55,218.3
45494,43087.9,218.4
45495,43089.25,218.5
45496,43090.6,218.6
45497,43091.95,218.7
45498,43093.3,218.8
45499,43094.65,218.9
45500,43096,219
45501,43097.35,219.05
45502,43098.7,219.1
45503,43100.05,219.15
45504,43101.4,219.2
45505,43102.75,219.25
45506,43104.1,219.3
45507,43105.45,219.35
45508,43106.8,219.4
45509,43108.15,219.45
45510,43109.5,219.5
45511,43110.85,219.55
45512,43112.2,219.6
45513,43113.55,219.65
45514,43114.9,219.7
45515,43116.25,219.75
45516,43117.6,219.8
45517,43118.95,219.85
45518,43120.3,219.9
45519,43121.65,219.95
45520,43123,220
45521,43124.35,220.05
45522,43125.7,220.1
45523,43127.05,220.15
45524,43128.4,220.2
45525,43129.75,220.25
45526,43131.1,220.3
45527,43132.45,220.35
45528,43133.8,220.4
45529,43135.15,220.45
45530,43136.5,220.5
45531,43137.85,220.55
45532,43139.2,220.6
45533,43140.55,220.65
45534,43141.9,220.7
45535,43143.25,220.75
45536,43144.6,220.8
45537,43145.95,220.85
45538,43147.3,220.9
45539,43148.65,220.95
45540,43150,221
45541,43151.1,221
45542,43152.2,221
45543,43153.3,221
45544,43154.4,221
45545,43155.5,221
45546,43156.6,221
45547,43157.7,221
45548,43158.8,221
45549,43159.9,221
45550,43161,221
45551,43162.1,221
45552,43163.2,221
45553,43164.3,221
45554,43165.4,221
45555,43166.5,221
45556,43167.6,221
45557,43168.7,221
45558,43169.8,221
45559,43170.9,221
45560,43172,221
45561,43173.1,220.95
45562,43174.2,220.9
45563,43175.3,220.85
45564,43176.4,220.8
45565,43177.5,220.75
45566,43178.6,220.7
45567,43179.7,220.65
45568,43180.8,220.6
45569,43181.9,220.55
45570,43183,220.5
45571,43184.1,220.45
45572,43185.2,220.4
45573,43186.3,220.35
45574,43187.4,220.3
45575,43188.5,220.25
45576,43189.6,220.2
45577,43190.7,220.15
45578,43191.8,220.1
45579,43192.9,220.05
45580,43194,220
45581,43195.05,219.95
45582,43196.1,219.9
45583,43197.15,219.85
45584,43198.2,219.8
45585,43199.25,219.75
45586,43200.3,219.7
45587,43201.35,219.65
45588,43202.4,219.6
45589,43203.45,219.55
45590,43204.5,219.5
45591,43205.55,219.45
45592,43206.6,219.4
45593,43207.65,219.35
45594,43208.7,219.3
45595,43209.75,219.25
45596,43210.8,219.2
45597,43211.85,219.15
45598,43212.9,219.1
45599,43213.95,219.05
45600,43215,219
45601,43215.9,218.9
45602,43216.8,218.8
45603,43217.7,218.7
45604,43218.6,218.6
45605,43219.5,218.5
45606,43220.4,218.4
45607,43221.3,218.3
45608,43222.2,218.2
45609,43223.1,218.1
45610,43224,218
45611,43224.9,217.9
45612,43225.8,217.8
45613,43226.7,217.7
45614,43227.6,217.6
45615,43228.5,217.5
45616,43229.4,217.4
45617,43230.3,217.3
45618,43231.2,217.2
45619,43232.1,217.1
45620,43233,217
45621,43233.9,217.05
45622,43234.8,217.1
45623,43235.7,217.15
45624,43236.6,217.2
45625,43237.5,217.25
45626,43238.4,217.3
45627,43239.3,217.35
45628,43240.2,217.4
45629,43241.1,217.45
45630,43242,217.5
45631,43242.9,217.55
45632,43243.8,217.6
45633,43244.7,217.65
45634,43245.6,217.7
45635,43246.5,217.75
45636,43247.4,217.8
45637,43248.3,217.85
45638,43249.2,217.9
45639,43250.1,217.95
45640,43251,218
45641,43251.85,218
45642,43252.7,218
45643,43253.55,218
45644,43254.4,218
45645,43255.25,218
45646,43256.1,218
45647,43256.95,218
45648,43257.8,218
45649,43258.65,218
45650,43259.5,218
45651,43260.35,218
45652,43261.2,218
45653,43262.05,218
45654,43262.9,218
45655,43263.75,218
45656,43264.6,218
45657,43265.45,218
45658,43266.3,218
45659,43267.15,218
45660,43268,218
45661,43268.85,218.05
45662,43269.7,218.1
45663,43270.55,218.15
45664,43271.4,218.2
45665,43272.25,218.25
45666,43273.1,218.3
45667,43273.95,218.35
45668,43274.8,218.4
45669,43275.65,218.45
45670,43276.5,218.5
45671,43277.35,218.55
45672,43278.2,218.6
45673,43279.05,218.65
45674,43279.9,218.7
45675,43280.75,218.75
45676,43281.6,218.8
45677,43282.45,218.85
45678,43283.3,218.9
45679,43284.15,218.95
45680,43285,219
45681,43285.8,219.15
45682,43286.6,219.3
45683,43287.4,219.45
45684,43288.2,219.6
45685,43289,219.75
45686,43289.8,219.9
45687,43290.6,220.05
45688,43291.4,220.2
45689,43292.2,220.35
45690,43293,220.5
45691,43293.8,220.65
45692,43294.6,220.8
45693,43295.4,220.95
45694,43296.2,221.1
45695,43297,221.25
45696,43297.8,221.4
45697,43298.6,221.55
45698,43299.4,221.7
45699,43300.2,221.85
45700,43301,222
45701,43301.85,222.1
45702,43302.7,222.2
45703,43303.55,222.3
45704,43304.4,222.4
45705,43305.25,222.5
45706,43306.1,222.6
45707,43306.95,222.7
45708,43307.8,222.8
45709,43308.65,222.9
45710,43309.5,223
45711,43310.35,223.1
45712,43311.2,223.2
45713,43312.05,223.3
45714,43312.9,223.4
45715,43313.75,223.5
45716,43314.6,223.6
45717,43315.45,223.7
45718,43316.3,223.8
45719,43317.15,223.9
45720,43318,224
45721,43318.9,224.05
45722,43319.8,224.1
45723,43320.7,224.15
45724,43321.6,224.2
45725,43322.5,224.25
45726,43323.4,224.3
45727,43324.3,224.35
45728,43325.2,224.4
45729,43326.1,224.45
45730,43327,224.5
45731,43327.9,224.55
45732,43328.8,224.6
45733,43329.7,224.65
45734,43330.6,224.7
45735,43331.5,224.75
45736,43332.4,224.8
45737,43333.3,224.85
45738,43334.2,224.9
45739,43335.1,224.95
45740,43336,225
45741,43336.9,225.1
45742,43337.8,225.2
45743,43338.7,225.3
45744,43339.6,225.4
45745,43340.5,225.5
45746,43341.4,225.6
45747,43342.3,225.7
45748,43343.2,225.8
45749,43344.1,225.9
45750,43345,226
45751,43345.9,226.1
45752,43346.8,226.2
45753,43347.7,226.3
45754,43348.6,226.4
45755,43349.5,226.5
45756,43350.4,226.6
45757,43351.3,226.7
45758,43352.2,226.8
45759,43353.1,226.9
45760,43354,227
45761,43354.95,226.95
45762,43355.9,226.9
45763,43356.85,226.85
45764,43357.8,226.8
45765,43358.75,226.75
45766,43359.7,226.7
45767,43360.65,226.65
45768,43361.6,226.6
45769,43362.55,226.55
45770,43363.5,226.5
45771,43364.45,226.45
45772,43365.4,226.4
45773,43366.35,226.35
45774,43367.3,226.3
45775,43368.25,226.25
45776,43369.2,226.2
45777,43370.15,226.15
45778,43371.1,226.1
45779,43372.05,226.05
45780,43373,226
45781,43374.05,225.95
45782,43375.1,225.9
45783,43376.15,225.85
45784,43377.2,225.8
45785,43378.25,225.75
45786,43379.3,225.7
45787,43380.35,225.65
45788,43381.4,225.6
45789,43382.45,225.55
45790,43383.5,225.5
45791,43384.55,225.45
45792,43385.6,225.4
45793,43386.65,225.35
45794,43387.7,225.3
45795,43388.75,225.25
45796,43389.8,225.2
45797,43390.85,225.15
45798,43391.9,225.1
45799,43392.95,225.05
45800,43394,225
45801,43395.15,225
45802,43396.3,225
45803,43397.45,225
45804,43398.6,225
45805,43399.75,225
45806,43400.9,225
45807,43402.05,225
45808,43403.2,225
45809,43404.35,225
45810,43405.5,225
45811,43406.65,225
45812,43407.8,225
45813,43408.95,225
45814,43410.1,225
45815,43411.25,225
45816,43412.4,225
45817,43413.55,225
45818,43414.7,225
45819,43415.85,225
45820,43417,225
45821,43418.25,224.95
45822,43419.5,224.9
45823,43420.75,224.85
45824,43422,224.8
45825,43423.25,224.75
45826,43424.5,224.7
45827,43425.75,224.65
45828,43427,224.6
45829,43428.25,224.55
45830,43429.5,224.5
45831,43430.75,224.45
45832,43432,224.4
45833,43433.25,224.35
45834,43434.5,224.3
45835,43435.75,224.25
45836,43437,224.2
45837,43438.25,224.15
45838,43439.5,224.1
45839,43440.75,224.05
45840,43442,224
45841,43443.35,224.1
45842,43444.7,224.2
45843,43446.05,224.3
45844,43447.4,224.4
45845,43448.75,224.5
45846,43450.1,224.6
45847,43451.45,224.7
45848,43452.8,224.8
45849,43454.15,224.9
45850,43455.5,225
45851,43456.85,225.1
45852,43458.2,225.2
45853,43459.55,225.3
45854,43460.9,225.4
45855,43462.25,225.5
45856,43463.6,225.6
45857,43464.95,225.7
45858,43466.3,225.8
45859,43467.65,225.9
45860,43469,226
45861,43470.6,226
45862,43472.2,226
45863,43473.8,226
45864,43475.4,226
45865,43477,226
45866,43478.6,226
45867,43480.2,226
45868,43481.8,226
45869,43483.4,226
45870,43485,226
45871,43486.6,226
45872,43488.2,226
45873,43489.8,226
45874,43491.4,226
45875,43493,226
45876,43494.6,226
45877,43496.2,226
45878,43497.8,226
45879,43499.4,226
45880,43501,226
45881,43502.8,226.15
45882,43504.6,226.3
45883,43506.4,226.45
45884,43508.2,226.6
45885,43510,226.75
45886,43511.8,226.9
45887,43513.6,227.05
45888,43515.4,227.2
45889,43517.2,227.35
45890,43519,227.5
45891,43520.8,227.65
45892,43522.6,227.8
45893,43524.4,227.95
45894,43526.2,228.1
45895,43528,228.25
45896,43529.8,228.4
45897,43531.6,228.55
45898,43533.4,228.7
45899,43535.2,228.85
45900,43537,229
45901,43538.85,229
45902,43540.7,229
45903,43542.55,229
45904,43544.4,229
45905,43546.25,229
45906,43548.1,229
45907,43549.95,229
45908,43551.8,229
45909,43553.65,229
45910,43555.5,229
45911,43557.35,229
45912,43559.2,229
45913,43561.05,229
45914,43562.9,229
45915,43564.75,229
45916,43566.6,229
45917,43568.45,229
45918,43570.3,229
45919,43572.15,229
45920,43574,229
45921,43576.05,229
45922,43578.1,229
45923,43580.15,229
45924,43582.2,229
45925,43584.25,229
45926,43586.3,229
45927,43588.35,229
45928,43590.4,229
45929,43592.45,229
45930,43594.5,229
45931,43596.55,229
45932,43598.6,229
45933,43600.65,229
45934,43602.7,229
45935,43604.75,229
45936,43606.8,229
45937,43608.85,229
45938,43610.9,229
45939,43612.95,229
45940,43615,229
45941,43617.1,229.1
45942,43619.2,229.2
45943,43621.3,229.3
45944,43623.4,229.4
45945,43625.5,229.5
45946,43627.6,229.6
45947,43629.7,229.7
45948,43631.8,229.8
45949,43633.9,229.9
45950,43636,230
45951,43638.1,230.1
45952,43640.2,230.2
45953,43642.3,230.3
45954,43644.4,230.4
45955,43646.5,230.5
45956,43648.6,230.6
45957,43650.7,230.7
45958,43652.8,230.8
45959,43654.9,230.9
45960,43657,231
45961,43659.2,231.15
45962,43661.4,231.3
45963,43663.6,231.45
45964,43665.8,231.6
45965,43668,231.75
45966,43670.2,231.9
45967,43672.4,232.05
45968,43674.6,232.2
45969,43676.8,232.35
45970,43679,232.5
45971,43681.2,232.65
45972,43683.4,232.8
45973,43685.6,232.95
45974,43687.8,233.1
45975,43690,233.25
45976,43692.2,233.4
45977,43694.4,233.55
45978,43696.6,233.7
45979,43698.8,233.85
45980,43701,234
45981,43703.2,234.15
45982,43705.4,234.3
45983,43707.6,234.45
45984,43709.8,234.6
45985,43712,234.75
45986,43714.2,234.9
45987,43716.4,235.05
45988,43718.6,235.2
45989,43720.8,235.35
45990,43723,235.5
45991,43725.2,235.65
45992,43727.4,235.8
45993,43729.6,235.95
45994,43731.8,236.1
45995,43734,236.25
45996,43736.2,236.4
45997,43738.4,236.55
45998,43740.6,236.7
45999,43742.8,236.85
46000,43745,237
46001,43747.25,237.25
46002,43749.5,237.5
46003,43751.75,237.75
46004,43754,238
46005,43756.25,238.25
46006,43758.5,238.5
46007,43760.75,238.75
46008,43763,239
46009,43765.25,239.25
46010,43767.5,239.5
46011,43769.75,239.75
46012,43772,240
46013,43774.25,240.25
46014,43776.5,240.5
46015,43778.75,240.75
46016,43781,241
46017,43783.25,241.25
46018,43785.5,241.5
46019,43787.75,241.75
46020,43790,242
46021,43792.2,242.25
46022,43794.4,242.5
46023,43796.6,242.75
46024,43798.8,243
46025,43801,243.25
46026,43803.2,243.5
46027,43805.4,243.75
46028,43807.6,244
46029,43809.8,244.25
46030,43812,244.5
46031,43814.2,244.75
46032,43816.4,245
46033,43818.6,245.25
46034,43820.8,245.5
46035,43823,245.75
46036,43825.2,246
46037,43827.4,246.25
46038,43829.6,246.5
46039,43831.8,246.75
46040,43834,247
46041,43836.1,247.2
46042,43838.2,247.4
46043,43840.3,247.6
46044,43842.4,247.8
46045,43844.5,248
46046,43846.6,248.2
46047,43848.7,248.4
46048,43850.8,248.6
46049,43852.9,248.8
46050,43855,249
46051,43857.1,249.2
46052,43859.2,249.4
46053,43861.3,249.6
46054,43863.4,249.8
46055,43865.5,250
46056,43867.6,250.2
46057,43869.7,250.4
46058,43871.8,250.6
46059,43873.9,250.8
46060,43876,251
46061,43878.05,251.1
46062,43880.1,251.2
46063,43882.15,251.3
46064,43884.2,251.4
46065,43886.25,251.5
46066,43888.3,251.6
46067,43890.35,251.7
46068,43892.4,251.8
46069,43894.45,251.9
46070,43896.5,252
46071,43898.55,252.1
46072,43900.6,252.2
46073,43902.65,252.3
46074,43904.7,252.4
46075,43906.75,252.5
46076,43908.8,252.6
46077,43910.85,252.7
46078,43912.9,252.8
46079,43914.95,252.9
46080,43917,253
46081,43918.9,252.95
46082,43920.8,252.9
46083,43922.7,252.85
46084,43924.6,252.8
46085,43926.5,252.75
46086,43928.4,252.7
46087,43930.3,252.65
46088,43932.2,252.6
46089,43934.1,252.55
46090,43936,252.5
46091,43937.9,252.45
46092,43939.8,252.4
46093,43941.7,252.35
46094,43943.6,252.3
46095,43945.5,252.25
46096,43947.4,252.2
46097,43949.3,252.15
46098,43951.2,252.1
46099,43953.1,252.05
46100,43955,252
46101,43956.85,251.9
46102,43958.7,251.8
46103,43960.55,251.7
46104,43962.4,251.6
46105,43964.25,251.5
46106,43966.1,251.4
46107,43967.95,251.3
46108,43969.8,251.2
46109,43971.65,251.1
46110,43973.5,251
46111,43975.35,250.9
46112,43977.2,250.8
46113,43979.05,250.7
46114,43980.9,250.6
46115,43982.75,250.5
46116,43984.6,250.4
46117,43986.45,250.3
46118,43988.3,250.2
46119,43990.15,250.1
46120,43992,250
46121,43993.65,249.95
46122,43995.3,249.9
46123,43996.95,249.85
46124,43998.6,249.8
46125,44000.25,249.75
46126,44001.9,249.7
46127,44003.55,249.65
46128,44005.2,249.6
46129,44006.85,249.55
46130,44008.5,249.5
46131,44010.15,249.45
46132,44011.8,249.4
46133,44013.45,249.35
46134,44015.1,249.3
46135,44016.75,249.25
46136,44018.4,249.2
46137,44020.05,249.15
46138,44021.7,249.1
46139,44023.35,249.05
46140,44025,249
46141,44026.6,248.9
46142,44028.2,248.8
46143,44029.8,248.7
46144,44031.4,248.6
46145,44033,248.5
46146,44034.6,248.4
46147,44036.2,248.3
46148,44037.8,248.2
46149,44039.4,248.1
46150,44041,248
46151,44042.6,247.9
46152,44044.2,247.8
46153,44045.8,247.7
46154,44047.4,247.6
46155,44049,247.5
46156,44050.6,247.4
46157,44052.2,247.3
46158,44053.8,247.2
46159,44055.4,247.1
46160,44057,247
46161,44058.5,246.9
46162,44060,246.8
46163,44061.5,246.7
46164,44063,246.6
46165,44064.5,246.5
46166,44066,246.4
46167,44067.5,246.3
46168,44069,246.2
46169,44070.5,246.1
46170,44072,246
46171,44073.5,245.9
46172,44075,245.8
46173,44076.5,245.7
46174,44078,245.6
46175,44079.5,245.5
46176,44081,245.4
46177,44082.5,245.3
46178,44084,245.2
46179,44085.5,245.1
46180,44087,245
46181,44088.35,244.9
46182,44089.7,244.8
46183,44091.05,244.7
46184,44092.4,244.6
46185,44093.75,244.5
46186,44095.1,244.4
46187,44096.45,244.3
46188,44097.8,244.2
46189,44099.15,244.1
46190,44100.5,244
46191,44101.85,243.9
46192,44103.2,243.8
46193,44104.55,243.7
46194,44105.9,243.6
46195,44107.25,243.5
46196,44108.6,243.4
46197,44109.95,243.3
46198,44111.3,243.2
46199,44112.65,243.1
46200,44114,243
46201,44115.25,242.95
46202,44116.5,242.9
46203,44117.75,242.85
46204,44119,242.8
46205,44120.25,242.75
46206,44121.5,242.7
46207,44122.75,242.65
46208,44124,242.6
46209,44125.25,242.55
46210,44126.5,242.5
46211,44127.75,242.45
46212,44129,242.4
46213,44130.25,242.35
46214,44131.5,242.3
46215,44132.75,242.25
46216,44134,242.2
46217,44135.25,242.15
46218,44136.5,242.1
46219,44137.75,242.05
46220,44139,242
46221,44140.15,241.95
46222,44141.3,241.9
46223,44142.45,241.85
46224,44143.6,241.8
46225,44144.75,241.75
46226,44145.9,241.7
46227,44147.05,241.65
46228,44148.2,241.6
46229,44149.35,241.55
46230,44150.5,241.5
46231,44151.65,241.45
46232,44152.8,241.4
46233,44153.95,241.35
46234,44155.1,241.3
46235,44156.25,241.25
46236,44157.4,241.2
46237,44158.55,241.15
46238,44159.7,241.1
46239,44160.85,241.05
46240,44162,241
46241,44163,240.95
46242,44164,240.9
46243,44165,240.85
46244,44166,240.8
46245,44167,240.75
46246,44168,240.7
46247,44169,240.65
46248,44170,240.6
46249,44171,240.55
46250,44172,240.5
46251,44173,240.45
46252,44174,240.4
46253,44175,240.35
46254,44176,240.3
46255,44177,240.25
46256,44178,240.2
46257,44179,240.15
46258,44180,240.1
46259,44181,240.05
46260,44182,240
46261,44182.9,239.85
46262,44183.8,239.7
46263,44184.7,239.55
46264,44185.6,239.4
46265,44186.5,239.25
46266,44187.4,239.1
46267,44188.3,238.95
46268,44189.2,238.8
46269,44190.1,238.65
46270,44191,238.5
46271,44191.9,238.35
46272,44192.8,238.2
46273,44193.7,238.05
46274,44194.6,237.9
46275,44195.5,237.75
46276,44196.4,237.6
46277,44197.3,237.45
46278,44198.2,237.3
46279,44199.1,237.15
46280,44200,237
46281,44200.75,236.8
46282,44201.5,236.6
46283,44202.25,236.4
46284,44203,236.2
46285,44203.75,236
46286,44204.5,235.8
46287,44205.25,235.6
46288,44206,235.4
46289,44206.75,235.2
46290,44207.5,235
46291,44208.25,234.8
46292,44209,234.6
46293,44209.75,234.4
46294,44210.5,234.2
46295,44211.25,234
46296,44212,233.8
46297,44212.75,233.6
46298,44213.5,233.4
46299,44214.25,233.2
46300,44215,233
46301,44215.7,232.8
46302,44216.4,232.6
46303,44217.1,232.4
46304,44217.8,232.2
46305,44218.5,232
46306,44219.2,231.8
46307,44219.9,231.6
46308,44220.6,231.4
46309,44221.3,231.2
46310,44222,231
46311,44222.7,230.8
46312,44223.4,230.6
46313,44224.1,230.4
46314,44224.8,230.2
46315,44225.5,230
46316,44226.2,229.8
46317,44226.9,229.6
46318,44227.6,229.4
46319,44228.3,229.2
46320,44229,229
46321,44229.6,228.9
46322,44230.2,228.8
46323,44230.8,228.7
46324,44231.4,228.6
46325,44232,228.5
46326,44232.6,228.4
46327,44233.2,228.3
46328,44233.8,228.2
46329,44234.4,228.1
46330,44235,228
46331,44235.6,227.9
46332,44236.2,227.8
46333,44236.8,227.7
46334,44237.4,227.6
46335,44238,227.5
46336,44238.6,227.4
46337,44239.2,227.3
46338,44239.8,227.2
46339,44240.4,227.1
46340,44241,227
46341,44241.55,226.9
46342,44242.1,226.8
46343,44242.65,226.7
46344,44243.2,226.6
46345,44243.75,226.5
46346,44244.3,226.4
46347,44244.85,226.3
46348,44245.4,226.2
46349,44245.95,226.1
46350,44246.5,226
46351,44247.05,225.9
46352,44247.6,225.8
46353,44248.15,225.7
46354,44248.7,225.6
46355,44249.25,225.5
46356,44249.8,225.4
46357,44250.35,225.3
46358,44250.9,225.2
46359,44251.45,225.1
46360,44252,225
46361,44252.35,224.9
46362,44252.7,224.8
46363,44253.05,224.7
46364,44253.4,224.6
46365,44253.75,224.5
46366,44254.1,224.4
46367,44254.45,224.3
46368,44254.8,224.2
46369,44255.15,224.1
46370,44255.5,224
46371,44255.85,223.9
46372,44256.2,223.8
46373,44256.55,223.7
46374,44256.9,223.6
46375,44257.25,223.5
46376,44257.6,223.4
46377,44257.95,223.3
46378,44258.3,223.2
46379,44258.65,223.1
46380,44259,223
46381,44259.3,223
46382,44259.6,223
46383,44259.9,223
46384,44260.2,223
46385,44260.5,223
46386,44260.8,223
46387,44261.1,223
46388,44261.4,223
46389,44261.7,223
46390,44262,223
46391,44262.3,223
46392,44262.6,223
46393,44262.9,223
46394,44263.2,223
46395,44263.5,223
46396,44263.8,223
46397,44264.1,223
46398,44264.4,223
46399,44264.7,223
46400,44265,223
46401,44265.3,223
46402,44265.6,223
46403,44265.9,223
46404,44266.2,223
46405,44266.5,223
46406,44266.8,223
46407,44267.1,223
46408,44267.4,223
46409,44267.7,223
46410,44268,223
46411,44268.3,223
46412,44268.6,223
46413,44268.9,223
46414,44269.2,223
46415,44269.5,223
46416,44269.8,223
46417,44270.1,223
46418,44270.4,223
46419,44270.7,223
46420,44271,223
46421,44271.2,223
46422,44271.4,223
46423,44271.6,223
46424,44271.8,223
46425,44272,223
46426,44272.2,223
46427,44272.4,223
46428,44272.6,223
46429,44272.8,223
46430,44273,223
46431,44273.2,223
46432,44273.4,223
46433,44273.6,223
46434,44273.8,223
46435,44274,223
46436,44274.2,223
46437,44274.4,223
46438,44274.6,223
46439,44274.8,223
46440,44275,223
46441,44275.15,222.9
46442,44275.3,222.8
46443,44275.45,222.7
46444,44275.6,222.6
46445,44275.75,222.5
46446,44275.9,222.4
46447,44276.05,222.3
46448,44276.2,222.2
46449,44276.35,222.1
46450,44276.5,222
46451,44276.65,221.9
46452,44276.8,221.8
46453,44276.95,221.7
46454,44277.1,221.6
46455,44277.25,221.5
46456,44277.4,221.4
46457,44277.55,221.3
46458,44277.7,221.2
46459,44277.85,221.1
46460,44278,221
46461,44278.15,221
46462,44278.3,221
46463,44278.45,221
46464,44278.6,221
46465,44278.75,221
46466,44278.9,221
46467,44279.05,221
46468,44279.2,221
46469,44279.35,221
46470,44279.5,221
46471,44279.65,221
46472,44279.8,221
46473,44279.95,221
46474,44280.1,221
46475,44280.25,221
46476,44280.4,221
46477,44280.55,221
46478,44280.7,221
46479,44280.85,221
46480,44281,221
46481,44281.1,221.05
46482,44281.2,221.1
46483,44281.3,221.15
46484,44281.4,221.2
46485,44281.5,221.25
46486,44281.6,221.3
46487,44281.7,221.35
46488,44281.8,221.4
46489,44281.9,221.45
46490,44282,221.5
46491,44282.1,221.55
46492,44282.2,221.6
46493,44282.3,221.65
46494,44282.4,221.7
46495,44282.5,221.75
46496,44282.6,221.8
46497,44282.7,221.85
46498,44282.8,221.9
46499,44282.9,221.95
46500,44283,222
46501,44283.15,222.05
46502,44283.3,222.1
46503,44283.45,222.15
46504,44283.6,222.2
46505,44283.75,222.25
46506,44283.9,222.3
46507,44284.05,222.35
46508,44284.2,222.4
46509,44284.35,222.45
46510,44284.5,222.5
46511,44284.65,222.55
46512,44284.8,222.6
46513,44284.95,222.65
46514,44285.1,222.7
46515,44285.25,222.75
46516,44285.4,222.8
46517,44285.55,222.85
46518,44285.7,222.9
46519,44285.85,222.95
46520,44286,223
46521,44286.25,223.05
46522,44286.5,223.1
46523,44286.75,223.15
46524,44287,223.2
46525,44287.25,223.25
46526,44287.5,223.3
46527,44287.75,223.35
46528,44288,223.4
46529,44288.25,223.45
46530,44288.5,223.5
46531,44288.75,223.55
46532,44289,223.6
46533,44289.25,223.65
46534,44289.5,223.7
46535,44289.75,223.75
46536,44290,223.8
46537,44290.25,223.85
46538,44290.5,223.9
46539,44290.75,223.95
46540,44291,224
46541,44291.25,224
46542,44291.5,224
46543,44291.75,224
46544,44292,224
46545,44292.25,224
46546,44292.5,224
46547,44292.75,224
46548,44293,224
46549,44293.25,224
46550,44293.5,224
46551,44293.75,224
46552,44294,224
46553,44294.25,224
46554,44294.5,224
46555,44294.75,224
46556,44295,224
46557,44295.25,224
46558,44295.5,224
46559,44295.75,224
46560,44296,224
46561,44296.35,223.9
46562,44296.7,223.8
46563,44297.05,223.7
46564,44297.4,223.6
46565,44297.75,223.5
46566,44298.1,223.4
46567,44298.45,223.3
46568,44298.8,223.2
46569,44299.15,223.1
46570,44299.5,223
46571,44299.85,222.9
46572,44300.2,222.8
46573,44300.55,222.7
46574,44300.9,222.6
46575,44301.25,222.5
46576,44301.6,222.4
46577,44301.95,222.3
46578,44302.3,222.2
46579,44302.65,222.1
46580,44303,222
46581,44303.45,222.05
46582,44303.9,222.1
46583,44304.35,222.15
46584,44304.8,222.2
46585,44305.25,222.25
46586,44305.7,222.3
46587,44306.15,222.35
46588,44306.6,222.4
46589,44307.05,222.45
46590,44307.5,222.5
46591,44307.95,222.55
46592,44308.4,222.6
46593,44308.85,222.65
46594,44309.3,222.7
46595,44309.75,222.75
46596,44310.2,222.8
46597,44310.65,222.85
46598,44311.1,222.9
46599,44311.55,222.95
46600,44312,223
46601,44312.6,223
46602,44313.2,223
46603,44313.8,223
46604,44314.4,223
46605,44315,223
46606,44315.6,223
46607,44316.2,223
46608,44316.8,223
46609,44317.4,223
46610,44318,223
46611,44318.6,223
46612,44319.2,223
46613,44319.8,223
46614,44320.4,223
46615,44321,223
46616,44321.6,223
46617,44322.2,223
46618,44322.8,223
46619,44323.4,223
46620,44324,223
46621,44324.75,223.15
46622,44325.5,223.3
46623,44326.25,223.45
46624,44327,223.6
46625,44327.75,223.75
46626,44328.5,223.9
46627,44329.25,224.05
46628,44330,224.2
46629,44330.75,224.35
46630,44331.5,224.5
46631,44332.25,224.65
46632,44333,224.8
46633,44333.75,224.95
46634,44334.5,225.1
46635,44335.25,225.25
46636,44336,225.4
46637,44336.75,225.55
46638,44337.5,225.7
46639,44338.25,225.85
46640,44339,226
46641,44339.95,226.05
46642,44340.9,226.1
46643,44341.85,226.15
46644,44342.8,226.2
46645,44343.75,226.25
46646,44344.7,226.3
46647,44345.65,226.35
46648,44346.6,226.4
46649,44347.55,226.45
46650,44348.5,226.5
46651,44349.45,226.55
46652,44350.4,226.6
46653,44351.35,226.65
46654,44352.3,226.7
46655,44353.25,226.75
46656,44354.2,226.8
46657,44355.15,226.85
46658,44356.1,226.9
46659,44357.05,226.95
46660,44358,227
46661,44358.95,227
46662,44359.9,227
46663,44360.85,227
46664,44361.8,227
46665,44362.75,227
46666,44363.7,227
46667,44364.65,227
46668,44365.6,227
46669,44366.55,227
46670,44367.5,227
46671,44368.45,227
46672,44369.4,227
46673,44370.35,227
46674,44371.3,227
46675,44372.25,227
46676,44373.2,227
46677,44374.15,227
46678,44375.1,227
46679,44376.05,227
46680,44377,227
46681,44378.15,227.1
46682,44379.3,227.2
46683,44380.45,227.3
46684,44381.6,227.4
46685,44382.75,227.5
46686,44383.9,227.6
46687,44385.05,227.7
46688,44386.2,227.8
46689,44387.35,227.9
46690,44388.5,228
46691,44389.65,228.1
46692,44390.8,228.2
46693,44391.95,228.3
46694,44393.1,228.4
46695,44394.25,228.5
46696,44395.4,228.6
46697,44396.55,228.7
46698,44397.7,228.8
46699,44398.85,228.9
46700,44400,229
46701,44401.2,229
46702,44402.4,229
46703,44403.6,229
46704,44404.8,229
46705,44406,229
46706,44407.2,229
46707,44408.4,229
46708,44409.6,229
46709,44410.8,229
46710,44412,229
46711,44413.2,229
46712,44414.4,229
46713,44415.6,229
46714,44416.8,229
46715,44418,229
46716,44419.2,229
46717,44420.4,229
46718,44421.6,229
46719,44422.8,229
46720,44424,229
46721,44425.35,229.1
46722,44426.7,229.2
46723,44428.05,229.3
46724,44429.4,229.4
46725,44430.75,229.5
46726,44432.1,229.6
46727,44433.45,229.7
46728,44434.8,229.8
46729,44436.15,229.9
46730,44437.5,230
46731,44438.85,230.1
46732,44440.2,230.2
46733,44441.55,230.3
46734,44442.9,230.4
46735,44444.25,230.5
46736,44445.6,230.6
46737,44446.95,230.7
46738,44448.3,230.8
46739,44449.65,230.9
46740,44451,231
46741,44452.4,231.15
46742,44453.8,231.3
46743,44455.2,231.45
46744,44456.6,231.6
46745,44458,231.75
46746,44459.4,231.9
46747,44460.8,232.05
46748,44462.2,232.2
46749,44463.6,232.35
46750,44465,232.5
46751,44466.4,232.65
46752,44467.8,232.8
46753,44469.2,232.95
46754,44470.6,233.1
46755,44472,233.25
46756,44473.4,233.4
46757,44474.8,233.55
46758,44476.2,233.7
46759,44477.6,233.85
46760,44479,234
46761,44480.45,234.15
46762,44481.9,234.3
46763,44483.35,234.45
46764,44484.8,234.6
46765,44486.25,234.75
46766,44487.7,234.9
46767,44489.15,235.05
46768,44490.6,235.2
46769,44492.05,235.35
46770,44493.5,235.5
46771,44494.95,235.65
46772,44496.4,235.8
46773,44497.85,235.95
46774,44499.3,236.1
46775,44500.75,236.25
46776,44502.2,236.4
46777,44503.65,236.55
46778,44505.1,236.7
46779,44506.55,236.85
46780,44508,237
46781,44509.5,237.25
46782,44511,237.5
46783,44512.5,237.75
46784,44514,238
46785,44515.5,238.25
46786,44517,238.5
46787,44518.5,238.75
46788,44520,239
46789,44521.5,239.25
46790,44523,239.5
46791,44524.5,239.75
46792,44526,240
46793,44527.5,240.25
46794,44529,240.5
46795,44530.5,240.75
46796,44532,241
46797,44533.5,241.25
46798,44535,241.5
46799,44536.5,241.75
46800,44538,242
46801,44539.5,242.2
46802,44541,242.4
46803,44542.5,242.6
46804,44544,242.8
46805,44545.5,243
46806,44547,243.2
46807,44548.5,243.4
46808,44550,243.6
46809,44551.5,243.8
46810,44553,244
46811,44554.5,244.2
46812,44556,244.4
46813,44557.5,244.6
46814,44559,244.8
46815,44560.5,245
46816,44562,245.2
46817,44563.5,245.4
46818,44565,245.6
46819,44566.5,245.8
46820,44568,246
46821,44569.55,246.25
46822,44571.1,246.5
46823,44572.65,246.75
46824,44574.2,247
46825,44575.75,247.25
46826,44577.3,247.5
46827,44578.85,247.75
46828,44580.4,248
46829,44581.95,248.25
46830,44583.5,248.5
46831,44585.05,248.75
46832,44586.6,249
46833,44588.15,249.25
46834,44589.7,249.5
46835,44591.25,249.75
46836,44592.8,250
46837,44594.35,250.25
46838,44595.9,250.5
46839,44597.45,250.75
46840,44599,251
46841,44600.55,251.15
46842,44602.1,251.3
46843,44603.65,251.45
46844,44605.2,251.6
46845,44606.75,251.75
46846,44608.3,251.9
46847,44609.85,252.05
46848,44611.4,252.2
46849,44612.95,252.35
46850,44614.5,252.5
46851,44616.05,252.65
46852,44617.6,252.8
46853,44619.15,252.95
46854,44620.7,253.1
46855,44622.25,253.25
46856,44623.8,253.4
46857,44625.35,253.55
46858,44626.9,253.7
46859,44628.45,253.85
46860,44630,254
46861,44631.55,254.1
46862,44633.1,254.2
46863,44634.65,254.3
46864,44636.2,254.4
46865,44637.75,254.5
46866,44639.3,254.6
46867,44640.85,254.7
46868,44642.4,254.8
46869,44643.95,254.9
46870,44645.5,255
46871,44647.05,255.1
46872,44648.6,255.2
46873,44650.15,255.3
46874,44651.7,255.4
46875,44653.25,255.5
46876,44654.8,255.6
46877,44656.35,255.7
46878,44657.9,255.8
46879,44659.45,255.9
46880,44661,256
46881,44662.45,256.05
46882,44663.9,256.1
46883,44665.35,256.15
46884,44666.8,256.2
46885,44668.25,256.25
46886,44669.7,256.3
46887,44671.15,256.35
46888,44672.6,256.4
46889,44674.05,256.45
46890,44675.5,256.5
46891,44676.95,256.55
46892,44678.4,256.6
46893,44679.85,256.65
46894,44681.3,256.7
46895,44682.75,256.75
46896,44684.2,256.8
46897,44685.65,256.85
46898,44687.1,256.9
46899,44688.55,256.95
46900,44690,257
46901,44691.45,257.15
46902,44692.9,257.3
46903,44694.35,257.45
46904,44695.8,257.6
46905,44697.25,257.75
46906,44698.7,257.9
46907,44700.15,258.05
46908,44701.6,258.2
46909,44703.05,258.35
46910,44704.5,258.5
46911,44705.95,258.65
46912,44707.4,258.8
46913,44708.85,258.95
46914,44710.3,259.1
46915,44711.75,259.25
46916,44713.2,259.4
46917,44714.65,259.55
46918,44716.1,259.7
46919,44717.55,259.85
46920,44719,260
46921,44720.4,260.05
46922,44721.8,260.1
46923,44723.2,260.15
46924,44724.6,260.2
46925,44726,260.25
46926,44727.4,260.3
46927,44728.8,260.35
46928,44730.2,260.4
46929,44731.6,260.45
46930,44733,260.5
46931,44734.4,260.55
46932,44735.8,260.6
46933,44737.2,260.65
46934,44738.6,260.7
46935,44740,260.75
46936,44741.4,260.8
46937,44742.8,260.85
46938,44744.2,260.9
46939,44745.6,260.95
46940,44747,261
46941,44748.3,261.25
46942,44749.6,261.5
46943,44750.9,261.75
46944,44752.2,262
46945,44753.5,262.25
46946,44754.8,262.5
46947,44756.1,262.75
46948,44757.4,263
46949,44758.7,263.25
46950,44760,263.5
46951,44761.3,263.75
46952,44762.6,264
46953,44763.9,264.25
46954,44765.2,264.5
46955,44766.5,264.75
46956,44767.8,265
46957,44769.1,265.25
46958,44770.4,265.5
46959,44771.7,265.75
46960,44773,266
46961,44774.3,266.2
46962,44775.6,266.4
46963,44776.9,266.6
46964,44778.2,266.8
46965,44779.5,267
46966,44780.8,267.2
46967,44782.1,267.4
46968,44783.4,267.6
46969,44784.7,267.8
46970,44786,268
46971,44787.3,268.2
46972,44788.6,268.4
46973,44789.9,268.6
46974,44791.2,268.8
46975,44792.5,269
46976,44793.8,269.2
46977,44795.1,269.4
46978,44796.4,269.6
46979,44797.7,269.8
46980,44799,270
46981,44800.15,270.3
46982,44801.3,270.6
46983,44802.45,270.9
46984,44803.6,271.2
46985,44804.75,271.5
46986,44805.9,271.8
46987,44807.05,272.1
46988,44808.2,272.4
46989,44809.35,272.7
46990,44810.5,273
46991,44811.65,273.3
46992,44812.8,273.6
46993,44813.95,273.9
46994,44815.1,274.2
46995,44816.25,274.5
46996,44817.4,274.8
46997,44818.55,275.1
46998,44819.7,275.4
46999,44820.85,275.7
47000,44822,276
47001,44823.1,276.35
47002,44824.2,276.7
47003,44825.3,277.05
47004,44826.4,277.4
47005,44827.5,277.75
47006,44828.6,278.1
47007,44829.7,278.45
47008,44830.8,278.8
47009,44831.9,279.15
47010,44833,279.5
47011,44834.1,279.85
47012,44835.2,280.2
47013,44836.3,280.55
47014,44837.4,280.9
47015,44838.5,281.25
47016,44839.6,281.6
47017,44840.7,281.95
47018,44841.8,282.3
47019,44842.9,282.65
47020,44844,283
47021,44845,283.2
47022,44846,283.4
47023,44847,283.6
47024,44848,283.8
47025,44849,284
47026,44850,284.2
47027,44851,284.4
47028,44852,284.6
47029,44853,284.8
47030,44854,285
47031,44855,285.2
47032,44856,285.4
47033,44857,285.6
47034,44858,285.8
47035,44859,286
47036,44860,286.2
47037,44861,286.4
47038,44862,286.6
47039,44863,286.8
47040,44864,287
47041,44864.85,287.2
47042,44865.7,287.4
47043,44866.55,287.6
47044,44867.4,287.8
47045,44868.25,288
47046,44869.1,288.2
47047,44869.95,288.4
47048,44870.8,288.6
47049,44871.65,288.8
47050,44872.5,289
47051,44873.35,289.2
47052,44874.2,289.4
47053,44875.05,289.6
47054,44875.9,289.8
47055,44876.75,290
47056,44877.6,290.2
47057,44878.45,290.4
47058,44879.3,290.6
47059,44880.15,290.8
47060,44881,291
47061,44881.75,291.15
47062,44882.5,291.3
47063,44883.25,291.45
47064,44884,291.6
47065,44884.75,291.75
47066,44885.5,291.9
47067,44886.25,292.05
47068,44887,292.2
47069,44887.75,292.35
47070,44888.5,292.5
47071,44889.25,292.65
47072,44890,292.8
47073,44890.75,292.95
47074,44891.5,293.1
47075,44892.25,293.25
47076,44893,293.4
47077,44893.75,293.55
47078,44894.5,293.7
47079,44895.25,293.85
47080,44896,294
47081,44896.7,294.15
47082,44897.4,294.3
47083,44898.1,294.45
47084,44898.8,294.6
47085,44899.5,294.75
47086,44900.2,294.9
47087,44900.9,295.05
47088,44901.6,295.2
47089,44902.3,295.35
47090,44903,295.5
47091,44903.7,295.65
47092,44904.4,295.8
47093,44905.1,295.95
47094,44905.8,296.1
47095,44906.5,296.25
47096,44907.2,296.4
47097,44907.9,296.55
47098,44908.6,296.7
47099,44909.3,296.85
47100,44910,297
47101,44910.5,297.15
47102,44911,297.3
47103,44911.5,297.45
47104,44912,297.6
47105,44912.5,297.75
47106,44913,297.9
47107,44913.5,298.05
47108,44914,298.2
47109,44914.5,298.35
47110,44915,298.5
47111,44915.5,298.65
47112,44916,298.8
47113,44916.5,298.95
47114,44917,299.1
47115,44917.5,299.25
47116,44918,299.4
47117,44918.5,299.55
47118,44919,299.7
47119,44919.5,299.85
47120,44920,300
47121,44920.5,300.2
47122,44921,300.4
47123,44921.5,300.6
47124,44922,300.8
47125,44922.5,301
47126,44923,301.2
47127,44923.5,301.4
47128,44924,301.6
47129,44924.5,301.8
47130,44925,302
47131,44925.5,302.2
47132,44926,302.4
47133,44926.5,302.6
47134,44927,302.8
47135,44927.5,303
47136,44928,303.2
47137,44928.5,303.4
47138,44929,303.6
47139,44929.5,303.8
47140,44930,304
47141,44930.5,304.2
47142,44931,304.4
47143,44931.5,304.6
47144,44932,304.8
47145,44932.5,305
47146,44933,305.2
47147,44933.5,305.4
47148,44934,305.6
47149,44934.5,305.8
47150,44935,306
47151,44935.5,306.2
47152,44936,306.4
47153,44936.5,306.6
47154,44937,306.8
47155,44937.5,307
47156,44938,307.2
47157,44938.5,307.4
47158,44939,307.6
47159,44939.5,307.8
47160,44940,308
47161,44940.4,308.2
47162,44940.8,308.4
47163,44941.2,308.6
47164,44941.6,308.8
47165,44942,309
47166,44942.4,309.2
47167,44942.8,309.4
47168,44943.2,309.6
47169,44943.6,309.8
47170,44944,310
47171,44944.4,310.2
47172,44944.8,310.4
47173,44945.2,310.6
47174,44945.6,310.8
47175,44946,311
47176,44946.4,311.2
47177,44946.8,311.4
47178,44947.2,311.6
47179,44947.6,311.8
47180,44948,312
47181,44948.45,312.3
47182,44948.9,312.6
47183,44949.35,312.9
47184,44949.8,313.2
47185,44950.25,313.5
47186,44950.7,313.8
47187,44951.15,314.1
47188,44951.6,314.4
47189,44952.05,314.7
47190,44952.5,315
47191,44952.95,315.3
47192,44953.4,315.6
47193,44953.85,315.9
47194,44954.3,316.2
47195,44954.75,316.5
47196,44955.2,316.8
47197,44955.65,317.1
47198,44956.1,317.4
47199,44956.55,317.7
47200,44957,318
47201,44957.4,318.2
47202,44957.8,318.4
47203,44958.2,318.6
47204,44958.6,318.8
47205,44959,319
47206,44959.4,319.2
47207,44959.8,319.4
47208,44960.2,319.6
47209,44960.6,319.8
47210,44961,320
47211,44961.4,320.2
47212,44961.8,320.4
47213,44962.2,320.6
47214,44962.6,320.8
47215,44963,321
47216,44963.4,321.2
47217,44963.8,321.4
47218,44964.2,321.6
47219,44964.6,321.8
47220,44965,322
47221,44965.5,322.15
47222,44966,322.3
47223,44966.5,322.45
47224,44967,322.6
47225,44967.5,322.75
47226,44968,322.9
47227,44968.5,323.05
47228,44969,323.2
47229,44969.5,323.35
47230,44970,323.5
47231,44970.5,323.65
47232,44971,323.8
47233,44971.5,323.95
47234,44972,324.1
47235,44972.5,324.25
47236,44973,324.4
47237,44973.5,324.55
47238,44974,324.7
47239,44974.5,324.85
47240,44975,325
47241,44975.45,325
47242,44975.9,325
47243,44976.35,325
47244,44976.8,325
47245,44977.25,325
47246,44977.7,325
47247,44978.15,325
47248,44978.6,325
47249,44979.05,325
47250,44979.5,325
47251,44979.95,325
47252,44980.4,325
47253,44980.85,325
47254,44981.3,325
47255,44981.75,325
47256,44982.2,325
47257,44982.65,325
47258,44983.1,325
47259,44983.55,325
47260,44984,325
47261,44984.5,325.05
47262,44985,325.1
47263,44985.5,325.15
47264,44986,325.2
47265,44986.5,325.25
47266,44987,325.3
47267,44987.5,325.35
47268,44988,325.4
47269,44988.5,325.45
47270,44989,325.5
47271,44989.5,325.55
47272,44990,325.6
47273,44990.5,325.65
47274,44991,325.7
47275,44991.5,325.75
47276,44992,325.8
47277,44992.5,325.85
47278,44993,325.9
47279,44993.5,325.95
47280,44994,326
47281,44994.55,326
47282,44995.1,326
47283,44995.65,326
47284,44996.2,326
47285,44996.75,326
47286,44997.3,326
47287,44997.85,326
47288,44998.4,326
47289,44998.95,326
47290,44999.5,326
47291,45000.05,326
47292,45000.6,326
47293,45001.15,326
47294,45001.7,326
47295,45002.25,326
47296,45002.8,326
47297,45003.35,326
47298,45003.9,326
47299,45004.45,326
47300,45005,326
47301,45005.55,325.95
47302,45006.1,325.9
47303,45006.65,325.85
47304,45007.2,325.8
47305,45007.75,325.75
47306,45008.3,325.7
47307,45008.85,325.65
47308,45009.4,325.6
47309,45009.95,325.55
47310,45010.5,325.5
47311,45011.05,325.45
47312,45011.6,325.4
47313,45012.15,325.35
47314,45012.7,325.3
47315,45013.25,325.25
47316,45013.8,325.2
47317,45014.35,325.15
47318,45014.9,325.1
47319,45015.45,325.05
47320,45016,325
47321,45016.65,325
47322,45017.3,325
47323,45017.95,325
47324,45018.6,325
47325,45019.25,325
47326,45019.9,325
47327,45020.55,325
47328,45021.2,325
47329,45021.85,325
47330,45022.5,325
47331,45023.15,325
47332,45023.8,325
47333,45024.45,325
47334,45025.1,325
47335,45025.75,325
47336,45026.4,325
47337,45027.05,325
47338,45027.7,325
47339,45028.35,325
47340,45029,325
47341,45029.55,324.95
47342,45030.1,324.9
47343,45030.65,324.85
47344,45031.2,324.8
47345,45031.75,324.75
47346,45032.3,324.7
47347,45032.85,324.65
47348,45033.4,324.6
47349,45033.95,324.55
47350,45034.5,324.5
47351,45035.05,324.45
47352,45035.6,324.4
47353,45036.15,324.35
47354,45036.7,324.3
47355,45037.25,324.25
47356,45037.8,324.2
47357,45038.35,324.15
47358,45038.9,324.1
47359,45039.45,324.05
47360,45040,324
47361,45040.6,324.05
47362,45041.2,324.1
47363,45041.8,324.15
47364,45042.4,324.2
47365,45043,324.25
47366,45043.6,324.3
47367,45044.2,324.35
47368,45044.8,324.4
47369,45045.4,324.45
47370,45046,324.5
47371,45046.6,324.55
47372,45047.2,324.6
47373,45047.8,324.65
47374,45048.4,324.7
47375,45049,324.75
47376,45049.6,324.8
47377,45050.2,324.85
47378,45050.8,324.9
47379,45051.4,324.95
47380,45052,325
47381,45052.65,325
47382,45053.3,325
47383,45053.95,325
47384,45054.6,325
47385,45055.25,325
47386,45055.9,325
47387,45056.55,325
47388,45057.2,325
47389,45057.85,325
47390,45058.5,325
47391,45059.15,325
47392,45059.8,325
47393,45060.45,325
47394,45061.1,325
47395,45061.75,325
47396,45062.4,325
47397,45063.05,325
47398,45063.7,325
47399,45064.35,325
47400,45065,325
47401,45065.65,325.1
47402,45066.3,325.2
47403,45066.95,325.3
47404,45067.6,325.4
47405,45068.25,325.5
47406,45068.9,325.6
47407,45069.55,325.7
47408,45070.2,325.8
47409,45070.85,325.9
47410,45071.5,326
47411,45072.15,326.1
47412,45072.8,326.2
47413,45073.45,326.3
47414,45074.1,326.4
47415,45074.75,326.5
47416,45075.4,326.6
47417,45076.05,326.7
47418,45076.7,326.8
47419,45077.35,326.9
47420,45078,327
47421,45078.6,327.15
47422,45079.2,327.3
47423,45079.8,327.45
47424,45080.4,327.6
47425,45081,327.75
47426,45081.6,327.9
47427,45082.2,328.05
47428,45082.8,328.2
47429,45083.4,328.35
47430,45084,328.5
47431,45084.6,328.65
47432,45085.2,328.8
47433,45085.8,328.95
47434,45086.4,329.1
47435,45087,329.25
47436,45087.6,329.4
47437,45088.2,329.55
47438,45088.8,329.7
47439,45089.4,329.85
47440,45090,330
47441,45090.65,330.2
47442,45091.3,330.4
47443,45091.95,330.6
47444,45092.6,330.8
47445,45093.25,331
47446,45093.9,331.2
47447,45094.55,331.4
47448,45095.2,331.6
47449,45095.85,331.8
47450,45096.5,332
47451,45097.15,332.2
47452,45097.8,332.4
47453,45098.45,332.6
47454,45099.1,332.8
47455,45099.75,333
47456,45100.4,333.2
47457,45101.05,333.4
47458,45101.7,333.6
47459,45102.35,333.8
47460,45103,334
47461,45103.75,334.1
47462,45104.5,334.2
47463,45105.25,334.3
47464,45106,334.4
47465,45106.75,334.5
47466,45107.5,334.6
47467,45108.25,334.7
47468,45109,334.8
47469,45109.75,334.9
47470,45110.5,335
47471,45111.25,335.1
47472,45112,335.2
47473,45112.75,335.3
47474,45113.5,335.4
47475,45114.25,335.5
47476,45115,335.6
47477,45115.75,335.7
47478,45116.5,335.8
47479,45117.25,335.9
47480,45118,336
47481,45118.65,336.2
47482,45119.3,336.4
47483,45119.95,336.6
47484,45120.6,336.8
47485,45121.25,337
47486,45121.9,337.2
47487,45122.55,337.4
47488,45123.2,337.6
47489,45123.85,337.8
47490,45124.5,338
47491,45125.15,338.2
47492,45125.8,338.4
47493,45126.45,338.6
47494,45127.1,338.8
47495,45127.75,339
47496,45128.4,339.2
47497,45129.05,339.4
47498,45129.7,339.6
47499,45130.35,339.8
47500,45131,340
47501,45131.7,340
47502,45132.4,340
47503,45133.1,340
47504,45133.8,340
47505,45134.5,340
47506,45135.2,340
47507,45135.9,340
47508,45136.6,340
47509,45137.3,340
47510,45138,340
47511,45138.7,340
47512,45139.4,340
47513,45140.1,340
47514,45140.8,340
47515,45141.5,340
47516,45142.2,340
47517,45142.9,340
47518,45143.6,340
47519,45144.3,340
47520,45145,340
47521,45145.65,340.1
47522,45146.3,340.2
47523,45146.95,340.3
47524,45147.6,340.4
47525,45148.25,340.5
47526,45148.9,340.6
47527,45149.55,340.7
47528,45150.2,340.8
47529,45150.85,340.9
47530,45151.5,341
47531,45152.15,341.1
47532,45152.8,341.2
47533,45153.45,341.3
47534,45154.1,341.4
47535,45154.75,341.5
47536,45155.4,341.6
47537,45156.05,341.7
47538,45156.7,341.8
47539,45157.35,341.9
47540,45158,342
47541,45158.75,342
47542,45159.5,342
47543,45160.25,342
47544,45161,342
47545,45161.75,342
47546,45162.5,342
47547,45163.25,342
47548,45164,342
47549,45164.75,342
47550,45165.5,342
47551,45166.25,342
47552,45167,342
47553,45167.75,342
47554,45168.5,342
47555,45169.25,342
47556,45170,342
47557,45170.75,342
47558,45171.5,342
47559,45172.25,342
47560,45173,342
47561,45173.7,341.95
47562,45174.4,341.9
47563,45175.1,341.85
47564,45175.8,341.8
47565,45176.5,341.75
47566,45177.2,341.7
47567,45177.9,341.65
47568,45178.6,341.6
47569,45179.3,341.55
47570,45180,341.5
47571,45180.7,341.45
47572,45181.4,341.4
47573,45182.1,341.35
47574,45182.8,341.3
47575,45183.5,341.25
47576,45184.2,341.2
47577,45184.9,341.15
47578,45185.6,341.1
47579,45186.3,341.05
47580,45187,341
47581,45187.7,340.95
47582,45188.4,340.9
47583,45189.1,340.85
47584,45189.8,340.8
47585,45190.5,340.75
47586,45191.2,340.7
47587,45191.9,340.65
47588,45192.6,340.6
47589,45193.3,340.55
47590,45194,340.5
47591,45194.7,340.45
47592,45195.4,340.4
47593,45196.1,340.35
47594,45196.8,340.3
47595,45197.5,340.25
47596,45198.2,340.2
47597,45198.9,340.15
47598,45199.6,340.1
47599,45200.3,340.05
47600,45201,340
47601,45201.75,340
47602,45202.5,340
47603,45203.25,340
47604,45204,340
47605,45204.75,340
47606,45205.5,340
47607,45206.25,340
47608,45207,340
47609,45207.75,340
47610,45208.5,340
47611,45209.25,340
47612,45210,340
47613,45210.75,340
47614,45211.5,340
47615,45212.25,340
47616,45213,340
47617,45213.75,340
47618,45214.5,340
47619,45215.25,340
47620,45216,340
47621,45216.7,340.05
47622,45217.4,340.1
47623,45218.1,340.15
47624,45218.8,340.2
47625,45219.5,340.25
47626,45220.2,340.3
47627,45220.9,340.35
47628,45221.6,340.4
47629,45222.3,340.45
47630,45223,340.5
47631,45223.7,340.55
47632,45224.4,340.6
47633,45225.1,340.65
47634,45225.8,340.7
47635,45226.5,340.75
47636,45227.2,340.8
47637,45227.9,340.85
47638,45228.6,340.9
47639,45229.3,340.95
47640,45230,341
47641,45230.85,341.05
47642,45231.7,341.1
47643,45232.55,341.15
47644,45233.4,341.2
47645,45234.25,341.25
47646,45235.1,341.3
47647,45235.95,341.35
47648,45236.8,341.4
47649,45237.65,341.45
47650,45238.5,341.5
47651,45239.35,341.55
47652,45240.2,341.6
47653,45241.05,341.65
47654,45241.9,341.7
47655,45242.75,341.75
47656,45243.6,341.8
47657,45244.45,341.85
47658,45245.3,341.9
47659,45246.15,341.95
47660,45247,342
47661,45247.8,342.15
47662,45248.6,342.3
47663,45249.4,342.45
47664,45250.2,342.6
47665,45251,342.75
47666,45251.8,342.9
47667,45252.6,343.05
47668,45253.4,343.2
47669,45254.2,343.35
47670,45255,343.5
47671,45255.8,343.65
47672,45256.6,343.8
47673,45257.4,343.95
47674,45258.2,344.1
47675,45259,344.25
47676,45259.8,344.4
47677,45260.6,344.55
47678,45261.4,344.7
47679,45262.2,344.85
47680,45263,345
47681,45263.9,345.1
47682,45264.8,345.2
47683,45265.7,345.3
47684,45266.6,345.4
47685,45267.5,345.5
47686,45268.4,345.6
47687,45269.3,345.7
47688,45270.2,345.8
47689,45271.1,345.9
47690,45272,346
47691,45272.9,346.1
47692,45273.8,346.2
47693,45274.7,346.3
47694,45275.6,346.4
47695,45276.5,346.5
47696,45277.4,346.6
47697,45278.3,346.7
47698,45279.2,346.8
47699,45280.1,346.9
47700,45281,347
47701,45281.95,347.15
47702,45282.9,347.3
47703,45283.85,347.45
47704,45284.8,347.6
47705,45285.75,347.75
47706,45286.7,347.9
47707,45287.65,348.05
47708,45288.6,348.2
47709,45289.55,348.35
47710,45290.5,348.5
47711,45291.45,348.65
47712,45292.4,348.8
47713,45293.35,348.95
47714,45294.3,349.1
47715,45295.25,349.25
47716,45296.2,349.4
47717,45297.15,349.55
47718,45298.1,349.7
47719,45299.05,349.85
47720,45300,350
47721,45301.05,350.05
47722,45302.1,350.1
47723,45303.15,350.15
47724,45304.2,350.2
47725,45305.25,350.25
47726,45306.3,350.3
47727,45307.35,350.35
47728,45308.4,350.4
47729,45309.45,350.45
47730,45310.5,350.5
47731,45311.55,350.55
47732,45312.6,350.6
47733,45313.65,350.65
47734,45314.7,350.7
47735,45315.75,350.75
47736,45316.8,350.8
47737,45317.85,350.85
47738,45318.9,350.9
47739,45319.95,350.95
47740,45321,351
47741,45322.05,351.05
47742,45323.1,351.1
47743,45324.15,351.15
47744,45325.2,351.2
47745,45326.25,351.25
47746,45327.3,351.3
47747,45328.35,351.35
47748,45329.4,351.4
47749,45330.45,351.45
47750,45331.5,351.5
47751,45332.55,351.55
47752,45333.6,351.6
47753,45334.65,351.65
47754,45335.7,351.7
47755,45336.75,351.75
47756,45337.8,351.8
47757,45338.85,351.85
47758,45339.9,351.9
47759,45340.95,351.95
47760,45342,352
47761,45343,351.95
47762,45344,351.9
47763,45345,351.85
47764,45346,351.8
47765,45347,351.75
47766,45348,351.7
47767,45349,351.65
47768,45350,351.6
47769,45351,351.55
47770,45352,351.5
47771,45353,351.45
47772,45354,351.4
47773,45355,351.35
47774,45356,351.3
47775,45357,351.25
47776,45358,351.2
47777,45359,351.15
47778,45360,351.1
47779,45361,351.05
47780,45362,351
47781,45363.2,351
47782,45364.4,351
47783,45365.6,351
47784,45366.8,351
47785,45368,351
47786,45369.2,351
47787,45370.4,351
47788,45371.6,351
47789,45372.8,351
47790,45374,351
47791,45375.2,351
47792,45376.4,351
47793,45377.6,351
47794,45378.8,351
47795,45380,351
47796,45381.2,351
47797,45382.4,351
47798,45383.6,351
47799,45384.8,351
47800,45386,351
47801,45387.25,351
47802,45388.5,351
47803,45389.75,351
47804,45391,351
47805,45392.25,351
47806,45393.5,351
47807,45394.75,351
47808,45396,351
47809,45397.25,351
47810,45398.5,351
47811,45399.75,351
47812,45401,351
47813,45402.25,351
47814,45403.5,351
47815,45404.75,351
47816,45406,351
47817,45407.25,351
47818,45408.5,351
47819,45409.75,351
47820,45411,351
47821,45412.2,351
47822,45413.4,351
47823,45414.6,351
47824,45415.8,351
47825,45417,351
47826,45418.2,351
47827,45419.4,351
47828,45420.6,351
47829,45421.8,351
47830,45423,351
47831,45424.2,351
47832,45425.4,351
47833,45426.6,351
47834,45427.8,351
47835,45429,351
47836,45430.2,351
47837,45431.4,351
47838,45432.6,351
47839,45433.8,351
47840,45435,351
47841,45436.3,351.1
47842,45437.6,351.2
47843,45438.9,351.3
47844,45440.2,351.4
47845,45441.5,351.5
47846,45442.8,351.6
47847,45444.1,351.7
47848,45445.4,351.8
47849,45446.7,351.9
47850,45448,352
47851,45449.3,352.1
47852,45450.6,352.2
47853,45451.9,352.3
47854,45453.2,352.4
47855,45454.5,352.5
47856,45455.8,352.6
47857,45457.1,352.7
47858,45458.4,352.8
47859,45459.7,352.9
47860,45461,353
47861,45462.3,353.1
47862,45463.6,353.2
47863,45464.9,353.3
47864,45466.2,353.4
47865,45467.5,353.5
47866,45468.8,353.6
47867,45470.1,353.7
47868,45471.4,353.8
47869,45472.7,353.9
47870,45474,354
47871,45475.3,354.1
47872,45476.6,354.2
47873,45477.9,354.3
47874,45479.2,354.4
47875,45480.5,354.5
47876,45481.8,354.6
47877,45483.1,354.7
47878,45484.4,354.8
47879,45485.7,354.9
47880,45487,355
47881,45488.35,355.15
47882,45489.7,355.3
47883,45491.05,355.45
47884,45492.4,355.6
47885,45493.75,355.75
47886,45495.1,355.9
47887,45496.45,356.05
47888,45497.8,356.2
47889,45499.15,356.35
47890,45500.5,356.5
47891,45501.85,356.65
47892,45503.2,356.8
47893,45504.55,356.95
47894,45505.9,357.1
47895,45507.25,357.25
47896,45508.6,357.4
47897,45509.95,357.55
47898,45511.3,357.7
47899,45512.65,357.85
47900,45514,358
47901,45515.35,358.25
47902,45516.7,358.5
47903,45518.05,358.75
47904,45519.4,359
47905,45520.75,359.25
47906,45522.1,359.5
47907,45523.45,359.75
47908,45524.8,360
47909,45526.15,360.25
47910,45527.5,360.5
47911,45528.85,360.75
47912,45530.2,361
47913,45531.55,361.25
47914,45532.9,361.5
47915,45534.25,361.75
47916,45535.6,362
47917,45536.95,362.25
47918,45538.3,362.5
47919,45539.65,362.75
47920,45541,363
47921,45542.35,363.25
47922,45543.7,363.5
47923,45545.05,363.75
47924,45546.4,364
47925,45547.75,364.25
47926,45549.1,364.5
47927,45550.45,364.75
47928,45551.8,365
47929,45553.15,365.25
47930,45554.5,365.5
47931,45555.85,365.75
47932,45557.2,366
47933,45558.55,366.25
47934,45559.9,366.5
47935,45561.25,366.75
47936,45562.6,367
47937,45563.95,367.25
47938,45565.3,367.5
47939,45566.65,367.75
47940,45568,368
47941,45569.3,368.25
47942,45570.6,368.5
47943,45571.9,368.75
47944,45573.2,369
47945,45574.5,369.25
47946,45575.8,369.5
47947,45577.1,369.75
47948,45578.4,370
47949,45579.7,370.25
47950,45581,370.5
47951,45582.3,370.75
47952,45583.6,371
47953,45584.9,371.25
47954,45586.2,371.5
47955,45587.5,371.75
47956,45588.8,372
47957,45590.1,372.25
47958,45591.4,372.5
47959,45592.7,372.75
47960,45594,373
47961,45595.45,373.3
47962,45596.9,373.6
47963,45598.35,373.9
47964,45599.8,374.2
47965,45601.25,374.5
47966,45602.7,374.8
47967,45604.15,375.1
47968,45605.6,375.4
47969,45607.05,375.7
47970,45608.5,376
47971,45609.95,376.3
47972,45611.4,376.6
47973,45612.85,376.9
47974,45614.3,377.2
47975,45615.75,377.5
47976,45617.2,377.8
47977,45618.65,378.1
47978,45620.1,378.4
47979,45621.55,378.7
47980,45623,379
47981,45624.35,379.2
47982,45625.7,379.4
47983,45627.05,379.6
47984,45628.4,379.8
47985,45629.75,380
47986,45631.1,380.2
47987,45632.45,380.4
47988,45633.8,380.6
47989,45635.15,380.8
47990,45636.5,381
47991,45637.85,381.2
47992,45639.2,381.4
47993,45640.55,381.6
47994,45641.9,381.8
47995,45643.25,382
47996,45644.6,382.2
47997,45645.95,382.4
47998,45647.3,382.6
47999,45648.65,382.8
48000,45650,383
48001,45651.35,383.15
48002,45652.7,383.3
48003,45654.05,383.45
48004,45655.4,383.6
48005,45656.75,383.75
48006,45658.1,383.9
48007,45659.45,384.05
48008,45660.8,384.2
48009,45662.15,384.35
48010,45663.5,384.5
48011,45664.85,384.65
48012,45666.2,384.8
48013,45667.55,384.95
48014,45668.9,385.1
48015,45670.25,385.25
48016,45671.6,385.4
48017,45672.95,385.55
48018,45674.3,385.7
48019,45675.65,385.85
48020,45677,386
48021,45678.35,386.1
48022,45679.7,386.2
48023,45681.05,386.3
48024,45682.4,386.4
48025,45683.75,386.5
48026,45685.1,386.6
48027,45686.45,386.7
48028,45687.8,386.8
48029,45689.15,386.9
48030,45690.5,387
48031,45691.85,387.1
48032,45693.2,387.2
48033,45694.55,387.3
48034,45695.9,387.4
48035,45697.25,387.5
48036,45698.6,387.6
48037,45699.95,387.7
48038,45701.3,387.8
48039,45702.65,387.9
48040,45704,388
48041,45705.35,388
48042,45706.7,388
48043,45708.05,388
48044,45709.4,388
48045,45710.75,388
48046,45712.1,388
48047,45713.45,388
48048,45714.8,388
48049,45716.15,388
48050,45717.5,388
48051,45718.85,388
48052,45720.2,388
48053,45721.55,388
48054,45722.9,388
48055,45724.25,388
48056,45725.6,388
48057,45726.95,388
48058,45728.3,388
48059,45729.65,388
48060,45731,388
48061,45732.3,387.9
48062,45733.6,387.8
48063,45734.9,387.7
48064,45736.2,387.6
48065,45737.5,387.5
48066,45738.8,387.4
48067,45740.1,387.3
48068,45741.4,387.2
48069,45742.7,387.1
48070,45744,387
48071,45745.3,386.9
48072,45746.6,386.8
48073,45747.9,386.7
48074,45749.2,386.6
48075,45750.5,386.5
48076,45751.8,386.4
48077,45753.1,386.3
48078,45754.4,386.2
48079,45755.7,386.1
48080,45757,386
48081,45758.25,385.8
48082,45759.5,385.6
48083,45760.75,385.4
48084,45762,385.2
48085,45763.25,385
48086,45764.5,384.8
48087,45765.75,384.6
48088,45767,384.4
48089,45768.25,384.2
48090,45769.5,384
48091,45770.75,383.8
48092,45772,383.6
48093,45773.25,383.4
48094,45774.5,383.2
48095,45775.75,383
48096,45777,382.8
48097,45778.25,382.6
48098,45779.5,382.4
48099,45780.75,382.2
48100,45782,382
48101,45783.35,381.8
48102,45784.7,381.6
48103,45786.05,381.4
48104,45787.4,381.2
48105,45788.75,381
48106,45790.1,380.8
48107,45791.45,380.6
48108,45792.8,380.4
48109,45794.15,380.2
48110,45795.5,380
48111,45796.85,379.8
48112,45798.2,379.6
48113,45799.55,379.4
48114,45800.9,379.2
48115,45802.25,379
48116,45803.6,378.8
48117,45804.95,378.6
48118,45806.3,378.4
48119,45807.65,378.2
48120,45809,378
48121,45810.2,377.75
48122,45811.4,377.5
48123,45812.6,377.25
48124,45813.8,377
48125,45815,376.75
48126,45816.2,376.5
48127,45817.4,376.25
48128,45818.6,376
48129,45819.8,375.75
48130,45821,375.5
48131,45822.2,375.25
48132,45823.4,375
48133,45824.6,374.75
48134,45825.8,374.5
48135,45827,374.25
48136,45828.2,374
48137,45829.4,373.75
48138,45830.6,373.5
48139,45831.8,373.25
48140,45833,373
48141,45834.2,372.8
48142,45835.4,372.6
48143,45836.6,372.4
48144,45837.8,372.2
48145,45839,372
48146,45840.2,371.8
48147,45841.4,371.6
48148,45842.6,371.4
48149,45843.8,371.2
48150,45845,371
48151,45846.2,370.8
48152,45847.4,370.6
48153,45848.6,370.4
48154,45849.8,370.2
48155,45851,370
48156,45852.2,369.8
48157,45853.4,369.6
48158,45854.6,369.4
48159,45855.8,369.2
48160,45857,369
48161,45858.3,368.75
48162,45859.6,368.5
48163,45860.9,368.25
48164,45862.2,368
48165,45863.5,367.75
48166,45864.8,367.5
48167,45866.1,367.25
48168,45867.4,367
48169,45868.7,366.75
48170,45870,366.5
48171,45871.3,366.25
48172,45872.6,366
48173,45873.9,365.75
48174,45875.2,365.5
48175,45876.5,365.25
48176,45877.8,365
48177,45879.1,364.75
48178,45880.4,364.5
48179,45881.7,364.25
48180,45883,364
48181,45884.2,363.75
48182,45885.4,363.5
48183,45886.6,363.25
48184,45887.8,363
48185,45889,362.75
48186,45890.2,362.5
48187,45891.4,362.25
48188,45892.6,362
48189,45893.8,361.75
48190,45895,361.5
48191,45896.2,361.25
48192,45897.4,361
48193,45898.6,360.75
48194,45899.8,360.5
48195,45901,360.25
48196,45902.2,360
48197,45903.4,359.75
48198,45904.6,359.5
48199,45905.8,359.25
48200,45907,359
48201,45908.2,358.8
48202,45909.4,358.6
48203,45910.6,358.4
48204,45911.8,358.2
48205,45913,358
48206,45914.2,357.8
48207,45915.4,357.6
48208,45916.6,357.4
48209,45917.8,357.2
48210,45919,357
48211,45920.2,356.8
48212,45921.4,356.6
48213,45922.6,356.4
48214,45923.8,356.2
48215,45925,356
48216,45926.2,355.8
48217,45927.4,355.6
48218,45928.6,355.4
48219,45929.8,355.2
48220,45931,355
48221,45932.2,354.85
48222,45933.4,354.7
48223,45934.6,354.55
48224,45935.8,354.4
48225,45937,354.25
48226,45938.2,354.1
48227,45939.4,353.95
48228,45940.6,353.8
48229,45941.8,353.65
48230,45943,353.5
48231,45944.2,353.35
48232,45945.4,353.2
48233,45946.6,353.05
48234,45947.8,352.9
48235,45949,352.75
48236,45950.2,352.6
48237,45951.4,352.45
48238,45952.6,352.3
48239,45953.8,352.15
48240,45955,352
48241,45956.2,351.9
48242,45957.4,351.8
48243,45958.6,351.7
48244,45959.8,351.6
48245,45961,351.5
48246,45962.2,351.4
48247,45963.4,351.3
48248,45964.6,351.2
48249,45965.8,351.1
48250,45967,351
48251,45968.2,350.9
48252,45969.4,350.8
48253,45970.6,350.7
48254,45971.8,350.6
48255,45973,350.5
48256,45974.2,350.4
48257,45975.4,350.3
48258,45976.6,350.2
48259,45977.8,350.1
48260,45979,350
48261,45980.15,349.9
48262,45981.3,349.8
48263,45982.45,349.7
48264,45983.6,349.6
48265,45984.75,349.5
48266,45985.9,349.4
48267,45987.05,349.3
48268,45988.2,349.2
48269,45989.35,349.1
48270,45990.5,349
48271,45991.65,348.9
48272,45992.8,348.8
48273,45993.95,348.7
48274,45995.1,348.6
48275,45996.25,348.5
48276,45997.4,348.4
48277,45998.55,348.3
48278,45999.7,348.2
48279,46000.85,348.1
48280,46002,348
48281,46003.15,347.95
48282,46004.3,347.9
48283,46005.45,347.85
48284,46006.6,347.8
48285,46007.75,347.75
48286,46008.9,347.7
48287,46010.05,347.65
48288,46011.2,347.6
48289,46012.35,347.55
48290,46013.5,347.5
48291,46014.65,347.45
48292,46015.8,347.4
48293,46016.95,347.35
48294,46018.1,347.3
48295,46019.25,347.25
48296,46020.4,347.2
48297,46021.55,347.15
48298,46022.7,347.1
48299,46023.85,347.05
48300,46025,347
48301,46026.15,346.95
48302,46027.3,346.9
48303,46028.45,346.85
48304,46029.6,346.8
48305,46030.75,346.75
48306,46031.9,346.7
48307,46033.05,346.65
48308,46034.2,346.6
48309,46035.35,346.55
48310,46036.5,346.5
48311,46037.65,346.45
48312,46038.8,346.4
48313,46039.95,346.35
48314,46041.1,346.3
48315,46042.25,346.25
48316,46043.4,346.2
48317,46044.55,346.15
48318,46045.7,346.1
48319,46046.85,346.05
48320,46048,346
48321,46049.15,345.9
48322,46050.3,345.8
48323,46051.45,345.7
48324,46052.6,345.6
48325,46053.75,345.5
48326,46054.9,345.4
48327,46056.05,345.3
48328,46057.2,345.2
48329,46058.35,345.1
48330,46059.5,345
48331,46060.65,344.9
48332,46061.8,344.8
48333,46062.95,344.7
48334,46064.1,344.6
48335,46065.25,344.5
48336,46066.4,344.4
48337,46067.55,344.3
48338,46068.7,344.2
48339,46069.85,344.1
48340,46071,344
48341,46072.05,343.9
48342,46073.1,343.8
48343,46074.15,343.7
48344,46075.2,343.6
48345,46076.25,343.5
48346,46077.3,343.4
48347,46078.35,343.3
48348,46079.4,343.2
48349,46080.45,343.1
48350,46081.5,343
48351,46082.55,342.9
48352,46083.6,342.8
48353,46084.65,342.7
48354,46085.7,342.6
48355,46086.75,342.5
48356,46087.8,342.4
48357,46088.85,342.3
48358,46089.9,342.2
48359,46090.95,342.1
48360,46092,342
48361,46093.15,341.85
48362,46094.3,341.7
48363,46095.45,341.55
48364,46096.6,341.4
48365,46097.75,341.25
48366,46098.9,341.1
48367,46100.05,340.95
48368,46101.2,340.8
48369,46102.35,340.65
48370,46103.5,340.5
48371,46104.65,340.35
48372,46105.8,340.2
48373,46106.95,340.05
48374,46108.1,339.9
48375,46109.25,339.75
48376,46110.4,339.6
48377,46111.55,339.45
48378,46112.7,339.3
48379,46113.85,339.15
48380,46115,339
48381,46116.1,338.8
48382,46117.2,338.6
48383,46118.3,338.4
48384,46119.4,338.2
48385,46120.5,338
48386,46121.6,337.8
48387,46122.7,337.6
48388,46123.8,337.4
48389,46124.9,337.2
48390,46126,337
48391,46127.1,336.8
48392,46128.2,336.6
48393,46129.3,336.4
48394,46130.4,336.2
48395,46131.5,336
48396,46132.6,335.8
48397,46133.7,335.6
48398,46134.8,335.4
48399,46135.9,335.2
48400,46137,335
48401,46138.05,334.75
48402,46139.1,334.5
48403,46140.15,334.25
48404,46141.2,334
48405,46142.25,333.75
48406,46143.3,333.5
48407,46144.35,333.25
48408,46145.4,333
48409,46146.45,332.75
48410,46147.5,332.5
48411,46148.55,332.25
48412,46149.6,332
48413,46150.65,331.75
48414,46151.7,331.5
48415,46152.75,331.25
48416,46153.8,331
48417,46154.85,330.75
48418,46155.9,330.5
48419,46156.95,330.25
48420,46158,330
48421,46159.1,329.8
48422,46160.2,329.6
48423,46161.3,329.4
48424,46162.4,329.2
48425,46163.5,329
48426,46164.6,328.8
48427,46165.7,328.6
48428,46166.8,328.4
48429,46167.9,328.2
48430,46169,328
48431,46170.1,327.8
48432,46171.2,327.6
48433,46172.3,327.4
48434,46173.4,327.2
48435,46174.5,327
48436,46175.6,326.8
48437,46176.7,326.6
48438,46177.8,326.4
48439,46178.9,326.2
48440,46180,326
48441,46181.1,325.85
48442,46182.2,325.7
48443,46183.3,325.55
48444,46184.4,325.4
48445,46185.5,325.25
48446,46186.6,325.1
48447,46187.7,324.95
48448,46188.8,324.8
48449,46189.9,324.65
48450,46191,324.5
48451,46192.1,324.35
48452,46193.2,324.2
48453,46194.3,324.05
48454,46195.4,323.9
48455,46196.5,323.75
48456,46197.6,323.6
48457,46198.7,323.45
48458,46199.8,323.3
48459,46200.9,323.15
48460,46202,323
48461,46203.1,322.95
48462,46204.2,322.9
48463,46205.3,322.85
48464,46206.4,322.8
48465,46207.5,322.75
48466,46208.6,322.7
48467,46209.7,322.65
48468,46210.8,322.6
48469,46211.9,322.55
48470,46213,322.5
48471,46214.1,322.45
48472,46215.2,322.4
48473,46216.3,322.35
48474,46217.4,322.3
48475,46218.5,322.25
48476,46219.6,322.2
48477,46220.7,322.15
48478,46221.8,322.1
48479,46222.9,322.05
48480,46224,322
48481,46225.1,322
48482,46226.2,322
48483,46227.3,322
48484,46228.4,322
48485,46229.5,322
48486,46230.6,322
48487,46231.7,322
48488,46232.8,322
48489,46233.9,322
48490,46235,322
48491,46236.1,322
48492,46237.2,322
48493,46238.3,322
48494,46239.4,322
48495,46240.5,322
48496,46241.6,322
48497,46242.7,322
48498,46243.8,322
48499,46244.9,322
48500,46246,322
48501,46247.05,322
48502,46248.1,322
48503,46249.15,322
48504,46250.2,322
48505,46251.25,322
48506,46252.3,322
48507,46253.35,322
48508,46254.4,322
48509,46255.45,322
48510,46256.5,322
48511,46257.55,322
48512,46258.6,322
48513,46259.65,322
48514,46260.7,322
48515,46261.75,322
48516,46262.8,322
48517,46263.85,322
48518,46264.9,322
48519,46265.95,322
48520,46267,322
48521,46268.2,322.2
48522,46269.4,322.4
48523,46270.6,322.6
48524,46271.8,322.8
48525,46273,323
48526,46274.2,323.2
48527,46275.4,323.4
48528,46276.6,323.6
48529,46277.8,323.8
48530,46279,324
48531,46280.2,324.2
48532,46281.4,324.4
48533,46282.6,324.6
48534,46283.8,324.8
48535,46285,325
48536,46286.2,325.2
48537,46287.4,325.4
48538,46288.6,325.6
48539,46289.8,325.8
48540,46291,326
48541,46292.05,326.2
48542,46293.1,326.4
48543,46294.15,326.6
48544,46295.2,326.8
48545,46296.25,327
48546,46297.3,327.2
48547,46298.35,327.4
48548,46299.4,327.6
48549,46300.45,327.8
48550,46301.5,328
48551,46302.55,328.2
48552,46303.6,328.4
48553,46304.65,328.6
48554,46305.7,328.8
48555,46306.75,329
48556,46307.8,329.2
48557,46308.85,329.4
48558,46309.9,329.6
48559,46310.95,329.8
48560,46312,330
48561,46313.2,330.3
48562,46314.4,330.6
48563,46315.6,330.9
48564,46316.8,331.2
48565,46318,331.5
48566,46319.2,331.8
48567,46320.4,332.1
48568,46321.6,332.4
48569,46322.8,332.7
48570,46324,333
48571,46325.2,333.3
48572,46326.4,333.6
48573,46327.6,333.9
48574,46328.8,334.2
48575,46330,334.5
48576,46331.2,334.8
48577,46332.4,335.1
48578,46333.6,335.4
48579,46334.8,335.7
48580,46336,336
48581,46337.2,336.25
48582,46338.4,336.5
48583,46339.6,336.75
48584,46340.8,337
48585,46342,337.25
48586,46343.2,337.5
48587,46344.4,337.75
48588,46345.6,338
48589,46346.8,338.25
48590,46348,338.5
48591,46349.2,338.75
48592,46350.4,339
48593,46351.6,339.25
48594,46352.8,339.5
48595,46354,339.75
48596,46355.2,340
48597,46356.4,340.25
48598,46357.6,340.5
48599,46358.8,340.75
48600,46360,341
48601,46361.25,341.3
48602,46362.5,341.6
48603,46363.75,341.9
48604,46365,342.2
48605,46366.25,342.5
48606,46367.5,342.8
48607,46368.75,343.1
48608,46370,343.4
48609,46371.25,343.7
48610,46372.5,344
48611,46373.75,344.3
48612,46375,344.6
48613,46376.25,344.9
48614,46377.5,345.2
48615,46378.75,345.5
48616,46380,345.8
48617,46381.25,346.1
48618,46382.5,346.4
48619,46383.75,346.7
48620,46385,347
48621,46386.25,347.25
48622,46387.5,347.5
48623,46388.75,347.75
48624,46390,348
48625,46391.25,348.25
48626,46392.5,348.5
48627,46393.75,348.75
48628,46395,349
48629,46396.25,349.25
48630,46397.5,349.5
48631,46398.75,349.75
48632,46400,350
48633,46401.25,350.25
48634,46402.5,350.5
48635,46403.75,350.75
48636,46405,351
48637,46406.25,351.25
48638,46407.5,351.5
48639,46408.75,351.75
48640,46410,352
48641,46411.25,352.2
48642,46412.5,352.4
48643,46413.75,352.6
48644,46415,352.8
48645,46416.25,353
48646,46417.5,353.2
48647,46418.75,353.4
48648,46420,353.6
48649,46421.25,353.8
48650,46422.5,354
48651,46423.75,354.2
48652,46425,354.4
48653,46426.25,354.6
48654,46427.5,354.8
48655,46428.75,355
48656,46430,355.2
48657,46431.25,355.4
48658,46432.5,355.6
48659,46433.75,355.8
48660,46435,356
48661,46436.3,356.2
48662,46437.6,356.4
48663,46438.9,356.6
48664,46440.2,356.8
48665,46441.5,357
48666,46442.8,357.2
48667,46444.1,357.4
48668,46445.4,357.6
48669,46446.7,357.8
48670,46448,358
48671,46449.3,358.2
48672,46450.6,358.4
48673,46451.9,358.6
48674,46453.2,358.8
48675,46454.5,359
48676,46455.8,359.2
48677,46457.1,359.4
48678,46458.4,359.6
48679,46459.7,359.8
48680,46461,360
48681,46462.3,360
48682,46463.6,360
48683,46464.9,360
48684,46466.2,360
48685,46467.5,360
48686,46468.8,360
48687,46470.1,360
48688,46471.4,360
48689,46472.7,360
48690,46474,360
48691,46475.3,360
48692,46476.6,360
48693,46477.9,360
48694,46479.2,360
48695,46480.5,360
48696,46481.8,360
48697,46483.1,360
48698,46484.4,360
48699,46485.7,360
48700,46487,360
48701,46488.35,360.05
48702,46489.7,360.1
48703,46491.05,360.15
48704,46492.4,360.2
48705,46493.75,360.25
48706,46495.1,360.3
48707,46496.45,360.35
48708,46497.8,360.4
48709,46499.15,360.45
48710,46500.5,360.5
48711,46501.85,360.55
48712,46503.2,360.6
48713,46504.55,360.65
48714,46505.9,360.7
48715,46507.25,360.75
48716,46508.6,360.8
48717,46509.95,360.85
48718,46511.3,360.9
48719,46512.65,360.95
48720,46514,361
48721,46515.35,361.05
48722,46516.7,361.1
48723,46518.05,361.15
48724,46519.4,361.2
48725,46520.75,361.25
48726,46522.1,361.3
48727,46523.45,361.35
48728,46524.8,361.4
48729,46526.15,361.45
48730,46527.5,361.5
48731,46528.85,361.55
48732,46530.2,361.6
48733,46531.55,361.65
48734,46532.9,361.7
48735,46534.25,361.75
48736,46535.6,361.8
48737,46536.95,361.85
48738,46538.3,361.9
48739,46539.65,361.95
48740,46541,362
48741,46542.4,362
48742,46543.8,362
48743,46545.2,362
48744,46546.6,362
48745,46548,362
48746,46549.4,362
48747,46550.8,362
48748,46552.2,362
48749,46553.6,362
48750,46555,362
48751,46556.4,362
48752,46557.8,362
48753,46559.2,362
48754,46560.6,362
48755,46562,362
48756,46563.4,362
48757,46564.8,362
48758,46566.2,362
48759,46567.6,362
48760,46569,362
48761,46570.35,362
48762,46571.7,362
48763,46573.05,362
48764,46574.4,362
48765,46575.75,362
48766,46577.1,362
48767,46578.45,362
48768,46579.8,362
48769,46581.15,362
48770,46582.5,362
48771,46583.85,362
48772,46585.2,362
48773,46586.55,362
48774,46587.9,362
48775,46589.25,362
48776,46590.6,362
48777,46591.95,362
48778,46593.3,362
48779,46594.65,362
48780,46596,362
48781,46597.4,362.1
48782,46598.8,362.2
48783,46600.2,362.3
48784,46601.6,362.4
48785,46603,362.5
48786,46604.4,362.6
48787,46605.8,362.7
48788,46607.2,362.8
48789,46608.6,362.9
48790,46610,363
48791,46611.4,363.1
48792,46612.8,363.2
48793,46614.2,363.3
48794,46615.6,363.4
48795,46617,363.5
48796,46618.4,363.6
48797,46619.8,363.7
48798,46621.2,363.8
48799,46622.6,363.9
48800,46624,364
48801,46625.35,364.05
48802,46626.7,364.1
48803,46628.05,364.15
48804,46629.4,364.2
48805,46630.75,364.25
48806,46632.1,364.3
48807,46633.45,364.35
48808,46634.8,364.4
48809,46636.15,364.45
48810,46637.5,364.5
48811,46638.85,364.55
48812,46640.2,364.6
48813,46641.55,364.65
48814,46642.9,364.7
48815,46644.25,364.75
48816,46645.6,364.8
48817,46646.95,364.85
48818,46648.3,364.9
48819,46649.65,364.95
48820,46651,365
48821,46652.35,365.15
48822,46653.7,365.3
48823,46655.05,365.45
48824,46656.4,365.6
48825,46657.75,365.75
48826,46659.1,365.9
48827,46660.45,366.05
48828,46661.8,366.2
48829,46663.15,366.35
48830,46664.5,366.5
48831,46665.85,366.65
48832,46667.2,366.8
48833,46668.55,366.95
48834,46669.9,367.1
48835,46671.25,367.25
48836,46672.6,367.4
48837,46673.95,367.55
48838,46675.3,367.7
48839,46676.65,367.85
48840,46678,368
48841,46679.4,368.15
48842,46680.8,368.3
48843,46682.2,368.45
48844,46683.6,368.6
48845,46685,368.75
48846,46686.4,368.9
48847,46687.8,369.05
48848,46689.2,369.2
48849,46690.6,369.35
48850,46692,369.5
48851,46693.4,369.65
48852,46694.8,369.8
48853,46696.2,369.95
48854,46697.6,370.1
48855,46699,370.25
48856,46700.4,370.4
48857,46701.8,370.55
48858,46703.2,370.7
48859,46704.6,370.85
48860,46706,371
48861,46707.35,371.15
48862,46708.7,371.3
48863,46710.05,371.45
48864,46711.4,371.6
48865,46712.75,371.75
48866,46714.1,371.9
48867,46715.45,372.05
48868,46716.8,372.2
48869,46718.15,372.35
48870,46719.5,372.5
48871,46720.85,372.65
48872,46722.2,372.8
48873,46723.55,372.95
48874,46724.9,373.1
48875,46726.25,373.25
48876,46727.6,373.4
48877,46728.95,373.55
48878,46730.3,373.7
48879,46731.65,373.85
48880,46733,374
48881,46734.2,374.15
48882,46735.4,374.3
48883,46736.6,374.45
48884,46737.8,374.6
48885,46739,374.75
48886,46740.2,374.9
48887,46741.4,375.05
48888,46742.6,375.2
48889,46743.8,375.35
48890,46745,375.5
48891,46746.2,375.65
48892,46747.4,375.8
48893,46748.6,375.95
48894,46749.8,376.1
48895,46751,376.25
48896,46752.2,376.4
48897,46753.4,376.55
48898,46754.6,376.7
48899,46755.8,376.85
48900,46757,377
48901,46758.25,377.2
48902,46759.5,377.4
48903,46760.75,377.6
48904,46762,377.8
48905,46763.25,378
48906,46764.5,378.2
48907,46765.75,378.4
48908,46767,378.6
48909,46768.25,378.8
48910,46769.5,379
48911,46770.75,379.2
48912,46772,379.4
48913,46773.25,379.6
48914,46774.5,379.8
48915,46775.75,380
48916,46777,380.2
48917,46778.25,380.4
48918,46779.5,380.6
48919,46780.75,380.8
48920,46782,381
48921,46783.15,381.15
48922,46784.3,381.3
48923,46785.45,381.45
48924,46786.6,381.6
48925,46787.75,381.75
48926,46788.9,381.9
48927,46790.05,382.05
48928,46791.2,382.2
48929,46792.35,382.35
48930,46793.5,382.5
48931,46794.65,382.65
48932,46795.8,382.8
48933,46796.95,382.95
48934,46798.1,383.1
48935,46799.25,383.25
48936,46800.4,383.4
48937,46801.55,383.55
48938,46802.7,383.7
48939,46803.85,383.85
48940,46805,384
48941,46806.15,384.1
48942,46807.3,384.2
48943,46808.45,384.3
48944,46809.6,384.4
48945,46810.75,384.5
48946,46811.9,384.6
48947,46813.05,384.7
48948,46814.2,384.8
48949,46815.35,384.9
48950,46816.5,385
48951,46817.65,385.1
48952,46818.8,385.2
48953,46819.95,385.3
48954,46821.1,385.4
48955,46822.25,385.5
48956,46823.4,385.6
48957,46824.55,385.7
48958,46825.7,385.8
48959,46826.85,385.9
48960,46828,386
48961,46829.05,386.05
48962,46830.1,386.1
48963,46831.15,386.15
48964,46832.2,386.2
48965,46833.25,386.25
48966,46834.3,386.3
48967,46835.35,386.35
48968,46836.4,386.4
48969,46837.45,386.45
48970,46838.5,386.5
48971,46839.55,386.55
48972,46840.6,386.6
48973,46841.65,386.65
48974,46842.7,386.7
48975,46843.75,386.75
48976,46844.8,386.8
48977,46845.85,386.85
48978,46846.9,386.9
48979,46847.95,386.95
48980,46849,387
48981,46850.05,387
48982,46851.1,387
48983,46852.15,387
48984,46853.2,387
48985,46854.25,387
48986,46855.3,387
48987,46856.35,387
48988,46857.4,387
48989,46858.45,387
48990,46859.5,387
48991,46860.55,387
48992,46861.6,387
48993,46862.65,387
48994,46863.7,387
48995,46864.75,387
48996,46865.8,387
48997,46866.85,387
48998,46867.9,387
48999,46868.95,387
49000,46870,387
49001,46870.9,386.9
49002,46871.8,386.8
49003,46872.7,386.7
49004,46873.6,386.6
49005,46874.5,386.5
49006,46875.4,386.4
49007,46876.3,386.3
49008,46877.2,386.2
49009,46878.1,386.1
49010,46879,386
49011,46879.9,385.9
49012,46880.8,385.8
49013,46881.7,385.7
49014,46882.6,385.6
49015,46883.5,385.5
49016,46884.4,385.4
49017,46885.3,385.3
49018,46886.2,385.2
49019,46887.1,385.1
49020,46888,385
49021,46888.85,384.85
49022,46889.7,384.7
49023,46890.55,384.55
49024,46891.4,384.4
49025,46892.25,384.25
49026,46893.1,384.1
49027,46893.95,383.95
49028,46894.8,383.8
49029,46895.65,383.65
49030,46896.5,383.5
49031,46897.35,383.35
49032,46898.2,383.2
49033,46899.05,383.05
49034,46899.9,382.9
49035,46900.75,382.75
49036,46901.6,382.6
49037,46902.45,382.45
49038,46903.3,382.3
49039,46904.15,382.15
49040,46905,382
49041,46905.8,381.95
49042,46906.6,381.9
49043,46907.4,381.85
49044,46908.2,381.8
49045,46909,381.75
49046,46909.8,381.7
49047,46910.6,381.65
49048,46911.4,381.6
49049,46912.2,381.55
49050,46913,381.5
49051,46913.8,381.45
49052,46914.6,381.4
49053,46915.4,381.35
49054,46916.2,381.3
49055,46917,381.25
49056,46917.8,381.2
49057,46918.6,381.15
49058,46919.4,381.1
49059,46920.2,381.05
49060,46921,381
49061,46921.75,380.85
49062,46922.5,380.7
49063,46923.25,380.55
49064,46924,380.4
49065,46924.75,380.25
49066,46925.5,380.1
49067,46926.25,379.95
49068,46927,379.8
49069,46927.75,379.65
49070,46928.5,379.5
49071,46929.25,379.35
49072,46930,379.2
49073,46930.75,379.05
49074,46931.5,378.9
49075,46932.25,378.75
49076,46933,378.6
49077,46933.75,378.45
49078,46934.5,378.3
49079,46935.25,378.15
49080,46936,378
49081,46936.7,378
49082,46937.4,378
49083,46938.1,378
49084,46938.8,378
49085,46939.5,378
49086,46940.2,378
49087,46940.9,378
49088,46941.6,378
49089,46942.3,378
49090,46943,378
49091,46943.7,378
49092,46944.4,378
49093,46945.1,378
49094,46945.8,378
49095,46946.5,378
49096,46947.2,378
49097,46947.9,378
49098,46948.6,378
49099,46949.3,378
49100,46950,378
49101,46950.55,378
49102,46951.1,378
49103,46951.65,378
49104,46952.2,378
49105,46952.75,378
49106,46953.3,378
49107,46953.85,378
49108,46954.4,378
49109,46954.95,378
49110,46955.5,378
49111,46956.05,378
49112,46956.6,378
49113,46957.15,378
49114,46957.7,378
49115,46958.25,378
49116,46958.8,378
49117,46959.35,378
49118,46959.9,378
49119,46960.45,378
49120,46961,378
49121,46961.55,378
49122,46962.1,378
49123,46962.65,378
49124,46963.2,378
49125,46963.75,378
49126,46964.3,378
49127,46964.85,378
49128,46965.4,378
49129,46965.95,378
49130,46966.5,378
49131,46967.05,378
49132,46967.6,378
49133,46968.15,378
49134,46968.7,378
49135,46969.25,378
49136,46969.8,378
49137,46970.35,378
49138,46970.9,378
49139,46971.45,378
49140,46972,378
49141,46972.35,378.05
49142,46972.7,378.1
49143,46973.05,378.15
49144,46973.4,378.2
49145,46973.75,378.25
49146,46974.1,378.3
49147,46974.45,378.35
49148,46974.8,378.4
49149,46975.15,378.45
49150,46975.5,378.5
49151,46975.85,378.55
49152,46976.2,378.6
49153,46976.55,378.65
49154,46976.9,378.7
49155,46977.25,378.75
49156,46977.6,378.8
49157,46977.95,378.85
49158,46978.3,378.9
49159,46978.65,378.95
49160,46979,379
49161,46979.5,379
49162,46980,379
49163,46980.5,379
49164,46981,379
49165,46981.5,379
49166,46982,379
49167,46982.5,379
49168,46983,379
49169,46983.5,379
49170,46984,379
49171,46984.5,379
49172,46985,379
49173,46985.5,379
49174,46986,379
49175,46986.5,379
49176,46987,379
49177,46987.5,379
49178,46988,379
49179,46988.5,379
49180,46989,379
49181,46989.25,379.1
49182,46989.5,379.2
49183,46989.75,379.3
49184,46990,379.4
49185,46990.25,379.5
49186,46990.5,379.6
49187,46990.75,379.7
49188,46991,379.8
49189,46991.25,379.9
49190,46991.5,380
49191,46991.75,380.1
49192,46992,380.2
49193,46992.25,380.3
49194,46992.5,380.4
49195,46992.75,380.5
49196,46993,380.6
49197,46993.25,380.7
49198,46993.5,380.8
49199,46993.75,380.9
49200,46994,381
49201,46994.35,381
49202,46994.7,381
49203,46995.05,381
49204,46995.4,381
49205,46995.75,381
49206,46996.1,381
49207,46996.45,381
49208,46996.8,381
49209,46997.15,381
49210,46997.5,381
49211,46997.85,381
49212,46998.2,381
49213,46998.55,381
49214,46998.9,381
49215,46999.25,381
49216,46999.6,381
49217,46999.95,381
49218,47000.3,381
49219,47000.65,381
49220,47001,381
49221,47001.15,381
49222,47001.3,381
49223,47001.45,381
49224,47001.6,381
49225,47001.75,381
49226,47001.9,381
49227,47002.05,381
49228,47002.2,381
49229,47002.35,381
49230,47002.5,381
49231,47002.65,381
49232,47002.8,381
49233,47002.95,381
49234,47003.1,381
49235,47003.25,381
49236,47003.4,381
49237,47003.55,381
49238,47003.7,381
49239,47003.85,381
49240,47004,381
49241,47004.15,380.9
49242,47004.3,380.8
49243,47004.45,380.7
49244,47004.6,380.6
49245,47004.75,380.5
49246,47004.9,380.4
49247,47005.05,380.3
49248,47005.2,380.2
49249,47005.35,380.1
49250,47005.5,380
49251,47005.65,379.9
49252,47005.8,379.8
49253,47005.95,379.7
49254,47006.1,379.6
49255,47006.25,379.5
49256,47006.4,379.4
49257,47006.55,379.3
49258,47006.7,379.2
49259,47006.85,379.1
49260,47007,379
49261,47007.1,378.9
49262,47007.2,378.8
49263,47007.3,378.7
49264,47007.4,378.6
49265,47007.5,378.5
49266,47007.6,378.4
49267,47007.7,378.3
49268,47007.8,378.2
49269,47007.9,378.1
49270,47008,378
49271,47008.1,377.9
49272,47008.2,377.8
49273,47008.3,377.7
49274,47008.4,377.6
49275,47008.5,377.5
49276,47008.6,377.4
49277,47008.7,377.3
49278,47008.8,377.2
49279,47008.9,377.1
49280,47009,377
49281,47009.05,376.85
49282,47009.1,376.7
49283,47009.15,376.55
49284,47009.2,376.4
49285,47009.25,376.25
49286,47009.3,376.1
49287,47009.35,375.95
49288,47009.4,375.8
49289,47009.45,375.65
49290,47009.5,375.5
49291,47009.55,375.35
49292,47009.6,375.2
49293,47009.65,375.05
49294,47009.7,374.9
49295,47009.75,374.75
49296,47009.8,374.6
49297,47009.85,374.45
49298,47009.9,374.3
49299,47009.95,374.15
49300,47010,374
49301,47010,373.85
49302,47010,373.7
49303,47010,373.55
49304,47010,373.4
49305,47010,373.25
49306,47010,373.1
49307,47010,372.95
49308,47010,372.8
49309,47010,372.65
49310,47010,372.5
49311,47010,372.35
49312,47010,372.2
49313,47010,372.05
49314,47010,371.9
49315,47010,371.75
49316,47010,371.6
49317,47010,371.45
49318,47010,371.3
49319,47010,371.15
49320,47010,371
49321,47010,370.85
49322,47010,370.7
49323,47010,370.55
49324,47010,370.4
49325,47010,370.25
49326,47010,370.1
49327,47010,369.95
49328,47010,369.8
49329,47010,369.65
49330,47010,369.5
49331,47010,369.35
49332,47010,369.2
49333,47010,369.05
49334,47010,368.9
49335,47010,368.75
49336,47010,368.6
49337,47010,368.45
49338,47010,368.3
49339,47010,368.15
49340,47010,368
49341,47010,368
49342,47010,368
49343,47010,368
49344,47010,368
49345,47010,368
49346,47010,368
49347,47010,368
49348,47010,368
49349,47010,368
49350,47010,368
49351,47010,368
49352,47010,368
49353,47010,368
49354,47010,368
49355,47010,368
49356,47010,368
49357,47010,368
49358,47010,368
49359,47010,368
49360,47010,368
49361,47010.05,368
49362,47010.1,368
49363,47010.15,368
49364,47010.2,368
49365,47010.25,368
49366,47010.3,368
49367,47010.35,368
49368,47010.4,368
49369,47010.45,368
49370,47010.5,368
49371,47010.55,368
49372,47010.6,368
49373,47010.65,368
49374,47010.7,368
49375,47010.75,368
49376,47010.8,368
49377,47010.85,368
49378,47010.9,368
49379,47010.95,368
49380,47011,368
49381,47011.1,368.05
49382,47011.2,368.1
49383,47011.3,368.15
49384,47011.4,368.2
49385,47011.5,368.25
49386,47011.6,368.3
49387,47011.7,368.35
49388,47011.8,368.4
49389,47011.9,368.45
49390,47012,368.5
49391,47012.1,368.55
49392,47012.2,368.6
49393,47012.3,368.65
49394,47012.4,368.7
49395,47012.5,368.75
49396,47012.6,368.8
49397,47012.7,368.85
49398,47012.8,368.9
49399,47012.9,368.95
49400,47013,369
49401,47013,369.05
49402,47013,369.1
49403,47013,369.15
49404,47013,369.2
49405,47013,369.25
49406,47013,369.3
49407,47013,369.35
49408,47013,369.4
49409,47013,369.45
49410,47013,369.5
49411,47013,369.55
49412,47013,369.6
49413,47013,369.65
49414,47013,369.7
49415,47013,369.75
49416,47013,369.8
49417,47013,369.85
49418,47013,369.9
49419,47013,369.95
49420,47013,370
49421,47013.15,370.05
49422,47013.3,370.1
49423,47013.45,370.15
49424,47013.6,370.2
49425,47013.75,370.25
49426,47013.9,370.3
49427,47014.05,370.35
49428,47014.2,370.4
49429,47014.35,370.45
49430,47014.5,370.5
49431,47014.65,370.55
49432,47014.8,370.6
49433,47014.95,370.65
49434,47015.1,370.7
49435,47015.25,370.75
49436,47015.4,370.8
49437,47015.55,370.85
49438,47015.7,370.9
49439,47015.85,370.95
49440,47016,371
49441,47016.15,371.05
49442,47016.3,371.1
49443,47016.45,371.15
49444,47016.6,371.2
49445,47016.75,371.25
49446,47016.9,371.3
49447,47017.05,371.35
49448,47017.2,371.4
49449,47017.35,371.45
49450,47017.5,371.5
49451,47017.65,371.55
49452,47017.8,371.6
49453,47017.95,371.65
49454,47018.1,371.7
49455,47018.25,371.75
49456,47018.4,371.8
49457,47018.55,371.85
49458,47018.7,371.9
49459,47018.85,371.95
49460,47019,372
49461,47019.25,372
49462,47019.5,372
49463,47019.75,372
49464,47020,372
49465,47020.25,372
49466,47020.5,372
49467,47020.75,372
49468,47021,372
49469,47021.25,372
49470,47021.5,372
49471,47021.75,372
49472,47022,372
49473,47022.25,372
49474,47022.5,372
49475,47022.75,372
49476,47023,372
49477,47023.25,372
49478,47023.5,372
49479,47023.75,372
49480,47024,372
49481,47024.3,371.95
49482,47024.6,371.9
49483,47024.9,371.85
49484,47025.2,371.8
49485,47025.5,371.75
49486,47025.8,371.7
49487,47026.1,371.65
49488,47026.4,371.6
49489,47026.7,371.55
49490,47027,371.5
49491,47027.3,371.45
49492,47027.6,371.4
49493,47027.9,371.35
49494,47028.2,371.3
49495,47028.5,371.25
49496,47028.8,371.2
49497,47029.1,371.15
49498,47029.4,371.1
49499,47029.7,371.05
49500,47030,371
49501,47030.4,370.85
49502,47030.8,370.7
49503,47031.2,370.55
49504,47031.6,370.4
49505,47032,370.25
49506,47032.4,370.1
49507,47032.8,369.95
49508,47033.2,369.8
49509,47033.6,369.65
49510,47034,369.5
49511,47034.4,369.35
49512,47034.8,369.2
49513,47035.2,369.05
49514,47035.6,368.9
49515,47036,368.75
49516,47036.4,368.6
49517,47036.8,368.45
49518,47037.2,368.3
49519,47037.6,368.15
49520,47038,368
49521,47038.4,367.85
49522,47038.8,367.7
49523,47039.2,367.55
49524,47039.6,367.4
49525,47040,367.25
49526,47040.4,367.1
49527,47040.8,366.95
49528,47041.2,366.8
49529,47041.6,366.65
49530,47042,366.5
49531,47042.4,366.35
49532,47042.8,366.2
49533,47043.2,366.05
49534,47043.6,365.9
49535,47044,365.75
49536,47044.4,365.6
49537,47044.8,365.45
49538,47045.2,365.3
49539,47045.6,365.15
49540,47046,365
49541,47046.55,364.8
49542,47047.1,364.6
49543,47047.65,364.4
49544,47048.2,364.2
49545,47048.75,364
49546,47049.3,363.8
49547,47049.85,363.6
49548,47050.4,363.4
49549,47050.95,363.2
49550,47051.5,363
49551,47052.05,362.8
49552,47052.6,362.6
49553,47053.15,362.4
49554,47053.7,362.2
49555,47054.25,362
49556,47054.8,361.8
49557,47055.35,361.6
49558,47055.9,361.4
49559,47056.45,361.2
49560,47057,361
49561,47057.5,360.75
49562,47058,360.5
49563,47058.5,360.25
49564,47059,360
49565,47059.5,359.75
49566,47060,359.5
49567,47060.5,359.25
49568,47061,359
49569,47061.5,358.75
49570,47062,358.5
49571,47062.5,358.25
49572,47063,358
49573,47063.5,357.75
49574,47064,357.5
49575,47064.5,357.25
49576,47065,357
49577,47065.5,356.75
49578,47066,356.5
49579,47066.5,356.25
49580,47067,356
49581,47067.6,355.8
49582,47068.2,355.6
49583,47068.8,355.4
49584,47069.4,355.2
49585,47070,355
49586,47070.6,354.8
49587,47071.2,354.6
49588,47071.8,354.4
49589,47072.4,354.2
49590,47073,354
49591,47073.6,353.8
49592,47074.2,353.6
49593,47074.8,353.4
49594,47075.4,353.2
49595,47076,353
49596,47076.6,352.8
49597,47077.2,352.6
49598,47077.8,352.4
49599,47078.4,352.2
49600,47079,352
49601,47079.65,351.8
49602,47080.3,351.6
49603,47080.95,351.4
49604,47081.6,351.2
49605,47082.25,351
49606,47082.9,350.8
49607,47083.55,350.6
49608,47084.2,350.4
49609,47084.85,350.2
49610,47085.5,350
49611,47086.15,349.8
49612,47086.8,349.6
49613,47087.45,349.4
49614,47088.1,349.2
49615,47088.75,349
49616,47089.4,348.8
49617,47090.05,348.6
49618,47090.7,348.4
49619,47091.35,348.2
49620,47092,348
49621,47092.75,347.9
49622,47093.5,347.8
49623,47094.25,347.7
49624,47095,347.6
49625,47095.75,347.5
49626,47096.5,347.4
49627,47097.25,347.3
49628,47098,347.2
49629,47098.75,347.1
49630,47099.5,347
49631,47100.25,346.9
49632,47101,346.8
49633,47101.75,346.7
49634,47102.5,346.6
49635,47103.25,346.5
49636,47104,346.4
49637,47104.75,346.3
49638,47105.5,346.2
49639,47106.25,346.1
49640,47107,346
49641,47107.75,345.9
49642,47108.5,345.8
49643,47109.25,345.7
49644,47110,345.6
49645,47110.75,345.5
49646,47111.5,345.4
49647,47112.25,345.3
49648,47113,345.2
49649,47113.75,345.1
49650,47114.5,345
49651,47115.25,344.9
49652,47116,344.8
49653,47116.75,344.7
49654,47117.5,344.6
49655,47118.25,344.5
49656,47119,344.4
49657,47119.75,344.3
49658,47120.5,344.2
49659,47121.25,344.1
49660,47122,344
49661,47122.85,343.95
49662,47123.7,343.9
49663,47124.55,343.85
49664,47125.4,343.8
49665,47126.25,343.75
49666,47127.1,343.7
49667,47127.95,343.65
49668,47128.8,343.6
49669,47129.65,343.55
49670,47130.5,343.5
49671,47131.35,343.45
49672,47132.2,343.4
49673,47133.05,343.35
49674,47133.9,343.3
49675,47134.75,343.25
49676,47135.6,343.2
49677,47136.45,343.15
49678,47137.3,343.1
49679,47138.15,343.05
49680,47139,343
49681,47139.9,343
49682,47140.8,343
49683,47141.7,343
49684,47142.6,343
49685,47143.5,343
49686,47144.4,343
49687,47145.3,343
49688,47146.2,343
49689,47147.1,343
49690,47148,343
49691,47148.9,343
49692,47149.8,343
49693,47150.7,343
49694,47151.6,343
49695,47152.5,343
49696,47153.4,343
49697,47154.3,343
49698,47155.2,343
49699,47156.1,343
49700,47157,343
49701,47157.9,343.05
49702,47158.8,343.1
49703,47159.7,343.15
49704,47160.6,343.2
49705,47161.5,343.25
49706,47162.4,343.3
49707,47163.3,343.35
49708,47164.2,343.4
49709,47165.1,343.45
49710,47166,343.5
49711,47166.9,343.55
49712,47167.8,343.6
49713,47168.7,343.65
49714,47169.6,343.7
49715,47170.5,343.75
49716,47171.4,343.8
49717,47172.3,343.85
49718,47173.2,343.9
49719,47174.1,343.95
49720,47175,344
49721,47176.05,344.1
49722,47177.1,344.2
49723,47178.15,344.3
49724,47179.2,344.4
49725,47180.25,344.5
49726,47181.3,344.6
49727,47182.35,344.7
49728,47183.4,344.8
49729,47184.45,344.9
49730,47185.5,345
49731,47186.55,345.1
49732,47187.6,345.2
49733,47188.65,345.3
49734,47189.7,345.4
49735,47190.75,345.5
49736,47191.8,345.6
49737,47192.85,345.7
49738,47193.9,345.8
49739,47194.95,345.9
49740,47196,346
49741,47197.05,346.05
49742,47198.1,346.1
49743,47199.15,346.15
49744,47200.2,346.2
49745,47201.25,346.25
49746,47202.3,346.3
49747,47203.35,346.35
49748,47204.4,346.4
49749,47205.45,346.45
49750,47206.5,346.5
49751,47207.55,346.55
49752,47208.6,346.6
49753,47209.65,346.65
49754,47210.7,346.7
49755,47211.75,346.75
49756,47212.8,346.8
49757,47213.85,346.85
49758,47214.9,346.9
49759,47215.95,346.95
49760,47217,347
49761,47218.1,347.1
49762,47219.2,347.2
49763,47220.3,347.3
49764,47221.4,347.4
49765,47222.5,347.5
49766,47223.6,347.6
49767,47224.7,347.7
49768,47225.8,347.8
49769,47226.9,347.9
49770,47228,348
49771,47229.1,348.1
49772,47230.2,348.2
49773,47231.3,348.3
49774,47232.4,348.4
49775,47233.5,348.5
49776,47234.6,348.6
49777,47235.7,348.7
49778,47236.8,348.8
49779,47237.9,348.9
49780,47239,349
49781,47240.15,349.05
49782,47241.3,349.1
49783,47242.45,349.15
49784,47243.6,349.2
49785,47244.75,349.25
49786,47245.9,349.3
49787,47247.05,349.35
49788,47248.2,349.4
49789,47249.35,349.45
49790,47250.5,349.5
49791,47251.65,349.55
49792,47252.8,349.6
49793,47253.95,349.65
49794,47255.1,349.7
49795,47256.25,349.75
49796,47257.4,349.8
49797,47258.55,349.85
49798,47259.7,349.9
49799,47260.85,349.95
49800,47262,350
49801,47263.15,350.15
49802,47264.3,350.3
49803,47265.45,350.45
49804,47266.6,350.6
49805,47267.75,350.75
49806,47268.9,350.9
49807,47270.05,351.05
49808,47271.2,351.2
49809,47272.35,351.35
49810,47273.5,351.5
49811,47274.65,351.65
49812,47275.8,351.8
49813,47276.95,351.95
49814,47278.1,352.1
49815,47279.25,352.25
49816,47280.4,352.4
49817,47281.55,352.55
49818,47282.7,352.7
49819,47283.85,352.85
49820,47285,353
49821,47286.3,352.95
49822,47287.6,352.9
49823,47288.9,352.85
49824,47290.2,352.8
49825,47291.5,352.75
49826,47292.8,352.7
49827,47294.1,352.65
49828,47295.4,352.6
49829,47296.7,352.55
49830,47298,352.5
49831,47299.3,352.45
49832,47300.6,352.4
49833,47301.9,352.35
49834,47303.2,352.3
49835,47304.5,352.25
49836,47305.8,352.2
49837,47307.1,352.15
49838,47308.4,352.1
49839,47309.7,352.05
49840,47311,352
49841,47312.2,352.05
49842,47313.4,352.1
49843,47314.6,352.15
49844,47315.8,352.2
49845,47317,352.25
49846,47318.2,352.3
49847,47319.4,352.35
49848,47320.6,352.4
49849,47321.8,352.45
49850,47323,352.5
49851,47324.2,352.55
49852,47325.4,352.6
49853,47326.6,352.65
49854,47327.8,352.7
49855,47329,352.75
49856,47330.2,352.8
49857,47331.4,352.85
49858,47332.6,352.9
49859,47333.8,352.95
49860,47335,353
49861,47336.4,353
49862,47337.8,353
49863,47339.2,353
49864,47340.6,353
49865,47342,353
49866,47343.4,353
49867,47344.8,353
49868,47346.2,353
49869,47347.6,353
49870,47349,353
49871,47350.4,353
49872,47351.8,353
49873,47353.2,353
49874,47354.6,353
49875,47356,353
49876,47357.4,353
49877,47358.8,353
49878,47360.2,353
49879,47361.6,353
49880,47363,353
49881,47364.35,352.95
49882,47365.7,352.9
49883,47367.05,352.85
49884,47368.4,352.8
49885,47369.75,352.75
49886,47371.1,352.7
49887,47372.45,352.65
49888,47373.8,352.6
49889,47375.15,352.55
49890,47376.5,352.5
49891,47377.85,352.45
49892,47379.2,352.4
49893,47380.55,352.35
49894,47381.9,352.3
49895,47383.25,352.25
49896,47384.6,352.2
49897,47385.95,352.15
49898,47387.3,352.1
49899,47388.65,352.05
49900,47390,352
49901,47391.35,351.95
49902,47392.7,351.9
49903,47394.05,351.85
49904,47395.4,351.8
49905,47396.75,351.75
49906,47398.1,351.7
49907,47399.45,351.65
49908,47400.8,351.6
49909,47402.15,351.55
49910,47403.5,351.5
49911,47404.85,351.45
49912,47406.2,351.4
49913,47407.55,351.35
49914,47408.9,351.3
49915,47410.25,351.25
49916,47411.6,351.2
49917,47412.95,351.15
49918,47414.3,351.1
49919,47415.65,351.05
49920,47417,351
49921,47418.45,350.95
49922,47419.9,350.9
49923,47421.35,350.85
49924,47422.8,350.8
49925,47424.25,350.75
49926,47425.7,350.7
49927,47427.15,350.65
49928,47428.6,350.6
49929,47430.05,350.55
49930,47431.5,350.5
49931,47432.95,350.45
49932,47434.4,350.4
49933,47435.85,350.35
49934,47437.3,350.3
49935,47438.75,350.25
49936,47440.2,350.2
49937,47441.65,350.15
49938,47443.1,350.1
49939,47444.55,350.05
49940,47446,350
49941,47447.35,350
49942,47448.7,350
49943,47450.05,350
49944,47451.4,350
49945,47452.75,350
49946,47454.1,350
49947,47455.45,350
49948,47456.8,350
49949,47458.15,350
49950,47459.5,350
49951,47460.85,350
49952,47462.2,350
49953,47463.55,350
49954,47464.9,350
49955,47466.25,350
49956,47467.6,350
49957,47468.95,350
49958,47470.3,350
49959,47471.65,350
49960,47473,350
49961,47474.45,350.1
49962,47475.9,350.2
49963,47477.35,350.3
49964,47478.8,350.4
49965,47480.25,350.5
49966,47481.7,350.6
49967,47483.15,350.7
49968,47484.6,350.8
49969,47486.05,350.9
49970,47487.5,351
49971,47488.95,351.1
49972,47490.4,351.2
49973,47491.85,351.3
49974,47493.3,351.4
49975,47494.75,351.5
49976,47496.2,351.6
49977,47497.65,351.7
49978,47499.1,351.8
49979,47500.55,351.9
49980,47502,352
49981,47503.45,352.1
49982,47504.9,352.2
49983,47506.35,352.3
49984,47507.8,352.4
49985,47509.25,352.5
49986,47510.7,352.6
49987,47512.15,352.7
49988,47513.6,352.8
49989,47515.05,352.9
49990,47516.5,353
49991,47517.95,353.1
49992,47519.4,353.2
49993,47520.85,353.3
49994,47522.3,353.4
49995,47523.75,353.5
49996,47525.2,353.6
49997,47526.65,353.7
49998,47528.1,353.8
49999,47529.55,353.9
50000,47531,354
50001,47532.45,354.1
50002,47533.9,354.2
50003,47535.35,354.3
50004,47536.8,354.4
50005,47538.25,354.5
50006,47539.7,354.6
50007,47541.15,354.7
50008,47542.6,354.8
50009,47544.05,354.9
50010,47545.5,355
50011,47546.95,355.1
50012,47548.4,355.2
50013,47549.85,355.3
50014,47551.3,355.4
50015,47552.75,355.5
50016,47554.2,355.6
50017,47555.65,355.7
50018,47557.1,355.8
50019,47558.55,355.9
50020,47560,356
50021,47561.4,356.2
50022,47562.8,356.4
50023,47564.2,356.6
50024,47565.6,356.8
50025,47567,357
50026,47568.4,357.2
50027,47569.8,357.4
50028,47571.2,357.6
50029,47572.6,357.8
50030,47574,358
50031,47575.4,358.2
50032,47576.8,358.4
50033,47578.2,358.6
50034,47579.6,358.8
50035,47581,359
50036,47582.4,359.2
50037,47583.8,359.4
50038,47585.2,359.6
50039,47586.6,359.8
50040,47588,360
50041,47589.4,360.1
50042,47590.8,360.2
50043,47592.2,360.3
50044,47593.6,360.4
50045,47595,360.5
50046,47596.4,360.6
50047,47597.8,360.7
50048,47599.2,360.8
50049,47600.6,360.9
50050,47602,361
50051,47603.4,361.1
50052,47604.8,361.2
50053,47606.2,361.3
50054,47607.6,361.4
50055,47609,361.5
50056,47610.4,361.6
50057,47611.8,361.7
50058,47613.2,361.8
50059,47614.6,361.9
50060,47616,362
50061,47617.35,362
50062,47618.7,362
50063,47620.05,362
50064,47621.4,362
50065,47622.75,362
50066,47624.1,362
50067,47625.45,362
50068,47626.8,362
50069,47628.15,362
50070,47629.5,362
50071,47630.85,362
50072,47632.2,362
50073,47633.55,362
50074,47634.9,362
50075,47636.25,362
50076,47637.6,362
50077,47638.95,362
50078,47640.3,362
50079,47641.65,362
50080,47643,362
50081,47644.3,362.1
50082,47645.6,362.2
50083,47646.9,362.3
50084,47648.2,362.4
50085,47649.5,362.5
50086,47650.8,362.6
50087,47652.1,362.7
50088,47653.4,362.8
50089,47654.7,362.9
50090,47656,363
50091,47657.3,363.1
50092,47658.6,363.2
50093,47659.9,363.3
50094,47661.2,363.4
50095,47662.5,363.5
50096,47663.8,363.6
50097,47665.1,363.7
50098,47666.4,363.8
50099,47667.7,363.9
50100,47669,364
50101,47670.3,363.9
50102,47671.6,363.8
50103,47672.9,363.7
50104,47674.2,363.6
50105,47675.5,363.5
50106,47676.8,363.4
50107,47678.1,363.3
50108,47679.4,363.2
50109,47680.7,363.1
50110,47682,363
50111,47683.3,362.9
50112,47684.6,362.8
50113,47685.9,362.7
50114,47687.2,362.6
50115,47688.5,362.5
50116,47689.8,362.4
50117,47691.1,362.3
50118,47692.4,362.2
50119,47693.7,362.1
50120,47695,362
50121,47696.2,361.9
50122,47697.4,361.8
50123,47698.6,361.7
50124,47699.8,361.6
50125,47701,361.5
50126,47702.2,361.4
50127,47703.4,361.3
50128,47704.6,361.2
50129,47705.8,361.1
50130,47707,361
50131,47708.2,360.9
50132,47709.4,360.8
50133,47710.6,360.7
50134,47711.8,360.6
50135,47713,360.5
50136,47714.2,360.4
50137,47715.4,360.3
50138,47716.6,360.2
50139,47717.8,360.1
50140,47719,360
50141,47720.2,359.9
50142,47721.4,359.8
50143,47722.6,359.7
50144,47723.8,359.6
50145,47725,359.5
50146,47726.2,359.4
50147,47727.4,359.3
50148,47728.6,359.2
50149,47729.8,359.1
50150,47731,359
50151,47732.2,358.9
50152,47733.4,358.8
50153,47734.6,358.7
50154,47735.8,358.6
50155,47737,358.5
50156,47738.2,358.4
50157,47739.4,358.3
50158,47740.6,358.2
50159,47741.8,358.1
50160,47743,358
50161,47744.15,357.9
50162,47745.3,357.8
50163,47746.45,357.7
50164,47747.6,357.6
50165,47748.75,357.5
50166,47749.9,357.4
50167,47751.05,357.3
50168,47752.2,357.2
50169,47753.35,357.1
50170,47754.5,357
50171,47755.65,356.9
50172,47756.8,356.8
50173,47757.95,356.7
50174,47759.1,356.6
50175,47760.25,356.5
50176,47761.4,356.4
50177,47762.55,356.3
50178,47763.7,356.2
50179,47764.85,356.1
50180,47766,356
50181,47767.05,356
50182,47768.1,356
50183,47769.15,356
50184,47770.2,356
50185,47771.25,356
50186,47772.3,356
50187,47773.35,356
50188,47774.4,356
50189,47775.45,356
50190,47776.5,356
50191,47777.55,356
50192,47778.6,356
50193,47779.65,356
50194,47780.7,356
50195,47781.75,356
50196,47782.8,356
50197,47783.85,356
50198,47784.9,356
50199,47785.95,356
50200,47787,356
50201,47788.05,356.05
50202,47789.1,356.1
50203,47790.15,356.15
50204,47791.2,356.2
50205,47792.25,356.25
50206,47793.3,356.3
50207,47794.35,356.35
50208,47795.4,356.4
50209,47796.45,356.45
50210,47797.5,356.5
50211,47798.55,356.55
50212,47799.6,356.6
50213,47800.65,356.65
50214,47801.7,356.7
50215,47802.75,356.75
50216,47803.8,356.8
50217,47804.85,356.85
50218,47805.9,356.9
50219,47806.95,356.95
50220,47808,357
50221,47809,357
50222,47810,357
50223,47811,357
50224,47812,357
50225,47813,357
50226,47814,357
50227,47815,357
50228,47816,357
50229,47817,357
50230,47818,357
50231,47819,357
50232,47820,357
50233,47821,357
50234,47822,357
50235,47823,357
50236,47824,357
50237,47825,357
50238,47826,357
50239,47827,357
50240,47828,357
50241,47828.9,357.1
50242,47829.8,357.2
50243,47830.7,357.3
50244,47831.6,357.4
50245,47832.5,357.5
50246,47833.4,357.6
50247,47834.3,357.7
50248,47835.2,357.8
50249,47836.1,357.9
50250,47837,358
50251,47837.9,358.1
50252,47838.8,358.2
50253,47839.7,358.3
50254,47840.6,358.4
50255,47841.5,358.5
50256,47842.4,358.6
50257,47843.3,358.7
50258,47844.2,358.8
50259,47845.1,358.9
50260,47846,359
50261,47846.9,359.05
50262,47847.8,359.1
50263,47848.7,359.15
50264,47849.6,359.2
50265,47850.5,359.25
50266,47851.4,359.3
50267,47852.3,359.35
50268,47853.2,359.4
50269,47854.1,359.45
50270,47855,359.5
50271,47855.9,359.55
50272,47856.8,359.6
50273,47857.7,359.65
50274,47858.6,359.7
50275,47859.5,359.75
50276,47860.4,359.8
50277,47861.3,359.85
50278,47862.2,359.9
50279,47863.1,359.95
50280,47864,360
50281,47864.8,360.1
50282,47865.6,360.2
50283,47866.4,360.3
50284,47867.2,360.4
50285,47868,360.5
50286,47868.8,360.6
50287,47869.6,360.7
50288,47870.4,360.8
50289,47871.2,360.9
50290,47872,361
50291,47872.8,361.1
50292,47873.6,361.2
50293,47874.4,361.3
50294,47875.2,361.4
50295,47876,361.5
50296,47876.8,361.6
50297,47877.6,361.7
50298,47878.4,361.8
50299,47879.2,361.9
50300,47880,362
50301,47880.75,362.05
50302,47881.5,362.1
50303,47882.25,362.15
50304,47883,362.2
50305,47883.75,362.25
50306,47884.5,362.3
50307,47885.25,362.35
50308,47886,362.4
50309,47886.75,362.45
50310,47887.5,362.5
50311,47888.25,362.55
50312,47889,362.6
50313,47889.75,362.65
50314,47890.5,362.7
50315,47891.25,362.75
50316,47892,362.8
50317,47892.75,362.85
50318,47893.5,362.9
50319,47894.25,362.95
50320,47895,363
50321,47895.7,363
50322,47896.4,363
50323,47897.1,363
50324,47897.8,363
50325,47898.5,363
50326,47899.2,363
50327,47899.9,363
50328,47900.6,363
50329,47901.3,363
50330,47902,363
50331,47902.7,363
50332,47903.4,363
50333,47904.1,363
50334,47904.8,363
50335,47905.5,363
50336,47906.2,363
50337,47906.9,363
50338,47907.6,363
50339,47908.3,363
50340,47909,363
50341,47909.7,363.15
50342,47910.4,363.3
50343,47911.1,363.45
50344,47911.8,363.6
50345,47912.5,363.75
50346,47913.2,363.9
50347,47913.9,364.05
50348,47914.6,364.2
50349,47915.3,364.35
50350,47916,364.5
50351,47916.7,364.65
50352,47917.4,364.8
50353,47918.1,364.95
50354,47918.8,365.1
50355,47919.5,365.25
50356,47920.2,365.4
50357,47920.9,365.55
50358,47921.6,365.7
50359,47922.3,365.85
50360,47923,366
50361,47923.7,366.1
50362,47924.4,366.2
50363,47925.1,366.3
50364,47925.8,366.4
50365,47926.5,366.5
50366,47927.2,366.6
50367,47927.9,366.7
50368,47928.6,366.8
50369,47929.3,366.9
50370,47930,367
50371,47930.7,367.1
50372,47931.4,367.2
50373,47932.1,367.3
50374,47932.8,367.4
50375,47933.5,367.5
50376,47934.2,367.6
50377,47934.9,367.7
50378,47935.6,367.8
50379,47936.3,367.9
50380,47937,368
50381,47937.6,368.15
50382,47938.2,368.3
50383,47938.8,368.45
50384,47939.4,368.6
50385,47940,368.75
50386,47940.6,368.9
50387,47941.2,369.05
50388,47941.8,369.2
50389,47942.4,369.35
50390,47943,369.5
50391,47943.6,369.65
50392,47944.2,369.8
50393,47944.8,369.95
50394,47945.4,370.1
50395,47946,370.25
50396,47946.6,370.4
50397,47947.2,370.55
50398,47947.8,370.7
50399,47948.4,370.85
50400,47949,371
50401,47949.7,371.1
50402,47950.4,371.2
50403,47951.1,371.3
50404,47951.8,371.4
50405,47952.5,371.5
50406,47953.2,371.6
50407,47953.9,371.7
50408,47954.6,371.8
50409,47955.3,371.9
50410,47956,372
50411,47956.7,372.1
50412,47957.4,372.2
50413,47958.1,372.3
50414,47958.8,372.4
50415,47959.5,372.5
50416,47960.2,372.6
50417,47960.9,372.7
50418,47961.6,372.8
50419,47962.3,372.9
50420,47963,373
50421,47963.65,373.15
50422,47964.3,373.3
50423,47964.95,373.45
50424,47965.6,373.6
50425,47966.25,373.75
50426,47966.9,373.9
50427,47967.55,374.05
50428,47968.2,374.2
50429,47968.85,374.35
50430,47969.5,374.5
50431,47970.15,374.65
50432,47970.8,374.8
50433,47971.45,374.95
50434,47972.1,375.1
50435,47972.75,375.25
50436,47973.4,375.4
50437,47974.05,375.55
50438,47974.7,375.7
50439,47975.35,375.85
50440,47976,376
50441,47976.65,376
50442,47977.3,376
50443,47977.95,376
50444,47978.6,376
50445,47979.25,376
50446,47979.9,376
50447,47980.55,376
50448,47981.2,376
50449,47981.85,376
50450,47982.5,376
50451,47983.15,376
50452,47983.8,376
50453,47984.45,376
50454,47985.1,376
50455,47985.75,376
50456,47986.4,376
50457,47987.05,376
50458,47987.7,376
50459,47988.35,376
50460,47989,376
50461,47989.7,375.95
50462,47990.4,375.9
50463,47991.1,375.85
50464,47991.8,375.8
50465,47992.5,375.75
50466,47993.2,375.7
50467,47993.9,375.65
50468,47994.6,375.6
50469,47995.3,375.55
50470,47996,375.5
50471,47996.7,375.45
50472,47997.4,375.4
50473,47998.1,375.35
50474,47998.8,375.3
50475,47999.5,375.25
50476,48000.2,375.2
50477,48000.9,375.15
50478,48001.6,375.1
50479,48002.3,375.05
50480,48003,375
50481,48003.65,375
50482,48004.3,375
50483,48004.95,375
50484,48005.6,375
50485,48006.25,375
50486,48006.9,375
50487,48007.55,375
50488,48008.2,375
50489,48008.85,375
50490,48009.5,375
50491,48010.15,375
50492,48010.8,375
50493,48011.45,375
50494,48012.1,375
50495,48012.75,375
50496,48013.4,375
50497,48014.05,375
50498,48014.7,375
50499,48015.35,375
50500,48016,375
50501,48016.7,375.05
50502,48017.4,375.1
50503,48018.1,375.15
50504,48018.8,375.2
50505,48019.5,375.25
50506,48020.2,375.3
50507,48020.9,375.35
50508,48021.6,375.4
50509,48022.3,375.45
50510,48023,375.5
50511,48023.7,375.55
50512,48024.4,375.6
50513,48025.1,375.65
50514,48025.8,375.7
50515,48026.5,375.75
50516,48027.2,375.8
50517,48027.9,375.85
50518,48028.6,375.9
50519,48029.3,375.95
50520,48030,376
50521,48030.6,376
50522,48031.2,376
50523,48031.8,376
50524,48032.4,376
50525,48033,376
50526,48033.6,376
50527,48034.2,376
50528,48034.8,376
50529,48035.4,376
50530,48036,376
50531,48036.6,376
50532,48037.2,376
50533,48037.8,376
50534,48038.4,376
50535,48039,376
50536,48039.6,376
50537,48040.2,376
50538,48040.8,376
50539,48041.4,376
50540,48042,376
50541,48042.8,376.05
50542,48043.6,376.1
50543,48044.4,376.15
50544,48045.2,376.2
50545,48046,376.25
50546,48046.8,376.3
50547,48047.6,376.35
50548,48048.4,376.4
50549,48049.2,376.45
50550,48050,376.5
50551,48050.8,376.55
50552,48051.6,376.6
50553,48052.4,376.65
50554,48053.2,376.7
50555,48054,376.75
50556,48054.8,376.8
50557,48055.6,376.85
50558,48056.4,376.9
50559,48057.2,376.95
50560,48058,377
50561,48058.6,377.15
50562,48059.2,377.3
50563,48059.8,377.45
50564,48060.4,377.6
50565,48061,377.75
50566,48061.6,377.9
50567,48062.2,378.05
50568,48062.8,378.2
50569,48063.4,378.35
50570,48064,378.5
50571,48064.6,378.65
50572,48065.2,378.8
50573,48065.8,378.95
50574,48066.4,379.1
50575,48067,379.25
50576,48067.6,379.4
50577,48068.2,379.55
50578,48068.8,379.7
50579,48069.4,379.85
50580,48070,380
50581,48070.6,380.15
50582,48071.2,380.3
50583,48071.8,380.45
50584,48072.4,380.6
50585,48073,380.75
50586,48073.6,380.9
50587,48074.2,381.05
50588,48074.8,381.2
50589,48075.4,381.35
50590,48076,381.5
50591,48076.6,381.65
50592,48077.2,381.8
50593,48077.8,381.95
50594,48078.4,382.1
50595,48079,382.25
50596,48079.6,382.4
50597,48080.2,382.55
50598,48080.8,382.7
50599,48081.4,382.85
50600,48082,383
50601,48082.65,383.2
50602,48083.3,383.4
50603,48083.95,383.6
50604,48084.6,383.8
50605,48085.25,384
50606,48085.9,384.2
50607,48086.55,384.4
50608,48087.2,384.6
50609,48087.85,384.8
50610,48088.5,385
50611,48089.15,385.2
50612,48089.8,385.4
50613,48090.45,385.6
50614,48091.1,385.8
50615,48091.75,386
50616,48092.4,386.2
50617,48093.05,386.4
50618,48093.7,386.6
50619,48094.35,386.8
50620,48095,387
50621,48095.55,387.2
50622,48096.1,387.4
50623,48096.65,387.6
50624,48097.2,387.8
50625,48097.75,388
50626,48098.3,388.2
50627,48098.85,388.4
50628,48099.4,388.6
50629,48099.95,388.8
50630,48100.5,389
50631,48101.05,389.2
50632,48101.6,389.4
50633,48102.15,389.6
50634,48102.7,389.8
50635,48103.25,390
50636,48103.8,390.2
50637,48104.35,390.4
50638,48104.9,390.6
50639,48105.45,390.8
50640,48106,391
50641,48106.55,391.2
50642,48107.1,391.4
50643,48107.65,391.6
50644,48108.2,391.8
50645,48108.75,392
50646,48109.3,392.2
50647,48109.85,392.4
50648,48110.4,392.6
50649,48110.95,392.8
50650,48111.5,393
50651,48112.05,393.2
50652,48112.6,393.4
50653,48113.15,393.6
50654,48113.7,393.8
50655,48114.25,394
50656,48114.8,394.2
50657,48115.35,394.4
50658,48115.9,394.6
50659,48116.45,394.8
50660,48117,395
50661,48117.55,395.15
50662,48118.1,395.3
50663,48118.65,395.45
50664,48119.2,395.6
50665,48119.75,395.75
50666,48120.3,395.9
50667,48120.85,396.05
50668,48121.4,396.2
50669,48121.95,396.35
50670,48122.5,396.5
50671,48123.05,396.65
50672,48123.6,396.8
50673,48124.15,396.95
50674,48124.7,397.1
50675,48125.25,397.25
50676,48125.8,397.4
50677,48126.35,397.55
50678,48126.9,397.7
50679,48127.45,397.85
50680,48128,398
50681,48128.45,398.1
50682,48128.9,398.2
50683,48129.35,398.3
50684,48129.8,398.4
50685,48130.25,398.5
50686,48130.7,398.6
50687,48131.15,398.7
50688,48131.6,398.8
50689,48132.05,398.9
50690,48132.5,399
50691,48132.95,399.1
50692,48133.4,399.2
50693,48133.85,399.3
50694,48134.3,399.4
50695,48134.75,399.5
50696,48135.2,399.6
50697,48135.65,399.7
50698,48136.1,399.8
50699,48136.55,399.9
50700,48137,400
50701,48137.4,400.05
50702,48137.8,400.1
50703,48138.2,400.15
50704,48138.6,400.2
50705,48139,400.25
50706,48139.4,400.3
50707,48139.8,400.35
50708,48140.2,400.4
50709,48140.6,400.45
50710,48141,400.5
50711,48141.4,400.55
50712,48141.8,400.6
50713,48142.2,400.65
50714,48142.6,400.7
50715,48143,400.75
50716,48143.4,400.8
50717,48143.8,400.85
50718,48144.2,400.9
50719,48144.6,400.95
50720,48145,401
50721,48145.35,401
50722,48145.7,401
50723,48146.05,401
50724,48146.4,401
50725,48146.75,401
50726,48147.1,401
50727,48147.45,401
50728,48147.8,401
50729,48148.15,401
50730,48148.5,401
50731,48148.85,401
50732,48149.2,401
50733,48149.55,401
50734,48149.9,401
50735,48150.25,401
50736,48150.6,401
50737,48150.95,401
50738,48151.3,401
50739,48151.65,401
50740,48152,401
50741,48152.45,401
50742,48152.9,401
50743,48153.35,401
50744,48153.8,401
50745,48154.25,401
50746,48154.7,401
50747,48155.15,401
50748,48155.6,401
50749,48156.05,401
50750,48156.5,401
50751,48156.95,401
50752,48157.4,401
50753,48157.85,401
50754,48158.3,401
50755,48158.75,401
50756,48159.2,401
50757,48159.65,401
50758,48160.1,401
50759,48160.55,401
50760,48161,401
50761,48161.35,400.9
50762,48161.7,400.8
50763,48162.05,400.7
50764,48162.4,400.6
50765,48162.75,400.5
50766,48163.1,400.4
50767,48163.45,400.3
50768,48163.8,400.2
50769,48164.15,400.1
50770,48164.5,400
50771,48164.85,399.9
50772,48165.2,399.8
50773,48165.55,399.7
50774,48165.9,399.6
50775,48166.25,399.5
50776,48166.6,399.4
50777,48166.95,399.3
50778,48167.3,399.2
50779,48167.65,399.1
50780,48168,399
50781,48168.35,398.9
50782,48168.7,398.8
50783,48169.05,398.7
50784,48169.4,398.6
50785,48169.75,398.5
50786,48170.1,398.4
50787,48170.45,398.3
50788,48170.8,398.2
50789,48171.15,398.1
50790,48171.5,398
50791,48171.85,397.9
50792,48172.2,397.8
50793,48172.55,397.7
50794,48172.9,397.6
50795,48173.25,397.5
50796,48173.6,397.4
50797,48173.95,397.3
50798,48174.3,397.2
50799,48174.65,397.1
50800,48175,397
50801,48175.25,396.95
50802,48175.5,396.9
50803,48175.75,396.85
50804,48176,396.8
50805,48176.25,396.75
50806,48176.5,396.7
50807,48176.75,396.65
50808,48177,396.6
50809,48177.25,396.55
50810,48177.5,396.5
50811,48177.75,396.45
50812,48178,396.4
50813,48178.25,396.35
50814,48178.5,396.3
50815,48178.75,396.25
50816,48179,396.2
50817,48179.25,396.15
50818,48179.5,396.1
50819,48179.75,396.05
50820,48180,396
50821,48180.3,395.9
50822,48180.6,395.8
50823,48180.9,395.7
50824,48181.2,395.6
50825,48181.5,395.5
50826,48181.8,395.4
50827,48182.1,395.3
50828,48182.4,395.2
50829,48182.7,395.1
50830,48183,395
50831,48183.3,394.9
50832,48183.6,394.8
50833,48183.9,394.7
50834,48184.2,394.6
50835,48184.5,394.5
50836,48184.8,394.4
50837,48185.1,394.3
50838,48185.4,394.2
50839,48185.7,394.1
50840,48186,394
50841,48186.25,393.95
50842,48186.5,393.9
50843,48186.75,393.85
50844,48187,393.8
50845,48187.25,393.75
50846,48187.5,393.7
50847,48187.75,393.65
50848,48188,393.6
50849,48188.25,393.55
50850,48188.5,393.5
50851,48188.75,393.45
50852,48189,393.4
50853,48189.25,393.35
50854,48189.5,393.3
50855,48189.75,393.25
50856,48190,393.2
50857,48190.25,393.15
50858,48190.5,393.1
50859,48190.75,393.05
50860,48191,393
50861,48191.2,393
50862,48191.4,393
50863,48191.6,393
50864,48191.8,393
50865,48192,393
50866,48192.2,393
50867,48192.4,393
50868,48192.6,393
50869,48192.8,393
50870,48193,393
50871,48193.2,393
50872,48193.4,393
50873,48193.6,393
50874,48193.8,393
50875,48194,393
50876,48194.2,393
50877,48194.4,393
50878,48194.6,393
50879,48194.8,393
50880,48195,393
50881,48195.3,392.95
50882,48195.6,392.9
50883,48195.9,392.85
50884,48196.2,392.8
50885,48196.5,392.75
50886,48196.8,392.7
50887,48197.1,392.65
50888,48197.4,392.6
50889,48197.7,392.55
50890,48198,392.5
50891,48198.3,392.45
50892,48198.6,392.4
50893,48198.9,392.35
50894,48199.2,392.3
50895,48199.5,392.25
50896,48199.8,392.2
50897,48200.1,392.15
50898,48200.4,392.1
50899,48200.7,392.05
50900,48201,392
50901,48201.15,392.1
50902,48201.3,392.2
50903,48201.45,392.3
50904,48201.6,392.4
50905,48201.75,392.5
50906,48201.9,392.6
50907,48202.05,392.7
50908,48202.2,392.8
50909,48202.35,392.9
50910,48202.5,393
50911,48202.65,393.1
50912,48202.8,393.2
50913,48202.95,393.3
50914,48203.1,393.4
50915,48203.25,393.5
50916,48203.4,393.6
50917,48203.55,393.7
50918,48203.7,393.8
50919,48203.85,393.9
50920,48204,394
50921,48204.25,394.1
50922,48204.5,394.2
50923,48204.75,394.3
50924,48205,394.4
50925,48205.25,394.5
50926,48205.5,394.6
50927,48205.75,394.7
50928,48206,394.8
50929,48206.25,394.9
50930,48206.5,395
50931,48206.75,395.1
50932,48207,395.2
50933,48207.25,395.3
50934,48207.5,395.4
50935,48207.75,395.5
50936,48208,395.6
50937,48208.25,395.7
50938,48208.5,395.8
50939,48208.75,395.9
50940,48209,396
50941,48209.25,396.1
50942,48209.5,396.2
50943,48209.75,396.3
50944,48210,396.4
50945,48210.25,396.5
50946,48210.5,396.6
50947,48210.75,396.7
50948,48211,396.8
50949,48211.25,396.9
50950,48211.5,397
50951,48211.75,397.1
50952,48212,397.2
50953,48212.25,397.3
50954,48212.5,397.4
50955,48212.75,397.5
50956,48213,397.6
50957,48213.25,397.7
50958,48213.5,397.8
50959,48213.75,397.9
50960,48214,398
50961,48214.15,398.2
50962,48214.3,398.4
50963,48214.45,398.6
50964,48214.6,398.8
50965,48214.75,399
50966,48214.9,399.2
50967,48215.05,399.4
50968,48215.2,399.6
50969,48215.35,399.8
50970,48215.5,400
50971,48215.65,400.2
50972,48215.8,400.4
50973,48215.95,400.6
50974,48216.1,400.8
50975,48216.25,401
50976,48216.4,401.2
50977,48216.55,401.4
50978,48216.7,401.6
50979,48216.85,401.8
50980,48217,402
50981,48217.2,402.25
50982,48217.4,402.5
50983,48217.6,402.75
50984,48217.8,403
50985,48218,403.25
50986,48218.2,403.5
50987,48218.4,403.75
50988,48218.6,404
50989,48218.8,404.25
50990,48219,404.5
50991,48219.2,404.75
50992,48219.4,405
50993,48219.6,405.25
50994,48219.8,405.5
50995,48220,405.75
50996,48220.2,406
50997,48220.4,406.25
50998,48220.6,406.5
50999,48220.8,406.75
51000,48221,407
51001,48221.2,407.3
51002,48221.4,407.6
51003,48221.6,407.9
51004,48221.8,408.2
51005,48222,408.5
51006,48222.2,408.8
51007,48222.4,409.1
51008,48222.6,409.4
51009,48222.8,409.7
51010,48223,410
51011,48223.2,410.3
51012,48223.4,410.6
51013,48223.6,410.9
51014,48223.8,411.2
51015,48224,411.5
51016,48224.2,411.8
51017,48224.4,412.1
51018,48224.6,412.4
51019,48224.8,412.7
51020,48225,413
51021,48225.15,413.3
51022,48225.3,413.6
51023,48225.45,413.9
51024,48225.6,414.2
51025,48225.75,414.5
51026,48225.9,414.8
51027,48226.05,415.1
51028,48226.2,415.4
51029,48226.35,415.7
51030,48226.5,416
51031,48226.65,416.3
51032,48226.8,416.6
51033,48226.95,416.9
51034,48227.1,417.2
51035,48227.25,417.5
51036,48227.4,417.8
51037,48227.55,418.1
51038,48227.7,418.4
51039,48227.85,418.7
51040,48228,419
51041,48228.2,419.3
51042,48228.4,419.6
51043,48228.6,419.9
51044,48228.8,420.2
51045,48229,420.5
51046,48229.2,420.8
51047,48229.4,421.1
51048,48229.6,421.4
51049,48229.8,421.7
51050,48230,422
51051,48230.2,422.3
51052,48230.4,422.6
51053,48230.6,422.9
51054,48230.8,423.2
51055,48231,423.5
51056,48231.2,423.8
51057,48231.4,424.1
51058,48231.6,424.4
51059,48231.8,424.7
51060,48232,425
51061,48232.15,425.35
51062,48232.3,425.7
51063,48232.45,426.05
51064,48232.6,426.4
51065,48232.75,426.75
51066,48232.9,427.1
51067,48233.05,427.45
51068,48233.2,427.8
51069,48233.35,428.15
51070,48233.5,428.5
51071,48233.65,428.85
51072,48233.8,429.2
51073,48233.95,429.55
51074,48234.1,429.9
51075,48234.25,430.25
51076,48234.4,430.6
51077,48234.55,430.95
51078,48234.7,431.3
51079,48234.85,431.65
51080,48235,432
51081,48235.2,432.3
51082,48235.4,432.6
51083,48235.6,432.9
51084,48235.8,433.2
51085,48236,433.5
51086,48236.2,433.8
51087,48236.4,434.1
51088,48236.6,434.4
51089,48236.8,434.7
51090,48237,435
51091,48237.2,435.3
51092,48237.4,435.6
51093,48237.6,435.9
51094,48237.8,436.2
51095,48238,436.5
51096,48238.2,436.8
51097,48238.4,437.1
51098,48238.6,437.4
51099,48238.8,437.7
51100,48239,438
51101,48239.15,438.35
51102,48239.3,438.7
51103,48239.45,439.05
51104,48239.6,439.4
51105,48239.75,439.75
51106,48239.9,440.1
51107,48240.05,440.45
51108,48240.2,440.8
51109,48240.35,441.15
51110,48240.5,441.5
51111,48240.65,441.85
51112,48240.8,442.2
51113,48240.95,442.55
51114,48241.1,442.9
51115,48241.25,443.25
51116,48241.4,443.6
51117,48241.55,443.95
51118,48241.7,444.3
51119,48241.85,444.65
51120,48242,445
51121,48242.2,445.3
51122,48242.4,445.6
51123,48242.6,445.9
51124,48242.8,446.2
51125,48243,446.5
51126,48243.2,446.8
51127,48243.4,447.1
51128,48243.6,447.4
51129,48243.8,447.7
51130,48244,448
51131,48244.2,448.3
51132,48244.4,448.6
51133,48244.6,448.9
51134,48244.8,449.2
51135,48245,449.5
51136,48245.2,449.8
51137,48245.4,450.1
51138,48245.6,450.4
51139,48245.8,450.7
51140,48246,451
51141,48246.15,451.25
51142,48246.3,451.5
51143,48246.45,451.75
51144,48246.6,452
51145,48246.75,452.25
51146,48246.9,452.5
51147,48247.05,452.75
51148,48247.2,453
51149,48247.35,453.25
51150,48247.5,453.5
51151,48247.65,453.75
51152,48247.8,454
51153,48247.95,454.25
51154,48248.1,454.5
51155,48248.25,454.75
51156,48248.4,455
51157,48248.55,455.25
51158,48248.7,455.5
51159,48248.85,455.75
51160,48249,456
51161,48249.15,456.2
51162,48249.3,456.4
51163,48249.45,456.6
51164,48249.6,456.8
51165,48249.75,457
51166,48249.9,457.2
51167,48250.05,457.4
51168,48250.2,457.6
51169,48250.35,457.8
51170,48250.5,458
51171,48250.65,458.2
51172,48250.8,458.4
51173,48250.95,458.6
51174,48251.1,458.8
51175,48251.25,459
51176,48251.4,459.2
51177,48251.55,459.4
51178,48251.7,459.6
51179,48251.85,459.8
51180,48252,460
51181,48252.2,460.15
51182,48252.4,460.3
51183,48252.6,460.45
51184,48252.8,460.6
51185,48253,460.75
51186,48253.2,460.9
51187,48253.4,461.05
51188,48253.6,461.2
51189,48253.8,461.35
51190,48254,461.5
51191,48254.2,461.65
51192,48254.4,461.8
51193,48254.6,461.95
51194,48254.8,462.1
51195,48255,462.25
51196,48255.2,462.4
51197,48255.4,462.55
51198,48255.6,462.7
51199,48255.8,462.85
51200,48256,463
51201,48256.2,463.2
51202,48256.4,463.4
51203,48256.6,463.6
51204,48256.8,463.8
51205,48257,464
51206,48257.2,464.2
51207,48257.4,464.4
51208,48257.6,464.6
51209,48257.8,464.8
51210,48258,465
51211,48258.2,465.2
51212,48258.4,465.4
51213,48258.6,465.6
51214,48258.8,465.8
51215,48259,466
51216,48259.2,466.2
51217,48259.4,466.4
51218,48259.6,466.6
51219,48259.8,466.8
51220,48260,467
51221,48260.15,467.05
51222,48260.3,467.1
51223,48260.45,467.15
51224,48260.6,467.2
51225,48260.75,467.25
51226,48260.9,467.3
51227,48261.05,467.35
51228,48261.2,467.4
51229,48261.35,467.45
51230,48261.5,467.5
51231,48261.65,467.55
51232,48261.8,467.6
51233,48261.95,467.65
51234,48262.1,467.7
51235,48262.25,467.75
51236,48262.4,467.8
51237,48262.55,467.85
51238,48262.7,467.9
51239,48262.85,467.95
51240,48263,468
51241,48263.25,468.05
51242,48263.5,468.1
51243,48263.75,468.15
51244,48264,468.2
51245,48264.25,468.25
51246,48264.5,468.3
51247,48264.75,468.35
51248,48265,468.4
51249,48265.25,468.45
51250,48265.5,468.5
51251,48265.75,468.55
51252,48266,468.6
51253,48266.25,468.65
51254,48266.5,468.7
51255,48266.75,468.75
51256,48267,468.8
51257,48267.25,468.85
51258,48267.5,468.9
51259,48267.75,468.95
51260,48268,469
51261,48268.15,469.05
51262,48268.3,469.1
51263,48268.45,469.15
51264,48268.6,469.2
51265,48268.75,469.25
51266,48268.9,469.3
51267,48269.05,469.35
51268,48269.2,469.4
51269,48269.35,469.45
51270,48269.5,469.5
51271,48269.65,469.55
51272,48269.8,469.6
51273,48269.95,469.65
51274,48270.1,469.7
51275,48270.25,469.75
51276,48270.4,469.8
51277,48270.55,469.85
51278,48270.7,469.9
51279,48270.85,469.95
51280,48271,470
51281,48271.25,469.95
51282,48271.5,469.9
51283,48271.75,469.85
51284,48272,469.8
51285,48272.25,469.75
51286,48272.5,469.7
51287,48272.75,469.65
51288,48273,469.6
51289,48273.25,469.55
51290,48273.5,469.5
51291,48273.75,469.45
51292,48274,469.4
51293,48274.25,469.35
51294,48274.5,469.3
51295,48274.75,469.25
51296,48275,469.2
51297,48275.25,469.15
51298,48275.5,469.1
51299,48275.75,469.05
51300,48276,469
51301,48276.3,468.95
51302,48276.6,468.9
51303,48276.9,468.85
51304,48277.2,468.8
51305,48277.5,468.75
51306,48277.8,468.7
51307,48278.1,468.65
51308,48278.4,468.6
51309,48278.7,468.55
51310,48279,468.5
51311,48279.3,468.45
51312,48279.6,468.4
51313,48279.9,468.35
51314,48280.2,468.3
51315,48280.5,468.25
51316,48280.8,468.2
51317,48281.1,468.15
51318,48281.4,468.1
51319,48281.7,468.05
51320,48282,468
51321,48282.25,467.95
51322,48282.5,467.9
51323,48282.75,467.85
51324,48283,467.8
51325,48283.25,467.75
51326,48283.5,467.7
51327,48283.75,467.65
51328,48284,467.6
51329,48284.25,467.55
51330,48284.5,467.5
51331,48284.75,467.45
51332,48285,467.4
51333,48285.25,467.35
51334,48285.5,467.3
51335,48285.75,467.25
51336,48286,467.2
51337,48286.25,467.15
51338,48286.5,467.1
51339,48286.75,467.05
51340,48287,467
51341,48287.15,466.9
51342,48287.3,466.8
51343,48287.45,466.7
51344,48287.6,466.6
51345,48287.75,466.5
51346,48287.9,466.4
51347,48288.05,466.3
51348,48288.2,466.2
51349,48288.35,466.1
51350,48288.5,466
51351,48288.65,465.9
51352,48288.8,465.8
51353,48288.95,465.7
51354,48289.1,465.6
51355,48289.25,465.5
51356,48289.4,465.4
51357,48289.55,465.3
51358,48289.7,465.2
51359,48289.85,465.1
51360,48290,465
51361,48290.25,464.85
51362,48290.5,464.7
51363,48290.75,464.55
51364,48291,464.4
51365,48291.25,464.25
51366,48291.5,464.1
51367,48291.75,463.95
51368,48292,463.8
51369,48292.25,463.65
51370,48292.5,463.5
51371,48292.75,463.35
51372,48293,463.2
51373,48293.25,463.05
51374,48293.5,462.9
51375,48293.75,462.75
51376,48294,462.6
51377,48294.25,462.45
51378,48294.5,462.3
51379,48294.75,462.15
51380,48295,462
51381,48295.4,461.95
51382,48295.8,461.9
51383,48296.2,461.85
51384,48296.6,461.8
51385,48297,461.75
51386,48297.4,461.7
51387,48297.8,461.65
51388,48298.2,461.6
51389,48298.6,461.55
51390,48299,461.5
51391,48299.4,461.45
51392,48299.8,461.4
51393,48300.2,461.35
51394,48300.6,461.3
51395,48301,461.25
51396,48301.4,461.2
51397,48301.8,461.15
51398,48302.2,461.1
51399,48302.6,461.05
51400,48303,461
51401,48303.2,460.8
51402,48303.4,460.6
51403,48303.6,460.4
51404,48303.8,460.2
51405,48304,460
51406,48304.2,459.8
51407,48304.4,459.6
51408,48304.6,459.4
51409,48304.8,459.2
51410,48305,459
51411,48305.2,458.8
51412,48305.4,458.6
51413,48305.6,458.4
51414,48305.8,458.2
51415,48306,458
51416,48306.2,457.8
51417,48306.4,457.6
51418,48306.6,457.4
51419,48306.8,457.2
51420,48307,457
51421,48307.3,456.9
51422,48307.6,456.8
51423,48307.9,456.7
51424,48308.2,456.6
51425,48308.5,456.5
51426,48308.8,456.4
51427,48309.1,456.3
51428,48309.4,456.2
51429,48309.7,456.1
51430,48310,456
51431,48310.3,455.9
51432,48310.6,455.8
51433,48310.9,455.7
51434,48311.2,455.6
51435,48311.5,455.5
51436,48311.8,455.4
51437,48312.1,455.3
51438,48312.4,455.2
51439,48312.7,455.1
51440,48313,455
51441,48313.35,454.85
51442,48313.7,454.7
51443,48314.05,454.55
51444,48314.4,454.4
51445,48314.75,454.25
51446,48315.1,454.1
51447,48315.45,453.95
51448,48315.8,453.8
51449,48316.15,453.65
51450,48316.5,453.5
51451,48316.85,453.35
51452,48317.2,453.2
51453,48317.55,453.05
51454,48317.9,452.9
51455,48318.25,452.75
51456,48318.6,452.6
51457,48318.95,452.45
51458,48319.3,452.3
51459,48319.65,452.15
51460,48320,452
51461,48320.4,451.85
51462,48320.8,451.7
51463,48321.2,451.55
51464,48321.6,451.4
51465,48322,451.25
51466,48322.4,451.1
51467,48322.8,450.95
51468,48323.2,450.8
51469,48323.6,450.65
51470,48324,450.5
51471,48324.4,450.35
51472,48324.8,450.2
51473,48325.2,450.05
51474,48325.6,449.9
51475,48326,449.75
51476,48326.4,449.6
51477,48326.8,449.45
51478,48327.2,449.3
51479,48327.6,449.15
51480,48328,449
51481,48328.35,448.9
51482,48328.7,448.8
51483,48329.05,448.7
51484,48329.4,448.6
51485,48329.75,448.5
51486,48330.1,448.4
51487,48330.45,448.3
51488,48330.8,448.2
51489,48331.15,448.1
51490,48331.5,448
51491,48331.85,447.9
51492,48332.2,447.8
51493,48332.55,447.7
51494,48332.9,447.6
51495,48333.25,447.5
51496,48333.6,447.4
51497,48333.95,447.3
51498,48334.3,447.2
51499,48334.65,447.1
51500,48335,447
51501,48335.4,446.8
51502,48335.8,446.6
51503,48336.2,446.4
51504,48336.6,446.2
51505,48337,446
51506,48337.4,445.8
51507,48337.8,445.6
51508,48338.2,445.4
51509,48338.6,445.2
51510,48339,445
51511,48339.4,444.8
51512,48339.8,444.6
51513,48340.2,444.4
51514,48340.6,444.2
51515,48341,444
51516,48341.4,443.8
51517,48341.8,443.6
51518,48342.2,443.4
51519,48342.6,443.2
51520,48343,443
51521,48343.45,442.95
51522,48343.9,442.9
51523,48344.35,442.85
51524,48344.8,442.8
51525,48345.25,442.75
51526,48345.7,442.7
51527,48346.15,442.65
51528,48346.6,442.6
51529,48347.05,442.55
51530,48347.5,442.5
51531,48347.95,442.45
51532,48348.4,442.4
51533,48348.85,442.35
51534,48349.3,442.3
51535,48349.75,442.25
51536,48350.2,442.2
51537,48350.65,442.15
51538,48351.1,442.1
51539,48351.55,442.05
51540,48352,442
51541,48352.45,441.9
51542,48352.9,441.8
51543,48353.35,441.7
51544,48353.8,441.6
51545,48354.25,441.5
51546,48354.7,441.4
51547,48355.15,441.3
51548,48355.6,441.2
51549,48356.05,441.1
51550,48356.5,441
51551,48356.95,440.9
51552,48357.4,440.8
51553,48357.85,440.7
51554,48358.3,440.6
51555,48358.75,440.5
51556,48359.2,440.4
51557,48359.65,440.3
51558,48360.1,440.2
51559,48360.55,440.1
51560,48361,440
51561,48361.45,439.95
51562,48361.9,439.9
51563,48362.35,439.85
51564,48362.8,439.8
51565,48363.25,439.75
51566,48363.7,439.7
51567,48364.15,439.65
51568,48364.6,439.6
51569,48365.05,439.55
51570,48365.5,439.5
51571,48365.95,439.45
51572,48366.4,439.4
51573,48366.85,439.35
51574,48367.3,439.3
51575,48367.75,439.25
51576,48368.2,439.2
51577,48368.65,439.15
51578,48369.1,439.1
51579,48369.55,439.05
51580,48370,439
51581,48370.5,439
51582,48371,439
51583,48371.5,439
51584,48372,439
51585,48372.5,439
51586,48373,439
51587,48373.5,439
51588,48374,439
51589,48374.5,439
51590,48375,439
51591,48375.5,439
51592,48376,439
51593,48376.5,439
51594,48377,439
51595,48377.5,439
51596,48378,439
51597,48378.5,439
51598,48379,439
51599,48379.5,439
51600,48380,439
51601,48380.5,438.9
51602,48381,438.8
51603,48381.5,438.7
51604,48382,438.6
51605,48382.5,438.5
51606,48383,438.4
51607,48383.5,438.3
51608,48384,438.2
51609,48384.5,438.1
51610,48385,438
51611,48385.5,437.9
51612,48386,437.8
51613,48386.5,437.7
51614,48387,437.6
51615,48387.5,437.5
51616,48388,437.4
51617,48388.5,437.3
51618,48389,437.2
51619,48389.5,437.1
51620,48390,437
51621,48390.65,437.05
51622,48391.3,437.1
51623,48391.95,437.15
51624,48392.6,437.2
51625,48393.25,437.25
51626,48393.9,437.3
51627,48394.55,437.35
51628,48395.2,437.4
51629,48395.85,437.45
51630,48396.5,437.5
51631,48397.15,437.55
51632,48397.8,437.6
51633,48398.45,437.65
51634,48399.1,437.7
51635,48399.75,437.75
51636,48400.4,437.8
51637,48401.05,437.85
51638,48401.7,437.9
51639,48402.35,437.95
51640,48403,438
51641,48403.6,438.05
51642,48404.2,438.1
51643,48404.8,438.15
51644,48405.4,438.2
51645,48406,438.25
51646,48406.6,438.3
51647,48407.2,438.35
51648,48407.8,438.4
51649,48408.4,438.45
51650,48409,438.5
51651,48409.6,438.55
51652,48410.2,438.6
51653,48410.8,438.65
51654,48411.4,438.7
51655,48412,438.75
51656,48412.6,438.8
51657,48413.2,438.85
51658,48413.8,438.9
51659,48414.4,438.95
51660,48415,439
51661,48415.65,439.05
51662,48416.3,439.1
51663,48416.95,439.15
51664,48417.6,439.2
51665,48418.25,439.25
51666,48418.9,439.3
51667,48419.55,439.35
51668,48420.2,439.4
51669,48420.85,439.45
51670,48421.5,439.5
51671,48422.15,439.55
51672,48422.8,439.6
51673,48423.45,439.65
51674,48424.1,439.7
51675,48424.75,439.75
51676,48425.4,439.8
51677,48426.05,439.85
51678,48426.7,439.9
51679,48427.35,439.95
51680,48428,440
51681,48428.6,440.2
51682,48429.2,440.4
51683,48429.8,440.6
51684,48430.4,440.8
51685,48431,441
51686,48431.6,441.2
51687,48432.2,441.4
51688,48432.8,441.6
51689,48433.4,441.8
51690,48434,442
51691,48434.6,442.2
51692,48435.2,442.4
51693,48435.8,442.6
51694,48436.4,442.8
51695,48437,443
51696,48437.6,443.2
51697,48438.2,443.4
51698,48438.8,443.6
51699,48439.4,443.8
51700,48440,444
51701,48440.7,444.05
51702,48441.4,444.1
51703,48442.1,444.15
51704,48442.8,444.2
51705,48443.5,444.25
51706,48444.2,444.3
51707,48444.9,444.35
51708,48445.6,444.4
51709,48446.3,444.45
51710,48447,444.5
51711,48447.7,444.55
51712,48448.4,444.6
51713,48449.1,444.65
51714,48449.8,444.7
51715,48450.5,444.75
51716,48451.2,444.8
51717,48451.9,444.85
51718,48452.6,444.9
51719,48453.3,444.95
51720,48454,445
51721,48454.7,445.2
51722,48455.4,445.4
51723,48456.1,445.6
51724,48456.8,445.8
51725,48457.5,446
51726,48458.2,446.2
51727,48458.9,446.4
51728,48459.6,446.6
51729,48460.3,446.8
51730,48461,447
51731,48461.7,447.2
51732,48462.4,447.4
51733,48463.1,447.6
51734,48463.8,447.8
51735,48464.5,448
51736,48465.2,448.2
51737,48465.9,448.4
51738,48466.6,448.6
51739,48467.3,448.8
51740,48468,449
51741,48468.75,449.2
51742,48469.5,449.4
51743,48470.25,449.6
51744,48471,449.8
51745,48471.75,450
51746,48472.5,450.2
51747,48473.25,450.4
51748,48474,450.6
51749,48474.75,450.8
51750,48475.5,451
51751,48476.25,451.2
51752,48477,451.4
51753,48477.75,451.6
51754,48478.5,451.8
51755,48479.25,452
51756,48480,452.2
51757,48480.75,452.4
51758,48481.5,452.6
51759,48482.25,452.8
51760,48483,453
51761,48483.85,453.15
51762,48484.7,453.3
51763,48485.55,453.45
51764,48486.4,453.6
51765,48487.25,453.75
51766,48488.1,453.9
51767,48488.95,454.05
51768,48489.8,454.2
51769,48490.65,454.35
51770,48491.5,454.5
51771,48492.35,454.65
51772,48493.2,454.8
51773,48494.05,454.95
51774,48494.9,455.1
51775,48495.75,455.25
51776,48496.6,455.4
51777,48497.45,455.55
51778,48498.3,455.7
51779,48499.15,455.85
51780,48500,456
51781,48500.8,456.25
51782,48501.6,456.5
51783,48502.4,456.75
51784,48503.2,457
51785,48504,457.25
51786,48504.8,457.5
51787,48505.6,457.75
51788,48506.4,458
51789,48507.2,458.25
51790,48508,458.5
51791,48508.8,458.75
51792,48509.6,459
51793,48510.4,459.25
51794,48511.2,459.5
51795,48512,459.75
51796,48512.8,460
51797,48513.6,460.25
51798,48514.4,460.5
51799,48515.2,460.75
51800,48516,461
51801,48516.9,461.2
51802,48517.8,461.4
51803,48518.7,461.6
51804,48519.6,461.8
51805,48520.5,462
51806,48521.4,462.2
51807,48522.3,462.4
51808,48523.2,462.6
51809,48524.1,462.8
51810,48525,463
51811,48525.9,463.2
51812,48526.8,463.4
51813,48527.7,463.6
51814,48528.6,463.8
51815,48529.5,464
51816,48530.4,464.2
51817,48531.3,464.4
51818,48532.2,464.6
51819,48533.1,464.8
51820,48534,465
51821,48535,465.25
51822,48536,465.5
51823,48537,465.75
51824,48538,466
51825,48539,466.25
51826,48540,466.5
51827,48541,466.75
51828,48542,467
51829,48543,467.25
51830,48544,467.5
51831,48545,467.75
51832,48546,468
51833,48547,468.25
51834,48548,468.5
51835,48549,468.75
51836,48550,469
51837,48551,469.25
51838,48552,469.5
51839,48553,469.75
51840,48554,470
51841,48554.9,470.25
51842,48555.8,470.5
51843,48556.7,470.75
51844,48557.6,471
51845,48558.5,471.25
51846,48559.4,471.5
51847,48560.3,471.75
51848,48561.2,472
51849,48562.1,472.25
51850,48563,472.5
51851,48563.9,472.75
51852,48564.8,473
51853,48565.7,473.25
51854,48566.6,473.5
51855,48567.5,473.75
51856,48568.4,474
51857,48569.3,474.25
51858,48570.2,474.5
51859,48571.1,474.75
51860,48572,475
51861,48573.05,475.2
51862,48574.1,475.4
51863,48575.15,475.6
51864,48576.2,475.8
51865,48577.25,476
51866,48578.3,476.2
51867,48579.35,476.4
51868,48580.4,476.6
51869,48581.45,476.8
51870,48582.5,477
51871,48583.55,477.2
51872,48584.6,477.4
51873,48585.65,477.6
51874,48586.7,477.8
51875,48587.75,478
51876,48588.8,478.2
51877,48589.85,478.4
51878,48590.9,478.6
51879,48591.95,478.8
51880,48593,479
51881,48594,479.25
51882,48595,479.5
51883,48596,479.75
51884,48597,480
51885,48598,480.25
51886,48599,480.5
51887,48600,480.75
51888,48601,481
51889,48602,481.25
51890,48603,481.5
51891,48604,481.75
51892,48605,482
51893,48606,482.25
51894,48607,482.5
51895,48608,482.75
51896,48609,483
51897,48610,483.25
51898,48611,483.5
51899,48612,483.75
51900,48613,484
51901,48614.15,484.2
51902,48615.3,484.4
51903,48616.45,484.6
51904,48617.6,484.8
51905,48618.75,485
51906,48619.9,485.2
51907,48621.05,485.4
51908,48622.2,485.6
51909,48623.35,485.8
51910,48624.5,486
51911,48625.65,486.2
51912,48626.8,486.4
51913,48627.95,486.6
51914,48629.1,486.8
51915,48630.25,487
51916,48631.4,487.2
51917,48632.55,487.4
51918,48633.7,487.6
51919,48634.85,487.8
51920,48636,488
51921,48637.1,488.3
51922,48638.2,488.6
51923,48639.3,488.9
51924,48640.4,489.2
51925,48641.5,489.5
51926,48642.6,489.8
51927,48643.7,490.1
51928,48644.8,490.4
51929,48645.9,490.7
51930,48647,491
51931,48648.1,491.3
51932,48649.2,491.6
51933,48650.3,491.9
51934,48651.4,492.2
51935,48652.5,492.5
51936,48653.6,492.8
51937,48654.7,493.1
51938,48655.8,493.4
51939,48656.9,493.7
51940,48658,494
51941,48659.15,494.15
51942,48660.3,494.3
51943,48661.45,494.45
51944,48662.6,494.6
51945,48663.75,494.75
51946,48664.9,494.9
51947,48666.05,495.05
51948,48667.2,495.2
51949,48668.35,495.35
51950,48669.5,495.5
51951,48670.65,495.65
51952,48671.8,495.8
51953,48672.95,495.95
51954,48674.1,496.1
51955,48675.25,496.25
51956,48676.4,496.4
51957,48677.55,496.55
51958,48678.7,496.7
51959,48679.85,496.85
51960,48681,497
51961,48682.2,497.2
51962,48683.4,497.4
51963,48684.6,497.6
51964,48685.8,497.8
51965,48687,498
51966,48688.2,498.2
51967,48689.4,498.4
51968,48690.6,498.6
51969,48691.8,498.8
51970,48693,499
51971,48694.2,499.2
51972,48695.4,499.4
51973,48696.6,499.6
51974,48697.8,499.8
51975,48699,500
51976,48700.2,500.2
51977,48701.4,500.4
51978,48702.6,500.6
51979,48703.8,500.8
51980,48705,501
51981,48706.25,501.15
51982,48707.5,501.3
51983,48708.75,501.45
51984,48710,501.6
51985,48711.25,501.75
51986,48712.5,501.9
51987,48713.75,502.05
51988,48715,502.2
51989,48716.25,502.35
51990,48717.5,502.5
51991,48718.75,502.65
51992,48720,502.8
51993,48721.25,502.95
51994,48722.5,503.1
51995,48723.75,503.25
51996,48725,503.4
51997,48726.25,503.55
51998,48727.5,503.7
51999,48728.75,503.85
52000,48730,504
52001,48731.35,504.15
52002,48732.7,504.3
52003,48734.05,504.45
52004,48735.4,504.6
52005,48736.75,504.75
52006,48738.1,504.9
52007,48739.45,505.05
52008,48740.8,505.2
52009,48742.15,505.35
52010,48743.5,505.5
52011,48744.85,505.65
52012,48746.2,505.8
52013,48747.55,505.95
52014,48748.9,506.1
52015,48750.25,506.25
52016,48751.6,506.4
52017,48752.95,506.55
52018,48754.3,506.7
52019,48755.65,506.85
52020,48757,507
52021,48758.35,507.1
52022,48759.7,507.2
52023,48761.05,507.3
52024,48762.4,507.4
52025,48763.75,507.5
52026,48765.1,507.6
52027,48766.45,507.7
52028,48767.8,507.8
52029,48769.15,507.9
52030,48770.5,508
52031,48771.85,508.1
52032,48773.2,508.2
52033,48774.55,508.3
52034,48775.9,508.4
52035,48777.25,508.5
52036,48778.6,508.6
52037,48779.95,508.7
52038,48781.3,508.8
52039,48782.65,508.9
52040,48784,509
52041,48785.45,509.1
52042,48786.9,509.2
52043,48788.35,509.3
52044,48789.8,509.4
52045,48791.25,509.5
52046,48792.7,509.6
52047,48794.15,509.7
52048,48795.6,509.8
52049,48797.05,509.9
52050,48798.5,510
52051,48799.95,510.1
52052,48801.4,510.2
52053,48802.85,510.3
52054,48804.3,510.4
52055,48805.75,510.5
52056,48807.2,510.6
52057,48808.65,510.7
52058,48810.1,510.8
52059,48811.55,510.9
52060,48813,511
52061,48814.45,511
52062,48815.9,511
52063,48817.35,511
52064,48818.8,511
52065,48820.25,511
52066,48821.7,511
52067,48823.15,511
52068,48824.6,511
52069,48826.05,511
52070,48827.5,511
52071,48828.95,511
52072,48830.4,511
52073,48831.85,511
52074,48833.3,511
52075,48834.75,511
52076,48836.2,511
52077,48837.65,511
52078,48839.1,511
52079,48840.55,511
52080,48842,511
52081,48843.55,511.05
52082,48845.1,511.1
52083,48846.65,511.15
52084,48848.2,511.2
52085,48849.75,511.25
52086,48851.3,511.3
52087,48852.85,511.35
52088,48854.4,511.4
52089,48855.95,511.45
52090,48857.5,511.5
52091,48859.05,511.55
52092,48860.6,511.6
52093,48862.15,511.65
52094,48863.7,511.7
52095,48865.25,511.75
52096,48866.8,511.8
52097,48868.35,511.85
52098,48869.9,511.9
52099,48871.45,511.95
52100,48873,512
52101,48874.55,512
52102,48876.1,512
52103,48877.65,512
52104,48879.2,512
52105,48880.75,512
52106,48882.3,512
52107,48883.85,512
52108,48885.4,512
52109,48886.95,512
52110,48888.5,512
52111,48890.05,512
52112,48891.6,512
52113,48893.15,512
52114,48894.7,512
52115,48896.25,512
52116,48897.8,512
52117,48899.35,512
52118,48900.9,512
52119,48902.45,512
52120,48904,512
52121,48905.5,511.95
52122,48907,511.9
52123,48908.5,511.85
52124,48910,511.8
52125,48911.5,511.75
52126,48913,511.7
52127,48914.5,511.65
52128,48916,511.6
52129,48917.5,511.55
52130,48919,511.5
52131,48920.5,511.45
52132,48922,511.4
52133,48923.5,511.35
52134,48925,511.3
52135,48926.5,511.25
52136,48928,511.2
52137,48929.5,511.15
52138,48931,511.1
52139,48932.5,511.05
52140,48934,511
52141,48935.65,510.95
52142,48937.3,510.9
52143,48938.95,510.85
52144,48940.6,510.8
52145,48942.25,510.75
52146,48943.9,510.7
52147,48945.55,510.65
52148,48947.2,510.6
52149,48948.85,510.55
52150,48950.5,510.5
52151,48952.15,510.45
52152,48953.8,510.4
52153,48955.45,510.35
52154,48957.1,510.3
52155,48958.75,510.25
52156,48960.4,510.2
52157,48962.05,510.15
52158,48963.7,510.1
52159,48965.35,510.05
52160,48967,510
52161,48968.65,509.95
52162,48970.3,509.9
52163,48971.95,509.85
52164,48973.6,509.8
52165,48975.25,509.75
52166,48976.9,509.7
52167,48978.55,509.65
52168,48980.2,509.6
52169,48981.85,509.55
52170,48983.5,509.5
52171,48985.15,509.45
52172,48986.8,509.4
52173,48988.45,509.35
52174,48990.1,509.3
52175,48991.75,509.25
52176,48993.4,509.2
52177,48995.05,509.15
52178,48996.7,509.1
52179,48998.35,509.05
52180,49000,509
52181,49001.75,508.85
52182,49003.5,508.7
52183,49005.25,508.55
52184,49007,508.4
52185,49008.75,508.25
52186,49010.5,508.1
52187,49012.25,507.95
52188,49014,507.8
52189,49015.75,507.65
52190,49017.5,507.5
52191,49019.25,507.35
52192,49021,507.2
52193,49022.75,507.05
52194,49024.5,506.9
52195,49026.25,506.75
52196,49028,506.6
52197,49029.75,506.45
52198,49031.5,506.3
52199,49033.25,506.15
52200,49035,506
52201,49036.7,505.9
52202,49038.4,505.8
52203,49040.1,505.7
52204,49041.8,505.6
52205,49043.5,505.5
52206,49045.2,505.4
52207,49046.9,505.3
52208,49048.6,505.2
52209,49050.3,505.1
52210,49052,505
52211,49053.7,504.9
52212,49055.4,504.8
52213,49057.1,504.7
52214,49058.8,504.6
52215,49060.5,504.5
52216,49062.2,504.4
52217,49063.9,504.3
52218,49065.6,504.2
52219,49067.3,504.1
52220,49069,504
52221,49070.7,503.85
52222,49072.4,503.7
52223,49074.1,503.55
52224,49075.8,503.4
52225,49077.5,503.25
52226,49079.2,503.1
52227,49080.9,502.95
52228,49082.6,502.8
52229,49084.3,502.65
52230,49086,502.5
52231,49087.7,502.35
52232,49089.4,502.2
52233,49091.1,502.05
52234,49092.8,501.9
52235,49094.5,501.75
52236,49096.2,501.6
52237,49097.9,501.45
52238,49099.6,501.3
52239,49101.3,501.15
52240,49103,501
52241,49104.8,500.85
52242,49106.6,500.7
52243,49108.4,500.55
52244,49110.2,500.4
52245,49112,500.25
52246,49113.8,500.1
52247,49115.6,499.95
52248,49117.4,499.8
52249,49119.2,499.65
52250,49121,499.5
52251,49122.8,499.35
52252,49124.6,499.2
52253,49126.4,499.05
52254,49128.2,498.9
52255,49130,498.75
52256,49131.8,498.6
52257,49133.6,498.45
52258,49135.4,498.3
52259,49137.2,498.15
52260,49139,498
52261,49140.8,497.85
52262,49142.6,497.7
52263,49144.4,497.55
52264,49146.2,497.4
52265,49148,497.25
52266,49149.8,497.1
52267,49151.6,496.95
52268,49153.4,496.8
52269,49155.2,496.65
52270,49157,496.5
52271,49158.8,496.35
52272,49160.6,496.2
52273,49162.4,496.05
52274,49164.2,495.9
52275,49166,495.75
52276,49167.8,495.6
52277,49169.6,495.45
52278,49171.4,495.3
52279,49173.2,495.15
52280,49175,495
52281,49176.8,494.9
52282,49178.6,494.8
52283,49180.4,494.7
52284,49182.2,494.6
52285,49184,494.5
52286,49185.8,494.4
52287,49187.6,494.3
52288,49189.4,494.2
52289,49191.2,494.1
52290,49193,494
52291,49194.8,493.9
52292,49196.6,493.8
52293,49198.4,493.7
52294,49200.2,493.6
52295,49202,493.5
52296,49203.8,493.4
52297,49205.6,493.3
52298,49207.4,493.2
52299,49209.2,493.1
52300,49211,493
52301,49212.85,492.85
52302,49214.7,492.7
52303,49216.55,492.55
52304,49218.4,492.4
52305,49220.25,492.25
52306,49222.1,492.1
52307,49223.95,491.95
52308,49225.8,491.8
52309,49227.65,491.65
52310,49229.5,491.5
52311,49231.35,491.35
52312,49233.2,491.2
52313,49235.05,491.05
52314,49236.9,490.9
52315,49238.75,490.75
52316,49240.6,490.6
52317,49242.45,490.45
52318,49244.3,490.3
52319,49246.15,490.15
52320,49248,490
52321,49249.85,489.9
52322,49251.7,489.8
52323,49253.55,489.7
52324,49255.4,489.6
52325,49257.25,489.5
52326,49259.1,489.4
52327,49260.95,489.3
52328,49262.8,489.2
52329,49264.65,489.1
52330,49266.5,489
52331,49268.35,488.9
52332,49270.2,488.8
52333,49272.05,488.7
52334,49273.9,488.6
52335,49275.75,488.5
52336,49277.6,488.4
52337,49279.45,488.3
52338,49281.3,488.2
52339,49283.15,488.1
52340,49285,488
52341,49286.85,487.8
52342,49288.7,487.6
52343,49290.55,487.4
52344,49292.4,487.2
52345,49294.25,487
52346,49296.1,486.8
52347,49297.95,486.6
52348,49299.8,486.4
52349,49301.65,486.2
52350,49303.5,486
52351,49305.35,485.8
52352,49307.2,485.6
52353,49309.05,485.4
52354,49310.9,485.2
52355,49312.75,485
52356,49314.6,484.8
52357,49316.45,484.6
52358,49318.3,484.4
52359,49320.15,484.2
52360,49322,484
52361,49323.8,483.9
52362,49325.6,483.8
52363,49327.4,483.7
52364,49329.2,483.6
52365,49331,483.5
52366,49332.8,483.4
52367,49334.6,483.3
52368,49336.4,483.2
52369,49338.2,483.1
52370,49340,483
52371,49341.8,482.9
52372,49343.6,482.8
52373,49345.4,482.7
52374,49347.2,482.6
52375,49349,482.5
52376,49350.8,482.4
52377,49352.6,482.3
52378,49354.4,482.2
52379,49356.2,482.1
52380,49358,482
52381,49359.9,481.95
52382,49361.8,481.9
52383,49363.7,481.85
52384,49365.6,481.8
52385,49367.5,481.75
52386,49369.4,481.7
52387,49371.3,481.65
52388,49373.2,481.6
52389,49375.1,481.55
52390,49377,481.5
52391,49378.9,481.45
52392,49380.8,481.4
52393,49382.7,481.35
52394,49384.6,481.3
52395,49386.5,481.25
52396,49388.4,481.2
52397,49390.3,481.15
52398,49392.2,481.1
52399,49394.1,481.05
52400,49396,481
52401,49397.85,480.85
52402,49399.7,480.7
52403,49401.55,480.55
52404,49403.4,480.4
52405,49405.25,480.25
52406,49407.1,480.1
52407,49408.95,479.95
52408,49410.8,479.8
52409,49412.65,479.65
52410,49414.5,479.5
52411,49416.35,479.35
52412,49418.2,479.2
52413,49420.05,479.05
52414,49421.9,478.9
52415,49423.75,478.75
52416,49425.6,478.6
52417,49427.45,478.45
52418,49429.3,478.3
52419,49431.15,478.15
52420,49433,478
52421,49434.8,477.95
52422,49436.6,477.9
52423,49438.4,477.85
52424,49440.2,477.8
52425,49442,477.75
52426,49443.8,477.7
52427,49445.6,477.65
52428,49447.4,477.6
52429,49449.2,477.55
52430,49451,477.5
52431,49452.8,477.45
52432,49454.6,477.4
52433,49456.4,477.35
52434,49458.2,477.3
52435,49460,477.25
52436,49461.8,477.2
52437,49463.6,477.15
52438,49465.4,477.1
52439,49467.2,477.05
52440,49469,477
52441,49470.85,477
52442,49472.7,477
52443,49474.55,477
52444,49476.4,477
52445,49478.25,477
52446,49480.1,477
52447,49481.95,477
52448,49483.8,477
52449,49485.65,477
52450,49487.5,477
52451,49489.35,477
52452,49491.2,477
52453,49493.05,477
52454,49494.9,477
52455,49496.75,477
52456,49498.6,477
52457,49500.45,477
52458,49502.3,477
52459,49504.15,477
52460,49506,477
52461,49507.85,477
52462,49509.7,477
52463,49511.55,477
52464,49513.4,477
52465,49515.25,477
52466,49517.1,477
52467,49518.95,477
52468,49520.8,477
52469,49522.65,477
52470,49524.5,477
52471,49526.35,477
52472,49528.2,477
52473,49530.05,477
52474,49531.9,477
52475,49533.75,477
52476,49535.6,477
52477,49537.45,477
52478,49539.3,477
52479,49541.15,477
52480,49543,477
52481,49544.8,477.05
52482,49546.6,477.1
52483,49548.4,477.15
52484,49550.2,477.2
52485,49552,477.25
52486,49553.8,477.3
52487,49555.6,477.35
52488,49557.4,477.4
52489,49559.2,477.45
52490,49561,477.5
52491,49562.8,477.55
52492,49564.6,477.6
52493,49566.4,477.65
52494,49568.2,477.7
52495,49570,477.75
52496,49571.8,477.8
52497,49573.6,477.85
52498,49575.4,477.9
52499,49577.2,477.95
52500,49579,478
52501,49580.85,478.05
52502,49582.7,478.1
52503,49584.55,478.15
52504,49586.4,478.2
52505,49588.25,478.25
52506,49590.1,478.3
52507,49591.95,478.35
52508,49593.8,478.4
52509,49595.65,478.45
52510,49597.5,478.5
52511,49599.35,478.55
52512,49601.2,478.6
52513,49603.05,478.65
52514,49604.9,478.7
52515,49606.75,478.75
52516,49608.6,478.8
52517,49610.45,478.85
52518,49612.3,478.9
52519,49614.15,478.95
52520,49616,479
52521,49617.75,479.1
52522,49619.5,479.2
52523,49621.25,479.3
52524,49623,479.4
52525,49624.75,479.5
52526,49626.5,479.6
52527,49628.25,479.7
52528,49630,479.8
52529,49631.75,479.9
52530,49633.5,480
52531,49635.25,480.1
52532,49637,480.2
52533,49638.75,480.3
52534,49640.5,480.4
52535,49642.25,480.5
52536,49644,480.6
52537,49645.75,480.7
52538,49647.5,480.8
52539,49649.25,480.9
52540,49651,481
52541,49652.75,481.15
52542,49654.5,481.3
52543,49656.25,481.45
52544,49658,481.6
52545,49659.75,481.75
52546,49661.5,481.9
52547,49663.25,482.05
52548,49665,482.2
52549,49666.75,482.35
52550,49668.5,482.5
52551,49670.25,482.65
52552,49672,482.8
52553,49673.75,482.95
52554,49675.5,483.1
52555,49677.25,483.25
52556,49679,483.4
52557,49680.75,483.55
52558,49682.5,483.7
52559,49684.25,483.85
52560,49686,484
52561,49687.7,484.1
52562,49689.4,484.2
52563,49691.1,484.3
52564,49692.8,484.4
52565,49694.5,484.5
52566,49696.2,484.6
52567,49697.9,484.7
52568,49699.6,484.8
52569,49701.3,484.9
52570,49703,485
52571,49704.7,485.1
52572,49706.4,485.2
52573,49708.1,485.3
52574,49709.8,485.4
52575,49711.5,485.5
52576,49713.2,485.6
52577,49714.9,485.7
52578,49716.6,485.8
52579,49718.3,485.9
52580,49720,486
52581,49721.7,486.15
52582,49723.4,486.3
52583,49725.1,486.45
52584,49726.8,486.6
52585,49728.5,486.75
52586,49730.2,486.9
52587,49731.9,487.05
52588,49733.6,487.2
52589,49735.3,487.35
52590,49737,487.5
52591,49738.7,487.65
52592,49740.4,487.8
52593,49742.1,487.95
52594,49743.8,488.1
52595,49745.5,488.25
52596,49747.2,488.4
52597,49748.9,488.55
52598,49750.6,488.7
52599,49752.3,488.85
52600,49754,489
52601,49755.65,489.2
52602,49757.3,489.4
52603,49758.95,489.6
52604,49760.6,489.8
52605,49762.25,490
52606,49763.9,490.2
52607,49765.55,490.4
52608,49767.2,490.6
52609,49768.85,490.8
52610,49770.5,491
52611,49772.15,491.2
52612,49773.8,491.4
52613,49775.45,491.6
52614,49777.1,491.8
52615,49778.75,492
52616,49780.4,492.2
52617,49782.05,492.4
52618,49783.7,492.6
52619,49785.35,492.8
52620,49787,493
52621,49788.6,493.25
52622,49790.2,493.5
52623,49791.8,493.75
52624,49793.4,494
52625,49795,494.25
52626,49796.6,494.5
52627,49798.2,494.75
52628,49799.8,495
52629,49801.4,495.25
52630,49803,495.5
52631,49804.6,495.75
52632,49806.2,496
52633,49807.8,496.25
52634,49809.4,496.5
52635,49811,496.75
52636,49812.6,497
52637,49814.2,497.25
52638,49815.8,497.5
52639,49817.4,497.75
52640,49819,498
52641,49820.6,498.25
52642,49822.2,498.5
52643,49823.8,498.75
52644,49825.4,499
52645,49827,499.25
52646,49828.6,499.5
52647,49830.2,499.75
52648,49831.8,500
52649,49833.4,500.25
52650,49835,500.5
52651,49836.6,500.75
52652,49838.2,501
52653,49839.8,501.25
52654,49841.4,501.5
52655,49843,501.75
52656,49844.6,502
52657,49846.2,502.25
52658,49847.8,502.5
52659,49849.4,502.75
52660,49851,503
52661,49852.55,503.25
52662,49854.1,503.5
52663,49855.65,503.75
52664,49857.2,504
52665,49858.75,504.25
52666,49860.3,504.5
52667,49861.85,504.75
52668,49863.4,505
52669,49864.95,505.25
52670,49866.5,505.5
52671,49868.05,505.75
52672,49869.6,506
52673,49871.15,506.25
52674,49872.7,506.5
52675,49874.25,506.75
52676,49875.8,507
52677,49877.35,507.25
52678,49878.9,507.5
52679,49880.45,507.75
52680,49882,508
52681,49883.5,508.3
52682,49885,508.6
52683,49886.5,508.9
52684,49888,509.2
52685,49889.5,509.5
52686,49891,509.8
52687,49892.5,510.1
52688,49894,510.4
52689,49895.5,510.7
52690,49897,511
52691,49898.5,511.3
52692,49900,511.6
52693,49901.5,511.9
52694,49903,512.2
52695,49904.5,512.5
52696,49906,512.8
52697,49907.5,513.1
52698,49909,513.4
52699,49910.5,513.7
52700,49912,514
52701,49913.35,514.25
52702,49914.7,514.5
52703,49916.05,514.75
52704,49917.4,515
52705,49918.75,515.25
52706,49920.1,515.5
52707,49921.45,515.75
52708,49922.8,516
52709,49924.15,516.25
52710,49925.5,516.5
52711,49926.85,516.75
52712,49928.2,517
52713,49929.55,517.25
52714,49930.9,517.5
52715,49932.25,517.75
52716,49933.6,518
52717,49934.95,518.25
52718,49936.3,518.5
52719,49937.65,518.75
52720,49939,519
52721,49940.45,519.3
52722,49941.9,519.6
52723,49943.35,519.9
52724,49944.8,520.2
52725,49946.25,520.5
52726,49947.7,520.8
52727,49949.15,521.1
52728,49950.6,521.4
52729,49952.05,521.7
52730,49953.5,522
52731,49954.95,522.3
52732,49956.4,522.6
52733,49957.85,522.9
52734,49959.3,523.2
52735,49960.75,523.5
52736,49962.2,523.8
52737,49963.65,524.1
52738,49965.1,524.4
52739,49966.55,524.7
52740,49968,525
52741,49969.25,525.35
52742,49970.5,525.7
52743,49971.75,526.05
52744,49973,526.4
52745,49974.25,526.75
52746,49975.5,527.1
52747,49976.75,527.45
52748,49978,527.8
52749,49979.25,528.15
52750,49980.5,528.5
52751,49981.75,528.85
52752,49983,529.2
52753,49984.25,529.55
52754,49985.5,529.9
52755,49986.75,530.25
52756,49988,530.6
52757,49989.25,530.95
52758,49990.5,531.3
52759,49991.75,531.65
52760,49993,532
52761,49994.3,532.3
52762,49995.6,532.6
52763,49996.9,532.9
52764,49998.2,533.2
52765,49999.5,533.5
52766,50000.8,533.8
52767,50002.1,534.1
52768,50003.4,534.4
52769,50004.7,534.7
52770,50006,535
52771,50007.3,535.3
52772,50008.6,535.6
52773,50009.9,535.9
52774,50011.2,536.2
52775,50012.5,536.5
52776,50013.8,536.8
52777,50015.1,537.1
52778,50016.4,537.4
52779,50017.7,537.7
52780,50019,538
52781,50020.15,538.25
52782,50021.3,538.5
52783,50022.45,538.75
52784,50023.6,539
52785,50024.75,539.25
52786,50025.9,539.5
52787,50027.05,539.75
52788,50028.2,540
52789,50029.35,540.25
52790,50030.5,540.5
52791,50031.65,540.75
52792,50032.8,541
52793,50033.95,541.25
52794,50035.1,541.5
52795,50036.25,541.75
52796,50037.4,542
52797,50038.55,542.25
52798,50039.7,542.5
52799,50040.85,542.75
52800,50042,543
52801,50043.1,543.25
52802,50044.2,543.5
52803,50045.3,543.75
52804,50046.4,544
52805,50047.5,544.25
52806,50048.6,544.5
52807,50049.7,544.75
52808,50050.8,545
52809,50051.9,545.25
52810,50053,545.5
52811,50054.1,545.75
52812,50055.2,546
52813,50056.3,546.25
52814,50057.4,546.5
52815,50058.5,546.75
52816,50059.6,547
52817,50060.7,547.25
52818,50061.8,547.5
52819,50062.9,547.75
52820,50064,548
52821,50065.05,548.25
52822,50066.1,548.5
52823,50067.15,548.75
52824,50068.2,549
52825,50069.25,549.25
52826,50070.3,549.5
52827,50071.35,549.75
52828,50072.4,550
52829,50073.45,550.25
52830,50074.5,550.5
52831,50075.55,550.75
52832,50076.6,551
52833,50077.65,551.25
52834,50078.7,551.5
52835,50079.75,551.75
52836,50080.8,552
52837,50081.85,552.25
52838,50082.9,552.5
52839,50083.95,552.75
52840,50085,553
52841,50085.9,553.3
52842,50086.8,553.6
52843,50087.7,553.9
52844,50088.6,554.2
52845,50089.5,554.5
52846,50090.4,554.8
52847,50091.3,555.1
52848,50092.2,555.4
52849,50093.1,555.7
52850,50094,556
52851,50094.9,556.3
52852,50095.8,556.6
52853,50096.7,556.9
52854,50097.6,557.2
52855,50098.5,557.5
52856,50099.4,557.8
52857,50100.3,558.1
52858,50101.2,558.4
52859,50102.1,558.7
52860,50103,559
52861,50103.9,559.15
52862,50104.8,559.3
52863,50105.7,559.45
52864,50106.6,559.6
52865,50107.5,559.75
52866,50108.4,559.9
52867,50109.3,560.05
52868,50110.2,560.2
52869,50111.1,560.35
52870,50112,560.5
52871,50112.9,560.65
52872,50113.8,560.8
52873,50114.7,560.95
52874,50115.6,561.1
52875,50116.5,561.25
52876,50117.4,561.4
52877,50118.3,561.55
52878,50119.2,561.7
52879,50120.1,561.85
52880,50121,562
52881,50121.8,562.2
52882,50122.6,562.4
52883,50123.4,562.6
52884,50124.2,562.8
52885,50125,563
52886,50125.8,563.2
52887,50126.6,563.4
52888,50127.4,563.6
52889,50128.2,563.8
52890,50129,564
52891,50129.8,564.2
52892,50130.6,564.4
52893,50131.4,564.6
52894,50132.2,564.8
52895,50133,565
52896,50133.8,565.2
52897,50134.6,565.4
52898,50135.4,565.6
52899,50136.2,565.8
52900,50137,566
52901,50137.7,566.1
52902,50138.4,566.2
52903,50139.1,566.3
52904,50139.8,566.4
52905,50140.5,566.5
52906,50141.2,566.6
52907,50141.9,566.7
52908,50142.6,566.8
52909,50143.3,566.9
52910,50144,567
52911,50144.7,567.1
52912,50145.4,567.2
52913,50146.1,567.3
52914,50146.8,567.4
52915,50147.5,567.5
52916,50148.2,567.6
52917,50148.9,567.7
52918,50149.6,567.8
52919,50150.3,567.9
52920,50151,568
52921,50151.6,568.15
52922,50152.2,568.3
52923,50152.8,568.45
52924,50153.4,568.6
52925,50154,568.75
52926,50154.6,568.9
52927,50155.2,569.05
52928,50155.8,569.2
52929,50156.4,569.35
52930,50157,569.5
52931,50157.6,569.65
52932,50158.2,569.8
52933,50158.8,569.95
52934,50159.4,570.1
52935,50160,570.25
52936,50160.6,570.4
52937,50161.2,570.55
52938,50161.8,570.7
52939,50162.4,570.85
52940,50163,571
52941,50163.45,571.05
52942,50163.9,571.1
52943,50164.35,571.15
52944,50164.8,571.2
52945,50165.25,571.25
52946,50165.7,571.3
52947,50166.15,571.35
52948,50166.6,571.4
52949,50167.05,571.45
52950,50167.5,571.5
52951,50167.95,571.55
52952,50168.4,571.6
52953,50168.85,571.65
52954,50169.3,571.7
52955,50169.75,571.75
52956,50170.2,571.8
52957,50170.65,571.85
52958,50171.1,571.9
52959,50171.55,571.95
52960,50172,572
52961,50172.4,572.05
52962,50172.8,572.1
52963,50173.2,572.15
52964,50173.6,572.2
52965,50174,572.25
52966,50174.4,572.3
52967,50174.8,572.35
52968,50175.2,572.4
52969,50175.6,572.45
52970,50176,572.5
52971,50176.4,572.55
52972,50176.8,572.6
52973,50177.2,572.65
52974,50177.6,572.7
52975,50178,572.75
52976,50178.4,572.8
52977,50178.8,572.85
52978,50179.2,572.9
52979,50179.6,572.95
52980,50180,573
52981,50180.35,573
52982,50180.7,573
52983,50181.05,573
52984,50181.4,573
52985,50181.75,573
52986,50182.1,573
52987,50182.45,573
52988,50182.8,573
52989,50183.15,573
52990,50183.5,573
52991,50183.85,573
52992,50184.2,573
52993,50184.55,573
52994,50184.9,573
52995,50185.25,573
52996,50185.6,573
52997,50185.95,573
52998,50186.3,573
52999,50186.65,573
53000,50187,573
53001,50187.1,572.9
53002,50187.2,572.8
53003,50187.3,572.7
53004,50187.4,572.6
53005,50187.5,572.5
53006,50187.6,572.4
53007,50187.7,572.3
53008,50187.8,572.2
53009,50187.9,572.1
53010,50188,572
53011,50188.1,571.9
53012,50188.2,571.8
53013,50188.3,571.7
53014,50188.4,571.6
53015,50188.5,571.5
53016,50188.6,571.4
53017,50188.7,571.3
53018,50188.8,571.2
53019,50188.9,571.1
53020,50189,571
53021,50189.15,570.95
53022,50189.3,570.9
53023,50189.45,570.85
53024,50189.6,570.8
53025,50189.75,570.75
53026,50189.9,570.7
53027,50190.05,570.65
53028,50190.2,570.6
53029,50190.35,570.55
53030,50190.5,570.5
53031,50190.65,570.45
53032,50190.8,570.4
53033,50190.95,570.35
53034,50191.1,570.3
53035,50191.25,570.25
53036,50191.4,570.2
53037,50191.55,570.15
53038,50191.7,570.1
53039,50191.85,570.05
53040,50192,570
53041,50192.05,569.9
53042,50192.1,569.8
53043,50192.15,569.7
53044,50192.2,569.6
53045,50192.25,569.5
53046,50192.3,569.4
53047,50192.35,569.3
53048,50192.4,569.2
53049,50192.45,569.1
53050,50192.5,569
53051,50192.55,568.9
53052,50192.6,568.8
53053,50192.65,568.7
53054,50192.7,568.6
53055,50192.75,568.5
53056,50192.8,568.4
53057,50192.85,568.3
53058,50192.9,568.2
53059,50192.95,568.1
53060,50193,568
53061,50192.9,567.8
53062,50192.8,567.6
53063,50192.7,567.4
53064,50192.6,567.2
53065,50192.5,567
53066,50192.4,566.8
53067,50192.3,566.6
53068,50192.2,566.4
53069,50192.1,566.2
53070,50192,566
53071,50191.9,565.8
53072,50191.8,565.6
53073,50191.7,565.4
53074,50191.6,565.2
53075,50191.5,565
53076,50191.4,564.8
53077,50191.3,564.6
53078,50191.2,564.4
53079,50191.1,564.2
53080,50191,564
53081,50190.85,563.85
53082,50190.7,563.7
53083,50190.55,563.55
53084,50190.4,563.4
53085,50190.25,563.25
53086,50190.1,563.1
53087,50189.95,562.95
53088,50189.8,562.8
53089,50189.65,562.65
53090,50189.5,562.5
53091,50189.35,562.35
53092,50189.2,562.2
53093,50189.05,562.05
53094,50188.9,561.9
53095,50188.75,561.75
53096,50188.6,561.6
53097,50188.45,561.45
53098,50188.3,561.3
53099,50188.15,561.15
53100,50188,561
53101,50187.8,560.75
53102,50187.6,560.5
53103,50187.4,560.25
53104,50187.2,560
53105,50187,559.75
53106,50186.8,559.5
53107,50186.6,559.25
53108,50186.4,559
53109,50186.2,558.75
53110,50186,558.5
53111,50185.8,558.25
53112,50185.6,558
53113,50185.4,557.75
53114,50185.2,557.5
53115,50185,557.25
53116,50184.8,557
53117,50184.6,556.75
53118,50184.4,556.5
53119,50184.2,556.25
53120,50184,556
53121,50183.7,555.8
53122,50183.4,555.6
53123,50183.1,555.4
53124,50182.8,555.2
53125,50182.5,555
53126,50182.2,554.8
53127,50181.9,554.6
53128,50181.6,554.4
53129,50181.3,554.2
53130,50181,554
53131,50180.7,553.8
53132,50180.4,553.6
53133,50180.1,553.4
53134,50179.8,553.2
53135,50179.5,553
53136,50179.2,552.8
53137,50178.9,552.6
53138,50178.6,552.4
53139,50178.3,552.2
53140,50178,552
53141,50177.65,551.8
53142,50177.3,551.6
53143,50176.95,551.4
53144,50176.6,551.2
53145,50176.25,551
53146,50175.9,550.8
53147,50175.55,550.6
53148,50175.2,550.4
53149,50174.85,550.2
53150,50174.5,550
53151,50174.15,549.8
53152,50173.8,549.6
53153,50173.45,549.4
53154,50173.1,549.2
53155,50172.75,549
53156,50172.4,548.8
53157,50172.05,548.6
53158,50171.7,548.4
53159,50171.35,548.2
53160,50171,548
53161,50170.65,547.75
53162,50170.3,547.5
53163,50169.95,547.25
53164,50169.6,547
53165,50169.25,546.75
53166,50168.9,546.5
53167,50168.55,546.25
53168,50168.2,546
53169,50167.85,545.75
53170,50167.5,545.5
53171,50167.15,545.25
53172,50166.8,545
53173,50166.45,544.75
53174,50166.1,544.5
53175,50165.75,544.25
53176,50165.4,544
53177,50165.05,543.75
53178,50164.7,543.5
53179,50164.35,543.25
53180,50164,543
53181,50163.5,542.7
53182,50163,542.4
53183,50162.5,542.1
53184,50162,541.8
53185,50161.5,541.5
53186,50161,541.2
53187,50160.5,540.9
53188,50160,540.6
53189,50159.5,540.3
53190,50159,540
53191,50158.5,539.7
53192,50158,539.4
53193,50157.5,539.1
53194,50157,538.8
53195,50156.5,538.5
53196,50156,538.2
53197,50155.5,537.9
53198,50155,537.6
53199,50154.5,537.3
53200,50154,537
53201,50153.45,536.8
53202,50152.9,536.6
53203,50152.35,536.4
53204,50151.8,536.2
53205,50151.25,536
53206,50150.7,535.8
53207,50150.15,535.6
53208,50149.6,535.4
53209,50149.05,535.2
53210,50148.5,535
53211,50147.95,534.8
53212,50147.4,534.6
53213,50146.85,534.4
53214,50146.3,534.2
53215,50145.75,534
53216,50145.2,533.8
53217,50144.65,533.6
53218,50144.1,533.4
53219,50143.55,533.2
53220,50143,533
53221,50142.45,532.75
53222,50141.9,532.5
53223,50141.35,532.25
53224,50140.8,532
53225,50140.25,531.75
53226,50139.7,531.5
53227,50139.15,531.25
53228,50138.6,531
53229,50138.05,530.75
53230,50137.5,530.5
53231,50136.95,530.25
53232,50136.4,530
53233,50135.85,529.75
53234,50135.3,529.5
53235,50134.75,529.25
53236,50134.2,529
53237,50133.65,528.75
53238,50133.1,528.5
53239,50132.55,528.25
53240,50132,528
53241,50131.4,527.8
53242,50130.8,527.6
53243,50130.2,527.4
53244,50129.6,527.2
53245,50129,527
53246,50128.4,526.8
53247,50127.8,526.6
53248,50127.2,526.4
53249,50126.6,526.2
53250,50126,526
53251,50125.4,525.8
53252,50124.8,525.6
53253,50124.2,525.4
53254,50123.6,525.2
53255,50123,525
53256,50122.4,524.8
53257,50121.8,524.6
53258,50121.2,524.4
53259,50120.6,524.2
53260,50120,524
53261,50119.35,523.75
53262,50118.7,523.5
53263,50118.05,523.25
53264,50117.4,523
53265,50116.75,522.75
53266,50116.1,522.5
53267,50115.45,522.25
53268,50114.8,522
53269,50114.15,521.75
53270,50113.5,521.5
53271,50112.85,521.25
53272,50112.2,521
53273,50111.55,520.75
53274,50110.9,520.5
53275,50110.25,520.25
53276,50109.6,520
53277,50108.95,519.75
53278,50108.3,519.5
53279,50107.65,519.25
53280,50107,519
53281,50106.35,518.8
53282,50105.7,518.6
53283,50105.05,518.4
53284,50104.4,518.2
53285,50103.75,518
53286,50103.1,517.8
53287,50102.45,517.6
53288,50101.8,517.4
53289,50101.15,517.2
53290,50100.5,517
53291,50099.85,516.8
53292,50099.2,516.6
53293,50098.55,516.4
53294,50097.9,516.2
53295,50097.25,516
53296,50096.6,515.8
53297,50095.95,515.6
53298,50095.3,515.4
53299,50094.65,515.2
53300,50094,515
53301,50093.2,514.85
53302,50092.4,514.7
53303,50091.6,514.55
53304,50090.8,514.4
53305,50090,514.25
53306,50089.2,514.1
53307,50088.4,513.95
53308,50087.6,513.8
53309,50086.8,513.65
53310,50086,513.5
53311,50085.2,513.35
53312,50084.4,513.2
53313,50083.6,513.05
53314,50082.8,512.9
53315,50082,512.75
53316,50081.2,512.6
53317,50080.4,512.45
53318,50079.6,512.3
53319,50078.8,512.15
53320,50078,512
53321,50077.3,511.85
53322,50076.6,511.7
53323,50075.9,511.55
53324,50075.2,511.4
53325,50074.5,511.25
53326,50073.8,511.1
53327,50073.1,510.95
53328,50072.4,510.8
53329,50071.7,510.65
53330,50071,510.5
53331,50070.3,510.35
53332,50069.6,510.2
53333,50068.9,510.05
53334,50068.2,509.9
53335,50067.5,509.75
53336,50066.8,509.6
53337,50066.1,509.45
53338,50065.4,509.3
53339,50064.7,509.15
53340,50064,509
53341,50063.2,508.8
53342,50062.4,508.6
53343,50061.6,508.4
53344,50060.8,508.2
53345,50060,508
53346,50059.2,507.8
53347,50058.4,507.6
53348,50057.6,507.4
53349,50056.8,507.2
53350,50056,507
53351,50055.2,506.8
53352,50054.4,506.6
53353,50053.6,506.4
53354,50052.8,506.2
53355,50052,506
53356,50051.2,505.8
53357,50050.4,505.6
53358,50049.6,505.4
53359,50048.8,505.2
53360,50048,505
53361,50047.25,505
53362,50046.5,505
53363,50045.75,505
53364,50045,505
53365,50044.25,505
53366,50043.5,505
53367,50042.75,505
53368,50042,505
53369,50041.25,505
53370,50040.5,505
53371,50039.75,505
53372,50039,505
53373,50038.25,505
53374,50037.5,505
53375,50036.75,505
53376,50036,505
53377,50035.25,505
53378,50034.5,505
53379,50033.75,505
53380,50033,505
53381,50032.15,504.95
53382,50031.3,504.9
53383,50030.45,504.85
53384,50029.6,504.8
53385,50028.75,504.75
53386,50027.9,504.7
53387,50027.05,504.65
53388,50026.2,504.6
53389,50025.35,504.55
53390,50024.5,504.5
53391,50023.65,504.45
53392,50022.8,504.4
53393,50021.95,504.35
53394,50021.1,504.3
53395,50020.25,504.25
53396,50019.4,504.2
53397,50018.55,504.15
53398,50017.7,504.1
53399,50016.85,504.05
53400,50016,504
53401,50015.15,503.9
53402,50014.3,503.8
53403,50013.45,503.7
53404,50012.6,503.6
53405,50011.75,503.5
53406,50010.9,503.4
53407,50010.05,503.3
53408,50009.2,503.2
53409,50008.35,503.1
53410,50007.5,503
53411,50006.65,502.9
53412,50005.8,502.8
53413,50004.95,502.7
53414,50004.1,502.6
53415,50003.25,502.5
53416,50002.4,502.4
53417,50001.55,502.3
53418,50000.7,502.2
53419,49999.85,502.1
53420,49999,502
53421,49998.15,502.05
53422,49997.3,502.1
53423,49996.45,502.15
53424,49995.6,502.2
53425,49994.75,502.25
53426,49993.9,502.3
53427,49993.05,502.35
53428,49992.2,502.4
53429,49991.35,502.45
53430,49990.5,502.5
53431,49989.65,502.55
53432,49988.8,502.6
53433,49987.95,502.65
53434,49987.1,502.7
53435,49986.25,502.75
53436,49985.4,502.8
53437,49984.55,502.85
53438,49983.7,502.9
53439,49982.85,502.95
53440,49982,503
53441,49981.15,503.1
53442,49980.3,503.2
53443,49979.45,503.3
53444,49978.6,503.4
53445,49977.75,503.5
53446,49976.9,503.6
53447,49976.05,503.7
53448,49975.2,503.8
53449,49974.35,503.9
53450,49973.5,504
53451,49972.65,504.1
53452,49971.8,504.2
53453,49970.95,504.3
53454,49970.1,504.4
53455,49969.25,504.5
53456,49968.4,504.6
53457,49967.55,504.7
53458,49966.7,504.8
53459,49965.85,504.9
53460,49965,505
53461,49964.15,505.05
53462,49963.3,505.1
53463,49962.45,505.15
53464,49961.6,505.2
53465,49960.75,505.25
53466,49959.9,505.3
53467,49959.05,505.35
53468,49958.2,505.4
53469,49957.35,505.45
53470,49956.5,505.5
53471,49955.65,505.55
53472,49954.8,505.6
53473,49953.95,505.65
53474,49953.1,505.7
53475,49952.25,505.75
53476,49951.4,505.8
53477,49950.55,505.85
53478,49949.7,505.9
53479,49948.85,505.95
53480,49948,506
53481,49947.15,506.15
53482,49946.3,506.3
53483,49945.45,506.45
53484,49944.6,506.6
53485,49943.75,506.75
53486,49942.9,506.9
53487,49942.05,507.05
53488,49941.2,507.2
53489,49940.35,507.35
53490,49939.5,507.5
53491,49938.65,507.65
53492,49937.8,507.8
53493,49936.95,507.95
53494,49936.1,508.1
53495,49935.25,508.25
53496,49934.4,508.4
53497,49933.55,508.55
53498,49932.7,508.7
53499,49931.85,508.85
53500,49931,509
53501,49930.15,509.15
53502,49929.3,509.3
53503,49928.45,509.45
53504,49927.6,509.6
53505,49926.75,509.75
53506,49925.9,509.9
53507,49925.05,510.05
53508,49924.2,510.2
53509,49923.35,510.35
53510,49922.5,510.5
53511,49921.65,510.65
53512,49920.8,510.8
53513,49919.95,510.95
53514,49919.1,511.1
53515,49918.25,511.25
53516,49917.4,511.4
53517,49916.55,511.55
53518,49915.7,511.7
53519,49914.85,511.85
53520,49914,512
53521,49913.2,512.2
53522,49912.4,512.4
53523,49911.6,512.6
53524,49910.8,512.8
53525,49910,513
53526,49909.2,513.2
53527,49908.4,513.4
53528,49907.6,513.6
53529,49906.8,513.8
53530,49906,514
53531,49905.2,514.2
53532,49904.4,514.4
53533,49903.6,514.6
53534,49902.8,514.8
53535,49902,515
53536,49901.2,515.2
53537,49900.4,515.4
53538,49899.6,515.6
53539,49898.8,515.8
53540,49898,516
53541,49897.1,516.25
53542,49896.2,516.5
53543,49895.3,516.75
53544,49894.4,517
53545,49893.5,517.25
53546,49892.6,517.5
53547,49891.7,517.75
53548,49890.8,518
53549,49889.9,518.25
53550,49889,518.5
53551,49888.1,518.75
53552,49887.2,519
53553,49886.3,519.25
53554,49885.4,519.5
53555,49884.5,519.75
53556,49883.6,520
53557,49882.7,520.25
53558,49881.8,520.5
53559,49880.9,520.75
53560,49880,521
53561,49879.2,521.3
53562,49878.4,521.6
53563,49877.6,521.9
53564,49876.8,522.2
53565,49876,522.5
53566,49875.2,522.8
53567,49874.4,523.1
53568,49873.6,523.4
53569,49872.8,523.7
53570,49872,524
53571,49871.2,524.3
53572,49870.4,524.6
53573,49869.6,524.9
53574,49868.8,525.2
53575,49868,525.5
53576,49867.2,525.8
53577,49866.4,526.1
53578,49865.6,526.4
53579,49864.8,526.7
53580,49864,527
53581,49863.2,527.3
53582,49862.4,527.6
53583,49861.6,527.9
53584,49860.8,528.2
53585,49860,528.5
53586,49859.2,528.8
53587,49858.4,529.1
53588,49857.6,529.4
53589,49856.8,529.7
53590,49856,530
53591,49855.2,530.3
53592,49854.4,530.6
53593,49853.6,530.9
53594,49852.8,531.2
53595,49852,531.5
53596,49851.2,531.8
53597,49850.4,532.1
53598,49849.6,532.4
53599,49848.8,532.7
53600,49848,533
53601,49847.15,533.3
53602,49846.3,533.6
53603,49845.45,533.9
53604,49844.6,534.2
53605,49843.75,534.5
53606,49842.9,534.8
53607,49842.05,535.1
53608,49841.2,535.4
53609,49840.35,535.7
53610,49839.5,536
53611,49838.65,536.3
53612,49837.8,536.6
53613,49836.95,536.9
53614,49836.1,537.2
53615,49835.25,537.5
53616,49834.4,537.8
53617,49833.55,538.1
53618,49832.7,538.4
53619,49831.85,538.7
53620,49831,539
53621,49830.25,539.45
53622,49829.5,539.9
53623,49828.75,540.35
53624,49828,540.8
53625,49827.25,541.25
53626,49826.5,541.7
53627,49825.75,542.15
53628,49825,542.6
53629,49824.25,543.05
53630,49823.5,543.5
53631,49822.75,543.95
53632,49822,544.4
53633,49821.25,544.85
53634,49820.5,545.3
53635,49819.75,545.75
53636,49819,546.2
53637,49818.25,546.65
53638,49817.5,547.1
53639,49816.75,547.55
53640,49816,548
53641,49815.25,548.3
53642,49814.5,548.6
53643,49813.75,548.9
53644,49813,549.2
53645,49812.25,549.5
53646,49811.5,549.8
53647,49810.75,550.1
53648,49810,550.4
53649,49809.25,550.7
53650,49808.5,551
53651,49807.75,551.3
53652,49807,551.6
53653,49806.25,551.9
53654,49805.5,552.2
53655,49804.75,552.5
53656,49804,552.8
53657,49803.25,553.1
53658,49802.5,553.4
53659,49801.75,553.7
53660,49801,554
53661,49800.25,554.5
53662,49799.5,555
53663,49798.75,555.5
53664,49798,556
53665,49797.25,556.5
53666,49796.5,557
53667,49795.75,557.5
53668,49795,558
53669,49794.25,558.5
53670,49793.5,559
53671,49792.75,559.5
53672,49792,560
53673,49791.25,560.5
53674,49790.5,561
53675,49789.75,561.5
53676,49789,562
53677,49788.25,562.5
53678,49787.5,563
53679,49786.75,563.5
53680,49786,564
53681,49785.35,564.4
53682,49784.7,564.8
53683,49784.05,565.2
53684,49783.4,565.6
53685,49782.75,566
53686,49782.1,566.4
53687,49781.45,566.8
53688,49780.8,567.2
53689,49780.15,567.6
53690,49779.5,568
53691,49778.85,568.4
53692,49778.2,568.8
53693,49777.55,569.2
53694,49776.9,569.6
53695,49776.25,570
53696,49775.6,570.4
53697,49774.95,570.8
53698,49774.3,571.2
53699,49773.65,571.6
53700,49773,572
53701,49772.25,572.4
53702,49771.5,572.8
53703,49770.75,573.2
53704,49770,573.6
53705,49769.25,574
53706,49768.5,574.4
53707,49767.75,574.8
53708,49767,575.2
53709,49766.25,575.6
53710,49765.5,576
53711,49764.75,576.4
53712,49764,576.8
53713,49763.25,577.2
53714,49762.5,577.6
53715,49761.75,578
53716,49761,578.4
53717,49760.25,578.8
53718,49759.5,579.2
53719,49758.75,579.6
53720,49758,580
53721,49757.4,580.45
53722,49756.8,580.9
53723,49756.2,581.35
53724,49755.6,581.8
53725,49755,582.25
53726,49754.4,582.7
53727,49753.8,583.15
53728,49753.2,583.6
53729,49752.6,584.05
53730,49752,584.5
53731,49751.4,584.95
53732,49750.8,585.4
53733,49750.2,585.85
53734,49749.6,586.3
53735,49749,586.75
53736,49748.4,587.2
53737,49747.8,587.65
53738,49747.2,588.1
53739,49746.6,588.55
53740,49746,589
53741,49745.45,589.45
53742,49744.9,589.9
53743,49744.35,590.35
53744,49743.8,590.8
53745,49743.25,591.25
53746,49742.7,591.7
53747,49742.15,592.15
53748,49741.6,592.6
53749,49741.05,593.05
53750,49740.5,593.5
53751,49739.95,593.95
53752,49739.4,594.4
53753,49738.85,594.85
53754,49738.3,595.3
53755,49737.75,595.75
53756,49737.2,596.2
53757,49736.65,596.65
53758,49736.1,597.1
53759,49735.55,597.55
53760,49735,598
53761,49734.4,598.45
53762,49733.8,598.9
53763,49733.2,599.35
53764,49732.6,599.8
53765,49732,600.25
53766,49731.4,600.7
53767,49730.8,601.15
53768,49730.2,601.6
53769,49729.6,602.05
53770,49729,602.5
53771,49728.4,602.95
53772,49727.8,603.4
53773,49727.2,603.85
53774,49726.6,604.3
53775,49726,604.75
53776,49725.4,605.2
53777,49724.8,605.65
53778,49724.2,606.1
53779,49723.6,606.55
53780,49723,607
53781,49722.5,607.5
53782,49722,608
53783,49721.5,608.5
53784,49721,609
53785,49720.5,609.5
53786,49720,610
53787,49719.5,610.5
53788,49719,611
53789,49718.5,611.5
53790,49718,612
53791,49717.5,612.5
53792,49717,613
53793,49716.5,613.5
53794,49716,614
53795,49715.5,614.5
53796,49715,615
53797,49714.5,615.5
53798,49714,616
53799,49713.5,616.5
53800,49713,617
53801,49712.5,617.5
53802,49712,618
53803,49711.5,618.5
53804,49711,619
53805,49710.5,619.5
53806,49710,620
53807,49709.5,620.5
53808,49709,621
53809,49708.5,621.5
53810,49708,622
53811,49707.5,622.5
53812,49707,623
53813,49706.5,623.5
53814,49706,624
53815,49705.5,624.5
53816,49705,625
53817,49704.5,625.5
53818,49704,626
53819,49703.5,626.5
53820,49703,627
53821,49702.55,627.45
53822,49702.1,627.9
53823,49701.65,628.35
53824,49701.2,628.8
53825,49700.75,629.25
53826,49700.3,629.7
53827,49699.85,630.15
53828,49699.4,630.6
53829,49698.95,631.05
53830,49698.5,631.5
53831,49698.05,631.95
53832,49697.6,632.4
53833,49697.15,632.85
53834,49696.7,633.3
53835,49696.25,633.75
53836,49695.8,634.2
53837,49695.35,634.65
53838,49694.9,635.1
53839,49694.45,635.55
53840,49694,636
53841,49693.55,636.5
53842,49693.1,637
53843,49692.65,637.5
53844,49692.2,638
53845,49691.75,638.5
53846,49691.3,639
53847,49690.85,639.5
53848,49690.4,640
53849,49689.95,640.5
53850,49689.5,641
53851,49689.05,641.5
53852,49688.6,642
53853,49688.15,642.5
53854,49687.7,643
53855,49687.25,643.5
53856,49686.8,644
53857,49686.35,644.5
53858,49685.9,645
53859,49685.45,645.5
53860,49685,646
53861,49684.65,646.45
53862,49684.3,646.9
53863,49683.95,647.35
53864,49683.6,647.8
53865,49683.25,648.25
53866,49682.9,648.7
53867,49682.55,649.15
53868,49682.2,649.6
53869,49681.85,650.05
53870,49681.5,650.5
53871,49681.15,650.95
53872,49680.8,651.4
53873,49680.45,651.85
53874,49680.1,652.3
53875,49679.75,652.75
53876,49679.4,653.2
53877,49679.05,653.65
53878,49678.7,654.1
53879,49678.35,654.55
53880,49678,655
53881,49677.65,655.45
53882,49677.3,655.9
53883,49676.95,656.35
53884,49676.6,656.8
53885,49676.25,657.25
53886,49675.9,657.7
53887,49675.55,658.15
53888,49675.2,658.6
53889,49674.85,659.05
53890,49674.5,659.5
53891,49674.15,659.95
53892,49673.8,660.4
53893,49673.45,660.85
53894,49673.1,661.3
53895,49672.75,661.75
53896,49672.4,662.2
53897,49672.05,662.65
53898,49671.7,663.1
53899,49671.35,663.55
53900,49671,664
53901,49670.65,664.5
53902,49670.3,665
53903,49669.95,665.5
53904,49669.6,666
53905,49669.25,666.5
53906,49668.9,667
53907,49668.55,667.5
53908,49668.2,668
53909,49667.85,668.5
53910,49667.5,669
53911,49667.15,669.5
53912,49666.8,670
53913,49666.45,670.5
53914,49666.1,671
53915,49665.75,671.5
53916,49665.4,672
53917,49665.05,672.5
53918,49664.7,673
53919,49664.35,673.5
53920,49664,674
53921,49663.75,674.4
53922,49663.5,674.8
53923,49663.25,675.2
53924,49663,675.6
53925,49662.75,676
53926,49662.5,676.4
53927,49662.25,676.8
53928,49662,677.2
53929,49661.75,677.6
53930,49661.5,678
53931,49661.25,678.4
53932,49661,678.8
53933,49660.75,679.2
53934,49660.5,679.6
53935,49660.25,680
53936,49660,680.4
53937,49659.75,680.8
53938,49659.5,681.2
53939,49659.25,681.6
53940,49659,682
53941,49658.75,682.45
53942,49658.5,682.9
53943,49658.25,683.35
53944,49658,683.8
53945,49657.75,684.25
53946,49657.5,684.7
53947,49657.25,685.15
53948,49657,685.6
53949,49656.75,686.05
53950,49656.5,686.5
53951,49656.25,686.95
53952,49656,687.4
53953,49655.75,687.85
53954,49655.5,688.3
53955,49655.25,688.75
53956,49655,689.2
53957,49654.75,689.65
53958,49654.5,690.1
53959,49654.25,690.55
53960,49654,691
53961,49653.8,691.5
53962,49653.6,692
53963,49653.4,692.5
53964,49653.2,693
53965,49653,693.5
53966,49652.8,694
53967,49652.6,694.5
53968,49652.4,695
53969,49652.2,695.5
53970,49652,696
53971,49651.8,696.5
53972,49651.6,697
53973,49651.4,697.5
53974,49651.2,698
53975,49651,698.5
53976,49650.8,699
53977,49650.6,699.5
53978,49650.4,700
53979,49650.2,700.5
53980,49650,701
53981,49649.85,701.45
53982,49649.7,701.9
53983,49649.55,702.35
53984,49649.4,702.8
53985,49649.25,703.25
53986,49649.1,703.7
53987,49648.95,704.15
53988,49648.8,704.6
53989,49648.65,705.05
53990,49648.5,705.5
53991,49648.35,705.95
53992,49648.2,706.4
53993,49648.05,706.85
53994,49647.9,707.3
53995,49647.75,707.75
53996,49647.6,708.2
53997,49647.45,708.65
53998,49647.3,709.1
53999,49647.15,709.55
54000,49647,710
54001,49646.85,710.4
54002,49646.7,710.8
54003,49646.55,711.2
54004,49646.4,711.6
54005,49646.25,712
54006,49646.1,712.4
54007,49645.95,712.8
54008,49645.8,713.2
54009,49645.65,713.6
54010,49645.5,714
54011,49645.35,714.4
54012,49645.2,714.8
54013,49645.05,715.2
54014,49644.9,715.6
54015,49644.75,716
54016,49644.6,716.4
54017,49644.45,716.8
54018,49644.3,717.2
54019,49644.15,717.6
54020,49644,718
54021,49643.9,718.45
54022,49643.8,718.9
54023,49643.7,719.35
54024,49643.6,719.8
54025,49643.5,720.25
54026,49643.4,720.7
54027,49643.3,721.15
54028,49643.2,721.6
54029,49643.1,722.05
54030,49643,722.5
54031,49642.9,722.95
54032,49642.8,723.4
54033,49642.7,723.85
54034,49642.6,724.3
54035,49642.5,724.75
54036,49642.4,725.2
54037,49642.3,725.65
54038,49642.2,726.1
54039,49642.1,726.55
54040,49642,727
54041,49641.9,727.45
54042,49641.8,727.9
54043,49641.7,728.35
54044,49641.6,728.8
54045,49641.5,729.25
54046,49641.4,729.7
54047,49641.3,730.15
54048,49641.2,730.6
54049,49641.1,731.05
54050,49641,731.5
54051,49640.9,731.95
54052,49640.8,732.4
54053,49640.7,732.85
54054,49640.6,733.3
54055,49640.5,733.75
54056,49640.4,734.2
54057,49640.3,734.65
54058,49640.2,735.1
54059,49640.1,735.55
54060,49640,736
54061,49639.9,736.35
54062,49639.8,736.7
54063,49639.7,737.05
54064,49639.6,737.4
54065,49639.5,737.75
54066,49639.4,738.1
54067,49639.3,738.45
54068,49639.2,738.8
54069,49639.1,739.15
54070,49639,739.5
54071,49638.9,739.85
54072,49638.8,740.2
54073,49638.7,740.55
54074,49638.6,740.9
54075,49638.5,741.25
54076,49638.4,741.6
54077,49638.3,741.95
54078,49638.2,742.3
54079,49638.1,742.65
54080,49638,743
54081,49638.05,743.45
54082,49638.1,743.9
54083,49638.15,744.35
54084,49638.2,744.8
54085,49638.25,745.25
54086,49638.3,745.7
54087,49638.35,746.15
54088,49638.4,746.6
54089,49638.45,747.05
54090,49638.5,747.5
54091,49638.55,747.95
54092,49638.6,748.4
54093,49638.65,748.85
54094,49638.7,749.3
54095,49638.75,749.75
54096,49638.8,750.2
54097,49638.85,750.65
54098,49638.9,751.1
54099,49638.95,751.55
54100,49639,752
54101,49639,752.4
54102,49639,752.8
54103,49639,753.2
54104,49639,753.6
54105,49639,754
54106,49639,754.4
54107,49639,754.8
54108,49639,755.2
54109,49639,755.6
54110,49639,756
54111,49639,756.4
54112,49639,756.8
54113,49639,757.2
54114,49639,757.6
54115,49639,758
54116,49639,758.4
54117,49639,758.8
54118,49639,759.2
54119,49639,759.6
54120,49639,760
54121,49639,760.4
54122,49639,760.8
54123,49639,761.2
54124,49639,761.6
54125,49639,762
54126,49639,762.4
54127,49639,762.8
54128,49639,763.2
54129,49639,763.6
54130,49639,764
54131,49639,764.4
54132,49639,764.8
54133,49639,765.2
54134,49639,765.6
54135,49639,766
54136,49639,766.4
54137,49639,766.8
54138,49639,767.2
54139,49639,767.6
54140,49639,768
54141,49639.05,768.4
54142,49639.1,768.8
54143,49639.15,769.2
54144,49639.2,769.6
54145,49639.25,770
54146,49639.3,770.4
54147,49639.35,770.8
54148,49639.4,771.2
54149,49639.45,771.6
54150,49639.5,772
54151,49639.55,772.4
54152,49639.6,772.8
54153,49639.65,773.2
54154,49639.7,773.6
54155,49639.75,774
54156,49639.8,774.4
54157,49639.85,774.8
54158,49639.9,775.2
54159,49639.95,775.6
54160,49640,776
54161,49640.1,776.35
54162,49640.2,776.7
54163,49640.3,777.05
54164,49640.4,777.4
54165,49640.5,777.75
54166,49640.6,778.1
54167,49640.7,778.45
54168,49640.8,778.8
54169,49640.9,779.15
54170,49641,779.5
54171,49641.1,779.85
54172,49641.2,780.2
54173,49641.3,780.55
54174,49641.4,780.9
54175,49641.5,781.25
54176,49641.6,781.6
54177,49641.7,781.95
54178,49641.8,782.3
54179,49641.9,782.65
54180,49642,783
54181,49642.1,783.45
54182,49642.2,783.9
54183,49642.3,784.35
54184,49642.4,784.8
54185,49642.5,785.25
54186,49642.6,785.7
54187,49642.7,786.15
54188,49642.8,786.6
54189,49642.9,787.05
54190,49643,787.5
54191,49643.1,787.95
54192,49643.2,788.4
54193,49643.3,788.85
54194,49643.4,789.3
54195,49643.5,789.75
54196,49643.6,790.2
54197,49643.7,790.65
54198,49643.8,791.1
54199,49643.9,791.55
54200,49644,792
54201,49644.15,792.35
54202,49644.3,792.7
54203,49644.45,793.05
54204,49644.6,793.4
54205,49644.75,793.75
54206,49644.9,794.1
54207,49645.05,794.45
54208,49645.2,794.8
54209,49645.35,795.15
54210,49645.5,795.5
54211,49645.65,795.85
54212,49645.8,796.2
54213,49645.95,796.55
54214,49646.1,796.9
54215,49646.25,797.25
54216,49646.4,797.6
54217,49646.55,797.95
54218,49646.7,798.3
54219,49646.85,798.65
54220,49647,799
54221,49647.15,799.35
54222,49647.3,799.7
54223,49647.45,800.05
54224,49647.6,800.4
54225,49647.75,800.75
54226,49647.9,801.1
54227,49648.05,801.45
54228,49648.2,801.8
54229,49648.35,802.15
54230,49648.5,802.5
54231,49648.65,802.85
54232,49648.8,803.2
54233,49648.95,803.55
54234,49649.1,803.9
54235,49649.25,804.25
54236,49649.4,804.6
54237,49649.55,804.95
54238,49649.7,805.3
54239,49649.85,805.65
54240,49650,806
54241,49650.2,806.25
54242,49650.4,806.5
54243,49650.6,806.75
54244,49650.8,807
54245,49651,807.25
54246,49651.2,807.5
54247,49651.4,807.75
54248,49651.6,808
54249,49651.8,808.25
54250,49652,808.5
54251,49652.2,808.75
54252,49652.4,809
54253,49652.6,809.25
54254,49652.8,809.5
54255,49653,809.75
54256,49653.2,810
54257,49653.4,810.25
54258,49653.6,810.5
54259,49653.8,810.75
54260,49654,811
54261,49654.2,811.45
54262,49654.4,811.9
54263,49654.6,812.35
54264,49654.8,812.8
54265,49655,813.25
54266,49655.2,813.7
54267,49655.4,814.15
54268,49655.6,814.6
54269,49655.8,815.05
54270,49656,815.5
54271,49656.2,815.95
54272,49656.4,816.4
54273,49656.6,816.85
54274,49656.8,817.3
54275,49657,817.75
54276,49657.2,818.2
54277,49657.4,818.65
54278,49657.6,819.1
54279,49657.8,819.55
54280,49658,820
54281,49658.25,820.35
54282,49658.5,820.7
54283,49658.75,821.05
54284,49659,821.4
54285,49659.25,821.75
54286,49659.5,822.1
54287,49659.75,822.45
54288,49660,822.8
54289,49660.25,823.15
54290,49660.5,823.5
54291,49660.75,823.85
54292,49661,824.2
54293,49661.25,824.55
54294,49661.5,824.9
54295,49661.75,825.25
54296,49662,825.6
54297,49662.25,825.95
54298,49662.5,826.3
54299,49662.75,826.65
54300,49663,827
54301,49663.25,827.3
54302,49663.5,827.6
54303,49663.75,827.9
54304,49664,828.2
54305,49664.25,828.5
54306,49664.5,828.8
54307,49664.75,829.1
54308,49665,829.4
54309,49665.25,829.7
54310,49665.5,830
54311,49665.75,830.3
54312,49666,830.6
54313,49666.25,830.9
54314,49666.5,831.2
54315,49666.75,831.5
54316,49667,831.8
54317,49667.25,832.1
54318,49667.5,832.4
54319,49667.75,832.7
54320,49668,833
54321,49668.3,833.3
54322,49668.6,833.6
54323,49668.9,833.9
54324,49669.2,834.2
54325,49669.5,834.5
54326,49669.8,834.8
54327,49670.1,835.1
54328,49670.4,835.4
54329,49670.7,835.7
54330,49671,836
54331,49671.3,836.3
54332,49671.6,836.6
54333,49671.9,836.9
54334,49672.2,837.2
54335,49672.5,837.5
54336,49672.8,837.8
54337,49673.1,838.1
54338,49673.4,838.4
54339,49673.7,838.7
54340,49674,839
54341,49674.35,839.4
54342,49674.7,839.8
54343,49675.05,840.2
54344,49675.4,840.6
54345,49675.75,841
54346,49676.1,841.4
54347,49676.45,841.8
54348,49676.8,842.2
54349,49677.15,842.6
54350,49677.5,843
54351,49677.85,843.4
54352,49678.2,843.8
54353,49678.55,844.2
54354,49678.9,844.6
54355,49679.25,845
54356,49679.6,845.4
54357,49679.95,845.8
54358,49680.3,846.2
54359,49680.65,846.6
54360,49681,847
54361,49681.35,847.3
54362,49681.7,847.6
54363,49682.05,847.9
54364,49682.4,848.2
54365,49682.75,848.5
54366,49683.1,848.8
54367,49683.45,849.1
54368,49683.8,849.4
54369,49684.15,849.7
54370,49684.5,850
54371,49684.85,850.3
54372,49685.2,850.6
54373,49685.55,850.9
54374,49685.9,851.2
54375,49686.25,851.5
54376,49686.6,851.8
54377,49686.95,852.1
54378,49687.3,852.4
54379,49687.65,852.7
54380,49688,853
54381,49688.35,853.3
54382,49688.7,853.6
54383,49689.05,853.9
54384,49689.4,854.2
54385,49689.75,854.5
54386,49690.1,854.8
54387,49690.45,855.1
54388,49690.8,855.4
54389,49691.15,855.7
54390,49691.5,856
54391,49691.85,856.3
54392,49692.2,856.6
54393,49692.55,856.9
54394,49692.9,857.2
54395,49693.25,857.5
54396,49693.6,857.8
54397,49693.95,858.1
54398,49694.3,858.4
54399,49694.65,858.7
54400,49695,859
54401,49695.35,859.3
54402,49695.7,859.6
54403,49696.05,859.9
54404,49696.4,860.2
54405,49696.75,860.5
54406,49697.1,860.8
54407,49697.45,861.1
54408,49697.8,861.4
54409,49698.15,861.7
54410,49698.5,862
54411,49698.85,862.3
54412,49699.2,862.6
54413,49699.55,862.9
54414,49699.9,863.2
54415,49700.25,863.5
54416,49700.6,863.8
54417,49700.95,864.1
54418,49701.3,864.4
54419,49701.65,864.7
54420,49702,865
54421,49702.45,865.35
54422,49702.9,865.7
54423,49703.35,866.05
54424,49703.8,866.4
54425,49704.25,866.75
54426,49704.7,867.1
54427,49705.15,867.45
54428,49705.6,867.8
54429,49706.05,868.15
54430,49706.5,868.5
54431,49706.95,868.85
54432,49707.4,869.2
54433,49707.85,869.55
54434,49708.3,869.9
54435,49708.75,870.25
54436,49709.2,870.6
54437,49709.65,870.95
54438,49710.1,871.3
54439,49710.55,871.65
54440,49711,872
54441,49711.4,872.2
54442,49711.8,872.4
54443,49712.2,872.6
54444,49712.6,872.8
54445,49713,873
54446,49713.4,873.2
54447,49713.8,873.4
54448,49714.2,873.6
54449,49714.6,873.8
54450,49715,874
54451,49715.4,874.2
54452,49715.8,874.4
54453,49716.2,874.6
54454,49716.6,874.8
54455,49717,875
54456,49717.4,875.2
54457,49717.8,875.4
54458,49718.2,875.6
54459,49718.6,875.8
54460,49719,876
54461,49719.45,876.35
54462,49719.9,876.7
54463,49720.35,877.05
54464,49720.8,877.4
54465,49721.25,877.75
54466,49721.7,878.1
54467,49722.15,878.45
54468,49722.6,878.8
54469,49723.05,879.15
54470,49723.5,879.5
54471,49723.95,879.85
54472,49724.4,880.2
54473,49724.85,880.55
54474,49725.3,880.9
54475,49725.75,881.25
54476,49726.2,881.6
54477,49726.65,881.95
54478,49727.1,882.3
54479,49727.55,882.65
54480,49728,883
54481,49728.5,883.3
54482,49729,883.6
54483,49729.5,883.9
54484,49730,884.2
54485,49730.5,884.5
54486,49731,884.8
54487,49731.5,885.1
54488,49732,885.4
54489,49732.5,885.7
54490,49733,886
54491,49733.5,886.3
54492,49734,886.6
54493,49734.5,886.9
54494,49735,887.2
54495,49735.5,887.5
54496,49736,887.8
54497,49736.5,888.1
54498,49737,888.4
54499,49737.5,888.7
54500,49738,889
54501,49738.45,889.3
54502,49738.9,889.6
54503,49739.35,889.9
54504,49739.8,890.2
54505,49740.25,890.5
54506,49740.7,890.8
54507,49741.15,891.1
54508,49741.6,891.4
54509,49742.05,891.7
54510,49742.5,892
54511,49742.95,892.3
54512,49743.4,892.6
54513,49743.85,892.9
54514,49744.3,893.2
54515,49744.75,893.5
54516,49745.2,893.8
54517,49745.65,894.1
54518,49746.1,894.4
54519,49746.55,894.7
54520,49747,895
54521,49747.55,895.25
54522,49748.1,895.5
54523,49748.65,895.75
54524,49749.2,896
54525,49749.75,896.25
54526,49750.3,896.5
54527,49750.85,896.75
54528,49751.4,897
54529,49751.95,897.25
54530,49752.5,897.5
54531,49753.05,897.75
54532,49753.6,898
54533,49754.15,898.25
54534,49754.7,898.5
54535,49755.25,898.75
54536,49755.8,899
54537,49756.35,899.25
54538,49756.9,899.5
54539,49757.45,899.75
54540,49758,900
54541,49758.55,900.35
54542,49759.1,900.7
54543,49759.65,901.05
54544,49760.2,901.4
54545,49760.75,901.75
54546,49761.3,902.1
54547,49761.85,902.45
54548,49762.4,902.8
54549,49762.95,903.15
54550,49763.5,903.5
54551,49764.05,903.85
54552,49764.6,904.2
54553,49765.15,904.55
54554,49765.7,904.9
54555,49766.25,905.25
54556,49766.8,905.6
54557,49767.35,905.95
54558,49767.9,906.3
54559,49768.45,906.65
54560,49769,907
54561,49769.6,907.2
54562,49770.2,907.4
54563,49770.8,907.6
54564,49771.4,907.8
54565,49772,908
54566,49772.6,908.2
54567,49773.2,908.4
54568,49773.8,908.6
54569,49774.4,908.8
54570,49775,909
54571,49775.6,909.2
54572,49776.2,909.4
54573,49776.8,909.6
54574,49777.4,909.8
54575,49778,910
54576,49778.6,910.2
54577,49779.2,910.4
54578,49779.8,910.6
54579,49780.4,910.8
54580,49781,911
54581,49781.55,911.3
54582,49782.1,911.6
54583,49782.65,911.9
54584,49783.2,912.2
54585,49783.75,912.5
54586,49784.3,912.8
54587,49784.85,913.1
54588,49785.4,913.4
54589,49785.95,913.7
54590,49786.5,914
54591,49787.05,914.3
54592,49787.6,914.6
54593,49788.15,914.9
54594,49788.7,915.2
54595,49789.25,915.5
54596,49789.8,915.8
54597,49790.35,916.1
54598,49790.9,916.4
54599,49791.45,916.7
54600,49792,917
54601,49792.6,917.35
54602,49793.2,917.7
54603,49793.8,918.05
54604,49794.4,918.4
54605,49795,918.75
54606,49795.6,919.1
54607,49796.2,919.45
54608,49796.8,919.8
54609,49797.4,920.15
54610,49798,920.5
54611,49798.6,920.85
54612,49799.2,921.2
54613,49799.8,921.55
54614,49800.4,921.9
54615,49801,922.25
54616,49801.6,922.6
54617,49802.2,922.95
54618,49802.8,923.3
54619,49803.4,923.65
54620,49804,924
54621,49804.6,924.2
54622,49805.2,924.4
54623,49805.8,924.6
54624,49806.4,924.8
54625,49807,925
54626,49807.6,925.2
54627,49808.2,925.4
54628,49808.8,925.6
54629,49809.4,925.8
54630,49810,926
54631,49810.6,926.2
54632,49811.2,926.4
54633,49811.8,926.6
54634,49812.4,926.8
54635,49813,927
54636,49813.6,927.2
54637,49814.2,927.4
54638,49814.8,927.6
54639,49815.4,927.8
54640,49816,928
54641,49816.6,928.3
54642,49817.2,928.6
54643,49817.8,928.9
54644,49818.4,929.2
54645,49819,929.5
54646,49819.6,929.8
54647,49820.2,930.1
54648,49820.8,930.4
54649,49821.4,930.7
54650,49822,931
54651,49822.6,931.3
54652,49823.2,931.6
54653,49823.8,931.9
54654,49824.4,932.2
54655,49825,932.5
54656,49825.6,932.8
54657,49826.2,933.1
54658,49826.8,933.4
54659,49827.4,933.7
54660,49828,934
54661,49828.65,934.3
54662,49829.3,934.6
54663,49829.95,934.9
54664,49830.6,935.2
54665,49831.25,935.5
54666,49831.9,935.8
54667,49832.55,936.1
54668,49833.2,936.4
54669,49833.85,936.7
54670,49834.5,937
54671,49835.15,937.3
54672,49835.8,937.6
54673,49836.45,937.9
54674,49837.1,938.2
54675,49837.75,938.5
54676,49838.4,938.8
54677,49839.05,939.1
54678,49839.7,939.4
54679,49840.35,939.7
54680,49841,940
54681,49841.65,940.25
54682,49842.3,940.5
54683,49842.95,940.75
54684,49843.6,941
54685,49844.25,941.25
54686,49844.9,941.5
54687,49845.55,941.75
54688,49846.2,942
54689,49846.85,942.25
54690,49847.5,942.5
54691,49848.15,942.75
54692,49848.8,943
54693,49849.45,943.25
54694,49850.1,943.5
54695,49850.75,943.75
54696,49851.4,944
54697,49852.05,944.25
54698,49852.7,944.5
54699,49853.35,944.75
54700,49854,945
54701,49854.7,945.2
54702,49855.4,945.4
54703,49856.1,945.6
54704,49856.8,945.8
54705,49857.5,946
54706,49858.2,946.2
54707,49858.9,946.4
54708,49859.6,946.6
54709,49860.3,946.8
54710,49861,947
54711,49861.7,947.2
54712,49862.4,947.4
54713,49863.1,947.6
54714,49863.8,947.8
54715,49864.5,948
54716,49865.2,948.2
54717,49865.9,948.4
54718,49866.6,948.6
54719,49867.3,948.8
54720,49868,949
54721,49868.8,949.3
54722,49869.6,949.6
54723,49870.4,949.9
54724,49871.2,950.2
54725,49872,950.5
54726,49872.8,950.8
54727,49873.6,951.1
54728,49874.4,951.4
54729,49875.2,951.7
54730,49876,952
54731,49876.8,952.3
54732,49877.6,952.6
54733,49878.4,952.9
54734,49879.2,953.2
54735,49880,953.5
54736,49880.8,953.8
54737,49881.6,954.1
54738,49882.4,954.4
54739,49883.2,954.7
54740,49884,955
54741,49884.65,955.25
54742,49885.3,955.5
54743,49885.95,955.75
54744,49886.6,956
54745,49887.25,956.25
54746,49887.9,956.5
54747,49888.55,956.75
54748,49889.2,957
54749,49889.85,957.25
54750,49890.5,957.5
54751,49891.15,957.75
54752,49891.8,958
54753,49892.45,958.25
54754,49893.1,958.5
54755,49893.75,958.75
54756,49894.4,959
54757,49895.05,959.25
54758,49895.7,959.5
54759,49896.35,959.75
54760,49897,960
54761,49897.8,960.3
54762,49898.6,960.6
54763,49899.4,960.9
54764,49900.2,961.2
54765,49901,961.5
54766,49901.8,961.8
54767,49902.6,962.1
54768,49903.4,962.4
54769,49904.2,962.7
54770,49905,963
54771,49905.8,963.3
54772,49906.6,963.6
54773,49907.4,963.9
54774,49908.2,964.2
54775,49909,964.5
54776,49909.8,964.8
54777,49910.6,965.1
54778,49911.4,965.4
54779,49912.2,965.7
54780,49913,966
54781,49913.75,966.25
54782,49914.5,966.5
54783,49915.25,966.75
54784,49916,967
54785,49916.75,967.25
54786,49917.5,967.5
54787,49918.25,967.75
54788,49919,968
54789,49919.75,968.25
54790,49920.5,968.5
54791,49921.25,968.75
54792,49922,969
54793,49922.75,969.25
54794,49923.5,969.5
54795,49924.25,969.75
54796,49925,970
54797,49925.75,970.25
54798,49926.5,970.5
54799,49927.25,970.75
54800,49928,971
54801,49928.75,971.25
54802,49929.5,971.5
54803,49930.25,971.75
54804,49931,972
54805,49931.75,972.25
54806,49932.5,972.5
54807,49933.25,972.75
54808,49934,973
54809,49934.75,973.25
54810,49935.5,973.5
54811,49936.25,973.75
54812,49937,974
54813,49937.75,974.25
54814,49938.5,974.5
54815,49939.25,974.75
54816,49940,975
54817,49940.75,975.25
54818,49941.5,975.5
54819,49942.25,975.75
54820,49943,976
54821,49943.8,976.3
54822,49944.6,976.6
54823,49945.4,976.9
54824,49946.2,977.2
54825,49947,977.5
54826,49947.8,977.8
54827,49948.6,978.1
54828,49949.4,978.4
54829,49950.2,978.7
54830,49951,979
54831,49951.8,979.3
54832,49952.6,979.6
54833,49953.4,979.9
54834,49954.2,980.2
54835,49955,980.5
54836,49955.8,980.8
54837,49956.6,981.1
54838,49957.4,981.4
54839,49958.2,981.7
54840,49959,982
54841,49959.85,982.25
54842,49960.7,982.5
54843,49961.55,982.75
54844,49962.4,983
54845,49963.25,983.25
54846,49964.1,983.5
54847,49964.95,983.75
54848,49965.8,984
54849,49966.65,984.25
54850,49967.5,984.5
54851,49968.35,984.75
54852,49969.2,985
54853,49970.05,985.25
54854,49970.9,985.5
54855,49971.75,985.75
54856,49972.6,986
54857,49973.45,986.25
54858,49974.3,986.5
54859,49975.15,986.75
54860,49976,987
54861,49976.8,987.2
54862,49977.6,987.4
54863,49978.4,987.6
54864,49979.2,987.8
54865,49980,988
54866,49980.8,988.2
54867,49981.6,988.4
54868,49982.4,988.6
54869,49983.2,988.8
54870,49984,989
54871,49984.8,989.2
54872,49985.6,989.4
54873,49986.4,989.6
54874,49987.2,989.8
54875,49988,990
54876,49988.8,990.2
54877,49989.6,990.4
54878,49990.4,990.6
54879,49991.2,990.8
54880,49992,991
54881,49992.85,991.3
54882,49993.7,991.6
54883,49994.55,991.9
54884,49995.4,992.2
54885,49996.25,992.5
54886,49997.1,992.8
54887,49997.95,993.1
54888,49998.8,993.4
54889,49999.65,993.7
54890,50000.5,994
54891,50001.35,994.3
54892,50002.2,994.6
54893,50003.05,994.9
54894,50003.9,995.2
54895,50004.75,995.5
54896,50005.6,995.8
54897,50006.45,996.1
54898,50007.3,996.4
54899,50008.15,996.7
54900,50009,997
54901,50009.9,997.3
54902,50010.8,997.6
54903,50011.7,997.9
54904,50012.6,998.2
54905,50013.5,998.5
54906,50014.4,998.8
54907,50015.3,999.1
54908,50016.2,999.4
54909,50017.1,999.7
54910,50018,1000
54911,50018.9,1000.3
54912,50019.8,1000.6
54913,50020.7,1000.9
54914,50021.6,1001.2
54915,50022.5,1001.5
54916,50023.4,1001.8
54917,50024.3,1002.1
54918,50025.2,1002.4
54919,50026.1,1002.7
54920,50027,1003
54921,50027.8,1003.2
54922,50028.6,1003.4
54923,50029.4,1003.6
54924,50030.2,1003.8
54925,50031,1004
54926,50031.8,1004.2
54927,50032.6,1004.4
54928,50033.4,1004.6
54929,50034.2,1004.8
54930,50035,1005
54931,50035.8,1005.2
54932,50036.6,1005.4
54933,50037.4,1005.6
54934,50038.2,1005.8
54935,50039,1006
54936,50039.8,1006.2
54937,50040.6,1006.4
54938,50041.4,1006.6
54939,50042.2,1006.8
54940,50043,1007
54941,50044,1007.3
54942,50045,1007.6
54943,50046,1007.9
54944,50047,1008.2
54945,50048,1008.5
54946,50049,1008.8
54947,50050,1009.1
54948,50051,1009.4
54949,50052,1009.7
54950,50053,1010
54951,50054,1010.3
54952,50055,1010.6
54953,50056,1010.9
54954,50057,1011.2
54955,50058,1011.5
54956,50059,1011.8
54957,50060,1012.1
54958,50061,1012.4
54959,50062,1012.7
54960,50063,1013
54961,50063.9,1013.25
54962,50064.8,1013.5
54963,50065.7,1013.75
54964,50066.6,1014
54965,50067.5,1014.25
54966,50068.4,1014.5
54967,50069.3,1014.75
54968,50070.2,1015
54969,50071.1,1015.25
54970,50072,1015.5
54971,50072.9,1015.75
54972,50073.8,1016
54973,50074.7,1016.25
54974,50075.6,1016.5
54975,50076.5,1016.75
54976,50077.4,1017
54977,50078.3,1017.25
54978,50079.2,1017.5
54979,50080.1,1017.75
54980,50081,1018
54981,50081.95,1018.3
54982,50082.9,1018.6
54983,50083.85,1018.9
54984,50084.8,1019.2
54985,50085.75,1019.5
54986,50086.7,1019.8
54987,50087.65,1020.1
54988,50088.6,1020.4
54989,50089.55,1020.7
54990,50090.5,1021
54991,50091.45,1021.3
54992,50092.4,1021.6
54993,50093.35,1021.9
54994,50094.3,1022.2
54995,50095.25,1022.5
54996,50096.2,1022.8
54997,50097.15,1023.1
54998,50098.1,1023.4
54999,50099.05,1023.7
55000,50100,1024
