"dataset","source","site","id","c14_age","c14_error"
"Iron","Heaton2021",,"2352",1060,50
"Iron","Heaton2021",,"2824",1190,60
"Iron","Heaton2021",,"26",1190,75
"Iron","Heaton2021",,"23",1365,220
"Iron","Heaton2021",,"529",1430,130
"Iron","Heaton2021",,"2041",1450,50
"Iron","Heaton2021",,"513",1460,165
"Iron","Heaton2021",,"25",1465,65
"Iron","Heaton2021",,"522",1470,120
"Iron","Heaton2021",,"1528",1510,40
"Iron","Heaton2021",,"688",1515,30
"Iron","Heaton2021",,"514",1515,120
"Iron","Heaton2021",,"536",1520,100
"Iron","Heaton2021",,"2449",1520,55
"Iron","Heaton2021",,"1707",1530,70
"Iron","Heaton2021",,"2645",1533,34
"Iron","Heaton2021",,"2040",1538,39
"Iron","Heaton2021",,"2393",1540,60
"Iron","Heaton2021",,"2575",1542,31
"Iron","Heaton2021",,"1709",1550,60
"Iron","Heaton2021",,"676",1560,70
"Iron","Heaton2021",,"1018",1560,70
"Iron","Heaton2021",,"1708",1560,70
"Iron","Heaton2021",,"518",1565,105
"Iron","Heaton2021",,"532",1565,90
"Iron","Heaton2021",,"2872",1570,31
"Iron","Heaton2021",,"2534",1570,40
"Iron","Heaton2021",,"2842",1570,40
"Iron","Heaton2021",,"1407",1580,35
"Iron","Heaton2021",,"1835",1580,55
"Iron","Heaton2021",,"2523",1580,40
"Iron","Heaton2021",,"2538",1580,40
"Iron","Heaton2021",,"2552",1580,40
"Iron","Heaton2021",,"2539",1580,40
"Iron","Heaton2021",,"2525",1580,40
"Iron","Heaton2021",,"2522",1580,40
"Iron","Heaton2021",,"1540",1580,40
"Iron","Heaton2021",,"2524",1580,40
"Iron","Heaton2021",,"507",1585,70
"Iron","Heaton2021",,"2043",1587,38
"Iron","Heaton2021",,"1889",1588,23
"Iron","Heaton2021",,"2321",1590,60
"Iron","Heaton2021",,"2540",1590,40
"Iron","Heaton2021",,"1461",1590,40
"Iron","Heaton2021",,"535",1590,75
"Iron","Heaton2021",,"402",1595,70
"Iron","Heaton2021",,"2112",1595,35
"Iron","Heaton2021",,"2407",1600,40
"Iron","Heaton2021",,"2241",1600,50
"Iron","Heaton2021",,"1067",1600,40
"Iron","Heaton2021",,"2272",1600,80
"Iron","Heaton2021",,"2561",1600,60
"Iron","Heaton2021",,"373",1600,50
"Iron","Heaton2021",,"372",1600,65
"Iron","Heaton2021",,"718",1600,34
"Iron","Heaton2021",,"2640",1601,35
"Iron","Heaton2021",,"2044",1604,38
"Iron","Heaton2021",,"2418",1607,37
"Iron","Heaton2021",,"2859",1608,22
"Iron","Heaton2021",,"2404",1610,40
"Iron","Heaton2021",,"2839",1610,45
"Iron","Heaton2021",,"1537",1610,40
"Iron","Heaton2021",,"99",1610,60
"Iron","Heaton2021",,"515",1610,60
"Iron","Heaton2021",,"2471",1610,50
"Iron","Heaton2021",,"1138",1612,27
"Iron","Heaton2021",,"2556",1620,40
"Iron","Heaton2021",,"1064",1620,40
"Iron","Heaton2021",,"2042",1620,70
"Iron","Heaton2021",,"1066",1620,40
"Iron","Heaton2021",,"1422",1620,40
"Iron","Heaton2021",,"1762",1620,40
"Iron","Heaton2021",,"516",1620,130
"Iron","Heaton2021",,"1536",1621,35
"Iron","Heaton2021",,"2840",1625,40
"Iron","Heaton2021",,"2438",1625,90
"Iron","Heaton2021",,"2045",1628,39
"Iron","Heaton2021",,"719",1629,37
"Iron","Heaton2021",,"1593",1630,40
"Iron","Heaton2021",,"410",1630,130
"Iron","Heaton2021",,"1150",1630,40
"Iron","Heaton2021",,"800",1630,40
"Iron","Heaton2021",,"682",1630,80
"Iron","Heaton2021",,"2614",1631,20
"Iron","Heaton2021",,"2665",1635,38
"Iron","Heaton2021",,"414",1635,65
"Iron","Heaton2021",,"371",1635,65
"Iron","Heaton2021",,"1639",1638,21
"Iron","Heaton2021",,"962",1639,21
"Iron","Heaton2021",,"2410",1640,40
"Iron","Heaton2021",,"784",1640,40
"Iron","Heaton2021",,"966",1640,50
"Iron","Heaton2021",,"2243",1643,40
"Iron","Heaton2021",,"687",1645,25
"Iron","Heaton2021",,"2673",1645,35
"Iron","Heaton2021",,"2417",1647,33
"Iron","Heaton2021",,"1886",1649,21
"Iron","Heaton2021",,"1914",1650,40
"Iron","Heaton2021",,"1137",1650,40
"Iron","Heaton2021",,"2832",1652,31
"Iron","Heaton2021",,"1887",1653,29
"Iron","Heaton2021",,"2612",1654,21
"Iron","Heaton2021",,"684",1654,43
"Iron","Heaton2021",,"2490",1655,45
"Iron","Heaton2021",,"374",1660,80
"Iron","Heaton2021",,"2409",1660,40
"Iron","Heaton2021",,"2453",1660,40
"Iron","Heaton2021",,"675",1660,60
"Iron","Heaton2021",,"726",1660,60
"Iron","Heaton2021",,"1789",1666,30
"Iron","Heaton2021",,"1267",1669,29
"Iron","Heaton2021",,"1120",1670,55
"Iron","Heaton2021",,"413",1670,70
"Iron","Heaton2021",,"1774",1670,40
"Iron","Heaton2021",,"509",1670,50
"Iron","Heaton2021",,"2046",1674,38
"Iron","Heaton2021",,"1675",1674,23
"Iron","Heaton2021",,"29",1676,168
"Iron","Heaton2021",,"77",1677,45
"Iron","Heaton2021",,"694",1679,33
"Iron","Heaton2021",,"2870",1680,23
"Iron","Heaton2021",,"2240",1680,30
"Iron","Heaton2021",,"1814",1680,50
"Iron","Heaton2021",,"1737",1680,22
"Iron","Heaton2021",,"1317",1680,40
"Iron","Heaton2021",,"1538",1683,36
"Iron","Heaton2021",,"1883",1684,24
"Iron","Heaton2021",,"1539",1684,36
"Iron","Heaton2021",,"530",1685,70
"Iron","Heaton2021",,"394",1685,30
"Iron","Heaton2021",,"1079",1689,16
"Iron","Heaton2021",,"963",1689,15
"Iron","Heaton2021",,"2301",1690,55
"Iron","Heaton2021",,"407",1690,55
"Iron","Heaton2021",,"2854",1690,35
"Iron","Heaton2021",,"2551",1690,40
"Iron","Heaton2021",,"1702",1690,50
"Iron","Heaton2021",,"967",1690,50
"Iron","Heaton2021",,"709",1691,20
"Iron","Heaton2021",,"2802",1691,20
"Iron","Heaton2021",,"1735",1692,23
"Iron","Heaton2021",,"707",1692,20
"Iron","Heaton2021",,"964",1693,22
"Iron","Heaton2021",,"2234",1700,24
"Iron","Heaton2021",,"1705",1700,55
"Iron","Heaton2021",,"2557",1700,40
"Iron","Heaton2021",,"2254",1703,30
"Iron","Heaton2021",,"1878",1705,31
"Iron","Heaton2021",,"708",1707,20
"Iron","Heaton2021",,"2403",1710,50
"Iron","Heaton2021",,"2408",1710,40
"Iron","Heaton2021",,"412",1710,75
"Iron","Heaton2021",,"1436",1710,40
"Iron","Heaton2021",,"1746",1715,27
"Iron","Heaton2021",,"1322",1715,19
"Iron","Heaton2021",,"1888",1716,23
"Iron","Heaton2021",,"2394",1720,80
"Iron","Heaton2021",,"799",1720,40
"Iron","Heaton2021",,"208",1725,115
"Iron","Heaton2021",,"208",1725,115
"Iron","Heaton2021",,"202",1730,80
"Iron","Heaton2021",,"1986",1730,70
"Iron","Heaton2021",,"745",1730,31
"Iron","Heaton2021",,"1040",1736,33
"Iron","Heaton2021",,"1035",1736,32
"Iron","Heaton2021",,"1706",1737,41
"Iron","Heaton2021",,"345",1740,80
"Iron","Heaton2021",,"200",1740,100
"Iron","Heaton2021",,"2090",1740,35
"Iron","Heaton2021",,"1740",1744,38
"Iron","Heaton2021",,"1832",1747,33
"Iron","Heaton2021",,"2611",1750,20
"Iron","Heaton2021",,"723",1750,80
"Iron","Heaton2021",,"2245",1755,30
"Iron","Heaton2021",,"233",1755,90
"Iron","Heaton2021",,"717",1757,27
"Iron","Heaton2021",,"1630",1759,42
"Iron","Heaton2021",,"1676",1760,29
"Iron","Heaton2021",,"2437",1760,60
"Iron","Heaton2021",,"2320",1765,70
"Iron","Heaton2021",,"1568",1770,25
"Iron","Heaton2021",,"206",1770,65
"Iron","Heaton2021",,"205",1770,90
"Iron","Heaton2021",,"2057",1776,22
"Iron","Heaton2021",,"1604",1780,40
"Iron","Heaton2021",,"683",1781,35
"Iron","Heaton2021",,"2251",1785,30
"Iron","Heaton2021",,"2791",1785,230
"Iron","Heaton2021",,"383",1785,45
"Iron","Heaton2021",,"1626",1788,26
"Iron","Heaton2021",,"179",1790,40
"Iron","Heaton2021",,"1662",1790,40
"Iron","Heaton2021",,"1316",1790,50
"Iron","Heaton2021",,"2472",1790,80
"Iron","Heaton2021",,"353",1795,65
"Iron","Heaton2021",,"411",1795,20
"Iron","Heaton2021",,"1787",1796,23
"Iron","Heaton2021",,"175",1800,40
"Iron","Heaton2021",,"2458",1800,40
"Iron","Heaton2021",,"370",1800,55
"Iron","Heaton2021",,"1442",1800,40
"Iron","Heaton2021",,"22",1800,155
"Iron","Heaton2021",,"97",1800,80
"Iron","Heaton2021",,"786",1800,40
"Iron","Heaton2021",,"2469",1804,51
"Iron","Heaton2021",,"24",1805,75
"Iron","Heaton2021",,"1598",1810,40
"Iron","Heaton2021",,"1118",1820,50
"Iron","Heaton2021",,"406",1825,30
"Iron","Heaton2021",,"1751",1830,30
"Iron","Heaton2021",,"1558",1830,40
"Iron","Heaton2021",,"256",1830,50
"Iron","Heaton2021",,"2388",1830,60
"Iron","Heaton2021",,"701",1833,30
"Iron","Heaton2021",,"178",1835,40
"Iron","Heaton2021",,"329",1840,110
"Iron","Heaton2021",,"1080",1842,16
"Iron","Heaton2021",,"180",1845,85
"Iron","Heaton2021",,"2323",1847,45
"Iron","Heaton2021",,"1365",1850,40
"Iron","Heaton2021",,"734",1850,40
"Iron","Heaton2021",,"2454",1850,40
"Iron","Heaton2021",,"1836",1854,32
"Iron","Heaton2021",,"230",1855,50
"Iron","Heaton2021",,"2855",1855,35
"Iron","Heaton2021",,"2856",1855,35
"Iron","Heaton2021",,"645",1860,50
"Iron","Heaton2021",,"98",1860,80
"Iron","Heaton2021",,"197",1860,110
"Iron","Heaton2021",,"61",1860,80
"Iron","Heaton2021",,"70",1860,70
"Iron","Heaton2021",,"2324",1862,29
"Iron","Heaton2021",,"2289",1870,40
"Iron","Heaton2021",,"1038",1870,50
"Iron","Heaton2021",,"712",1872,22
"Iron","Heaton2021",,"1416",1873,21
"Iron","Heaton2021",,"1078",1875,50
"Iron","Heaton2021",,"2237",1880,30
"Iron","Heaton2021",,"15",1884,28
"Iron","Heaton2021",,"2208",1886,34
"Iron","Heaton2021",,"1077",1890,20
"Iron","Heaton2021",,"1070",1890,40
"Iron","Heaton2021",,"1556",1890,40
"Iron","Heaton2021",,"126",1890,130
"Iron","Heaton2021",,"1670",1896,33
"Iron","Heaton2021",,"703",1898,41
"Iron","Heaton2021",,"173",1900,50
"Iron","Heaton2021",,"2066",1900,35
"Iron","Heaton2021",,"556",1900,70
"Iron","Heaton2021",,"1629",1900,22
"Iron","Heaton2021",,"2050",1901,22
"Iron","Heaton2021",,"1668",1904,42
"Iron","Heaton2021",,"2051",1905,26
"Iron","Heaton2021",,"245",1905,75
"Iron","Heaton2021",,"702",1910,30
"Iron","Heaton2021",,"211",1910,130
"Iron","Heaton2021",,"2196",1911,30
"Iron","Heaton2021",,"650",1915,80
"Iron","Heaton2021",,"1541",1918,36
"Iron","Heaton2021",,"1752",1920,30
"Iron","Heaton2021",,"2183",1920,60
"Iron","Heaton2021",,"1403",1921,20
"Iron","Heaton2021",,"2258",1921,21
"Iron","Heaton2021",,"2610",1924,20
"Iron","Heaton2021",,"1364",1924,27
"Iron","Heaton2021",,"2491",1925,30
"Iron","Heaton2021",,"1371",1925,35
"Iron","Heaton2021",,"396",1925,100
"Iron","Heaton2021",,"2253",1927,27
"Iron","Heaton2021",,"78",1927,53
"Iron","Heaton2021",,"2516",1930,40
"Iron","Heaton2021",,"235",1930,85
"Iron","Heaton2021",,"1517",1932,29
"Iron","Heaton2021",,"681",1934,45
"Iron","Heaton2021",,"1807",1935,30
"Iron","Heaton2021",,"1671",1937,30
"Iron","Heaton2021",,"2054",1937,23
"Iron","Heaton2021",,"1855",1939,28
"Iron","Heaton2021",,"2242",1940,30
"Iron","Heaton2021",,"174",1940,70
"Iron","Heaton2021",,"287",1940,15
"Iron","Heaton2021",,"405",1940,70
"Iron","Heaton2021",,"2182",1940,70
"Iron","Heaton2021",,"705",1944,33
"Iron","Heaton2021",,"1393",1946,30
"Iron","Heaton2021",,"1326",1946,25
"Iron","Heaton2021",,"2852",1947,27
"Iron","Heaton2021",,"2858",1947,27
"Iron","Heaton2021",,"2520",1950,40
"Iron","Heaton2021",,"236",1950,80
"Iron","Heaton2021",,"2053",1953,23
"Iron","Heaton2021",,"1923",1955,20
"Iron","Heaton2021",,"1753",1960,30
"Iron","Heaton2021",,"2518",1960,40
"Iron","Heaton2021",,"369",1960,130
"Iron","Heaton2021",,"81",1960,66
"Iron","Heaton2021",,"1122",1960,39
"Iron","Heaton2021",,"1628",1961,23
"Iron","Heaton2021",,"1812",1962,22
"Iron","Heaton2021",,"2502",1963,35
"Iron","Heaton2021",,"2459",1963,34
"Iron","Heaton2021",,"1758",1965,40
"Iron","Heaton2021",,"1387",1965,30
"Iron","Heaton2021",,"254",1970,95
"Iron","Heaton2021",,"301",1970,40
"Iron","Heaton2021",,"634",1975,35
"Iron","Heaton2021",,"2267",1975,21
"Iron","Heaton2021",,"1273",1975,35
"Iron","Heaton2021",,"730",1975,80
"Iron","Heaton2021",,"631",1975,35
"Iron","Heaton2021",,"59",1976,60
"Iron","Heaton2021",,"582",1980,60
"Iron","Heaton2021",,"1597",1980,40
"Iron","Heaton2021",,"1034",1980,40
"Iron","Heaton2021",,"60",1980,80
"Iron","Heaton2021",,"2029",1984,31
"Iron","Heaton2021",,"2034",1987,42
"Iron","Heaton2021",,"2536",1990,40
"Iron","Heaton2021",,"1282",1990,60
"Iron","Heaton2021",,"1385",1990,40
"Iron","Heaton2021",,"257",1990,50
"Iron","Heaton2021",,"2851",1991,24
"Iron","Heaton2021",,"1530",1992,35
"Iron","Heaton2021",,"2811",1992,33
"Iron","Heaton2021",,"2340",1995,35
"Iron","Heaton2021",,"2300",1995,195
"Iron","Heaton2021",,"163",1996,81
"Iron","Heaton2021",,"2268",1997,26
"Iron","Heaton2021",,"2028",2000,44
"Iron","Heaton2021",,"1624",2000,20
"Iron","Heaton2021",,"2235",2000,23
"Iron","Heaton2021",,"93",2000,70
"Iron","Heaton2021",,"2211",2003,33
"Iron","Heaton2021",,"1830",2003,21
"Iron","Heaton2021",,"2069",2005,35
"Iron","Heaton2021",,"2181",2005,35
"Iron","Heaton2021",,"1644",2005,22
"Iron","Heaton2021",,"1741",2007,38
"Iron","Heaton2021",,"1173",2009,25
"Iron","Heaton2021",,"636",2010,35
"Iron","Heaton2021",,"1312",2010,40
"Iron","Heaton2021",,"1121",2010,44
"Iron","Heaton2021",,"71",2010,50
"Iron","Heaton2021",,"2616",2011,21
"Iron","Heaton2021",,"1645",2011,27
"Iron","Heaton2021",,"2280",2014,48
"Iron","Heaton2021",,"2067",2015,35
"Iron","Heaton2021",,"1404",2015,24
"Iron","Heaton2021",,"1384",2015,35
"Iron","Heaton2021",,"357",2015,45
"Iron","Heaton2021",,"2792",2015,45
"Iron","Heaton2021",,"2317",2015,40
"Iron","Heaton2021",,"626",2016,39
"Iron","Heaton2021",,"1657",2017,21
"Iron","Heaton2021",,"1531",2017,36
"Iron","Heaton2021",,"1509",2018,37
"Iron","Heaton2021",,"1081",2019,17
"Iron","Heaton2021",,"1618",2019,23
"Iron","Heaton2021",,"483",2020,35
"Iron","Heaton2021",,"1599",2020,40
"Iron","Heaton2021",,"2809",2020,22
"Iron","Heaton2021",,"1680",2020,40
"Iron","Heaton2021",,"409",2020,55
"Iron","Heaton2021",,"358",2020,45
"Iron","Heaton2021",,"630",2020,35
"Iron","Heaton2021",,"271",2020,70
"Iron","Heaton2021",,"1174",2021,23
"Iron","Heaton2021",,"1616",2024,19
"Iron","Heaton2021",,"1714",2024,21
"Iron","Heaton2021",,"2227",2025,30
"Iron","Heaton2021",,"2368",2025,33
"Iron","Heaton2021",,"2225",2025,30
"Iron","Heaton2021",,"218",2025,285
"Iron","Heaton2021",,"1619",2026,19
"Iron","Heaton2021",,"1620",2027,28
"Iron","Heaton2021",,"2810",2027,25
"Iron","Heaton2021",,"1743",2029,46
"Iron","Heaton2021",,"569",2030,60
"Iron","Heaton2021",,"2807",2031,23
"Iron","Heaton2021",,"1041",2033,31
"Iron","Heaton2021",,"596",2034,38
"Iron","Heaton2021",,"2654",2037,29
"Iron","Heaton2021",,"1338",2037,29
"Iron","Heaton2021",,"1392",2038,30
"Iron","Heaton2021",,"581",2040,50
"Iron","Heaton2021",,"568",2040,60
"Iron","Heaton2021",,"721",2040,40
"Iron","Heaton2021",,"1744",2040,37
"Iron","Heaton2021",,"1623",2043,29
"Iron","Heaton2021",,"1297",2045,25
"Iron","Heaton2021",,"1043",2045,34
"Iron","Heaton2021",,"637",2045,33
"Iron","Heaton2021",,"1260",2048,49
"Iron","Heaton2021",,"2238",2050,40
"Iron","Heaton2021",,"164",2050,49
"Iron","Heaton2021",,"344",2050,130
"Iron","Heaton2021",,"642",2051,43
"Iron","Heaton2021",,"1625",2052,24
"Iron","Heaton2021",,"2200",2052,30
"Iron","Heaton2021",,"1713",2053,52
"Iron","Heaton2021",,"1258",2053,28
"Iron","Heaton2021",,"132",2053,30
"Iron","Heaton2021",,"2052",2055,26
"Iron","Heaton2021",,"2226",2055,30
"Iron","Heaton2021",,"2467",2057,25
"Iron","Heaton2021",,"620",2057,40
"Iron","Heaton2021",,"1415",2058,29
"Iron","Heaton2021",,"1648",2058,22
"Iron","Heaton2021",,"2455",2059,31
"Iron","Heaton2021",,"214",2060,35
"Iron","Heaton2021",,"1502",2060,40
"Iron","Heaton2021",,"968",2060,40
"Iron","Heaton2021",,"706",2062,30
"Iron","Heaton2021",,"1372",2063,25
"Iron","Heaton2021",,"1075",2065,16
"Iron","Heaton2021",,"186",2065,70
"Iron","Heaton2021",,"692",2065,30
"Iron","Heaton2021",,"2284",2065,20
"Iron","Heaton2021",,"1669",2066,33
"Iron","Heaton2021",,"1523",2067,21
"Iron","Heaton2021",,"293",2070,130
"Iron","Heaton2021",,"1833",2070,50
"Iron","Heaton2021",,"176",2070,70
"Iron","Heaton2021",,"189",2070,75
"Iron","Heaton2021",,"72",2070,60
"Iron","Heaton2021",,"1650",2070,20
"Iron","Heaton2021",,"162",2071,36
"Iron","Heaton2021",,"591",2072,36
"Iron","Heaton2021",,"1362",2074,20
"Iron","Heaton2021",,"320",2075,50
"Iron","Heaton2021",,"633",2075,35
"Iron","Heaton2021",,"1780",2075,22
"Iron","Heaton2021",,"384",2075,45
"Iron","Heaton2021",,"231",2075,80
"Iron","Heaton2021",,"2506",2075,40
"Iron","Heaton2021",,"1202",2076,24
"Iron","Heaton2021",,"2299",2076,27
"Iron","Heaton2021",,"2047",2080,40
"Iron","Heaton2021",,"91",2080,70
"Iron","Heaton2021",,"255",2080,95
"Iron","Heaton2021",,"2392",2080,40
"Iron","Heaton2021",,"2285",2080,20
"Iron","Heaton2021",,"1016",2081,30
"Iron","Heaton2021",,"1500",2082,29
"Iron","Heaton2021",,"756",2084,31
"Iron","Heaton2021",,"385",2085,75
"Iron","Heaton2021",,"1834",2088,22
"Iron","Heaton2021",,"765",2088,30
"Iron","Heaton2021",,"1201",2090,40
"Iron","Heaton2021",,"1431",2090,40
"Iron","Heaton2021",,"1074",2090,60
"Iron","Heaton2021",,"1520",2090,30
"Iron","Heaton2021",,"744",2090,40
"Iron","Heaton2021",,"2456",2090,65
"Iron","Heaton2021",,"1677",2091,25
"Iron","Heaton2021",,"2468",2091,56
"Iron","Heaton2021",,"2806",2092,22
"Iron","Heaton2021",,"1699",2093,36
"Iron","Heaton2021",,"2072",2094,58
"Iron","Heaton2021",,"1854",2095,36
"Iron","Heaton2021",,"1754",2095,20
"Iron","Heaton2021",,"1294",2095,19
"Iron","Heaton2021",,"1033",2100,40
"Iron","Heaton2021",,"387",2100,60
"Iron","Heaton2021",,"1093",2100,30
"Iron","Heaton2021",,"2384",2100,60
"Iron","Heaton2021",,"296",2100,130
"Iron","Heaton2021",,"181",2100,20
"Iron","Heaton2021",,"595",2100,42
"Iron","Heaton2021",,"364",2100,70
"Iron","Heaton2021",,"106",2100,30
"Iron","Heaton2021",,"1856",2101,38
"Iron","Heaton2021",,"2813",2103,22
"Iron","Heaton2021",,"639",2103,43
"Iron","Heaton2021",,"1631",2103,22
"Iron","Heaton2021",,"1044",2104,33
"Iron","Heaton2021",,"1076",2105,21
"Iron","Heaton2021",,"227",2105,35
"Iron","Heaton2021",,"382",2105,70
"Iron","Heaton2021",,"2030",2106,29
"Iron","Heaton2021",,"2420",2106,39
"Iron","Heaton2021",,"1039",2108,34
"Iron","Heaton2021",,"1897",2110,40
"Iron","Heaton2021",,"1727",2110,33
"Iron","Heaton2021",,"2068",2110,35
"Iron","Heaton2021",,"1518",2110,30
"Iron","Heaton2021",,"381",2110,45
"Iron","Heaton2021",,"728",2110,80
"Iron","Heaton2021",,"315",2110,30
"Iron","Heaton2021",,"809",2110,31
"Iron","Heaton2021",,"2390",2110,60
"Iron","Heaton2021",,"2653",2110,30
"Iron","Heaton2021",,"769",2111,32
"Iron","Heaton2021",,"551",2114,34
"Iron","Heaton2021",,"9",2115,30
"Iron","Heaton2021",,"1395",2115,36
"Iron","Heaton2021",,"360",2116,32
"Iron","Heaton2021",,"2609",2117,26
"Iron","Heaton2021",,"697",2117,33
"Iron","Heaton2021",,"2266",2119,21
"Iron","Heaton2021",,"2156",2120,35
"Iron","Heaton2021",,"191",2120,20
"Iron","Heaton2021",,"404",2120,25
"Iron","Heaton2021",,"398",2120,45
"Iron","Heaton2021",,"550",2120,40
"Iron","Heaton2021",,"565",2120,40
"Iron","Heaton2021",,"324",2120,50
"Iron","Heaton2021",,"2173",2120,35
"Iron","Heaton2021",,"2386",2120,70
"Iron","Heaton2021",,"2808",2122,29
"Iron","Heaton2021",,"1406",2123,20
"Iron","Heaton2021",,"2660",2125,30
"Iron","Heaton2021",,"749",2125,33
"Iron","Heaton2021",,"392",2125,85
"Iron","Heaton2021",,"1813",2128,64
"Iron","Heaton2021",,"2283",2129,18
"Iron","Heaton2021",,"389",2130,65
"Iron","Heaton2021",,"656",2130,20
"Iron","Heaton2021",,"1546",2130,20
"Iron","Heaton2021",,"2391",2130,60
"Iron","Heaton2021",,"120",2130,60
"Iron","Heaton2021",,"216",2130,20
"Iron","Heaton2021",,"1498",2132,21
"Iron","Heaton2021",,"1045",2133,39
"Iron","Heaton2021",,"8",2134,30
"Iron","Heaton2021",,"2210",2135,22
"Iron","Heaton2021",,"2398",2135,25
"Iron","Heaton2021",,"2651",2135,30
"Iron","Heaton2021",,"2657",2136,49
"Iron","Heaton2021",,"742",2138,44
"Iron","Heaton2021",,"294",2140,130
"Iron","Heaton2021",,"2212",2140,49
"Iron","Heaton2021",,"1071",2140,40
"Iron","Heaton2021",,"183",2140,50
"Iron","Heaton2021",,"1600",2140,40
"Iron","Heaton2021",,"2135",2140,40
"Iron","Heaton2021",,"658",2140,20
"Iron","Heaton2021",,"579",2140,60
"Iron","Heaton2021",,"139",2140,60
"Iron","Heaton2021",,"2725",2141,26
"Iron","Heaton2021",,"1614",2143,23
"Iron","Heaton2021",,"1361",2143,53
"Iron","Heaton2021",,"1738",2144,43
"Iron","Heaton2021",,"1643",2144,24
"Iron","Heaton2021",,"1262",2144,21
"Iron","Heaton2021",,"2416",2145,35
"Iron","Heaton2021",,"2341",2145,35
"Iron","Heaton2021",,"1665",2148,47
"Iron","Heaton2021",,"1794",2149,45
"Iron","Heaton2021",,"295",2150,130
"Iron","Heaton2021",,"313",2150,70
"Iron","Heaton2021",,"690",2150,35
"Iron","Heaton2021",,"1596",2150,40
"Iron","Heaton2021",,"2132",2150,40
"Iron","Heaton2021",,"659",2150,25
"Iron","Heaton2021",,"297",2150,130
"Iron","Heaton2021",,"2553",2150,40
"Iron","Heaton2021",,"571",2150,50
"Iron","Heaton2021",,"76",2150,55
"Iron","Heaton2021",,"2767",2150,80
"Iron","Heaton2021",,"388",2150,70
"Iron","Heaton2021",,"105",2150,20
"Iron","Heaton2021",,"185",2155,435
"Iron","Heaton2021",,"2880",2157,31
"Iron","Heaton2021",,"2419",2157,50
"Iron","Heaton2021",,"1087",2158,34
"Iron","Heaton2021",,"588",2159,30
"Iron","Heaton2021",,"589",2159,34
"Iron","Heaton2021",,"291",2160,130
"Iron","Heaton2021",,"2100",2160,35
"Iron","Heaton2021",,"559",2160,40
"Iron","Heaton2021",,"2387",2160,40
"Iron","Heaton2021",,"549",2160,60
"Iron","Heaton2021",,"110",2160,70
"Iron","Heaton2021",,"136",2160,35
"Iron","Heaton2021",,"965",2160,40
"Iron","Heaton2021",,"1956",2162,22
"Iron","Heaton2021",,"2264",2162,34
"Iron","Heaton2021",,"587",2163,30
"Iron","Heaton2021",,"240",2165,70
"Iron","Heaton2021",,"689",2165,30
"Iron","Heaton2021",,"146",2165,55
"Iron","Heaton2021",,"1728",2167,35
"Iron","Heaton2021",,"576",2168,31
"Iron","Heaton2021",,"1073",2170,40
"Iron","Heaton2021",,"655",2170,30
"Iron","Heaton2021",,"1811",2170,35
"Iron","Heaton2021",,"578",2170,50
"Iron","Heaton2021",,"2131",2170,40
"Iron","Heaton2021",,"1288",2170,29
"Iron","Heaton2021",,"674",2170,50
"Iron","Heaton2021",,"306",2170,40
"Iron","Heaton2021",,"2389",2170,40
"Iron","Heaton2021",,"2790",2170,70
"Iron","Heaton2021",,"272",2170,60
"Iron","Heaton2021",,"1622",2171,24
"Iron","Heaton2021",,"2351",2171,96
"Iron","Heaton2021",,"590",2171,33
"Iron","Heaton2021",,"2087",2175,40
"Iron","Heaton2021",,"390",2175,45
"Iron","Heaton2021",,"2353",2175,40
"Iron","Heaton2021",,"621",2175,38
"Iron","Heaton2021",,"1901",2175,33
"Iron","Heaton2021",,"2104",2175,35
"Iron","Heaton2021",,"632",2175,35
"Iron","Heaton2021",,"53",2175,45
"Iron","Heaton2021",,"11",2179,28
"Iron","Heaton2021",,"2636",2179,33
"Iron","Heaton2021",,"1691",2180,22
"Iron","Heaton2021",,"643",2180,40
"Iron","Heaton2021",,"2086",2180,35
"Iron","Heaton2021",,"2382",2180,40
"Iron","Heaton2021",,"1651",2182,20
"Iron","Heaton2021",,"1613",2183,21
"Iron","Heaton2021",,"577",2184,33
"Iron","Heaton2021",,"710",2184,23
"Iron","Heaton2021",,"380",2185,55
"Iron","Heaton2021",,"2652",2185,30
"Iron","Heaton2021",,"2661",2185,30
"Iron","Heaton2021",,"209",2185,45
"Iron","Heaton2021",,"316",2185,65
"Iron","Heaton2021",,"713",2186,22
"Iron","Heaton2021",,"782",2187,46
"Iron","Heaton2021",,"2292",2190,40
"Iron","Heaton2021",,"572",2190,40
"Iron","Heaton2021",,"148",2190,55
"Iron","Heaton2021",,"117",2190,60
"Iron","Heaton2021",,"51",2190,20
"Iron","Heaton2021",,"274",2190,60
"Iron","Heaton2021",,"1068",2190,40
"Iron","Heaton2021",,"1515",2190,40
"Iron","Heaton2021",,"1800",2192,22
"Iron","Heaton2021",,"1290",2192,34
"Iron","Heaton2021",,"1666",2192,40
"Iron","Heaton2021",,"1358",2193,54
"Iron","Heaton2021",,"615",2193,38
"Iron","Heaton2021",,"696",2194,34
"Iron","Heaton2021",,"2658",2195,30
"Iron","Heaton2021",,"401",2195,75
"Iron","Heaton2021",,"393",2195,80
"Iron","Heaton2021",,"1394",2199,30
"Iron","Heaton2021",,"743",2199,34
"Iron","Heaton2021",,"2209",2200,60
"Iron","Heaton2021",,"610",2200,39
"Iron","Heaton2021",,"604",2200,40
"Iron","Heaton2021",,"232",2200,50
"Iron","Heaton2021",,"764",2200,30
"Iron","Heaton2021",,"691",2200,35
"Iron","Heaton2021",,"109",2200,20
"Iron","Heaton2021",,"113",2200,50
"Iron","Heaton2021",,"187",2202,35
"Iron","Heaton2021",,"711",2202,28
"Iron","Heaton2021",,"1157",2204,39
"Iron","Heaton2021",,"2876",2205,35
"Iron","Heaton2021",,"635",2205,35
"Iron","Heaton2021",,"1698",2207,39
"Iron","Heaton2021",,"1391",2209,31
"Iron","Heaton2021",,"1860",2209,28
"Iron","Heaton2021",,"2233",2210,25
"Iron","Heaton2021",,"54",2210,20
"Iron","Heaton2021",,"2874",2210,35
"Iron","Heaton2021",,"1432",2210,40
"Iron","Heaton2021",,"1388",2210,40
"Iron","Heaton2021",,"2546",2210,40
"Iron","Heaton2021",,"720",2210,35
"Iron","Heaton2021",,"594",2210,35
"Iron","Heaton2021",,"558",2210,60
"Iron","Heaton2021",,"221",2210,20
"Iron","Heaton2021",,"1456",2210,40
"Iron","Heaton2021",,"2871",2210,115
"Iron","Heaton2021",,"124",2210,60
"Iron","Heaton2021",,"613",2212,41
"Iron","Heaton2021",,"1200",2214,22
"Iron","Heaton2021",,"2659",2215,30
"Iron","Heaton2021",,"215",2215,35
"Iron","Heaton2021",,"334",2215,80
"Iron","Heaton2021",,"312",2215,50
"Iron","Heaton2021",,"1773",2220,270
"Iron","Heaton2021",,"2817",2220,30
"Iron","Heaton2021",,"657",2220,30
"Iron","Heaton2021",,"772",2220,70
"Iron","Heaton2021",,"484",2220,70
"Iron","Heaton2021",,"2297",2220,40
"Iron","Heaton2021",,"554",2220,40
"Iron","Heaton2021",,"337",2220,80
"Iron","Heaton2021",,"1069",2220,40
"Iron","Heaton2021",,"260",2221,26
"Iron","Heaton2021",,"135",2221,30
"Iron","Heaton2021",,"2298",2223,25
"Iron","Heaton2021",,"573",2224,36
"Iron","Heaton2021",,"1264",2227,20
"Iron","Heaton2021",,"1772",2227,34
"Iron","Heaton2021",,"2355",2230,50
"Iron","Heaton2021",,"1712",2230,40
"Iron","Heaton2021",,"2877",2230,35
"Iron","Heaton2021",,"1359",2230,60
"Iron","Heaton2021",,"560",2230,60
"Iron","Heaton2021",,"1454",2230,40
"Iron","Heaton2021",,"612",2232,38
"Iron","Heaton2021",,"2257",2233,22
"Iron","Heaton2021",,"1501",2235,40
"Iron","Heaton2021",,"1805",2235,30
"Iron","Heaton2021",,"108",2235,20
"Iron","Heaton2021",,"2033",2238,50
"Iron","Heaton2021",,"49",2239,33
"Iron","Heaton2021",,"2286",2240,40
"Iron","Heaton2021",,"736",2240,70
"Iron","Heaton2021",,"1462",2240,40
"Iron","Heaton2021",,"359",2240,45
"Iron","Heaton2021",,"147",2240,90
"Iron","Heaton2021",,"686",2240,50
"Iron","Heaton2021",,"107",2240,40
"Iron","Heaton2021",,"2263",2245,33
"Iron","Heaton2021",,"739",2245,70
"Iron","Heaton2021",,"1617",2245,120
"Iron","Heaton2021",,"2085",2245,35
"Iron","Heaton2021",,"593",2248,43
"Iron","Heaton2021",,"2415",2249,32
"Iron","Heaton2021",,"2875",2250,35
"Iron","Heaton2021",,"1535",2250,40
"Iron","Heaton2021",,"292",2250,130
"Iron","Heaton2021",,"116",2250,40
"Iron","Heaton2021",,"111",2250,50
"Iron","Heaton2021",,"118",2250,60
"Iron","Heaton2021",,"261",2253,26
"Iron","Heaton2021",,"2179",2255,35
"Iron","Heaton2021",,"1293",2258,21
"Iron","Heaton2021",,"750",2259,33
"Iron","Heaton2021",,"1595",2260,40
"Iron","Heaton2021",,"737",2260,45
"Iron","Heaton2021",,"2445",2260,55
"Iron","Heaton2021",,"213",2260,70
"Iron","Heaton2021",,"131",2260,60
"Iron","Heaton2021",,"616",2266,38
"Iron","Heaton2021",,"2265",2266,24
"Iron","Heaton2021",,"2873",2269,28
"Iron","Heaton2021",,"2274",2270,40
"Iron","Heaton2021",,"1525",2270,40
"Iron","Heaton2021",,"1524",2270,40
"Iron","Heaton2021",,"1661",2270,40
"Iron","Heaton2021",,"580",2270,40
"Iron","Heaton2021",,"1455",2270,40
"Iron","Heaton2021",,"138",2270,60
"Iron","Heaton2021",,"564",2271,67
"Iron","Heaton2021",,"1906",2275,30
"Iron","Heaton2021",,"1647",2277,27
"Iron","Heaton2021",,"2223",2279,40
"Iron","Heaton2021",,"1473",2280,40
"Iron","Heaton2021",,"210",2280,25
"Iron","Heaton2021",,"1193",2284,20
"Iron","Heaton2021",,"154",2288,35
"Iron","Heaton2021",,"1468",2290,40
"Iron","Heaton2021",,"653",2290,75
"Iron","Heaton2021",,"300",2290,30
"Iron","Heaton2021",,"244",2295,60
"Iron","Heaton2021",,"2760",2295,70
"Iron","Heaton2021",,"75",2295,55
"Iron","Heaton2021",,"2555",2300,40
"Iron","Heaton2021",,"1736",2300,23
"Iron","Heaton2021",,"592",2302,33
"Iron","Heaton2021",,"583",2303,21
"Iron","Heaton2021",,"343",2305,70
"Iron","Heaton2021",,"638",2309,35
"Iron","Heaton2021",,"2376",2310,60
"Iron","Heaton2021",,"2507",2310,35
"Iron","Heaton2021",,"1336",2313,45
"Iron","Heaton2021",,"2031",2315,32
"Iron","Heaton2021",,"738",2315,45
"Iron","Heaton2021",,"1464",2320,40
"Iron","Heaton2021",,"101",2320,50
"Iron","Heaton2021",,"1605",2320,60
"Iron","Heaton2021",,"2780",2320,70
"Iron","Heaton2021",,"1778",2322,31
"Iron","Heaton2021",,"1831",2328,21
"Iron","Heaton2021",,"192",2330,20
"Iron","Heaton2021",,"629",2335,35
"Iron","Heaton2021",,"1465",2340,40
"Iron","Heaton2021",,"1695",2340,77
"Iron","Heaton2021",,"607",2342,42
"Iron","Heaton2021",,"1341",2343,39
"Iron","Heaton2021",,"311",2345,50
"Iron","Heaton2021",,"586",2347,32
"Iron","Heaton2021",,"1088",2349,20
"Iron","Heaton2021",,"1660",2350,40
"Iron","Heaton2021",,"2291",2350,40
"Iron","Heaton2021",,"1802",2350,40
"Iron","Heaton2021",,"123",2350,50
"Iron","Heaton2021",,"43",2352,51
"Iron","Heaton2021",,"2229",2355,30
"Iron","Heaton2021",,"1553",2360,40
"Iron","Heaton2021",,"1466",2360,40
"Iron","Heaton2021",,"290",2360,45
"Iron","Heaton2021",,"158",2360,40
"Iron","Heaton2021",,"159",2360,40
"Iron","Heaton2021",,"566",2360,60
"Iron","Heaton2021",,"323",2360,45
"Iron","Heaton2021",,"318",2360,45
"Iron","Heaton2021",,"2781",2365,70
"Iron","Heaton2021",,"2812",2370,40
"Iron","Heaton2021",,"2782",2370,70
"Iron","Heaton2021",,"237",2370,85
"Iron","Heaton2021",,"241",2374,36
"Iron","Heaton2021",,"2184",2380,40
"Iron","Heaton2021",,"125",2380,60
"Iron","Heaton2021",,"305",2385,70
"Iron","Heaton2021",,"2172",2385,35
"Iron","Heaton2021",,"1859",2386,38
"Iron","Heaton2021",,"2713",2387,25
"Iron","Heaton2021",,"2295",2390,40
"Iron","Heaton2021",,"2421",2390,40
"Iron","Heaton2021",,"42",2394,30
"Iron","Heaton2021",,"1922",2395,18
"Iron","Heaton2021",,"2770",2395,235
"Iron","Heaton2021",,"2422",2397,39
"Iron","Heaton2021",,"1642",2398,29
"Iron","Heaton2021",,"2743",2399,20
"Iron","Heaton2021",,"552",2400,50
"Iron","Heaton2021",,"780",2400,15
"Iron","Heaton2021",,"1508",2403,22
"Iron","Heaton2021",,"2120",2404,25
"Iron","Heaton2021",,"1603",2405,35
"Iron","Heaton2021",,"2866",2405,44
"Iron","Heaton2021",,"2076",2409,22
"Iron","Heaton2021",,"319",2410,80
"Iron","Heaton2021",,"10",2410,60
"Iron","Heaton2021",,"606",2410,40
"Iron","Heaton2021",,"239",2410,60
"Iron","Heaton2021",,"781",2410,15
"Iron","Heaton2021",,"1295",2414,23
"Iron","Heaton2021",,"2080",2415,40
"Iron","Heaton2021",,"310",2415,45
"Iron","Heaton2021",,"2199",2418,30
"Iron","Heaton2021",,"309",2420,40
"Iron","Heaton2021",,"82",2420,60
"Iron","Heaton2021",,"207",2420,100
"Iron","Heaton2021",,"119",2420,70
"Iron","Heaton2021",,"1766",2421,48
"Iron","Heaton2021",,"1176",2424,20
"Iron","Heaton2021",,"1325",2427,23
"Iron","Heaton2021",,"1852",2428,30
"Iron","Heaton2021",,"2656",2432,49
"Iron","Heaton2021",,"1790",2433,26
"Iron","Heaton2021",,"2635",2433,32
"Iron","Heaton2021",,"2075",2434,22
"Iron","Heaton2021",,"242",2435,45
"Iron","Heaton2021",,"2077",2435,23
"Iron","Heaton2021",,"770",2437,29
"Iron","Heaton2021",,"302",2440,65
"Iron","Heaton2021",,"223",2440,20
"Iron","Heaton2021",,"177",2440,50
"Iron","Heaton2021",,"201",2440,70
"Iron","Heaton2021",,"199",2440,55
"Iron","Heaton2021",,"2766",2440,50
"Iron","Heaton2021",,"1472",2440,70
"Iron","Heaton2021",,"1261",2443,24
"Iron","Heaton2021",,"303",2445,40
"Iron","Heaton2021",,"609",2446,39
"Iron","Heaton2021",,"2213",2446,27
"Iron","Heaton2021",,"137",2447,22
"Iron","Heaton2021",,"1091",2449,20
"Iron","Heaton2021",,"1839",2450,19
"Iron","Heaton2021",,"575",2450,60
"Iron","Heaton2021",,"333",2450,75
"Iron","Heaton2021",,"1902",2455,22
"Iron","Heaton2021",,"2073",2456,39
"Iron","Heaton2021",,"2056",2457,24
"Iron","Heaton2021",,"1545",2458,35
"Iron","Heaton2021",,"2293",2460,40
"Iron","Heaton2021",,"1382",2460,35
"Iron","Heaton2021",,"69",2460,70
"Iron","Heaton2021",,"563",2460,106
"Iron","Heaton2021",,"112",2460,20
"Iron","Heaton2021",,"2294",2461,32
"Iron","Heaton2021",,"585",2461,31
"Iron","Heaton2021",,"1233",2465,20
"Iron","Heaton2021",,"2783",2465,160
"Iron","Heaton2021",,"1765",2465,20
"Iron","Heaton2021",,"2078",2467,27
"Iron","Heaton2021",,"714",2468,31
"Iron","Heaton2021",,"243",2470,35
"Iron","Heaton2021",,"2165",2470,35
"Iron","Heaton2021",,"1483",2470,30
"Iron","Heaton2021",,"2722",2470,30
"Iron","Heaton2021",,"1881",2470,140
"Iron","Heaton2021",,"335",2470,80
"Iron","Heaton2021",,"50",2470,60
"Iron","Heaton2021",,"1342",2471,25
"Iron","Heaton2021",,"38",2472,38
"Iron","Heaton2021",,"1506",2473,26
"Iron","Heaton2021",,"1357",2473,47
"Iron","Heaton2021",,"1405",2474,26
"Iron","Heaton2021",,"704",2474,33
"Iron","Heaton2021",,"1396",2474,30
"Iron","Heaton2021",,"2683",2475,25
"Iron","Heaton2021",,"289",2475,45
"Iron","Heaton2021",,"336",2475,80
"Iron","Heaton2021",,"220",2475,100
"Iron","Heaton2021",,"102",2475,25
"Iron","Heaton2021",,"224",2475,25
"Iron","Heaton2021",,"2169",2475,35
"Iron","Heaton2021",,"1204",2478,24
"Iron","Heaton2021",,"1578",2480,40
"Iron","Heaton2021",,"2071",2480,30
"Iron","Heaton2021",,"1420",2480,60
"Iron","Heaton2021",,"193",2480,55
"Iron","Heaton2021",,"194",2480,55
"Iron","Heaton2021",,"1285",2484,27
"Iron","Heaton2021",,"1286",2484,32
"Iron","Heaton2021",,"1757",2485,35
"Iron","Heaton2021",,"2055",2486,23
"Iron","Heaton2021",,"1637",2489,37
"Iron","Heaton2021",,"1775",2489,39
"Iron","Heaton2021",,"2509",2490,40
"Iron","Heaton2021",,"2166",2490,35
"Iron","Heaton2021",,"1681",2490,40
"Iron","Heaton2021",,"238",2490,85
"Iron","Heaton2021",,"2678",2490,120
"Iron","Heaton2021",,"601",2490,30
"Iron","Heaton2021",,"198",2490,55
"Iron","Heaton2021",,"1507",2491,24
"Iron","Heaton2021",,"1649",2491,23
"Iron","Heaton2021",,"1697",2493,32
"Iron","Heaton2021",,"538",2495,35
"Iron","Heaton2021",,"304",2495,70
"Iron","Heaton2021",,"2099",2495,35
"Iron","Heaton2021",,"1203",2496,25
"Iron","Heaton2021",,"2161",2498,23
"Iron","Heaton2021",,"1434",2499,37
"Iron","Heaton2021",,"1042",2500,34
"Iron","Heaton2021",,"2535",2500,40
"Iron","Heaton2021",,"797",2500,30
"Iron","Heaton2021",,"2119",2500,40
"Iron","Heaton2021",,"2487",2500,35
"Iron","Heaton2021",,"1050",2500,120
"Iron","Heaton2021",,"104",2500,25
"Iron","Heaton2021",,"1339",2501,25
"Iron","Heaton2021",,"584",2503,30
"Iron","Heaton2021",,"766",2505,35
"Iron","Heaton2021",,"2774",2505,50
"Iron","Heaton2021",,"2827",2505,40
"Iron","Heaton2021",,"1139",2507,30
"Iron","Heaton2021",,"1853",2508,39
"Iron","Heaton2021",,"608",2508,39
"Iron","Heaton2021",,"763",2509,30
"Iron","Heaton2021",,"1343",2509,24
"Iron","Heaton2021",,"2639",2509,33
"Iron","Heaton2021",,"2141",2510,40
"Iron","Heaton2021",,"1463",2510,40
"Iron","Heaton2021",,"63",2510,60
"Iron","Heaton2021",,"487",2510,80
"Iron","Heaton2021",,"2448",2510,55
"Iron","Heaton2021",,"64",2510,40
"Iron","Heaton2021",,"2236",2516,34
"Iron","Heaton2021",,"1654",2518,45
"Iron","Heaton2021",,"450",2518,60
"Iron","Heaton2021",,"2350",2519,27
"Iron","Heaton2021",,"2164",2520,60
"Iron","Heaton2021",,"96",2520,40
"Iron","Heaton2021",,"798",2520,25
"Iron","Heaton2021",,"785",2520,50
"Iron","Heaton2021",,"498",2520,30
"Iron","Heaton2021",,"1423",2520,70
"Iron","Heaton2021",,"446",2525,25
"Iron","Heaton2021",,"2837",2525,20
"Iron","Heaton2021",,"672",2530,60
"Iron","Heaton2021",,"2668",2530,70
"Iron","Heaton2021",,"1123",2530,130
"Iron","Heaton2021",,"671",2530,70
"Iron","Heaton2021",,"459",2530,35
"Iron","Heaton2021",,"2381",2530,60
"Iron","Heaton2021",,"2498",2534,28
"Iron","Heaton2021",,"1284",2534,26
"Iron","Heaton2021",,"1729",2535,35
"Iron","Heaton2021",,"2117",2535,35
"Iron","Heaton2021",,"1355",2536,47
"Iron","Heaton2021",,"1281",2537,20
"Iron","Heaton2021",,"481",2540,35
"Iron","Heaton2021",,"557",2540,40
"Iron","Heaton2021",,"1448",2540,25
"Iron","Heaton2021",,"62",2540,40
"Iron","Heaton2021",,"505",2540,70
"Iron","Heaton2021",,"2447",2540,60
"Iron","Heaton2021",,"165",2540,20
"Iron","Heaton2021",,"2074",2544,37
"Iron","Heaton2021",,"603",2544,41
"Iron","Heaton2021",,"2593",2550,36
"Iron","Heaton2021",,"2793",2550,60
"Iron","Heaton2021",,"440",2550,130
"Iron","Heaton2021",,"1346",2550,60
"Iron","Heaton2021",,"1653",2551,20
"Iron","Heaton2021",,"2084",2555,35
"Iron","Heaton2021",,"843",2557,28
"Iron","Heaton2021",,"501",2560,105
"Iron","Heaton2021",,"1726",2563,34
"Iron","Heaton2021",,"1899",2565,35
"Iron","Heaton2021",,"30",2565,22
"Iron","Heaton2021",,"1563",2567,23
"Iron","Heaton2021",,"2168",2570,35
"Iron","Heaton2021",,"644",2570,40
"Iron","Heaton2021",,"787",2570,60
"Iron","Heaton2021",,"1433",2570,38
"Iron","Heaton2021",,"783",2570,40
"Iron","Heaton2021",,"1191",2571,23
"Iron","Heaton2021",,"1636",2572,45
"Iron","Heaton2021",,"1235",2574,27
"Iron","Heaton2021",,"1608",2577,35
"Iron","Heaton2021",,"1730",2580,34
"Iron","Heaton2021",,"1612",2580,38
"Iron","Heaton2021",,"733",2580,70
"Iron","Heaton2021",,"2835",2583,38
"Iron","Heaton2021",,"1876",2585,80
"Iron","Heaton2021",,"456",2585,60
"Iron","Heaton2021",,"2685",2585,45
"Iron","Heaton2021",,"1383",2585,29
"Iron","Heaton2021",,"2032",2588,49
"Iron","Heaton2021",,"1408",2589,21
"Iron","Heaton2021",,"2014",2590,30
"Iron","Heaton2021",,"2290",2590,40
"Iron","Heaton2021",,"1370",2590,35
"Iron","Heaton2021",,"479",2590,45
"Iron","Heaton2021",,"74",2590,70
"Iron","Heaton2021",,"1562",2592,22
"Iron","Heaton2021",,"1389",2596,42
"Iron","Heaton2021",,"1747",2597,41
"Iron","Heaton2021",,"2500",2600,28
"Iron","Heaton2021",,"2110",2600,35
"Iron","Heaton2021",,"1815",2600,50
"Iron","Heaton2021",,"2608",2603,22
"Iron","Heaton2021",,"1165",2605,33
"Iron","Heaton2021",,"2799",2605,85
"Iron","Heaton2021",,"652",2605,85
"Iron","Heaton2021",,"1374",2606,27
"Iron","Heaton2021",,"6",2607,38
"Iron","Heaton2021",,"842",2609,28
"Iron","Heaton2021",,"663",2610,50
"Iron","Heaton2021",,"488",2610,50
"Iron","Heaton2021",,"2541",2610,40
"Iron","Heaton2021",,"1521",2610,32
"Iron","Heaton2021",,"574",2610,80
"Iron","Heaton2021",,"39",2610,70
"Iron","Heaton2021",,"1350",2612,56
"Iron","Heaton2021",,"419",2615,75
"Iron","Heaton2021",,"1560",2617,32
"Iron","Heaton2021",,"2228",2620,30
"Iron","Heaton2021",,"1667",2620,60
"Iron","Heaton2021",,"2804",2620,50
"Iron","Heaton2021",,"2803",2620,50
"Iron","Heaton2021",,"37",2625,60
"Iron","Heaton2021",,"1791",2625,31
"Iron","Heaton2021",,"2096",2625,35
"Iron","Heaton2021",,"1557",2630,40
"Iron","Heaton2021",,"2130",2630,40
"Iron","Heaton2021",,"1469",2630,40
"Iron","Heaton2021",,"1686",2630,24
"Iron","Heaton2021",,"437",2630,45
"Iron","Heaton2021",,"2446",2630,55
"Iron","Heaton2021",,"418",2630,50
"Iron","Heaton2021",,"2271",2630,30
"Iron","Heaton2021",,"2424",2632,40
"Iron","Heaton2021",,"822",2635,27
"Iron","Heaton2021",,"611",2638,39
"Iron","Heaton2021",,"1574",2639,32
"Iron","Heaton2021",,"1213",2640,40
"Iron","Heaton2021",,"1809",2640,50
"Iron","Heaton2021",,"1965",2640,45
"Iron","Heaton2021",,"1470",2640,40
"Iron","Heaton2021",,"1247",2640,21
"Iron","Heaton2021",,"2062",2640,45
"Iron","Heaton2021",,"438",2640,45
"Iron","Heaton2021",,"85",2640,80
"Iron","Heaton2021",,"1704",2640,66
"Iron","Heaton2021",,"1566",2643,23
"Iron","Heaton2021",,"2089",2645,40
"Iron","Heaton2021",,"41",2646,24
"Iron","Heaton2021",,"1129",2650,40
"Iron","Heaton2021",,"426",2650,80
"Iron","Heaton2021",,"664",2650,70
"Iron","Heaton2021",,"2834",2653,43
"Iron","Heaton2021",,"1049",2655,35
"Iron","Heaton2021",,"429",2660,70
"Iron","Heaton2021",,"2833",2660,30
"Iron","Heaton2021",,"562",2660,40
"Iron","Heaton2021",,"553",2660,40
"Iron","Heaton2021",,"2667",2660,70
"Iron","Heaton2021",,"651",2660,80
"Iron","Heaton2021",,"2798",2660,80
"Iron","Heaton2021",,"1283",2660,40
"Iron","Heaton2021",,"7",2660,30
"Iron","Heaton2021",,"1721",2661,30
"Iron","Heaton2021",,"617",2661,39
"Iron","Heaton2021",,"151",2662,54
"Iron","Heaton2021",,"2170",2665,35
"Iron","Heaton2021",,"466",2665,15
"Iron","Heaton2021",,"434",2665,50
"Iron","Heaton2021",,"1178",2669,21
"Iron","Heaton2021",,"1570",2669,29
"Iron","Heaton2021",,"796",2670,20
"Iron","Heaton2021",,"1898",2676,30
"Iron","Heaton2021",,"160",2679,23
"Iron","Heaton2021",,"1564",2680,40
"Iron","Heaton2021",,"1135",2680,40
"Iron","Heaton2021",,"660",2680,25
"Iron","Heaton2021",,"2385",2680,70
"Iron","Heaton2021",,"499",2685,115
"Iron","Heaton2021",,"1638",2688,38
"Iron","Heaton2021",,"1164",2689,34
"Iron","Heaton2021",,"1555",2690,40
"Iron","Heaton2021",,"2857",2690,35
"Iron","Heaton2021",,"654",2690,20
"Iron","Heaton2021",,"662",2690,30
"Iron","Heaton2021",,"1550",2690,40
"Iron","Heaton2021",,"1428",2690,70
"Iron","Heaton2021",,"480",2690,45
"Iron","Heaton2021",,"2853",2690,35
"Iron","Heaton2021",,"1414",2691,34
"Iron","Heaton2021",,"698",2694,35
"Iron","Heaton2021",,"2357",2695,40
"Iron","Heaton2021",,"2638",2695,21
"Iron","Heaton2021",,"2248",2695,30
"Iron","Heaton2021",,"1632",2695,25
"Iron","Heaton2021",,"1792",2696,25
"Iron","Heaton2021",,"1635",2697,38
"Iron","Heaton2021",,"2591",2700,31
"Iron","Heaton2021",,"1808",2700,50
"Iron","Heaton2021",,"1551",2700,40
"Iron","Heaton2021",,"447",2700,35
"Iron","Heaton2021",,"2815",2700,20
"Iron","Heaton2021",,"83",2700,40
"Iron","Heaton2021",,"2435",2700,60
"Iron","Heaton2021",,"454",2702,49
"Iron","Heaton2021",,"2504",2705,25
"Iron","Heaton2021",,"619",2705,58
"Iron","Heaton2021",,"430",2705,70
"Iron","Heaton2021",,"2613",2708,23
"Iron","Heaton2021",,"1249",2708,39
"Iron","Heaton2021",,"1133",2710,40
"Iron","Heaton2021",,"1315",2710,40
"Iron","Heaton2021",,"1575",2710,40
"Iron","Heaton2021",,"2244",2710,30
"Iron","Heaton2021",,"661",2710,40
"Iron","Heaton2021",,"1471",2710,40
"Iron","Heaton2021",,"2188",2710,35
"Iron","Heaton2021",,"1633",2710,32
"Iron","Heaton2021",,"1907",2712,21
"Iron","Heaton2021",,"1505",2712,19
"Iron","Heaton2021",,"1298",2713,40
"Iron","Heaton2021",,"2865",2715,35
"Iron","Heaton2021",,"1594",2715,35
"Iron","Heaton2021",,"2262",2715,40
"Iron","Heaton2021",,"13",2715,30
"Iron","Heaton2021",,"2499",2716,31
"Iron","Heaton2021",,"1236",2716,27
"Iron","Heaton2021",,"2058",2716,23
"Iron","Heaton2021",,"1900",2717,30
"Iron","Heaton2021",,"1143",2717,35
"Iron","Heaton2021",,"1142",2718,35
"Iron","Heaton2021",,"1180",2718,33
"Iron","Heaton2021",,"2494",2719,30
"Iron","Heaton2021",,"2497",2720,26
"Iron","Heaton2021",,"1386",2720,60
"Iron","Heaton2021",,"1402",2720,24
"Iron","Heaton2021",,"1130",2720,40
"Iron","Heaton2021",,"1246",2722,20
"Iron","Heaton2021",,"1826",2723,23
"Iron","Heaton2021",,"1849",2724,49
"Iron","Heaton2021",,"432",2725,55
"Iron","Heaton2021",,"1587",2725,37
"Iron","Heaton2021",,"1497",2726,24
"Iron","Heaton2021",,"1194",2726,21
"Iron","Heaton2021",,"1347",2728,30
"Iron","Heaton2021",,"1960",2728,30
"Iron","Heaton2021",,"1720",2729,32
"Iron","Heaton2021",,"614",2729,39
"Iron","Heaton2021",,"2816",2730,30
"Iron","Heaton2021",,"2342",2730,40
"Iron","Heaton2021",,"1458",2730,40
"Iron","Heaton2021",,"1156",2730,60
"Iron","Heaton2021",,"449",2730,50
"Iron","Heaton2021",,"435",2730,45
"Iron","Heaton2021",,"443",2730,50
"Iron","Heaton2021",,"2423",2730,34
"Iron","Heaton2021",,"1439",2730,100
"Iron","Heaton2021",,"1160",2733,39
"Iron","Heaton2021",,"12",2734,36
"Iron","Heaton2021",,"841",2735,30
"Iron","Heaton2021",,"2650",2735,27
"Iron","Heaton2021",,"1885",2735,32
"Iron","Heaton2021",,"1373",2735,35
"Iron","Heaton2021",,"1865",2736,30
"Iron","Heaton2021",,"2255",2738,27
"Iron","Heaton2021",,"2495",2738,29
"Iron","Heaton2021",,"1864",2738,26
"Iron","Heaton2021",,"1652",2738,20
"Iron","Heaton2021",,"700",2739,35
"Iron","Heaton2021",,"1445",2739,22
"Iron","Heaton2021",,"1134",2740,40
"Iron","Heaton2021",,"668",2740,70
"Iron","Heaton2021",,"2849",2740,25
"Iron","Heaton2021",,"1199",2740,23
"Iron","Heaton2021",,"1816",2740,50
"Iron","Heaton2021",,"2177",2740,35
"Iron","Heaton2021",,"1634",2740,23
"Iron","Heaton2021",,"452",2740,80
"Iron","Heaton2021",,"1793",2741,22
"Iron","Heaton2021",,"699",2741,35
"Iron","Heaton2021",,"1412",2742,28
"Iron","Heaton2021",,"2598",2742,21
"Iron","Heaton2021",,"1840",2744,25
"Iron","Heaton2021",,"1409",2744,35
"Iron","Heaton2021",,"807",2745,29
"Iron","Heaton2021",,"2356",2745,40
"Iron","Heaton2021",,"433",2745,25
"Iron","Heaton2021",,"821",2746,26
"Iron","Heaton2021",,"2642",2747,32
"Iron","Heaton2021",,"1607",2748,23
"Iron","Heaton2021",,"768",2749,38
"Iron","Heaton2021",,"2218",2750,40
"Iron","Heaton2021",,"462",2750,75
"Iron","Heaton2021",,"2063",2750,26
"Iron","Heaton2021",,"2275",2750,40
"Iron","Heaton2021",,"1576",2750,40
"Iron","Heaton2021",,"2563",2750,60
"Iron","Heaton2021",,"2221",2750,70
"Iron","Heaton2021",,"2224",2750,70
"Iron","Heaton2021",,"774",2750,80
"Iron","Heaton2021",,"1304",2750,50
"Iron","Heaton2021",,"1915",2750,60
"Iron","Heaton2021",,"442",2750,70
"Iron","Heaton2021",,"2312",2750,70
"Iron","Heaton2021",,"1869",2752,26
"Iron","Heaton2021",,"1493",2753,26
"Iron","Heaton2021",,"1580",2753,23
"Iron","Heaton2021",,"2281",2754,30
"Iron","Heaton2021",,"1716",2755,32
"Iron","Heaton2021",,"1168",2755,24
"Iron","Heaton2021",,"1390",2755,20
"Iron","Heaton2021",,"2511",2756,61
"Iron","Heaton2021",,"1254",2756,26
"Iron","Heaton2021",,"521",2756,32
"Iron","Heaton2021",,"759",2756,38
"Iron","Heaton2021",,"1567",2757,30
"Iron","Heaton2021",,"1292",2757,32
"Iron","Heaton2021",,"1013",2757,42
"Iron","Heaton2021",,"1841",2757,20
"Iron","Heaton2021",,"1211",2758,19
"Iron","Heaton2021",,"1243",2758,25
"Iron","Heaton2021",,"1398",2758,29
"Iron","Heaton2021",,"2198",2758,31
"Iron","Heaton2021",,"1179",2759,26
"Iron","Heaton2021",,"1186",2759,34
"Iron","Heaton2021",,"1821",2759,21
"Iron","Heaton2021",,"2577",2760,50
"Iron","Heaton2021",,"2493",2760,27
"Iron","Heaton2021",,"2088",2760,40
"Iron","Heaton2021",,"1136",2760,40
"Iron","Heaton2021",,"458",2760,35
"Iron","Heaton2021",,"2354",2760,50
"Iron","Heaton2021",,"1482",2760,60
"Iron","Heaton2021",,"2105",2760,60
"Iron","Heaton2021",,"1124",2760,60
"Iron","Heaton2021",,"790",2760,40
"Iron","Heaton2021",,"1926",2760,50
"Iron","Heaton2021",,"2313",2760,60
"Iron","Heaton2021",,"2318",2760,70
"Iron","Heaton2021",,"1012",2761,34
"Iron","Heaton2021",,"831",2762,32
"Iron","Heaton2021",,"1363",2762,21
"Iron","Heaton2021",,"1328",2763,36
"Iron","Heaton2021",,"1327",2763,36
"Iron","Heaton2021",,"2590",2763,22
"Iron","Heaton2021",,"1893",2765,24
"Iron","Heaton2021",,"457",2765,35
"Iron","Heaton2021",,"2107",2765,35
"Iron","Heaton2021",,"2246",2765,30
"Iron","Heaton2021",,"2592",2765,31
"Iron","Heaton2021",,"1875",2765,80
"Iron","Heaton2021",,"1561",2766,31
"Iron","Heaton2021",,"1544",2766,33
"Iron","Heaton2021",,"1263",2767,29
"Iron","Heaton2021",,"2064",2767,25
"Iron","Heaton2021",,"2261",2768,24
"Iron","Heaton2021",,"1739",2769,35
"Iron","Heaton2021",,"1588",2769,37
"Iron","Heaton2021",,"1314",2770,40
"Iron","Heaton2021",,"57",2770,20
"Iron","Heaton2021",,"2537",2770,40
"Iron","Heaton2021",,"2167",2770,40
"Iron","Heaton2021",,"1306",2770,40
"Iron","Heaton2021",,"1305",2770,40
"Iron","Heaton2021",,"1324",2770,35
"Iron","Heaton2021",,"1722",2770,32
"Iron","Heaton2021",,"2600",2770,22
"Iron","Heaton2021",,"1857",2770,80
"Iron","Heaton2021",,"467",2770,80
"Iron","Heaton2021",,"475",2770,55
"Iron","Heaton2021",,"2222",2770,60
"Iron","Heaton2021",,"1804",2770,40
"Iron","Heaton2021",,"1843",2771,27
"Iron","Heaton2021",,"2582",2771,28
"Iron","Heaton2021",,"1690",2772,27
"Iron","Heaton2021",,"161",2772,38
"Iron","Heaton2021",,"1892",2773,26
"Iron","Heaton2021",,"1205",2774,38
"Iron","Heaton2021",,"2644",2775,38
"Iron","Heaton2021",,"2148",2775,26
"Iron","Heaton2021",,"741",2775,30
"Iron","Heaton2021",,"1717",2778,32
"Iron","Heaton2021",,"1554",2780,40
"Iron","Heaton2021",,"1559",2780,40
"Iron","Heaton2021",,"1552",2780,40
"Iron","Heaton2021",,"2111",2780,35
"Iron","Heaton2021",,"2176",2780,35
"Iron","Heaton2021",,"2526",2780,40
"Iron","Heaton2021",,"1438",2780,40
"Iron","Heaton2021",,"1579",2780,40
"Iron","Heaton2021",,"1532",2780,40
"Iron","Heaton2021",,"2433",2780,60
"Iron","Heaton2021",,"2836",2780,30
"Iron","Heaton2021",,"127",2780,90
"Iron","Heaton2021",,"746",2780,40
"Iron","Heaton2021",,"1424",2780,90
"Iron","Heaton2021",,"1119",2780,60
"Iron","Heaton2021",,"2627",2780,35
"Iron","Heaton2021",,"477",2780,50
"Iron","Heaton2021",,"1884",2781,28
"Iron","Heaton2021",,"1798",2782,21
"Iron","Heaton2021",,"2496",2783,35
"Iron","Heaton2021",,"2649",2783,38
"Iron","Heaton2021",,"1188",2783,25
"Iron","Heaton2021",,"1206",2784,28
"Iron","Heaton2021",,"444",2785,35
"Iron","Heaton2021",,"2079",2785,35
"Iron","Heaton2021",,"1048",2785,35
"Iron","Heaton2021",,"2585",2785,21
"Iron","Heaton2021",,"605",2786,40
"Iron","Heaton2021",,"1330",2786,40
"Iron","Heaton2021",,"1724",2787,32
"Iron","Heaton2021",,"1891",2787,24
"Iron","Heaton2021",,"1882",2788,34
"Iron","Heaton2021",,"1240",2788,21
"Iron","Heaton2021",,"1248",2788,24
"Iron","Heaton2021",,"1785",2788,26
"Iron","Heaton2021",,"1609",2789,24
"Iron","Heaton2021",,"1011",2789,33
"Iron","Heaton2021",,"445",2790,35
"Iron","Heaton2021",,"1128",2790,40
"Iron","Heaton2021",,"67",2790,80
"Iron","Heaton2021",,"2149",2791,26
"Iron","Heaton2021",,"1090",2791,21
"Iron","Heaton2021",,"1786",2792,31
"Iron","Heaton2021",,"1344",2793,30
"Iron","Heaton2021",,"474",2795,35
"Iron","Heaton2021",,"1845",2795,20
"Iron","Heaton2021",,"1769",2795,24
"Iron","Heaton2021",,"2201",2795,30
"Iron","Heaton2021",,"448",2795,35
"Iron","Heaton2021",,"1710",2796,22
"Iron","Heaton2021",,"2831",2796,47
"Iron","Heaton2021",,"2304",2796,36
"Iron","Heaton2021",,"2885",2796,32
"Iron","Heaton2021",,"1062",2799,27
"Iron","Heaton2021",,"2599",2799,22
"Iron","Heaton2021",,"2411",2799,28
"Iron","Heaton2021",,"908",2800,22
"Iron","Heaton2021",,"1788",2800,22
"Iron","Heaton2021",,"2109",2800,35
"Iron","Heaton2021",,"2595",2800,22
"Iron","Heaton2021",,"1277",2800,60
"Iron","Heaton2021",,"2432",2800,70
"Iron","Heaton2021",,"788",2800,35
"Iron","Heaton2021",,"2587",2801,23
"Iron","Heaton2021",,"1140",2801,27
"Iron","Heaton2021",,"1299",2803,40
"Iron","Heaton2021",,"1719",2803,31
"Iron","Heaton2021",,"1850",2803,37
"Iron","Heaton2021",,"1748",2803,29
"Iron","Heaton2021",,"1175",2804,33
"Iron","Heaton2021",,"2326",2804,31
"Iron","Heaton2021",,"2691",2805,35
"Iron","Heaton2021",,"1411",2805,23
"Iron","Heaton2021",,"2121",2805,35
"Iron","Heaton2021",,"1014",2805,33
"Iron","Heaton2021",,"431",2805,45
"Iron","Heaton2021",,"879",2805,20
"Iron","Heaton2021",,"2814",2806,24
"Iron","Heaton2021",,"1842",2806,22
"Iron","Heaton2021",,"1770",2808,23
"Iron","Heaton2021",,"1527",2808,33
"Iron","Heaton2021",,"1782",2808,22
"Iron","Heaton2021",,"1177",2809,20
"Iron","Heaton2021",,"1718",2809,33
"Iron","Heaton2021",,"2547",2810,50
"Iron","Heaton2021",,"918",2810,50
"Iron","Heaton2021",,"2102",2810,35
"Iron","Heaton2021",,"1275",2810,40
"Iron","Heaton2021",,"2250",2810,30
"Iron","Heaton2021",,"1381",2810,35
"Iron","Heaton2021",,"2647",2810,50
"Iron","Heaton2021",,"1913",2810,50
"Iron","Heaton2021",,"1495",2810,40
"Iron","Heaton2021",,"1896",2810,25
"Iron","Heaton2021",,"2217",2810,60
"Iron","Heaton2021",,"1606",2810,60
"Iron","Heaton2021",,"497",2810,40
"Iron","Heaton2021",,"2687",2810,105
"Iron","Heaton2021",,"1144",2810,90
"Iron","Heaton2021",,"1419",2810,60
"Iron","Heaton2021",,"833",2810,50
"Iron","Heaton2021",,"1169",2811,26
"Iron","Heaton2021",,"1161",2812,46
"Iron","Heaton2021",,"1271",2812,24
"Iron","Heaton2021",,"1333",2812,23
"Iron","Heaton2021",,"1894",2813,25
"Iron","Heaton2021",,"1303",2813,30
"Iron","Heaton2021",,"2586",2814,32
"Iron","Heaton2021",,"1241",2815,22
"Iron","Heaton2021",,"1488",2815,50
"Iron","Heaton2021",,"2270",2815,50
"Iron","Heaton2021",,"1190",2816,21
"Iron","Heaton2021",,"812",2817,32
"Iron","Heaton2021",,"1352",2817,56
"Iron","Heaton2021",,"2013",2820,40
"Iron","Heaton2021",,"1549",2820,40
"Iron","Heaton2021",,"2288",2820,40
"Iron","Heaton2021",,"1065",2820,40
"Iron","Heaton2021",,"2711",2820,40
"Iron","Heaton2021",,"1863",2820,39
"Iron","Heaton2021",,"1799",2820,30
"Iron","Heaton2021",,"1131",2820,40
"Iron","Heaton2021",,"453",2820,50
"Iron","Heaton2021",,"969",2820,40
"Iron","Heaton2021",,"2187",2820,35
"Iron","Heaton2021",,"428",2820,70
"Iron","Heaton2021",,"1440",2820,60
"Iron","Heaton2021",,"90",2820,35
"Iron","Heaton2021",,"1397",2822,25
"Iron","Heaton2021",,"1777",2822,34
"Iron","Heaton2021",,"2147",2822,34
"Iron","Heaton2021",,"1870",2824,37
"Iron","Heaton2021",,"1781",2825,22
"Iron","Heaton2021",,"1410",2825,47
"Iron","Heaton2021",,"1376",2825,35
"Iron","Heaton2021",,"1516",2826,41
"Iron","Heaton2021",,"935",2826,35
"Iron","Heaton2021",,"940",2826,30
"Iron","Heaton2021",,"1321",2827,36
"Iron","Heaton2021",,"1827",2827,41
"Iron","Heaton2021",,"2153",2827,29
"Iron","Heaton2021",,"2594",2827,22
"Iron","Heaton2021",,"926",2828,32
"Iron","Heaton2021",,"2061",2828,27
"Iron","Heaton2021",,"2578",2829,21
"Iron","Heaton2021",,"1313",2830,40
"Iron","Heaton2021",,"468",2830,50
"Iron","Heaton2021",,"1192",2830,40
"Iron","Heaton2021",,"2095",2830,35
"Iron","Heaton2021",,"952",2830,34
"Iron","Heaton2021",,"2564",2830,70
"Iron","Heaton2021",,"1756",2830,40
"Iron","Heaton2021",,"1185",2830,35
"Iron","Heaton2021",,"1162",2830,40
"Iron","Heaton2021",,"851",2830,50
"Iron","Heaton2021",,"995",2830,30
"Iron","Heaton2021",,"1230",2831,29
"Iron","Heaton2021",,"1846",2832,22
"Iron","Heaton2021",,"465",2833,55
"Iron","Heaton2021",,"1733",2834,33
"Iron","Heaton2021",,"1919",2834,36
"Iron","Heaton2021",,"2082",2835,35
"Iron","Heaton2021",,"2070",2835,31
"Iron","Heaton2021",,"2597",2835,35
"Iron","Heaton2021",,"1231",2838,45
"Iron","Heaton2021",,"1723",2838,33
"Iron","Heaton2021",,"1266",2839,26
"Iron","Heaton2021",,"776",2840,120
"Iron","Heaton2021",,"945",2840,25
"Iron","Heaton2021",,"806",2840,25
"Iron","Heaton2021",,"1215",2840,40
"Iron","Heaton2021",,"1214",2840,40
"Iron","Heaton2021",,"2549",2840,40
"Iron","Heaton2021",,"909",2840,40
"Iron","Heaton2021",,"868",2840,35
"Iron","Heaton2021",,"1207",2841,27
"Iron","Heaton2021",,"1334",2842,25
"Iron","Heaton2021",,"1825",2842,23
"Iron","Heaton2021",,"1779",2842,24
"Iron","Heaton2021",,"1002",2842,35
"Iron","Heaton2021",,"1693",2843,21
"Iron","Heaton2021",,"1732",2843,33
"Iron","Heaton2021",,"2602",2844,26
"Iron","Heaton2021",,"1903",2844,36
"Iron","Heaton2021",,"1611",2844,21
"Iron","Heaton2021",,"1003",2844,32
"Iron","Heaton2021",,"1761",2844,21
"Iron","Heaton2021",,"1289",2845,40
"Iron","Heaton2021",,"1291",2845,35
"Iron","Heaton2021",,"895",2845,16
"Iron","Heaton2021",,"1005",2845,33
"Iron","Heaton2021",,"2122",2845,35
"Iron","Heaton2021",,"910",2845,40
"Iron","Heaton2021",,"2018",2845,40
"Iron","Heaton2021",,"1301",2845,22
"Iron","Heaton2021",,"1226",2846,30
"Iron","Heaton2021",,"1796",2846,24
"Iron","Heaton2021",,"1895",2846,24
"Iron","Heaton2021",,"1783",2847,22
"Iron","Heaton2021",,"2492",2849,35
"Iron","Heaton2021",,"2256",2850,23
"Iron","Heaton2021",,"2194",2850,35
"Iron","Heaton2021",,"1224",2850,32
"Iron","Heaton2021",,"1489",2850,35
"Iron","Heaton2021",,"992",2850,30
"Iron","Heaton2021",,"1017",2850,50
"Iron","Heaton2021",,"2596",2850,35
"Iron","Heaton2021",,"1533",2850,40
"Iron","Heaton2021",,"1320",2850,35
"Iron","Heaton2021",,"2568",2850,40
"Iron","Heaton2021",,"1874",2850,35
"Iron","Heaton2021",,"1873",2850,20
"Iron","Heaton2021",,"1435",2850,60
"Iron","Heaton2021",,"1437",2850,80
"Iron","Heaton2021",,"867",2850,35
"Iron","Heaton2021",,"1153",2850,40
"Iron","Heaton2021",,"1700",2852,37
"Iron","Heaton2021",,"464",2852,55
"Iron","Heaton2021",,"857",2853,31
"Iron","Heaton2021",,"1332",2854,33
"Iron","Heaton2021",,"2146",2854,29
"Iron","Heaton2021",,"1734",2854,32
"Iron","Heaton2021",,"983",2854,33
"Iron","Heaton2021",,"2103",2855,35
"Iron","Heaton2021",,"1862",2855,40
"Iron","Heaton2021",,"1861",2855,27
"Iron","Heaton2021",,"2124",2855,35
"Iron","Heaton2021",,"2143",2855,38
"Iron","Heaton2021",,"1760",2855,22
"Iron","Heaton2021",,"2689",2855,105
"Iron","Heaton2021",,"891",2855,20
"Iron","Heaton2021",,"2724",2856,31
"Iron","Heaton2021",,"1061",2857,23
"Iron","Heaton2021",,"2152",2857,37
"Iron","Heaton2021",,"2607",2857,26
"Iron","Heaton2021",,"2118",2859,29
"Iron","Heaton2021",,"1522",2860,34
"Iron","Heaton2021",,"2548",2860,40
"Iron","Heaton2021",,"1308",2860,40
"Iron","Heaton2021",,"1265",2860,26
"Iron","Heaton2021",,"1797",2860,23
"Iron","Heaton2021",,"1547",2860,24
"Iron","Heaton2021",,"460",2860,140
"Iron","Heaton2021",,"2583",2860,23
"Iron","Heaton2021",,"2216",2860,70
"Iron","Heaton2021",,"864",2860,40
"Iron","Heaton2021",,"1092",2860,40
"Iron","Heaton2021",,"1029",2860,50
"Iron","Heaton2021",,"1917",2860,45
"Iron","Heaton2021",,"2314",2860,70
"Iron","Heaton2021",,"852",2860,70
"Iron","Heaton2021",,"1345",2861,28
"Iron","Heaton2021",,"950",2861,32
"Iron","Heaton2021",,"951",2861,33
"Iron","Heaton2021",,"1687",2861,18
"Iron","Heaton2021",,"1961",2861,28
"Iron","Heaton2021",,"1269",2862,20
"Iron","Heaton2021",,"1725",2863,32
"Iron","Heaton2021",,"1784",2863,26
"Iron","Heaton2021",,"1731",2863,33
"Iron","Heaton2021",,"1222",2864,29
"Iron","Heaton2021",,"2259",2864,24
"Iron","Heaton2021",,"1187",2864,34
"Iron","Heaton2021",,"1300",2864,23
"Iron","Heaton2021",,"2101",2865,35
"Iron","Heaton2021",,"1210",2865,25
"Iron","Heaton2021",,"1694",2865,21
"Iron","Heaton2021",,"1871",2865,25
"Iron","Heaton2021",,"937",2865,45
"Iron","Heaton2021",,"2065",2866,25
"Iron","Heaton2021",,"1337",2868,21
"Iron","Heaton2021",,"2655",2868,21
"Iron","Heaton2021",,"1256",2868,27
"Iron","Heaton2021",,"1239",2870,28
"Iron","Heaton2021",,"1307",2870,40
"Iron","Heaton2021",,"1460",2870,40
"Iron","Heaton2021",,"2343",2870,40
"Iron","Heaton2021",,"2128",2870,40
"Iron","Heaton2021",,"1663",2870,40
"Iron","Heaton2021",,"1125",2870,40
"Iron","Heaton2021",,"2698",2870,35
"Iron","Heaton2021",,"2162",2870,80
"Iron","Heaton2021",,"2589",2870,21
"Iron","Heaton2021",,"2307",2870,80
"Iron","Heaton2021",,"673",2870,80
"Iron","Heaton2021",,"2529",2870,40
"Iron","Heaton2021",,"998",2870,60
"Iron","Heaton2021",,"2133",2870,40
"Iron","Heaton2021",,"883",2870,60
"Iron","Heaton2021",,"920",2871,34
"Iron","Heaton2021",,"1591",2872,31
"Iron","Heaton2021",,"1749",2872,28
"Iron","Heaton2021",,"1401",2872,23
"Iron","Heaton2021",,"928",2872,30
"Iron","Heaton2021",,"1172",2872,22
"Iron","Heaton2021",,"904",2872,47
"Iron","Heaton2021",,"1167",2873,21
"Iron","Heaton2021",,"1819",2873,23
"Iron","Heaton2021",,"1189",2873,28
"Iron","Heaton2021",,"931",2873,30
"Iron","Heaton2021",,"984",2873,43
"Iron","Heaton2021",,"2397",2874,39
"Iron","Heaton2021",,"1684",2874,22
"Iron","Heaton2021",,"1768",2875,24
"Iron","Heaton2021",,"1255",2875,28
"Iron","Heaton2021",,"2714",2875,30
"Iron","Heaton2021",,"888",2875,35
"Iron","Heaton2021",,"2155",2877,26
"Iron","Heaton2021",,"2606",2878,22
"Iron","Heaton2021",,"1208",2878,26
"Iron","Heaton2021",,"1225",2879,29
"Iron","Heaton2021",,"1310",2880,40
"Iron","Heaton2021",,"1223",2880,40
"Iron","Heaton2021",,"1459",2880,40
"Iron","Heaton2021",,"2677",2880,30
"Iron","Heaton2021",,"2702",2880,35
"Iron","Heaton2021",,"2092",2880,35
"Iron","Heaton2021",,"1253",2880,22
"Iron","Heaton2021",,"2800",2880,105
"Iron","Heaton2021",,"427",2880,110
"Iron","Heaton2021",,"789",2880,40
"Iron","Heaton2021",,"2191",2880,70
"Iron","Heaton2021",,"1911",2880,40
"Iron","Heaton2021",,"2140",2880,40
"Iron","Heaton2021",,"2083",2880,40
"Iron","Heaton2021",,"2573",2880,40
"Iron","Heaton2021",,"2532",2880,50
"Iron","Heaton2021",,"1679",2880,70
"Iron","Heaton2021",,"1678",2880,60
"Iron","Heaton2021",,"2434",2880,70
"Iron","Heaton2021",,"555",2880,40
"Iron","Heaton2021",,"881",2880,40
"Iron","Heaton2021",,"884",2880,35
"Iron","Heaton2021",,"889",2880,35
"Iron","Heaton2021",,"1000",2881,32
"Iron","Heaton2021",,"988",2881,45
"Iron","Heaton2021",,"1824",2882,23
"Iron","Heaton2021",,"1866",2882,30
"Iron","Heaton2021",,"2718",2885,30
"Iron","Heaton2021",,"2721",2885,30
"Iron","Heaton2021",,"989",2885,30
"Iron","Heaton2021",,"990",2885,30
"Iron","Heaton2021",,"999",2885,40
"Iron","Heaton2021",,"2878",2886,28
"Iron","Heaton2021",,"932",2887,31
"Iron","Heaton2021",,"896",2889,27
"Iron","Heaton2021",,"775",2890,40
"Iron","Heaton2021",,"2699",2890,30
"Iron","Heaton2021",,"1427",2890,40
"Iron","Heaton2021",,"2717",2890,30
"Iron","Heaton2021",,"2094",2890,35
"Iron","Heaton2021",,"1490",2890,60
"Iron","Heaton2021",,"2664",2890,50
"Iron","Heaton2021",,"2716",2890,30
"Iron","Heaton2021",,"1646",2890,22
"Iron","Heaton2021",,"2134",2890,40
"Iron","Heaton2021",,"1534",2890,40
"Iron","Heaton2021",,"1806",2890,30
"Iron","Heaton2021",,"2345",2890,40
"Iron","Heaton2021",,"2634",2890,33
"Iron","Heaton2021",,"917",2890,40
"Iron","Heaton2021",,"2486",2890,40
"Iron","Heaton2021",,"905",2890,35
"Iron","Heaton2021",,"1615",2890,125
"Iron","Heaton2021",,"1589",2890,26
"Iron","Heaton2021",,"439",2890,90
"Iron","Heaton2021",,"1259",2891,30
"Iron","Heaton2021",,"1399",2892,22
"Iron","Heaton2021",,"1377",2893,33
"Iron","Heaton2021",,"2160",2893,34
"Iron","Heaton2021",,"1089",2893,21
"Iron","Heaton2021",,"1094",2895,40
"Iron","Heaton2021",,"987",2895,20
"Iron","Heaton2021",,"2125",2895,35
"Iron","Heaton2021",,"2584",2895,22
"Iron","Heaton2021",,"1375",2895,35
"Iron","Heaton2021",,"2501",2895,50
"Iron","Heaton2021",,"36",2895,150
"Iron","Heaton2021",,"911",2895,35
"Iron","Heaton2021",,"1181",2896,38
"Iron","Heaton2021",,"1170",2896,23
"Iron","Heaton2021",,"1801",2896,24
"Iron","Heaton2021",,"2601",2897,30
"Iron","Heaton2021",,"986",2899,34
"Iron","Heaton2021",,"1216",2900,40
"Iron","Heaton2021",,"946",2900,60
"Iron","Heaton2021",,"2175",2900,35
"Iron","Heaton2021",,"2396",2900,23
"Iron","Heaton2021",,"2719",2900,30
"Iron","Heaton2021",,"2680",2900,45
"Iron","Heaton2021",,"907",2900,47
"Iron","Heaton2021",,"2091",2900,35
"Iron","Heaton2021",,"2178",2900,35
"Iron","Heaton2021",,"2180",2900,35
"Iron","Heaton2021",,"2879",2900,50
"Iron","Heaton2021",,"985",2900,40
"Iron","Heaton2021",,"2138",2900,40
"Iron","Heaton2021",,"1429",2900,50
"Iron","Heaton2021",,"2508",2900,35
"Iron","Heaton2021",,"872",2900,60
"Iron","Heaton2021",,"1512",2902,30
"Iron","Heaton2021",,"1868",2902,26
"Iron","Heaton2021",,"2605",2903,26
"Iron","Heaton2021",,"1209",2903,20
"Iron","Heaton2021",,"1413",2904,33
"Iron","Heaton2021",,"1280",2904,19
"Iron","Heaton2021",,"2710",2905,35
"Iron","Heaton2021",,"2098",2905,35
"Iron","Heaton2021",,"2715",2905,30
"Iron","Heaton2021",,"2720",2905,30
"Iron","Heaton2021",,"991",2905,30
"Iron","Heaton2021",,"2192",2905,35
"Iron","Heaton2021",,"887",2905,40
"Iron","Heaton2021",,"886",2905,35
"Iron","Heaton2021",,"1711",2908,22
"Iron","Heaton2021",,"939",2909,39
"Iron","Heaton2021",,"1688",2909,22
"Iron","Heaton2021",,"2697",2910,25
"Iron","Heaton2021",,"996",2910,40
"Iron","Heaton2021",,"1238",2910,26
"Iron","Heaton2021",,"856",2910,30
"Iron","Heaton2021",,"1252",2910,25
"Iron","Heaton2021",,"1822",2910,23
"Iron","Heaton2021",,"1820",2910,22
"Iron","Heaton2021",,"2707",2910,30
"Iron","Heaton2021",,"2696",2910,40
"Iron","Heaton2021",,"2700",2910,35
"Iron","Heaton2021",,"1132",2910,40
"Iron","Heaton2021",,"2278",2910,60
"Iron","Heaton2021",,"927",2910,32
"Iron","Heaton2021",,"1916",2910,60
"Iron","Heaton2021",,"1683",2910,60
"Iron","Heaton2021",,"2017",2910,40
"Iron","Heaton2021",,"997",2910,50
"Iron","Heaton2021",,"2723",2911,24
"Iron","Heaton2021",,"894",2915,16
"Iron","Heaton2021",,"2260",2915,29
"Iron","Heaton2021",,"2679",2915,45
"Iron","Heaton2021",,"2157",2915,35
"Iron","Heaton2021",,"2708",2915,75
"Iron","Heaton2021",,"2123",2915,35
"Iron","Heaton2021",,"1220",2916,34
"Iron","Heaton2021",,"1349",2917,56
"Iron","Heaton2021",,"949",2918,32
"Iron","Heaton2021",,"2542",2920,40
"Iron","Heaton2021",,"2675",2920,45
"Iron","Heaton2021",,"2186",2920,35
"Iron","Heaton2021",,"2139",2920,40
"Iron","Heaton2021",,"2190",2920,70
"Iron","Heaton2021",,"898",2920,43
"Iron","Heaton2021",,"1872",2920,25
"Iron","Heaton2021",,"1685",2920,22
"Iron","Heaton2021",,"925",2920,40
"Iron","Heaton2021",,"919",2921,34
"Iron","Heaton2021",,"1750",2922,28
"Iron","Heaton2021",,"892",2923,50
"Iron","Heaton2021",,"897",2923,16
"Iron","Heaton2021",,"2158",2925,35
"Iron","Heaton2021",,"1244",2925,38
"Iron","Heaton2021",,"1453",2925,20
"Iron","Heaton2021",,"1449",2925,25
"Iron","Heaton2021",,"878",2925,40
"Iron","Heaton2021",,"1776",2927,33
"Iron","Heaton2021",,"2269",2927,36
"Iron","Heaton2021",,"1656",2929,25
"Iron","Heaton2021",,"2395",2929,25
"Iron","Heaton2021",,"2706",2930,30
"Iron","Heaton2021",,"1457",2930,40
"Iron","Heaton2021",,"2108",2930,35
"Iron","Heaton2021",,"954",2930,40
"Iron","Heaton2021",,"1331",2930,34
"Iron","Heaton2021",,"2249",2930,35
"Iron","Heaton2021",,"993",2930,30
"Iron","Heaton2021",,"2129",2930,40
"Iron","Heaton2021",,"2704",2930,45
"Iron","Heaton2021",,"1274",2930,70
"Iron","Heaton2021",,"2684",2930,75
"Iron","Heaton2021",,"885",2930,35
"Iron","Heaton2021",,"1026",2930,70
"Iron","Heaton2021",,"2328",2930,70
"Iron","Heaton2021",,"1586",2931,40
"Iron","Heaton2021",,"2641",2931,33
"Iron","Heaton2021",,"2151",2932,28
"Iron","Heaton2021",,"2628",2932,32
"Iron","Heaton2021",,"2882",2932,33
"Iron","Heaton2021",,"1771",2933,22
"Iron","Heaton2021",,"1655",2933,25
"Iron","Heaton2021",,"906",2934,31
"Iron","Heaton2021",,"2239",2935,50
"Iron","Heaton2021",,"2115",2935,35
"Iron","Heaton2021",,"2450",2935,40
"Iron","Heaton2021",,"2174",2935,35
"Iron","Heaton2021",,"1569",2936,23
"Iron","Heaton2021",,"1446",2938,35
"Iron","Heaton2021",,"930",2940,30
"Iron","Heaton2021",,"2296",2940,40
"Iron","Heaton2021",,"1452",2940,50
"Iron","Heaton2021",,"2693",2940,30
"Iron","Heaton2021",,"2142",2940,40
"Iron","Heaton2021",,"2126",2940,35
"Iron","Heaton2021",,"2695",2940,50
"Iron","Heaton2021",,"2315",2940,40
"Iron","Heaton2021",,"1009",2940,60
"Iron","Heaton2021",,"1278",2940,35
"Iron","Heaton2021",,"1152",2940,55
"Iron","Heaton2021",,"2277",2940,40
"Iron","Heaton2021",,"2322",2940,50
"Iron","Heaton2021",,"2127",2940,40
"Iron","Heaton2021",,"2477",2940,25
"Iron","Heaton2021",,"1030",2940,60
"Iron","Heaton2021",,"1823",2942,33
"Iron","Heaton2021",,"1755",2943,40
"Iron","Heaton2021",,"2682",2945,40
"Iron","Heaton2021",,"1166",2945,23
"Iron","Heaton2021",,"1818",2945,31
"Iron","Heaton2021",,"1909",2945,45
"Iron","Heaton2021",,"934",2945,40
"Iron","Heaton2021",,"2646",2945,50
"Iron","Heaton2021",,"877",2945,20
"Iron","Heaton2021",,"2883",2946,27
"Iron","Heaton2021",,"2881",2946,25
"Iron","Heaton2021",,"1701",2947,38
"Iron","Heaton2021",,"1182",2949,39
"Iron","Heaton2021",,"2688",2950,30
"Iron","Heaton2021",,"2686",2950,45
"Iron","Heaton2021",,"1572",2950,34
"Iron","Heaton2021",,"1610",2950,18
"Iron","Heaton2021",,"2309",2950,80
"Iron","Heaton2021",,"2230",2950,30
"Iron","Heaton2021",,"2344",2950,40
"Iron","Heaton2021",,"2136",2950,40
"Iron","Heaton2021",,"1025",2950,60
"Iron","Heaton2021",,"2273",2950,40
"Iron","Heaton2021",,"1154",2950,100
"Iron","Heaton2021",,"1380",2950,35
"Iron","Heaton2021",,"853",2950,50
"Iron","Heaton2021",,"1031",2950,60
"Iron","Heaton2021",,"882",2950,40
"Iron","Heaton2021",,"880",2950,40
"Iron","Heaton2021",,"1141",2950,30
"Iron","Heaton2021",,"1674",2952,24
"Iron","Heaton2021",,"1583",2953,45
"Iron","Heaton2021",,"1877",2955,45
"Iron","Heaton2021",,"912",2955,25
"Iron","Heaton2021",,"2116",2955,35
"Iron","Heaton2021",,"2113",2955,35
"Iron","Heaton2021",,"2097",2955,35
"Iron","Heaton2021",,"2690",2955,45
"Iron","Heaton2021",,"1400",2956,20
"Iron","Heaton2021",,"1268",2960,20
"Iron","Heaton2021",,"1682",2960,50
"Iron","Heaton2021",,"2287",2960,40
"Iron","Heaton2021",,"2171",2960,35
"Iron","Heaton2021",,"2505",2960,30
"Iron","Heaton2021",,"1329",2961,36
"Iron","Heaton2021",,"828",2962,47
"Iron","Heaton2021",,"1573",2963,23
"Iron","Heaton2021",,"1296",2963,25
"Iron","Heaton2021",,"1218",2963,20
"Iron","Heaton2021",,"2114",2965,35
"Iron","Heaton2021",,"1529",2965,40
"Iron","Heaton2021",,"2694",2965,45
"Iron","Heaton2021",,"2604",2965,26
"Iron","Heaton2021",,"816",2965,60
"Iron","Heaton2021",,"2676",2965,45
"Iron","Heaton2021",,"1212",2968,27
"Iron","Heaton2021",,"1319",2969,22
"Iron","Heaton2021",,"2515",2970,70
"Iron","Heaton2021",,"1908",2970,45
"Iron","Heaton2021",,"2703",2970,30
"Iron","Heaton2021",,"1228",2970,40
"Iron","Heaton2021",,"2247",2970,40
"Iron","Heaton2021",,"860",2970,60
"Iron","Heaton2021",,"1918",2970,60
"Iron","Heaton2021",,"2305",2970,50
"Iron","Heaton2021",,"846",2970,90
"Iron","Heaton2021",,"1673",2970,40
"Iron","Heaton2021",,"2588",2970,2
"Iron","Heaton2021",,"2476",2970,30
"Iron","Heaton2021",,"2726",2971,26
"Iron","Heaton2021",,"1171",2973,23
"Iron","Heaton2021",,"2681",2975,45
"Iron","Heaton2021",,"2303",2975,37
"Iron","Heaton2021",,"1503",2977,31
"Iron","Heaton2021",,"2333",2978,248
"Iron","Heaton2021",,"1242",2979,39
"Iron","Heaton2021",,"2512",2980,40
"Iron","Heaton2021",,"1257",2980,36
"Iron","Heaton2021",,"1499",2980,60
"Iron","Heaton2021",,"1234",2980,40
"Iron","Heaton2021",,"1450",2980,20
"Iron","Heaton2021",,"1126",2980,40
"Iron","Heaton2021",,"2163",2980,60
"Iron","Heaton2021",,"2306",2980,110
"Iron","Heaton2021",,"1027",2980,70
"Iron","Heaton2021",,"2137",2980,40
"Iron","Heaton2021",,"2106",2980,40
"Iron","Heaton2021",,"1229",2981,41
"Iron","Heaton2021",,"2674",2985,45
"Iron","Heaton2021",,"1504",2988,32
"Iron","Heaton2021",,"1491",2989,35
"Iron","Heaton2021",,"2805",2989,40
"Iron","Heaton2021",,"2048",2990,40
"Iron","Heaton2021",,"2252",2990,26
"Iron","Heaton2021",,"2692",2990,40
"Iron","Heaton2021",,"1910",2990,45
"Iron","Heaton2021",,"1803",2990,40
"Iron","Heaton2021",,"1053",2990,40
"Iron","Heaton2021",,"2414",2990,40
"Iron","Heaton2021",,"850",2990,70
"Iron","Heaton2021",,"1037",2990,40
"Iron","Heaton2021",,"1318",2994,20
"Iron","Heaton2021",,"2637",2995,33
"Iron","Heaton2021",,"1451",2995,50
"Iron","Heaton2021",,"1767",2996,25
"Iron","Heaton2021",,"1851",2998,48
"Iron","Heaton2021",,"1447",2998,22
"Iron","Heaton2021",,"1232",2999,28
"Iron","Heaton2021",,"1217",2999,26
"Iron","Heaton2021",,"2521",3000,40
"Iron","Heaton2021",,"2701",3000,30
"Iron","Heaton2021",,"1047",3000,210
"Iron","Heaton2021",,"2572",3000,60
"Iron","Heaton2021",,"1279",3000,110
"Iron","Heaton2021",,"1155",3000,70
"Iron","Heaton2021",,"1227",3001,21
"Iron","Heaton2021",,"1571",3001,33
"Iron","Heaton2021",,"1494",3001,22
"Iron","Heaton2021",,"1444",3002,43
"Iron","Heaton2021",,"1287",3002,27
"Iron","Heaton2021",,"2884",3003,24
"Iron","Heaton2021",,"1158",3005,30
"Iron","Heaton2021",,"1481",3005,20
"Iron","Heaton2021",,"1912",3005,45
"Iron","Heaton2021",,"838",3005,45
"Iron","Heaton2021",,"1270",3005,37
"Iron","Heaton2021",,"2193",3005,35
"Iron","Heaton2021",,"2643",3009,36
"Iron","Heaton2021",,"1036",3010,40
"Iron","Heaton2021",,"2154",3011,25
"Iron","Heaton2021",,"2059",3012,23
"Iron","Heaton2021",,"1184",3013,35
"Iron","Heaton2021",,"815",3015,65
"Iron","Heaton2021",,"1548",3015,22
"Iron","Heaton2021",,"1183",3016,33
"Iron","Heaton2021",,"2440",3016,41
"Iron","Heaton2021",,"1592",3017,37
"Iron","Heaton2021",,"2795",3019,25
"Iron","Heaton2021",,"1117",3019,53
"Iron","Heaton2021",,"1046",3020,90
"Iron","Heaton2021",,"1441",3020,70
"Iron","Heaton2021",,"2159",3020,35
"Iron","Heaton2021",,"1426",3020,60
"Iron","Heaton2021",,"1692",3020,66
"Iron","Heaton2021",,"103",3020,70
"Iron","Heaton2021",,"2282",3020,50
"Iron","Heaton2021",,"1302",3021,20
"Iron","Heaton2021",,"2197",3023,34
"Iron","Heaton2021",,"1145",3025,35
"Iron","Heaton2021",,"1378",3025,35
"Iron","Heaton2021",,"1010",3026,33
"Iron","Heaton2021",,"1348",3026,34
"Iron","Heaton2021",,"1585",3028,40
"Iron","Heaton2021",,"2632",3029,37
"Iron","Heaton2021",,"2276",3030,40
"Iron","Heaton2021",,"1417",3030,50
"Iron","Heaton2021",,"1425",3030,40
"Iron","Heaton2021",,"1057",3030,80
"Iron","Heaton2021",,"1921",3031,37
"Iron","Heaton2021",,"2728",3031,40
"Iron","Heaton2021",,"1219",3032,38
"Iron","Heaton2021",,"1584",3033,31
"Iron","Heaton2021",,"1582",3034,37
"Iron","Heaton2021",,"1159",3038,43
"Iron","Heaton2021",,"1810",3040,50
"Iron","Heaton2021",,"2550",3040,40
"Iron","Heaton2021",,"794",3040,40
"Iron","Heaton2021",,"2308",3050,50
"Iron","Heaton2021",,"1008",3050,60
"Iron","Heaton2021",,"1443",3050,60
"Iron","Heaton2021",,"847",3050,60
"Iron","Heaton2021",,"2431",3050,70
"Iron","Heaton2021",,"1028",3050,80
"Iron","Heaton2021",,"1221",3057,44
"Iron","Heaton2021",,"1151",3060,60
"Iron","Heaton2021",,"2531",3060,70
"Iron","Heaton2021",,"2560",3070,70
"Iron","Heaton2021",,"2035",3070,90
"Iron","Heaton2021",,"2037",3070,60
"Iron","Heaton2021",,"1360",3070,20
"Iron","Heaton2021",,"1418",3080,70
"Iron","Heaton2021",,"2330",3080,60
"Iron","Heaton2021",,"1496",3083,24
"Iron","Heaton2021",,"2838",3090,80
"Iron","Heaton2021",,"2533",3090,60
"Iron","Heaton2021",,"2329",3090,70
"Iron","Heaton2021",,"2327",3090,70
"Iron","Heaton2021",,"2705",3100,40
"Iron","Heaton2021",,"1621",3100,40
"Iron","Heaton2021",,"2671",3105,80
"Iron","Heaton2021",,"1272",3111,43
"Iron","Heaton2021",,"1379",3111,26
"Iron","Heaton2021",,"2038",3130,80
"Iron","Heaton2021",,"2436",3150,70
"Iron","Heaton2021",,"1058",3160,100
"Iron","Heaton2021",,"679",3185,225
"Iron","Heaton2021",,"2796",3220,55
"Iron","Heaton2021",,"1251",3221,122
"Iron","Heaton2021",,"441",3230,295
"Iron","Heaton2021",,"2049",3260,160
"Iron","Heaton2021",,"122",3680,80
"Iron","Heaton2021",,"2325",3788,30
"Iron","Heaton2021",,"890",3870,35
"Iron","Heaton2021",,"1565",3912,23
"Paleo","Heaton2021","12 Mile Creek","1",10504,66
"Paleo","Heaton2021","13TM173","1",9550,100
"Paleo","Heaton2021","32DU181","1",8870,70
"Paleo","Heaton2021","32DU183","1",9840,60
"Paleo","Heaton2021","32DU224","1",9690,60
"Paleo","Heaton2021","35CU67C","1",8429,48
"Paleo","Heaton2021","35HA1028","1",8440,90
"Paleo","Heaton2021","35HA2222","1",9361,122
"Paleo","Heaton2021","35JE49","1",8202,46
"Paleo","Heaton2021","35JE49","1",9361,34
"Paleo","Heaton2021","35LA861","1",9485,90
"Paleo","Heaton2021","35LK1180","1",8220,430
"Paleo","Heaton2021","35LK1180","1",9880,360
"Paleo","Heaton2021","35LK1871","1",11490,90
"Paleo","Heaton2021","35LK1881","1",8750,55
"Paleo","Heaton2021","35LK2076","1",8804,103
"Paleo","Heaton2021","35LK2076","1",10020,370
"Paleo","Heaton2021","41LU26","1",11100,80
"Paleo","Heaton2021","41WH19","1",9920,530
"Paleo","Heaton2021","42SA17107","1",8340,290
"Paleo","Heaton2021","42SA17215","1",8330,110
"Paleo","Heaton2021","42SA17216","1",8100,220
"Paleo","Heaton2021","45CH58","1",8180,90
"Paleo","Heaton2021","45GA47","1",8050,110
"Paleo","Heaton2021","45KI25","1",8540,110
"Paleo","Heaton2021","45WT111","1",8590,160
"Paleo","Heaton2021","48FR3160","1",8210,60
"Paleo","Heaton2021","48LN1101","1",8500,120
"Paleo","Heaton2021","48LN1185","1",8180,270
"Paleo","Heaton2021","48LN1185","1",8570,220
"Paleo","Heaton2021","48LN1658","1",9530,300
"Paleo","Heaton2021","48LN1679","1",9650,290
"Paleo","Heaton2021","48LN2996","1",8170,70
"Paleo","Heaton2021","48LN373","1",8980,130
"Paleo","Heaton2021","48PA328","1",8270,90
"Paleo","Heaton2021","48SU2980","1",8510,160
"Paleo","Heaton2021","48SW4492","1",8020,90
"Paleo","Heaton2021","48UT786","1",8475,59
"Paleo","Heaton2021","8LE2105","1",9870,38
"Paleo","Heaton2021","Agate Basin","1",9750,130
"Paleo","Heaton2021","Agate Basin","1",9990,225
"Paleo","Heaton2021","Agate Basin","1",10375,700
"Paleo","Heaton2021","Agate Basin","1",10413,548
"Paleo","Heaton2021","Agate Basin","1",10445,110
"Paleo","Heaton2021","Agate Basin","1",10575,90
"Paleo","Heaton2021","Agate Basin","1",10780,120
"Paleo","Heaton2021","Agate Basin","1",11145,60
"Paleo","Heaton2021","Agate Basin","1",11700,95
"Paleo","Heaton2021","Albertson","1",8410,245
"Paleo","Heaton2021","Alexon","1",9990,200
"Paleo","Heaton2021","Alexon","1",11170,130
"Paleo","Heaton2021","Alkali Creek","1",8528,29
"Paleo","Heaton2021","Allen","1",8050,80
"Paleo","Heaton2021","Allen","1",8160,80
"Paleo","Heaton2021","Angeles Mesa","1",10500,2000
"Paleo","Heaton2021","Anzick","2",11040,35
"Paleo","Heaton2021","Arenosa Shelter","1",9550,190
"Paleo","Heaton2021","Arlington Springs","2",10960,80
"Paleo","Heaton2021","Armijo Shelter","1",10000,490
"Paleo","Heaton2021","Arnold Research Cave","1",8120,350
"Paleo","Heaton2021","Arnold Research Cave","1",8792,240
"Paleo","Heaton2021","Arrow Creek 1 (766T)","1",8175,42
"Paleo","Heaton2021","Arrow Creek 2 (925T)","1",9366,35
"Paleo","Heaton2021","Arrow Creek 2 (925T)","1",9594,18
"Paleo","Heaton2021","Arrow Creek 2 (925T)","1",9731,66
"Paleo","Heaton2021","Aubrey","1",11151,45
"Paleo","Heaton2021","Avon  Hidden Valley","1",9390,222
"Paleo","Heaton2021","Awl","1",9440,81
"Paleo","Heaton2021","Baker Cave","1",8080,80
"Paleo","Heaton2021","Baker Cave","1",9004,86
"Paleo","Heaton2021","Barton Gulch","1",8200,67
"Paleo","Heaton2021","Barton Gulch","1",8753,19
"Paleo","Heaton2021","Barton Gulch","1",8843,124
"Paleo","Heaton2021","Bass-Anderson","1",8900,210
"Paleo","Heaton2021","Baucom","1",8170,110
"Paleo","Heaton2021","Bear Cove","1",8020,110
"Paleo","Heaton2021","Beaver Creek Shelter","1",9380,300
"Paleo","Heaton2021","Bench Mark Bay","1",10270,160
"Paleo","Heaton2021","Benz","1",9540,50
"Paleo","Heaton2021","Berger Bluff","1",10190,160
"Paleo","Heaton2021","Berger Bluff","1",11550,800
"Paleo","Heaton2021","Beta Rockshelter","1",8175,230
"Paleo","Heaton2021","Betty Greene","1",9860,300
"Paleo","Heaton2021","Big Bone Lick","1",10600,250
"Paleo","Heaton2021","Big Eddy","1",9525,65
"Paleo","Heaton2021","Big Eddy","1",10415,56
"Paleo","Heaton2021","Big Eddy","1",12145,41
"Paleo","Heaton2021","Big Lake","1",8147,116
"Paleo","Heaton2021","Bison Rockshelter","1",10340,830
"Paleo","Heaton2021","Blackwater Draw 1","1",8873,45
"Paleo","Heaton2021","Blackwater Draw 1","1",10264,219
"Paleo","Heaton2021","Blackwater Draw 1","1",10377,156
"Paleo","Heaton2021","Blackwater Draw 1","1",10823,103
"Paleo","Heaton2021","Blue Dart","1",8320,60
"Paleo","Heaton2021","Blue Point","1",8330,420
"Paleo","Heaton2021","Blue Point","1",9540,50
"Paleo","Heaton2021","Bobtail Wolf","1",9300,60
"Paleo","Heaton2021","Bobtail Wolf","1",9990,60
"Paleo","Heaton2021","Boca Negra Wash","1",9540,580
"Paleo","Heaton2021","Bolton Spring","1",10700,70
"Paleo","Heaton2021","Bonfire Shelter","1",9991,82
"Paleo","Heaton2021","Bonfire Shelter","1",12430,490
"Paleo","Heaton2021","Bonneville Estates","2",11010,40
"Paleo","Heaton2021","Bottleneck Cave","1",8112,139
"Paleo","Heaton2021","Bottleneck Cave","1",8210,200
"Paleo","Heaton2021","Bottleneck Cave","1",8270,180
"Paleo","Heaton2021","Bowling Dune","1",8080,90
"Paleo","Heaton2021","Bozner","1",9080,350
"Paleo","Heaton2021","Bradbury Brook","1",9220,75
"Paleo","Heaton2021","Brigham","1",8500,70
"Paleo","Heaton2021","Brigham","1",8580,45
"Paleo","Heaton2021","Brigham","1",10290,460
"Paleo","Heaton2021","Browns Valley","1",8956,66
"Paleo","Heaton2021","Buchanan","1",10230,150
"Paleo","Heaton2021","Buena Vista Lake","1",8475,283
"Paleo","Heaton2021","Buffalo Flat","1",9130,130
"Paleo","Heaton2021","Buffalo Flat","1",10800,600
"Paleo","Heaton2021","Buhl burial","1",10675,95
"Paleo","Heaton2021","Burning Tree Mastodon","1",11705,36
"Paleo","Heaton2021","Bush Shelter","1",9000,240
"Paleo","Heaton2021","Bush Shelter","1",9530,100
"Paleo","Heaton2021","BZT-1","1",10539,722
"Paleo","Heaton2021","C.W. Harris","1",8490,283
"Paleo","Heaton2021","Cactus Hill","2",10920,250
"Paleo","Heaton2021","Callahan Sand Pit","1",8750,230
"Paleo","Heaton2021","Campbell Hollow","1",8350,100
"Paleo","Heaton2021","Cape","1",8050,80
"Paleo","Heaton2021","CAPla164","1",8130,130
"Paleo","Heaton2021","Caratunk","1",10110,70
"Paleo","Heaton2021","Carter/Kerr-McGee","1",9130,220
"Paleo","Heaton2021","Carter/Kerr-McGee","1",10400,600
"Paleo","Heaton2021","CASCl178","1",8050,300
"Paleo","Heaton2021","CASCl178","1",9960,500
"Paleo","Heaton2021","CASCr177","1",10080,460
"Paleo","Heaton2021","Casper","1",10140,170
"Paleo","Heaton2021","Casper","3",11190,50
"Paleo","Heaton2021","CASRI1","1",8730,110
"Paleo","Heaton2021","Castle Rock","1",8270,130
"Paleo","Heaton2021","Cedar Lake","1",9530,177
"Paleo","Heaton2021","CeEt-482","1",8250,260
"Paleo","Heaton2021","Charlestown Meadows","1",9120,280
"Paleo","Heaton2021","Charlie Lake Cave","1",9490,140
"Paleo","Heaton2021","Charlie Lake Cave","1",9852,81
"Paleo","Heaton2021","Charlie Lake Cave","1",10500,42
"Paleo","Heaton2021","Charlie Range Basalt Ridge","1",8390,130
"Paleo","Heaton2021","Cherokee Sewer","1",8391,135
"Paleo","Heaton2021","China Wall","1",8806,23
"Paleo","Heaton2021","Clarks Flat","1",10142,84
"Paleo","Heaton2021","Cloudsplitter Rockshelter","1",9073,87
"Paleo","Heaton2021","Colby","1",10985,119
"Paleo","Heaton2021","Connley Cave 3","1",8290,310
"Paleo","Heaton2021","Connley Cave 4A","1",9150,150
"Paleo","Heaton2021","Connley Cave 4A","1",10100,400
"Paleo","Heaton2021","Connley Cave 4B","1",10436,109
"Paleo","Heaton2021","Connley Cave 5A","1",9800,250
"Paleo","Heaton2021","Connley Cave 5B","1",9540,260
"Paleo","Heaton2021","Connley Cave 6","1",9710,880
"Paleo","Heaton2021","Coontail Spin","1",10300,400
"Paleo","Heaton2021","Cooper","1",10050,210
"Paleo","Heaton2021","Cooper Hollow","1",12590,195
"Paleo","Heaton2021","Cooper’s Ferry","1",9700,38
"Paleo","Heaton2021","Cougar Mountain Cave","1",8510,250
"Paleo","Heaton2021","Cowboy Cave","1",8275,80
"Paleo","Heaton2021","Cowpath","1",8600,325
"Paleo","Heaton2021","Crypt Cave","1",9120,60
"Paleo","Heaton2021","Cully’s Dump","1",8060,160
"Paleo","Heaton2021","Cummins","1",8480,390
"Paleo","Heaton2021","Cutler Hammock","1",9760,120
"Paleo","Heaton2021","Daisy Cave","1",8178,54
"Paleo","Heaton2021","Daisy Cave","1",8460,100
"Paleo","Heaton2021","Daisy Cave","1",8660,54
"Paleo","Heaton2021","Daisy Cave","1",9053,60
"Paleo","Heaton2021","Daisy Cave","1",9158,50
"Paleo","Heaton2021","Daisy Cave","1",10600,51
"Paleo","Heaton2021","Danger Cave","1",9859,82
"Paleo","Heaton2021","Danger Cave","1",10131,79
"Paleo","Heaton2021","Debert","3",10590,50
"Paleo","Heaton2021","Deep Shelter","1",8520,470
"Paleo","Heaton2021","Deer Creek Cave","1",9670,300
"Paleo","Heaton2021","Deer Creek Cave","1",10085,400
"Paleo","Heaton2021","Dent","2",10990,25
"Paleo","Heaton2021","Devil’s Mouth","1",8780,310
"Paleo","Heaton2021","DgPm-1","1",8220,260
"Paleo","Heaton2021","Diablo Canyon","1",8820,190
"Paleo","Heaton2021","Diablo Canyon","1",9402,113
"Paleo","Heaton2021","Dietz or Tucker","1",9494,62
"Paleo","Heaton2021","Dill Farm","1",8050,90
"Paleo","Heaton2021","Dirty Shame Rockshelter","1",8995,42
"Paleo","Heaton2021","DjPm-79","1",8560,160
"Paleo","Heaton2021","DjPo-81","1",8594,170
"Paleo","Heaton2021","Domebo","2",10960,30
"Paleo","Heaton2021","Double Adobe","1",9350,160
"Paleo","Heaton2021","Double P","1",8555,200
"Paleo","Heaton2021","Dust Cave","1",8470,50
"Paleo","Heaton2021","Dust Cave","1",8790,48
"Paleo","Heaton2021","Dust Cave","1",9922,46
"Paleo","Heaton2021","Dust Cave","1",10168,16
"Paleo","Heaton2021","Dust Devil Cave (NA7613)","1",8762,91
"Paleo","Heaton2021","Dutchess Quarry Cave No. 8","1",8290,100
"Paleo","Heaton2021","Dyer Elk","1",9200,280
"Paleo","Heaton2021","Eagle Cave","1",8678,62
"Paleo","Heaton2021","Eagle Shelter","1",9775,90
"Paleo","Heaton2021","East Wenatchee","2",11125,130
"Paleo","Heaton2021","Echo Bay (1128T)","1",9270,100
"Paleo","Heaton2021","Echo Bay (1128T)","1",9640,70
"Paleo","Heaton2021","Edgar","1",8860,170
"Paleo","Heaton2021","EgPs-48","1",8250,130
"Paleo","Heaton2021","EiBl-5","1",8010,110
"Paleo","Heaton2021","ElTa-18","1",9940,50
"Paleo","Heaton2021","Enoch Fork Rockshelter","1",8740,130
"Paleo","Heaton2021","Enoch Fork Rockshelter","1",10960,240
"Paleo","Heaton2021","Eppley Rockshelter","1",10743,79
"Paleo","Heaton2021","Esker","1",10060,60
"Paleo","Heaton2021","FALSE Cougar Cave","1",8255,120
"Paleo","Heaton2021","FALSE Cougar Cave","1",10530,140
"Paleo","Heaton2021","FcQa-8","1",8030,200
"Paleo","Heaton2021","Ferry","1",8160,200
"Paleo","Heaton2021","Filemile Rapids/Roadcut","1",9785,220
"Paleo","Heaton2021","Finley","1",9166,55
"Paleo","Heaton2021","Fishbone Cave","1",11200,250
"Paleo","Heaton2021","Fishing Bridge","1",8940,60
"Paleo","Heaton2021","Flaming Arrow","1",9937,67
"Paleo","Heaton2021","Flooded Cave","1",10000,200
"Paleo","Heaton2021","Folsom","1",10891,49
"Paleo","Heaton2021","Fort Langley","1",8368,46
"Paleo","Heaton2021","Fort Rock Cave","1",8765,69
"Paleo","Heaton2021","Fort Rock Cave","1",9044,118
"Paleo","Heaton2021","Fossil Lake","1",10177,82
"Paleo","Heaton2021","Gap","1",8449,127
"Paleo","Heaton2021","Gardepe","1",9380,100
"Paleo","Heaton2021","Glenrose Cannery","1",8150,250
"Paleo","Heaton2021","Gore Creek","1",8340,115
"Paleo","Heaton2021","Graham Cave","1",8830,250
"Paleo","Heaton2021","Graham Cave","1",9520,173
"Paleo","Heaton2021","Grey-Taylor","1",8600,245
"Paleo","Heaton2021","Grimes Burial Shelter","1",9470,60
"Paleo","Heaton2021","Guest mammoth","1",9840,190
"Paleo","Heaton2021","Handprint Cave","1",10740,70
"Paleo","Heaton2021","Hanson","1",9285,90
"Paleo","Heaton2021","Hanson","1",10232,88
"Paleo","Heaton2021","Harney Lake","1",8680,55
"Paleo","Heaton2021","Hastqin","1",8260,100
"Paleo","Heaton2021","Hatwai","1",9555,77
"Paleo","Heaton2021","Hatwai","1",10356,118
"Paleo","Heaton2021","Hawkwood","1",8330,330
"Paleo","Heaton2021","Headquarters","1",8300,140
"Paleo","Heaton2021","Hebior","1",12531,26
"Paleo","Heaton2021","Hedden","3",10550,43
"Paleo","Heaton2021","Heisler mastodon","1",11465,78
"Paleo","Heaton2021","Hell Gap","1",8590,350
"Paleo","Heaton2021","Hell Gap","1",8600,600
"Paleo","Heaton2021","Hell Gap","1",8690,380
"Paleo","Heaton2021","Hell Gap","1",8890,110
"Paleo","Heaton2021","Hell Gap","1",10090,200
"Paleo","Heaton2021","Hell Gap","1",10240,300
"Paleo","Heaton2021","Hell Gap","1",10260,95
"Paleo","Heaton2021","Hell Gap","1",10290,500
"Paleo","Heaton2021","Hell Gap","1",10850,550
"Paleo","Heaton2021","Hell Gap","1",10897,186
"Paleo","Heaton2021","Hell Gap","2",10955,135
"Paleo","Heaton2021","Henwood","1",8470,370
"Paleo","Heaton2021","Hermit’s Cave","1",12900,350
"Paleo","Heaton2021","Heron Eden","1",9150,40
"Paleo","Heaton2021","Hetrick","1",9912,50
"Paleo","Heaton2021","Hinds Cave","1",8279,47
"Paleo","Heaton2021","Hinds Cave","1",9120,90
"Paleo","Heaton2021","Hiscock","3",10795,39
"Paleo","Heaton2021","Hogup Cave","1",8350,160
"Paleo","Heaton2021","Hogup Cave","1",8800,200
"Paleo","Heaton2021","Horace Rivers","1",9089,38
"Paleo","Heaton2021","Horn Rock Shelter 2","1",8675,120
"Paleo","Heaton2021","Horn Rock Shelter 2","1",10211,90
"Paleo","Heaton2021","Horner","1",9164,56
"Paleo","Heaton2021","Horner","1",9899,79
"Paleo","Heaton2021","Howard Gully","1",10860,98
"Paleo","Heaton2021","Hudson-Meng","1",9513,38
"Paleo","Heaton2021","Huntington Dam","1",11320,78
"Paleo","Heaton2021","Icehouse Bottom","1",8984,95
"Paleo","Heaton2021","Indian Creek","1",8340,100
"Paleo","Heaton2021","Indian Creek","1",9290,120
"Paleo","Heaton2021","Indian Creek","1",9860,70
"Paleo","Heaton2021","Indian Creek","1",9870,130
"Paleo","Heaton2021","Indian Creek","1",10010,110
"Paleo","Heaton2021","Indian Creek","1",10140,78
"Paleo","Heaton2021","Indian Creek","1",10420,59
"Paleo","Heaton2021","Indian Creek","2",10980,110
"Paleo","Heaton2021","Indian Sands","1",10430,150
"Paleo","Heaton2021","Jackknife Cave","1",8130,105
"Paleo","Heaton2021","Jaguar Cave","1",11171,203
"Paleo","Heaton2021","Jake Bluff","2",10765,25
"Paleo","Heaton2021","James Pass Meadow","1",9750,80
"Paleo","Heaton2021","James Pass Meadow","1",10120,80
"Paleo","Heaton2021","J-Crossing","1",8955,127
"Paleo","Heaton2021","Jim Pitts","1",10168,37
"Paleo","Heaton2021","Jim Pitts","1",11589,116
"Paleo","Heaton2021","Joe’s Valley Alcove","1",8210,220
"Paleo","Heaton2021","John’s Bridge","1",8289,171
"Paleo","Heaton2021","Johnsen No. 3","1",8690,152
"Paleo","Heaton2021","Johnsen No. 3","1",8855,155
"Paleo","Heaton2021","Johnsen No. 3","1",8952,163
"Paleo","Heaton2021","Johnsen No. 3","1",9040,285
"Paleo","Heaton2021","Johnsen No. 3","1",9665,550
"Paleo","Heaton2021","Johnson","1",11985,109
"Paleo","Heaton2021","Kanorado","2",10980,40
"Paleo","Heaton2021","Kennewick Man","1",8295,26
"Paleo","Heaton2021","Kilgii Gwaay 1325T","1",9671,13
"Paleo","Heaton2021","Kincaid Shelter","1",10244,79
"Paleo","Heaton2021","Koehn-Schneider","1",11050,170
"Paleo","Heaton2021","Koster","1",8130,80
"Paleo","Heaton2021","Koster","1",8220,80
"Paleo","Heaton2021","Koster","1",8230,120
"Paleo","Heaton2021","Koster","1",8376,41
"Paleo","Heaton2021","Koster","1",8730,90
"Paleo","Heaton2021","La Paloma","1",9951,85
"Paleo","Heaton2021","Lagrange","1",11240,635
"Paleo","Heaton2021","Laguna Beach","1",9360,105
"Paleo","Heaton2021","Lake Abert","1",10671,73
"Paleo","Heaton2021","Lake Theo","1",9950,110
"Paleo","Heaton2021","Landels","1",8400,90
"Paleo","Heaton2021","Lange/Ferguson","1",10800,530
"Paleo","Heaton2021","Lange-Ferguson","2",11080,40
"Paleo","Heaton2021","Last Supper Cave","1",8488,74
"Paleo","Heaton2021","Lehner","1",9900,80
"Paleo","Heaton2021","Lehner","2",10950,40
"Paleo","Heaton2021","Leonard Rockshelter","1",8660,300
"Paleo","Heaton2021","Leonard Rockshelter","1",11199,570
"Paleo","Heaton2021","Levi","1",9300,160
"Paleo","Heaton2021","Levi","1",10000,175
"Paleo","Heaton2021","Lime Creek","1",9524,450
"Paleo","Heaton2021","Limington","1",8470,110
"Paleo","Heaton2021","Lind Coulee","1",8614,61
"Paleo","Heaton2021","Lindoe","1",9869,101
"Paleo","Heaton2021","Lindsay mammoth","1",12035,41
"Paleo","Heaton2021","Little Canyon Creek Cave","1",8790,210
"Paleo","Heaton2021","Little Canyon Creek Cave","1",10170,250
"Paleo","Heaton2021","Little Ossipee North","1",9350,90
"Paleo","Heaton2021","Little River Rapids","1",10910,110
"Paleo","Heaton2021","Little Salt Spring","1",9596,78
"Paleo","Heaton2021","Little Salt Spring","1",12030,200
"Paleo","Heaton2021","Locus III","1",9400,270
"Paleo","Heaton2021","Lodgepole Creek","1",8700,190
"Paleo","Heaton2021","Loeve","1",8500,130
"Paleo","Heaton2021","Logan Creek","1",8125,250
"Paleo","Heaton2021","Long Tom","1",8890,120
"Paleo","Heaton2021","Longworth-Gick","1",8420,110
"Paleo","Heaton2021","Longworth-Gick","1",8661,106
"Paleo","Heaton2021","Lookingbill","1",8525,100
"Paleo","Heaton2021","Lookingbill","1",10405,95
"Paleo","Heaton2021","Lubbock Lake","1",8303,69
"Paleo","Heaton2021","Lubbock Lake","1",8600,84
"Paleo","Heaton2021","Lubbock Lake","1",8730,240
"Paleo","Heaton2021","Lubbock Lake","1",9133,62
"Paleo","Heaton2021","Lubbock Lake","1",9330,70
"Paleo","Heaton2021","Lubbock Lake","1",9550,67
"Paleo","Heaton2021","Lubbock Lake","1",9600,55
"Paleo","Heaton2021","Lubbock Lake","1",9616,50
"Paleo","Heaton2021","Lubbock Lake","1",9780,100
"Paleo","Heaton2021","Lubbock Lake","1",9810,50
"Paleo","Heaton2021","Lubbock Lake","1",9898,75
"Paleo","Heaton2021","Lubbock Lake","1",9950,120
"Paleo","Heaton2021","Lubbock Lake","1",9960,80
"Paleo","Heaton2021","Lubbock Lake","1",10015,75
"Paleo","Heaton2021","Lubbock Lake","1",10080,71
"Paleo","Heaton2021","Lubbock Lake","1",10142,72
"Paleo","Heaton2021","Lubbock Lake","1",10240,64
"Paleo","Heaton2021","Lubbock Lake","1",10540,100
"Paleo","Heaton2021","Lubbock Lake","2",11100,60
"Paleo","Heaton2021","Lyell Bay East (1354T)","1",8610,42
"Paleo","Heaton2021","Lyell Bay South (1355T)","1",8387,23
"Paleo","Heaton2021","MacHaffie","1",8657,34
"Paleo","Heaton2021","MacHaffie","1",9124,42
"Paleo","Heaton2021","MacHaffie","1",9845,34
"Paleo","Heaton2021","MacHaffie","1",10390,40
"Paleo","Heaton2021","Main","1",8303,41
"Paleo","Heaton2021","Mammoth Meadow I","1",8768,61
"Paleo","Heaton2021","Mangus","1",8645,71
"Paleo","Heaton2021","Manis","1",11100,30
"Paleo","Heaton2021","Manning","1",9681,78
"Paleo","Heaton2021","Manning","1",9865,141
"Paleo","Heaton2021","Maple Leaf","1",8630,270
"Paleo","Heaton2021","Marial","1",8560,190
"Paleo","Heaton2021","Marks Beach","1",9920,380
"Paleo","Heaton2021","Marmes Rockshelter","1",8869,68
"Paleo","Heaton2021","Marmes Rockshelter","1",10119,82
"Paleo","Heaton2021","Marshmeadow","1",10700,870
"Paleo","Heaton2021","McCulley Creek","1",8760,70
"Paleo","Heaton2021","McFaddin Beach","1",11100,750
"Paleo","Heaton2021","Meadowcroft Rockshelter","1",8519,79
"Paleo","Heaton2021","Meadowcroft Rockshelter","1",11300,700
"Paleo","Heaton2021","Meadowcroft Rockshelter","1",12800,870
"Paleo","Heaton2021","Medicine Creek","1",8274,500
"Paleo","Heaton2021","Medicine Creek","1",10493,1500
"Paleo","Heaton2021","Medicine Lodge Creek","1",8191,131
"Paleo","Heaton2021","Medicine Lodge Creek","1",8320,220
"Paleo","Heaton2021","Medicine Lodge Creek","1",8680,250
"Paleo","Heaton2021","Medicine Lodge Creek","1",8760,400
"Paleo","Heaton2021","Medicine Lodge Creek","1",8830,470
"Paleo","Heaton2021","Medicine Lodge Creek","1",9030,460
"Paleo","Heaton2021","Medicine Lodge Creek","1",9206,84
"Paleo","Heaton2021","Michaud","1",10200,620
"Paleo","Heaton2021","Mill Iron","1",11071,44
"Paleo","Heaton2021","Millard Creek","1",8300,200
"Paleo","Heaton2021","Milliken","1",8150,300
"Paleo","Heaton2021","Milliken","1",9000,150
"Paleo","Heaton2021","Mitchell Farm","1",11480,400
"Paleo","Heaton2021","Modoc Rockshelter","1",8000,80
"Paleo","Heaton2021","Modoc Rockshelter","1",8030,220
"Paleo","Heaton2021","Modoc Rockshelter","1",8109,76
"Paleo","Heaton2021","Modoc Rockshelter","1",8270,80
"Paleo","Heaton2021","Modoc Rockshelter","1",8353,57
"Paleo","Heaton2021","Modoc Rockshelter","1",8430,70
"Paleo","Heaton2021","Modoc Rockshelter","1",8457,86
"Paleo","Heaton2021","Modoc Rockshelter","1",8530,120
"Paleo","Heaton2021","Modoc Rockshelter","1",8920,220
"Paleo","Heaton2021","Modoc Rockshelter","1",9101,440
"Paleo","Heaton2021","Mona Lisa","1",8080,150
"Paleo","Heaton2021","Mona Lisa","1",8545,280
"Paleo","Heaton2021","Moon mammoth","1",12210,120
"Paleo","Heaton2021","Morrill Point","1",8206,30
"Paleo","Heaton2021","Morrisroe","1",8220,100
"Paleo","Heaton2021","Mostin","1",8400,190
"Paleo","Heaton2021","Mostin","1",9505,168
"Paleo","Heaton2021","Mostin","1",11250,250
"Paleo","Heaton2021","Mummy Cave","1",8100,130
"Paleo","Heaton2021","Mummy Cave","1",8430,140
"Paleo","Heaton2021","Mummy Cave","1",8740,140
"Paleo","Heaton2021","Mummy Cave","1",9230,150
"Paleo","Heaton2021","Murray Springs","2",10885,50
"Paleo","Heaton2021","Myers-Hindman","1",8948,138
"Paleo","Heaton2021","Namu","1",8570,90
"Paleo","Heaton2021","Namu","1",9317,89
"Paleo","Heaton2021","Napao","1",8155,230
"Paleo","Heaton2021","Neponset","1",10190,60
"Paleo","Heaton2021","Neptune","1",8310,110
"Paleo","Heaton2021","Niska","1",8475,650
"Paleo","Heaton2021","Niska","1",10880,70
"Paleo","Heaton2021","Norton","1",9080,60
"Paleo","Heaton2021","O’Haco Rockshelter","1",8256,86
"Paleo","Heaton2021","Olive Branch","1",9115,100
"Paleo","Heaton2021","Osprey Beach","1",9360,60
"Paleo","Heaton2021","OTL Ridge","1",10907,30
"Paleo","Heaton2021","Packard","1",9630,100
"Paleo","Heaton2021","Packard","1",9823,45
"Paleo","Heaton2021","Page-Ladson","1",9916,32
"Paleo","Heaton2021","Page-Ladson","1",12330,110
"Paleo","Heaton2021","Paint Rock V","1",8234,109
"Paleo","Heaton2021","Paleo Crossing","2",10980,75
"Paleo","Heaton2021","Patrick","1",9410,290
"Paleo","Heaton2021","Paulina Lake","1",8504,34
"Paleo","Heaton2021","Paulina Lake","1",9069,73
"Paleo","Heaton2021","Pee Wee Grande","1",8230,90
"Paleo","Heaton2021","Pendejo Cave","1",11510,89
"Paleo","Heaton2021","Pendejo Cave","1",12355,50
"Paleo","Heaton2021","Pictograph Cave","1",8580,80
"Paleo","Heaton2021","Pigeon Cliffs","1",8280,1000
"Paleo","Heaton2021","Pigeon Roost Creek","1",8500,220
"Paleo","Heaton2021","Pine Bluffs","1",9880,130
"Paleo","Heaton2021","Pine Spring","1",9775,195
"Paleo","Heaton2021","Pinware Hill","1",8850,100
"Paleo","Heaton2021","Plainview","1",10070,500
"Paleo","Heaton2021","Pleasant Lake","1",10395,100
"Paleo","Heaton2021","Poland","1",10240,90
"Paleo","Heaton2021","Poole Inlet West (1359T)","1",8270,60
"Paleo","Heaton2021","Porter Hollow","1",10090,120
"Paleo","Heaton2021","Puckett","1",8655,127
"Paleo","Heaton2021","Puckett","1",9790,160
"Paleo","Heaton2021","Pyramid Lake","1",9660,170
"Paleo","Heaton2021","Raddatz Rockshelter","1",11610,300
"Paleo","Heaton2021","Radiant 3","1",8690,690
"Paleo","Heaton2021","Rancho La Brea","1",9000,80
"Paleo","Heaton2021","Rancho Park North","1",8040,80
"Paleo","Heaton2021","Rancho Park North","1",8104,37
"Paleo","Heaton2021","Rappuhn mastodon","1",10674,92
"Paleo","Heaton2021","Rattlesnake Pass","1",9860,106
"Paleo","Heaton2021","Rawhide Butte","1",10550,350
"Paleo","Heaton2021","Rawhide Creek","1",10180,480
"Paleo","Heaton2021","Ray Long","1",9380,250
"Paleo","Heaton2021","Redfish Lake Overhang","1",8060,190
"Paleo","Heaton2021","Redfish Lake Overhang","1",10180,127
"Paleo","Heaton2021","Rex Rodgers","1",9118,83
"Paleo","Heaton2021","Richard Beene","1",9825,85
"Paleo","Heaton2021","Richardson Island (1127T)","1",8660,23
"Paleo","Heaton2021","Richardson Island (1127T)","1",8874,25
"Paleo","Heaton2021","Richardson Island (1127T)","1",9140,20
"Paleo","Heaton2021","Richmond Hill","1",9360,120
"Paleo","Heaton2021","Rimouski","1",8150,130
"Paleo","Heaton2021","Rock Bar Alcove","1",8280,160
"Paleo","Heaton2021","Rock Creek Alcove","1",8660,80
"Paleo","Heaton2021","Rodgers Shelter","1",8065,212
"Paleo","Heaton2021","Rodgers Shelter","1",8100,140
"Paleo","Heaton2021","Rodgers Shelter","1",10268,294
"Paleo","Heaton2021","Rogers Ridge","1",8315,71
"Paleo","Heaton2021","Rose Island","1",9134,117
"Paleo","Heaton2021","Rumford Falls I","1",8850,140
"Paleo","Heaton2021","Rumford Falls V","1",9370,120
"Paleo","Heaton2021","Running Springs","1",9380,140
"Paleo","Heaton2021","Rush Bay Road","1",8450,550
"Paleo","Heaton2021","Russ","1",8220,420
"Paleo","Heaton2021","Russell Cave","1",8397,84
"Paleo","Heaton2021","Russell Cave","1",9020,175
"Paleo","Heaton2021","Ryan’s","1",9220,220
"Paleo","Heaton2021","San Jon","1",8360,210
"Paleo","Heaton2021","Sandal Shelter","1",8300,60
"Paleo","Heaton2021","Saskatoon Mountain","1",8130,130
"Paleo","Heaton2021","Saskatoon Mountain","1",8170,210
"Paleo","Heaton2021","Saskatoon Mountain","1",8620,620
"Paleo","Heaton2021","Saskatoon Mountain","1",9361,59
"Paleo","Heaton2021","Saugus Quarry","1",8095,415
"Paleo","Heaton2021","Scaredy Cat Cave","1",8190,100
"Paleo","Heaton2021","Schaefer Mammoth","1",12369,21
"Paleo","Heaton2021","Schiffer Cave","1",8430,113
"Paleo","Heaton2021","Schmidt","1",8100,500
"Paleo","Heaton2021","Seal Cave","1",9030,100
"Paleo","Heaton2021","Seal Cave","1",9440,50
"Paleo","Heaton2021","Second Lake (162R)","1",9455,450
"Paleo","Heaton2021","Sedgewick Bay (791T)","1",8080,60
"Paleo","Heaton2021","Seed Cave","1",8370,230
"Paleo","Heaton2021","Sentinel Gap","1",8880,70
"Paleo","Heaton2021","Sentinel Gap","1",10144,26
"Paleo","Heaton2021","Sevier Desert","1",9570,430
"Paleo","Heaton2021","Sharrow","1",8524,53
"Paleo","Heaton2021","Shawnee-Minisink","2",10935,15
"Paleo","Heaton2021","Sheaman","1",10618,98
"Paleo","Heaton2021","Sheep Rock Shelter","1",8870,320
"Paleo","Heaton2021","Sheep Rock Spring","1",9315,26
"Paleo","Heaton2021","Sheguiandah","1",9275,45
"Paleo","Heaton2021","Shelton mastodon","1",9619,111
"Paleo","Heaton2021","Sheriden Cave","1",10766,23
"Paleo","Heaton2021","Sheriden Cave","1",10789,48
"Paleo","Heaton2021","Sheriden Cave","1",10847,45
"Paleo","Heaton2021","Sheriden Cave","1",11537,41
"Paleo","Heaton2021","Shinners Site A","1",8380,120
"Paleo","Heaton2021","Shinners Site A","1",9540,120
"Paleo","Heaton2021","Sibbald Creek","1",9570,320
"Paleo","Heaton2021","Silver Mound Rockshelter","1",9405,90
"Paleo","Heaton2021","Simonsen","1",8430,520
"Paleo","Heaton2021","Sinnock","1",8030,160
"Paleo","Heaton2021","Sister’s Hill","1",9623,169
"Paleo","Heaton2021","Site 243R","1",8754,36
"Paleo","Heaton2021","Skyrocket","1",8550,150
"Paleo","Heaton2021","Skyrocket","1",9050,90
"Paleo","Heaton2021","Skyrocket","1",9410,250
"Paleo","Heaton2021","Sloth Hole","2",11050,50
"Paleo","Heaton2021","Smith Creek Cave","1",10860,44
"Paleo","Heaton2021","Smith Mountain","1",8810,130
"Paleo","Heaton2021","Smith Mountain","1",10150,70
"Paleo","Heaton2021","Sommers","1",8700,65
"Paleo","Heaton2021","Southsider Cave","1",8891,155
"Paleo","Heaton2021","Spirit Cave","1",9334,19
"Paleo","Heaton2021","Squaw Rockshelter","1",9480,160
"Paleo","Heaton2021","St. Albans","1",8250,100
"Paleo","Heaton2021","St. Albans","1",8254,89
"Paleo","Heaton2021","St. Albans","1",8943,115
"Paleo","Heaton2021","St. Louis","1",8400,70
"Paleo","Heaton2021","St. Louis","1",9150,40
"Paleo","Heaton2021","Stamp","1",9130,200
"Paleo","Heaton2021","Stamp","1",9660,140
"Paleo","Heaton2021","Standish","1",8170,90
"Paleo","Heaton2021","Stanfield-Worley Shelter","1",9260,183
"Paleo","Heaton2021","State Road Ripple","1",11385,140
"Paleo","Heaton2021","Steel","1",9510,60
"Paleo","Heaton2021","Steel’s Pass","1",9250,70
"Paleo","Heaton2021","Steel’s Pass","1",10100,80
"Paleo","Heaton2021","Stick Man","1",8090,29
"Paleo","Heaton2021","Stigenwalt","1",8275,115
"Paleo","Heaton2021","Stonepine","1",9540,70
"Paleo","Heaton2021","Stucke Farm","1",9370,70
"Paleo","Heaton2021","Sunshine Locality","1",9873,38
"Paleo","Heaton2021","Sunshine Locality","1",10503,27
"Paleo","Heaton2021","Survey Point","1",12260,141
"Paleo","Heaton2021","Swan Landing","1",8675,270
"Paleo","Heaton2021","Swan’s Landing","1",8015,180
"Paleo","Heaton2021","Table Land","1",8499,32
"Paleo","Heaton2021","Taylor","1",9814,35
"Paleo","Heaton2021","Templeton","1",10190,300
"Paleo","Heaton2021","Thunderbird","1",9900,340
"Paleo","Heaton2021","Titus","1",8070,100
"Paleo","Heaton2021","Tule Lake Shelter","1",11450,340
"Paleo","Heaton2021","Turkey Swamp","1",8739,165
"Paleo","Heaton2021","Two Moon Rockshelter","1",8570,60
"Paleo","Heaton2021","Two Moon Rockshelter","1",10060,60
"Paleo","Heaton2021","Union Pacific mammoth","1",11360,350
"Paleo","Heaton2021","Upper Shawnee Island","1",9330,545
"Paleo","Heaton2021","Vail","3",10530,103
"Paleo","Heaton2021","Varney Farm","1",8569,31
"Paleo","Heaton2021","Vegan","1",8400,130
"Paleo","Heaton2021","Ventana Cave","1",9311,30
"Paleo","Heaton2021","Ventana Cave","1",10391,81
"Paleo","Heaton2021","Ventana Cave","1",11300,1200
"Paleo","Heaton2021","Vermilion Lakes Loc. A (153R)","1",9644,98
"Paleo","Heaton2021","Vermilion Lakes Loc. A (153R)","1",9922,46
"Paleo","Heaton2021","Vermilion Lakes Loc. A (153R)","1",10221,107
"Paleo","Heaton2021","Vermilion Lakes Loc. A (153R)","1",10331,60
"Paleo","Heaton2021","Vermilion Lakes Loc. A (153R)","1",10771,173
"Paleo","Heaton2021","Vermilion Lakes Loc. B (502R)","1",9908,97
"Paleo","Heaton2021","Wadleigh Falls","1",8630,150
"Paleo","Heaton2021","Wallmann mammoth","1",11080,300
"Paleo","Heaton2021","Walnut Street trench","1",8685,370
"Paleo","Heaton2021","Walter’s Cave","1",8875,125
"Paleo","Heaton2021","Wapanucket 8","1",8638,58
"Paleo","Heaton2021","Ward’s Point","1",8250,140
"Paleo","Heaton2021","Warm Mineral Spring","1",9337,196
"Paleo","Heaton2021","Warm Mineral Spring","1",10980,160
"Paleo","Heaton2021","Wasden, Owl Cave","1",10328,50
"Paleo","Heaton2021","Weirs Beach","1",9022,185
"Paleo","Heaton2021","Weirs Beach","1",9615,225
"Paleo","Heaton2021","Welsch","1",8000,120
"Paleo","Heaton2021","Welsch","1",8090,110
"Paleo","Heaton2021","Welsch","1",8174,81
"Paleo","Heaton2021","Welsch","1",8190,78
"Paleo","Heaton2021","Welsch","1",8225,65
"Paleo","Heaton2021","Welsch","1",8240,78
"Paleo","Heaton2021","West Creek","1",9850,160
"Paleo","Heaton2021","Wewukiyephuh","1",10343,31
"Paleo","Heaton2021","Whalen","1",9302,98
"Paleo","Heaton2021","WHD Sage Creek","1",8230,540
"Paleo","Heaton2021","WHD Sage Creek","1",8527,179
"Paleo","Heaton2021","Whipple","1",10377,177
"Paleo","Heaton2021","Willard mastodon","1",9600,205
"Paleo","Heaton2021","Wilson Butte Cave","1",10440,67
"Paleo","Heaton2021","Wilson-Leonard","1",8884,68
"Paleo","Heaton2021","Wilson-Leonard","1",9555,66
"Paleo","Heaton2021","Windy Mesa","1",8270,80
"Paleo","Heaton2021","Winger","1",9080,90
"Paleo","Heaton2021","Wizard Beach","1",9204,29
"Paleo","Heaton2021","Wood Island","1",8040,90
"Paleo","Heaton2021","Wyght","1",8030,1970
"Raths","Heaton2021","Aghadegnan","UB-3451",1421,32
"Raths","Heaton2021","Aghadegnan","UB-3454",1551,33
"Raths","Heaton2021","Aghadegnan","UB-3455",1475,21
"Raths","Heaton2021","Aghadegnan","UB-3456",1289,32
"Raths","Heaton2021","Aghadegnan","UB-3458",1270,21
"Raths","Heaton2021","Aghadegnan","UB-3459",1552,49
"Raths","Heaton2021","Aghadegnan","UB-3468",1191,30
"Raths","Heaton2021","Altanagh","UB-2564",1475,60
"Raths","Heaton2021","Altanagh","UB-2565",1585,70
"Raths","Heaton2021","Antiville","D-66",1470,120
"Raths","Heaton2021","Antiville","UB-589",1220,45
"Raths","Heaton2021","Antiville","UB-589b",1260,70
"Raths","Heaton2021","Antiville","UB-7054",1280,33
"Raths","Heaton2021","Ballaghderg","Beta-206702",1230,40
"Raths","Heaton2021","Ballingarry Down","UB-7663",1298,31
"Raths","Heaton2021","Ballingarry Down","UB-7664",1321,32
"Raths","Heaton2021","Ballingarry Down","UB-7665",1312,32
"Raths","Heaton2021","Ballingarry Down","UB-7666",1325,31
"Raths","Heaton2021","Ballyclan","UBA-10014",1115,22
"Raths","Heaton2021","Ballydown","UB-4805",1255,34
"Raths","Heaton2021","Ballydown","UB-4806",1222,34
"Raths","Heaton2021","Ballyhenry","UB-945",1355,40
"Raths","Heaton2021","Ballyhenry","UB-947",1055,30
"Raths","Heaton2021","Ballymacash","UB-2624",905,75
"Raths","Heaton2021","Ballymurphy","UB-6868",1175,29
"Raths","Heaton2021","Ballynacarriga","Beta-165323",1370,40
"Raths","Heaton2021","Ballynacarriga","Beta-165324",1480,70
"Raths","Heaton2021","Ballynacarriga","UB-10501",1265,26
"Raths","Heaton2021","Ballynagallagh","GrN-23169",1300,30
"Raths","Heaton2021","Ballynagallagh","GrN-28572",1405,40
"Raths","Heaton2021","Ballynagallagh","GrN-28573",1200,60
"Raths","Heaton2021","Ballynagallagh","GrN-28574",1300,40
"Raths","Heaton2021","Ballynoe","UB-908",1340,90
"Raths","Heaton2021","Ballyrenan","UB-4602",1440,45
"Raths","Heaton2021","Ballyrenan","UB-4603",1213,36
"Raths","Heaton2021","Ballyvass","Beta-243988",1280,40
"Raths","Heaton2021","Ballyvollen","UB-2728",1365,70
"Raths","Heaton2021","Ballyvollen","UB-2729",1305,65
"Raths","Heaton2021","Ballywillwill","UB-6675",1630,35
"Raths","Heaton2021","Ballywillwill","UB-6781",1181,35
"Raths","Heaton2021","Baronstown","Beta-247014",1280,40
"Raths","Heaton2021","Baronstown","Beta-247016",1450,40
"Raths","Heaton2021","Baronstown","Beta-247017",1580,40
"Raths","Heaton2021","Baronstown","Beta-247018",1580,40
"Raths","Heaton2021","Baronstown","Beta-247019",1610,40
"Raths","Heaton2021","Baronstown","Beta-247020",1500,40
"Raths","Heaton2021","Baronstown","Beta-247022",1230,40
"Raths","Heaton2021","Baronstown","Beta-247023",1230,40
"Raths","Heaton2021","Baronstown","Beta-247024",1580,40
"Raths","Heaton2021","Baronstown","Beta-247026",1560,40
"Raths","Heaton2021","Baronstown","Beta-247027",1660,40
"Raths","Heaton2021","Baronstown","Beta-247028",1640,40
"Raths","Heaton2021","Baronstown","Beta-252083",1490,40
"Raths","Heaton2021","Baronstown","Beta-252086",1460,40
"Raths","Heaton2021","Baronstown","Beta-252087",1330,40
"Raths","Heaton2021","Baronstown","Beta-252088",1600,40
"Raths","Heaton2021","Baronstown","Beta-252091",1420,40
"Raths","Heaton2021","Baysrath","UB-10493",1229,17
"Raths","Heaton2021","Baysrath","UBA-10492",1200,26
"Raths","Heaton2021","Beal Boru","UBA-7661",1051,25
"Raths","Heaton2021","Big Glebe","UB-2151",945,30
"Raths","Heaton2021","Big Glebe","UB-2152",1130,45
"Raths","Heaton2021","Big Glebe","UB-2153",1290,40
"Raths","Heaton2021","Boyerstown","Beta-219006",1410,40
"Raths","Heaton2021","Boyerstown","Beta-219007",1370,40
"Raths","Heaton2021","Boyerstown","Beta-219008",1210,40
"Raths","Heaton2021","Boyerstown","Beta-219009",1340,50
"Raths","Heaton2021","Boyerstown","Beta-219010",1490,40
"Raths","Heaton2021","Brokerstown","UB-9255",1251,21
"Raths","Heaton2021","Brokerstown","UB-9257",1272,22
"Raths","Heaton2021","Brokerstown","UBA-10055",722,30
"Raths","Heaton2021","Carrowreagh","UBA-9313",1327,32
"Raths","Heaton2021","Castlefarm","Beta-220131",1500,40
"Raths","Heaton2021","Castlefarm","Beta-246936",1370,40
"Raths","Heaton2021","Castlefarm","Beta-246945",1420,40
"Raths","Heaton2021","Castlegar","UB-4701",1186,51
"Raths","Heaton2021","Castlegar","UB-4702",1186,51
"Raths","Heaton2021","Castlegar","UB-4704",1182,44
"Raths","Heaton2021","Castlegar","UB-6992",1334,30
"Raths","Heaton2021","Clogher","UB-2035",1440,45
"Raths","Heaton2021","Clogher","UB-2036",1710,75
"Raths","Heaton2021","Clogher","UB-2038",1260,70
"Raths","Heaton2021","Clogher","UB-2176",1335,65
"Raths","Heaton2021","Clogher","UB-6666",1570,31
"Raths","Heaton2021","Clogher","UB-6667",1517,32
"Raths","Heaton2021","Clogher","UB-844",1555,45
"Raths","Heaton2021","Cloncowan","UB-4990",1538,42
"Raths","Heaton2021","Cloncowan","UB-4992",1555,24
"Raths","Heaton2021","Clontonakelly","UB-663",1400,60
"Raths","Heaton2021","Cloonaghboy","GrA-35570",1290,30
"Raths","Heaton2021","Cloonaghboy","Gra-35587",1430,35
"Raths","Heaton2021","Cloongownagh","UCD-0113",1330,55
"Raths","Heaton2021","Coarhbeg","GrN-21031",1400,40
"Raths","Heaton2021","Collierstown","Beta-241296",1410,40
"Raths","Heaton2021","Collierstown","Beta-247009",1530,40
"Raths","Heaton2021","Collierstown","Beta-247010",1580,40
"Raths","Heaton2021","Collierstown","Beta-247207",1580,40
"Raths","Heaton2021","Colp West","UB-4672",1357,44
"Raths","Heaton2021","Colp West","UB-4673",1357,44
"Raths","Heaton2021","Colp West","UB-4674",1397,44
"Raths","Heaton2021","Colp West","UB-4675",1345,44
"Raths","Heaton2021","Colp West","UB-4684",1340,38
"Raths","Heaton2021","Colp West","UB-4685",1339,40
"Raths","Heaton2021","Conva","UB-3635",1388,37
"Raths","Heaton2021","Conva","UB-3638",1525,43
"Raths","Heaton2021","Crossnacreevy","UB-751",715,65
"Raths","Heaton2021","Curraheen","Beta-171416",1420,40
"Raths","Heaton2021","Curraheen","Beta-171417",1390,70
"Raths","Heaton2021","Curraheen","Beta-171419",1220,60
"Raths","Heaton2021","Curraheen","Beta-171420",1300,40
"Raths","Heaton2021","Curraheen","Beta-171423",1300,60
"Raths","Heaton2021","Curraheen","Beta-178192",1490,60
"Raths","Heaton2021","Deer Park Farms","UB-3064",1295,16
"Raths","Heaton2021","Deer Park Farms","UB-3065",1229,14
"Raths","Heaton2021","Deer Park Farms","UB-3066",1302,15
"Raths","Heaton2021","Deer Park Farms","UB-3081",1311,18
"Raths","Heaton2021","Deer Park Farms","UB-3082",1291,17
"Raths","Heaton2021","Deer Park Farms","UB-3083",1280,17
"Raths","Heaton2021","Deer Park Farms","UB-3084",1312,20
"Raths","Heaton2021","Deer Park Farms","UB-3093",1269,16
"Raths","Heaton2021","Deer Park Farms","UB-3199",1181,14
"Raths","Heaton2021","Deer Park Farms","UB-3200",1258,14
"Raths","Heaton2021","Deer Park Farms","UB-3201",1171,14
"Raths","Heaton2021","Deer Park Farms","UB-3217",1408,43
"Raths","Heaton2021","Deer Park Farms","UB-4192",1258,22
"Raths","Heaton2021","Deer Park Farms","UB-4193",1142,34
"Raths","Heaton2021","Deer Park Farms","UB-4194",1313,38
"Raths","Heaton2021","Deer Park Farms","UB-4195",1219,25
"Raths","Heaton2021","Deer Park Farms","UB-4196",1189,31
"Raths","Heaton2021","Deer Park Farms","UB-4197",1273,24
"Raths","Heaton2021","Deer Park Farms","UB-4953",925,39
"Raths","Heaton2021","Dowdstown","Beta-220117",1240,40
"Raths","Heaton2021","Dowdstown","Beta-220118",1570,60
"Raths","Heaton2021","Dowdstown","Beta-220119",1540,40
"Raths","Heaton2021","Dowdstown","Beta-220120",1300,40
"Raths","Heaton2021","Dowdstown","Beta-247068",1440,40
"Raths","Heaton2021","Dowdstown","Beta-247070",1320,40
"Raths","Heaton2021","Dowdstown","Beta-247071",1340,40
"Raths","Heaton2021","Dowdstown","UB-7009",1369,33
"Raths","Heaton2021","Dowdstown","UB-7039",1454,33
"Raths","Heaton2021","Dromthacker","GrN-23797",1480,25
"Raths","Heaton2021","Dromthacker","GrN-23798",1520,30
"Raths","Heaton2021","Drumadoon","UB-6414",1185,30
"Raths","Heaton2021","Drumadoon","UB-6416",1152,30
"Raths","Heaton2021","Drumadoon","UB-6417",1186,30
"Raths","Heaton2021","Drumadoon","UB-6418",1199,30
"Raths","Heaton2021","Drumadoon","UB-6993",1260,29
"Raths","Heaton2021","Dunbeg","UB-2215",1150,75
"Raths","Heaton2021","Dunbell Big","UB-3389",1430,54
"Raths","Heaton2021","Dunbell Big","UB-3390",1193,33
"Raths","Heaton2021","Dunbell Big","UB-3391",1233,39
"Raths","Heaton2021","Dunbell Big","UB-3392",1314,28
"Raths","Heaton2021","Dunbell Big","UB-3410",1309,70
"Raths","Heaton2021","Dunbell Big","UB-3412",1141,32
"Raths","Heaton2021","Dunsilly","UB-968",890,40
"Raths","Heaton2021","Glebe","OxA-12718",1263,26
"Raths","Heaton2021","Glebe","OxA-12720",1244,27
"Raths","Heaton2021","Glebe","OxA-12814",1473,32
"Raths","Heaton2021","Glebe","OxA-12816",1460,32
"Raths","Heaton2021","Gransha","UB-2597",1465,55
"Raths","Heaton2021","Gransha","UB-2598",1580,50
"Raths","Heaton2021","Gransha","UB-6808",1224,32
"Raths","Heaton2021","Gransha","UB-6809",1165,33
"Raths","Heaton2021","Harlockstown","Wk-18183",1527,64
"Raths","Heaton2021","Johnstown","Beta-177959",1490,60
"Raths","Heaton2021","Johnstown","Beta-177960",1470,60
"Raths","Heaton2021","Kilcloghans","UB-8835",1283,36
"Raths","Heaton2021","Killanully","UB-3647",1222,34
"Raths","Heaton2021","Killanully","UB-3649",1155,38
"Raths","Heaton2021","Killealy","UB-537",1470,45
"Raths","Heaton2021","Killealy","UB-538",1600,65
"Raths","Heaton2021","Killealy","UB-539",1540,65
"Raths","Heaton2021","Killealy","UB-540",1385,65
"Raths","Heaton2021","Killealy","UB-541",1560,35
"Raths","Heaton2021","Killealy","UB-542",1345,65
"Raths","Heaton2021","Killealy","UB-544",1230,50
"Raths","Heaton2021","Killealy","UB-545",1395,40
"Raths","Heaton2021","Killeany","UBA-8172",1418,22
"Raths","Heaton2021","Killickaweeny","Beta-185557",1350,60
"Raths","Heaton2021","Killyliss","UB-2620",1180,60
"Raths","Heaton2021","Killyliss","UB-2621",1355,65
"Raths","Heaton2021","Killyliss","UB-2623",1140,55
"Raths","Heaton2021","Killyliss","UB-6972",1239,30
"Raths","Heaton2021","Kilree","UBA-9040",1125,26
"Raths","Heaton2021","Kilree","UBA-9043",1098,23
"Raths","Heaton2021","Knockadrina","UBA-9039",1020,22
"Raths","Heaton2021","Knowth M","UB-7020",1277,30
"Raths","Heaton2021","Leggetsrath","Beta-205166",1350,60
"Raths","Heaton2021","Leggetsrath","Beta-205168",1180,60
"Raths","Heaton2021","Leggetsrath","Beta-205169",1100,60
"Raths","Heaton2021","Leggetsrath","UBA-8171",1210,21
"Raths","Heaton2021","Lisachiggel","UBA-8174",1015,23
"Raths","Heaton2021","Liscahane","OxA-2203",1480,70
"Raths","Heaton2021","Lisleagh I","UB-2548",1325,35
"Raths","Heaton2021","Lisleagh I","UB-2549",1280,75
"Raths","Heaton2021","Lisleagh I","UB-2608",1309,55
"Raths","Heaton2021","Lisleagh I","UB-2688",1390,65
"Raths","Heaton2021","Lisnagun","UB-3178",1110,35
"Raths","Heaton2021","Lougboy","UB-4465",1408,42
"Raths","Heaton2021","Lougboy","UB-4466",1589,55
"Raths","Heaton2021","Lougboy","UB-4467",1345,42
"Raths","Heaton2021","Loughbown I","UB-7362",1444,32
"Raths","Heaton2021","Loughbown II","UBA-8103",1159,29
"Raths","Heaton2021","Magheraboy","Beta-197650",1160,40
"Raths","Heaton2021","Magheraboy","Beta-197651",1220,40
"Raths","Heaton2021","Magheraboy","Beta-197652",1150,70
"Raths","Heaton2021","Magheraboy","Beta-197654",1350,80
"Raths","Heaton2021","Magheramenagh","Beta-186550",1160,40
"Raths","Heaton2021","Magheramenagh","Beta-186551",1280,40
"Raths","Heaton2021","Marshes Upper","Beta-170297",1480,90
"Raths","Heaton2021","Marshes Upper","Beta-170303",1230,40
"Raths","Heaton2021","Meadowbank","UB-4232",1255,44
"Raths","Heaton2021","Meadowbank","UB-4233",1352,49
"Raths","Heaton2021","Meadowbank","UB-4234",1511,44
"Raths","Heaton2021","Newtown","Beta-182317",1090,60
"Raths","Heaton2021","Oldcourt","UBA-7662",1300,35
"Raths","Heaton2021","Parknahown","Beta-218638",1530,50
"Raths","Heaton2021","Parknahown","Beta-218647",1560,40
"Raths","Heaton2021","Parknahown","UBA-8175",1430,22
"Raths","Heaton2021","Poleglass","UB-920",1060,70
"Raths","Heaton2021","Poleglass","UB-921",1205,65
"Raths","Heaton2021","Raheennamadra","U241",1430,130
"Raths","Heaton2021","Raheennamadra","U245",1300,120
"Raths","Heaton2021","Raheennamadra","U247",1360,100
"Raths","Heaton2021","Rathgurreen","UB-4323",1275,36
"Raths","Heaton2021","Rathmullan","UB-2525",1085,20
"Raths","Heaton2021","Rathmullan","UB-2526",1500,40
"Raths","Heaton2021","Rathmullan","UB-2527",1130,40
"Raths","Heaton2021","Rochfort Demesne","SUERC-8586",1350,35
"Raths","Heaton2021","Rochfort Demesne","SUERC-8587",1200,35
"Raths","Heaton2021","Rochfort Demesne","SUERC-8588",1230,35
"Raths","Heaton2021","Roestown","Beta-219002",1320,40
"Raths","Heaton2021","Roestown","Beta-219003",1360,40
"Raths","Heaton2021","Roestown","Beta-219005",1380,40
"Raths","Heaton2021","Roestown","Beta-220114",1200,40
"Raths","Heaton2021","Roestown","Beta-220115",1480,40
"Raths","Heaton2021","Seacash","UB-671",1430,70
"Raths","Heaton2021","Seacash","UB-672",1175,65
"Raths","Heaton2021","Seacash","UB-674",1350,30
"Raths","Heaton2021","Seacash","UB-847F",1135,100
"Raths","Heaton2021","Skahanagh North","Beta-201060",1240,60
"Raths","Heaton2021","Skahanagh North","Beta-201061",1240,70
"Raths","Heaton2021","Skahanagh North","Beta-201062",1440,50
"Raths","Heaton2021","Skahanagh North","Beta-201063",1290,60
"Raths","Heaton2021","Skahanagh North","Beta-201064",1380,40
"Raths","Heaton2021","Solsborough","UCD-00155",1435,55
"Raths","Heaton2021","Solsborough","UCD-00156",1670,55
"Raths","Heaton2021","Solsborough","UCD-0119",1375,55
"Raths","Heaton2021","Solsborough","UCD-0122",1520,66
"Raths","Heaton2021","Tullahedy","UB-4580",1321,35
"Raths","Heaton2021","Tullahedy","UCD-0127",1555,50
"Raths","Heaton2021","Tullahedy","UCD-0129",1440,50
"Raths","Heaton2021","Tullyallen","UB-665",1400,65
"Raths","Heaton2021","Twomileborris","UBA-9100",1275,20
"Raths","Heaton2021","Woodstown","Beta-194065",1590,40
"Tikal","Price2021","Tikal","P-750",2538,53
"Tikal","Price2021","Tikal","P-759",2406,47
"Tikal","Price2021","Tikal","P-755",2225,55
"Tikal","Price2021","Tikal","P-751",2169,52
"Tikal","Price2021","Tikal","P-752",2157,52
"Tikal","Price2021","Tikal","P-286",2100,45
"Tikal","Price2021","Tikal","P-288",2090,55
"Tikal","Price2021","Tikal","P-560",2075,49
"Tikal","Price2021","Tikal","P-753",2068,52
"Tikal","Price2021","Tikal","P-756",2064,52
"Tikal","Price2021","Tikal","P-289",2040,57
"Tikal","Price2021","Tikal","P-298",2040,57
"Tikal","Price2021","Tikal","P-758",2040,53
"Tikal","Price2021","Tikal","P-754",2017,52
"Tikal","Price2021","Tikal","P-287",2000,63
"Tikal","Price2021","Tikal","P-285",1970,44
"Tikal","Price2021","Tikal","P-561",1951,46
"Tikal","Price2021","Tikal","P-535",1934,63
"Tikal","Price2021","Tikal","P-757",1930,51
"Tikal","Price2021","Tikal","P-565",1926,48
"Tikal","Price2021","Tikal","P-562",1874,54
"Tikal","Price2021","Tikal","P-768",1777,45
"Tikal","Price2021","Tikal","P-295",1720,61
"Tikal","Price2021","Tikal","P-296",1720,61
"Tikal","Price2021","Tikal","P-571",1625,60
"Tikal","Price2021","Tikal","P-284",1550,58
"Tikal","Price2021","Tikal","P-965",1544,41
"Tikal","Price2021","Tikal","P-281",1530,52
"Tikal","Price2021","Tikal","ETH-44684",1460,15
"Tikal","Price2021","Tikal","UCLA-1373C",1400,60
"Tikal","Price2021","Tikal","P-956",1376,53
"Tikal","Price2021","Tikal","UCLA-1373B",1370,50
"Tikal","Price2021","Tikal","UCLA-158C",1366,60
"Tikal","Price2021","Tikal","P-960A",1365,50
"Tikal","Price2021","Tikal","P-950",1352,45
"Tikal","Price2021","Tikal","P-294",1350,52
"Tikal","Price2021","Tikal","P-293",1340,57
"Tikal","Price2021","Tikal","UCLA-158A",1335,40
"Tikal","Price2021","Tikal","UCLA-158D",1318,60
"Tikal","Price2021","Tikal","P-282",1310,44
"Tikal","Price2021","Tikal","P-569",1308,49
"Tikal","Price2021","Tikal","UCLA-158B",1304,60
"Tikal","Price2021","Tikal","UCLA-158E",1303,52
"Tikal","Price2021","Tikal","P-230",1295,62
"Tikal","Price2021","Tikal","P-574",1285,52
"Tikal","Price2021","Tikal","P-570",1274,50
"Tikal","Price2021","Tikal","P-247",1274,39
"Tikal","Price2021","Tikal","P-234",1272,47
"Tikal","Price2021","Tikal","P-237",1269,37
"Tikal","Price2021","Tikal","P-947",1267,51
"Tikal","Price2021","Tikal","P-251",1265,106
"Tikal","Price2021","Tikal","P-236",1262,37
"Tikal","Price2021","Tikal","UCLA-1373A",1250,50
"Tikal","Price2021","Tikal","P-242",1237,37
"Tikal","Price2021","Tikal","P-243",1232,45
"Tikal","Price2021","Tikal","P-244",1222,45
"Tikal","Price2021","Tikal","P-249",1216,37
"Tikal","Price2021","Tikal","P-238",1207,36
"Tikal","Price2021","Tikal","P-248",1201,37
"Tikal","Price2021","Tikal","P-245",1193,29
"Tikal","Price2021","Tikal","P-279",1180,55
"Tikal","Price2021","Tikal","P-235",1163,28
"Tikal","Price2021","Tikal","P-278",1150,47
"Tikal","Price2021","Tikal","P-1197",999,40
"Tikal","Price2021","Tikal","Y-392",770,40
"Tikal","Price2021","Tikal","UCLA-159B",733,45
"Tikal","Price2021","Tikal","UCLA-159A",692,40
"Tikal","Price2021","Tikal","P-635",617,38
"Tikal","Price2021","Tikal","P-637",609,39
