"scenario","pi","gamma","n_years","n_samples","n_clusters","start","tvd","wd","mae","mse","maeo","mseo"
1,0.5,0.5,499,50,1,3972,0.394871926002499,32.0415819396254,37.11142,2350.04054,22.52742,887.10182
1,0.75,0.5,499,50,1,3972,0.410405620880588,32.7785952732507,38.2013,2462.14306,22.52742,887.10182
1,1,0.5,499,50,1,3972,0.416152870429006,33.3024614892253,38.93798,2537.9177,22.52742,887.10182
1,1.25,0.5,499,50,1,3972,0.419007327661502,33.5273125156891,38.91006,2537.2793,22.52742,887.10182
1,1.5,0.5,499,50,1,3972,0.419823231587521,33.6229599024444,39.2344,2574.44896,22.52742,887.10182
1,1.75,0.5,499,50,1,3972,0.423686747499419,34.0474636761222,39.5531,2616.95386,22.52742,887.10182
1,2,0.5,499,50,1,3972,0.426848267681195,34.4241090932689,39.68486,2626.7735,22.52742,887.10182
1,0.5,0.75,499,50,1,3972,0.394945511773648,32.0514410731214,36.97238,2334.65542,22.52742,887.10182
1,0.75,0.75,499,50,1,3972,0.410734745889265,32.8071245713631,38.2998,2475.08732,22.52742,887.10182
1,1,0.75,499,50,1,3972,0.416627074478996,33.3485613949401,38.74926,2524.49062,22.52742,887.10182
1,1.25,0.75,499,50,1,3972,0.419536530441096,33.5687969645603,39.11534,2560.76374,22.52742,887.10182
1,1.5,0.75,499,50,1,3972,0.420439787432907,33.6654888298961,38.94226,2541.21502,22.52742,887.10182
1,1.75,0.75,499,50,1,3972,0.424324844908447,34.0841909528071,39.54256,2601.4082,22.52742,887.10182
1,2,0.75,499,50,1,3972,0.42754934548976,34.4666594487463,39.64176,2624.85872,22.52742,887.10182
1,0.5,1,499,50,1,3972,0.394984010617376,32.0574729632014,37.12164,2346.73316,22.52742,887.10182
1,0.75,1,499,50,1,3972,0.410909899438297,32.8212454250188,38.31022,2482.48718,22.52742,887.10182
1,1,1,499,50,1,3972,0.416859065130881,33.3636562714135,39.05978,2560.63226,22.52742,887.10182
1,1.25,1,499,50,1,3972,0.419818671954368,33.5885286654649,39.17918,2563.65222,22.52742,887.10182
1,1.5,1,499,50,1,3972,0.42075607232839,33.6864236500587,39.09204,2555.24524,22.52742,887.10182
1,1.75,1,499,50,1,3972,0.424659585914114,34.1061559003011,39.72424,2629.86856,22.52742,887.10182
1,2,1,499,50,1,3972,0.427921509422763,34.4890401289479,40.23702,2683.3997,22.52742,887.10182
1,0.5,1.25,499,50,1,3972,0.395009000175874,32.0613794355807,36.93492,2341.234,22.52742,887.10182
1,0.75,1.25,499,50,1,3972,0.411018652661884,32.830508201362,38.29084,2478.2458,22.52742,887.10182
1,1,1.25,499,50,1,3972,0.417002623031864,33.3733681959156,38.7054,2528.40248,22.52742,887.10182
1,1.25,1.25,499,50,1,3972,0.419994191398397,33.6011109341991,38.84266,2534.69582,22.52742,887.10182
1,1.5,1.25,499,50,1,3972,0.420951542793148,33.6991879097807,39.24764,2572.1944,22.52742,887.10182
1,1.75,1.25,499,50,1,3972,0.42486571679915,34.1197071764576,39.60864,2616.60888,22.52742,887.10182
1,2,1.25,499,50,1,3972,0.428155546647363,34.5023892313884,39.7494,2631.35984,22.52742,887.10182
1,0.5,1.5,499,50,1,3972,0.395026564334465,32.0649993650921,37.27348,2367.04704,22.52742,887.10182
1,0.75,1.5,499,50,1,3972,0.411092017460889,32.8367968145835,38.33672,2482.8466,22.52742,887.10182
1,1,1.5,499,50,1,3972,0.41710080219772,33.3801193156669,38.5824,2503.6136,22.52742,887.10182
1,1.25,1.5,499,50,1,3972,0.420113679774017,33.6094707978194,38.76754,2516.67794,22.52742,887.10182
1,1.5,1.5,499,50,1,3972,0.421083985299166,33.7082957382448,39.04122,2558.52934,22.52742,887.10182
1,1.75,1.5,499,50,1,3972,0.425006216316051,34.1285951505671,39.75892,2630.09736,22.52742,887.10182
1,2,1.5,499,50,1,3972,0.428312066027926,34.5120465383648,39.8797,2643.67254,22.52742,887.10182
1,0.5,1.75,499,50,1,3972,0.395037645066079,32.0682321894347,37.12304,2359.10252,22.52742,887.10182
1,0.75,1.75,499,50,1,3972,0.411145567214595,32.8415012073761,38.36844,2489.8096,22.52742,887.10182
1,1,1.75,499,50,1,3972,0.417171793786085,33.3849988574556,38.8581,2526.24518,22.52742,887.10182
1,1.25,1.75,499,50,1,3972,0.420191381111422,33.6185420357931,39.1445,2564.99094,22.52742,887.10182
1,1.5,1.75,499,50,1,3972,0.421180284089251,33.7149045023887,39.18776,2567.21068,22.52742,887.10182
1,1.75,1.75,499,50,1,3972,0.425107828904409,34.1350544723666,39.46764,2603.51976,22.52742,887.10182
1,2,1.75,499,50,1,3972,0.428425373305092,34.5192152776888,39.69886,2626.9029,22.52742,887.10182
1,0.5,2,499,50,1,3972,0.395047408983425,32.0701750689489,37.01086,2340.30982,22.52742,887.10182
1,0.75,2,499,50,1,3972,0.411186069802673,32.8450907536375,38.27526,2473.23634,22.52742,887.10182
1,1,2,499,50,1,3972,0.417225640454545,33.3886755695494,38.49478,2496.02054,22.52742,887.10182
1,1.25,2,499,50,1,3972,0.420256323587128,33.6230870959795,38.78524,2524.36992,22.52742,887.10182
1,1.5,2,499,50,1,3972,0.421253360515724,33.7197850882241,39.10662,2556.65894,22.52742,887.10182
1,1.75,2,499,50,1,3972,0.425185110934543,34.140036730007,39.5809,2611.17054,22.52742,887.10182
1,2,2,499,50,1,3972,0.428511403319339,34.5246231619649,39.94762,2643.53038,22.52742,887.10182
1,0.5,2.25,499,50,1,3972,0.395053258574806,32.0709065064668,37.13814,2352.69126,22.52742,887.10182
1,0.75,2.25,499,50,1,3972,0.411217749248821,32.8478916735585,38.53968,2503.72596,22.52742,887.10182
1,1,2.25,499,50,1,3972,0.41726810194065,33.3915613764253,38.7769,2519.41962,22.52742,887.10182
1,1.25,2.25,499,50,1,3972,0.420307280757553,33.6266171551387,39.08604,2558.4608,22.52742,887.10182
1,1.5,2.25,499,50,1,3972,0.421310651234823,33.723637508618,39.08274,2559.80662,22.52742,887.10182
1,1.75,2.25,499,50,1,3972,0.425245691037015,34.1440130791625,39.458,2602.62228,22.52742,887.10182
1,2,2.25,499,50,1,3972,0.428578660112678,34.5288213975801,39.87802,2646.81438,22.52742,887.10182
1,0.5,2.5,499,50,1,3972,0.395059454399991,32.071492806314,37.1944,2356.58984,22.52742,887.10182
1,0.75,2.5,499,50,1,3972,0.411244014486013,32.8502379804209,38.5439,2493.63306,22.52742,887.10182
1,1,2.5,499,50,1,3972,0.417302396573135,33.3938332939953,38.53494,2498.99534,22.52742,887.10182
1,1.25,2.5,499,50,1,3972,0.420348715175278,33.6294237581949,38.93174,2543.33546,22.52742,887.10182
1,1.5,2.5,499,50,1,3972,0.421356405730436,33.7267810005569,39.24054,2574.98058,22.52742,887.10182
1,1.75,2.5,499,50,1,3972,0.425293954344913,34.1471403397797,39.50216,2597.91576,22.52742,887.10182
1,2,2.5,499,50,1,3972,0.428633129117844,34.5322833816983,39.73144,2628.8102,22.52742,887.10182
2,0.5,0.5,2499,50,1,5646,0.0750336587897555,37.1606278359049,45.6886,3978.43388,45.70166,4052.1361
2,0.75,0.5,2499,50,1,5646,0.0740833682218606,31.350617776866,45.3017,3905.11446,45.70166,4052.1361
2,1,0.5,2499,50,1,5646,0.0808328342009322,32.060053085247,45.84536,4009.83848,45.70166,4052.1361
2,1.25,0.5,2499,50,1,5646,0.077659182507507,31.5269926002745,45.79458,3981.26202,45.70166,4052.1361
2,1.5,0.5,2499,50,1,5646,0.0784405704720527,32.2353455741426,46.2629,4055.7327,45.70166,4052.1361
2,1.75,0.5,2499,50,1,5646,0.0784010085373744,32.153736580181,46.0901,4038.72154,45.70166,4052.1361
2,2,0.5,2499,50,1,5646,0.0793330430698638,32.5117891666198,45.65094,3976.5749,45.70166,4052.1361
2,0.5,0.75,2499,50,1,5646,0.075835325877649,38.0892032838884,45.702,3970.87396,45.70166,4052.1361
2,0.75,0.75,2499,50,1,5646,0.0738460035709007,31.6959988969027,45.54786,3944.64914,45.70166,4052.1361
2,1,0.75,2499,50,1,5646,0.0807724762148391,32.0951110302898,45.64886,3964.07538,45.70166,4052.1361
2,1.25,0.75,2499,50,1,5646,0.0795397413930815,32.2930796017886,45.90762,4003.24658,45.70166,4052.1361
2,1.5,0.75,2499,50,1,5646,0.0783303237310459,32.3168175782145,45.55172,3951.1576,45.70166,4052.1361
2,1.75,0.75,2499,50,1,5646,0.0780911377447338,32.2799224085939,45.84722,4016.08758,45.70166,4052.1361
2,2,0.75,2499,50,1,5646,0.0784209757127925,32.3463996077641,45.63474,3975.34326,45.70166,4052.1361
2,0.5,1,2499,50,1,5646,0.0831602237401087,37.5611501436846,45.89042,4001.59558,45.70166,4052.1361
2,0.75,1,2499,50,1,5646,0.0734017326524492,31.6202633219398,45.63908,3981.527,45.70166,4052.1361
2,1,1,2499,50,1,5646,0.0807955761666771,32.1840097998916,45.85322,4001.66742,45.70166,4052.1361
2,1.25,1,2499,50,1,5646,0.079556891795382,32.3332502539034,46.03992,4031.11068,45.70166,4052.1361
2,1.5,1,2499,50,1,5646,0.0784362252213629,32.4327071892418,45.66184,3959.67772,45.70166,4052.1361
2,1.75,1,2499,50,1,5646,0.0782092820351689,32.4432781169984,45.77946,4003.62274,45.70166,4052.1361
2,2,1,2499,50,1,5646,0.0779926718519919,32.2686488490065,46.00874,4027.5843,45.70166,4052.1361
2,0.5,1.25,2499,50,1,5646,0.074078004327814,37.816361085926,45.31178,3885.29454,45.70166,4052.1361
2,0.75,1.25,2499,50,1,5646,0.0731856414020642,31.6048578916238,45.72232,3963.99008,45.70166,4052.1361
2,1,1.25,2499,50,1,5646,0.0806599097297334,32.3099035897507,45.57078,3968.96298,45.70166,4052.1361
2,1.25,1.25,2499,50,1,5646,0.0795862572494534,32.3874551254997,45.89046,4003.21466,45.70166,4052.1361
2,1.5,1.25,2499,50,1,5646,0.0783158503651502,32.4616936524866,45.81162,3973.95598,45.70166,4052.1361
2,1.75,1.25,2499,50,1,5646,0.0783297897956054,32.5577441551302,45.7661,3985.6037,45.70166,4052.1361
2,2,1.25,2499,50,1,5646,0.0777749161922337,32.2338931410267,45.48372,3947.83744,45.70166,4052.1361
2,0.5,1.5,2499,50,1,5646,0.0736634432111074,37.7512187442751,45.54008,3931.30444,45.70166,4052.1361
2,0.75,1.5,2499,50,1,5646,0.0730389640747278,31.5913169101557,45.59906,3958.10446,45.70166,4052.1361
2,1,1.5,2499,50,1,5646,0.0805749892125335,32.3145884195989,45.92728,4022.54276,45.70166,4052.1361
2,1.25,1.5,2499,50,1,5646,0.0795401708773874,32.4001709326298,45.55416,3944.9948,45.70166,4052.1361
2,1.5,1.5,2499,50,1,5646,0.0783047127173524,32.487673529073,45.6973,3987.6919,45.70166,4052.1361
2,1.75,1.5,2499,50,1,5646,0.0785687835848807,32.6074496183012,45.62052,3953.39476,45.70166,4052.1361
2,2,1.5,2499,50,1,5646,0.0776370644103009,32.2150755691747,45.63658,3978.81326,45.70166,4052.1361
2,0.5,1.75,2499,50,1,5646,0.0735514352320623,37.8288360108312,45.20534,3892.0649,45.70166,4052.1361
2,0.75,1.75,2499,50,1,5646,0.072934586552749,31.5789715345588,45.74996,3984.08012,45.70166,4052.1361
2,1,1.75,2499,50,1,5646,0.0805151565424759,32.3189414633094,45.75122,3974.83742,45.70166,4052.1361
2,1.25,1.75,2499,50,1,5646,0.0794987871291385,32.4102444896147,45.71812,3975.39332,45.70166,4052.1361
2,1.5,1.75,2499,50,1,5646,0.0789242279784168,32.7978967443708,45.81994,3998.65338,45.70166,4052.1361
2,1.75,1.75,2499,50,1,5646,0.0785790819733389,32.6411187758477,45.81188,4016.20996,45.70166,4052.1361
2,2,1.75,2499,50,1,5646,0.0775550713363968,32.2085310934369,45.5885,3954.78958,45.70166,4052.1361
2,0.5,2,2499,50,1,5646,0.07326055193878,37.7141968816812,45.84432,4004.729,45.70166,4052.1361
2,0.75,2,2499,50,1,5646,0.0728407244676585,31.5643735734484,45.60186,3955.68938,45.70166,4052.1361
2,1,2,2499,50,1,5646,0.0805337154233783,32.3421741529171,46.0269,4021.67054,45.70166,4052.1361
2,1.25,2,2499,50,1,5646,0.0794713216847807,32.4188722399125,45.63688,3953.05852,45.70166,4052.1361
2,1.5,2,2499,50,1,5646,0.0789499976788373,32.8248538620705,45.8809,4022.18978,45.70166,4052.1361
2,1.75,2,2499,50,1,5646,0.0786050454302084,32.6769184369648,46.011,4037.808,45.70166,4052.1361
2,2,2,2499,50,1,5646,0.0776229305192075,32.3357352593232,45.59918,3964.65626,45.70166,4052.1361
2,0.5,2.25,2499,50,1,5646,0.0730980504400574,37.6783603860824,45.56714,3919.27766,45.70166,4052.1361
2,0.75,2.25,2499,50,1,5646,0.0727775062614731,31.5535399909253,45.89176,3998.74412,45.70166,4052.1361
2,1,2.25,2499,50,1,5646,0.0804696219494657,32.3206064122712,45.80162,4019.96378,45.70166,4052.1361
2,1.25,2.25,2499,50,1,5646,0.0795242461117565,32.4366932999046,45.55558,3977.94398,45.70166,4052.1361
2,1.5,2.25,2499,50,1,5646,0.0789581543093873,32.8410717535366,45.6074,3980.2202,45.70166,4052.1361
2,1.75,2.25,2499,50,1,5646,0.0786062601889691,32.6992515794923,45.5801,3948.83602,45.70166,4052.1361
2,2,2.25,2499,50,1,5646,0.0775952824258435,32.3446276739785,45.77226,3993.6687,45.70166,4052.1361
2,0.5,2.5,2499,50,1,5646,0.0729833016354591,37.6552823508619,45.67596,3979.43296,45.70166,4052.1361
2,0.75,2.5,2499,50,1,5646,0.0727267939519434,31.5447792009751,45.44464,3945.209,45.70166,4052.1361
2,1,2.5,2499,50,1,5646,0.0804283950868312,32.3190385588177,46.02926,4046.00206,45.70166,4052.1361
2,1.25,2.5,2499,50,1,5646,0.0794944567011226,32.4387663302523,45.39898,3917.82574,45.70166,4052.1361
2,1.5,2.5,2499,50,1,5646,0.0789657918191931,32.85509146433,46.13282,4035.50254,45.70166,4052.1361
2,1.75,2.5,2499,50,1,5646,0.0785845565059258,32.7028566189158,45.6086,3963.74408,45.70166,4052.1361
2,2,2.5,2499,50,1,5646,0.0775523009976601,32.3556277766931,45.55786,3959.41958,45.70166,4052.1361
3,0.5,0.5,12499,50,1,8432,0.129345689381419,197.266348674935,66.4905,7727.92034,66.31418,7738.94498
3,0.75,0.5,12499,50,1,8432,0.124662503895566,144.927179166862,67.00574,7832.77666,66.31418,7738.94498
3,1,0.5,12499,50,1,8432,0.136381573202438,145.151168355912,66.1529,7722.67858,66.31418,7738.94498
3,1.25,0.5,12499,50,1,8432,0.127244082011865,154.698571241372,66.76088,7864.69124,66.31418,7738.94498
3,1.5,0.5,12499,50,1,8432,0.128249206583191,160.394940331082,66.46494,7779.9109,66.31418,7738.94498
3,1.75,0.5,12499,50,1,8432,0.126533843742539,161.926808084024,66.7633,7810.54278,66.31418,7738.94498
3,2,0.5,12499,50,1,8432,0.125014159932249,162.726824906127,66.71712,7850.5316,66.31418,7738.94498
3,0.5,0.75,12499,50,1,8432,0.125111055831355,182.699986522435,66.64798,7779.64346,66.31418,7738.94498
3,0.75,0.75,12499,50,1,8432,0.118763588072404,143.037741791684,66.64672,7833.82628,66.31418,7738.94498
3,1,0.75,12499,50,1,8432,0.126996739596159,143.073503617278,66.54796,7779.99704,66.31418,7738.94498
3,1.25,0.75,12499,50,1,8432,0.123686173576692,152.403560908538,66.6543,7824.6147,66.31418,7738.94498
3,1.5,0.75,12499,50,1,8432,0.122459431794957,155.444049213124,66.86028,7849.77064,66.31418,7738.94498
3,1.75,0.75,12499,50,1,8432,0.121447273067544,158.290961955527,66.45376,7766.43656,66.31418,7738.94498
3,2,0.75,12499,50,1,8432,0.118850534792684,157.428001310278,66.89752,7863.83728,66.31418,7738.94498
3,0.5,1,12499,50,1,8432,0.122514807643828,181.884755242579,66.20904,7700.69072,66.31418,7738.94498
3,0.75,1,12499,50,1,8432,0.120054250826457,132.575097895448,66.73364,7824.2882,66.31418,7738.94498
3,1,1,12499,50,1,8432,0.12332369960411,138.757610997041,66.59444,7789.66504,66.31418,7738.94498
3,1.25,1,12499,50,1,8432,0.11927273210858,149.860025283411,66.9229,7854.30894,66.31418,7738.94498
3,1.5,1,12499,50,1,8432,0.118500694422489,152.954404119136,66.78514,7869.5009,66.31418,7738.94498
3,1.75,1,12499,50,1,8432,0.117662800000526,156.283867383277,66.53756,7758.09908,66.31418,7738.94498
3,2,1,12499,50,1,8432,0.115076725403426,155.591701507001,66.76768,7815.42368,66.31418,7738.94498
3,0.5,1.25,12499,50,1,8432,0.120144155781422,180.825834319733,66.4923,7744.6929,66.31418,7738.94498
3,0.75,1.25,12499,50,1,8432,0.112217700006205,147.342475951199,66.88142,7834.9501,66.31418,7738.94498
3,1,1.25,12499,50,1,8432,0.11620065020156,161.813334502937,66.55884,7797.70504,66.31418,7738.94498
3,1.25,1.25,12499,50,1,8432,0.11649592109138,148.500060862441,66.31838,7694.70286,66.31418,7738.94498
3,1.5,1.25,12499,50,1,8432,0.115777870191631,151.724196449054,66.5238,7788.13132,66.31418,7738.94498
3,1.75,1.25,12499,50,1,8432,0.115103142754863,155.710011079,67.07766,7840.06418,66.31418,7738.94498
3,2,1.25,12499,50,1,8432,0.112550140398922,154.784189177811,66.55028,7824.41504,66.31418,7738.94498
3,0.5,1.5,12499,50,1,8432,0.118431289669471,177.880805317971,66.53616,7797.51696,66.31418,7738.94498
3,0.75,1.5,12499,50,1,8432,0.11043462539169,146.676572744097,66.22328,7671.99528,66.31418,7738.94498
3,1,1.5,12499,50,1,8432,0.114162413659873,158.047853472418,66.62744,7786.82016,66.31418,7738.94498
3,1.25,1.5,12499,50,1,8432,0.114036204657415,147.895865297659,66.50762,7772.9461,66.31418,7738.94498
3,1.5,1.5,12499,50,1,8432,0.113742843052743,150.965611314579,66.97932,7909.25308,66.31418,7738.94498
3,1.75,1.5,12499,50,1,8432,0.113269217553136,155.192927643214,66.89058,7862.61198,66.31418,7738.94498
3,2,1.5,12499,50,1,8432,0.110700565948487,153.993557998243,66.62388,7795.23592,66.31418,7738.94498
3,0.5,1.75,12499,50,1,8432,0.120048827742204,169.233465700794,65.9102,7643.89876,66.31418,7738.94498
3,0.75,1.75,12499,50,1,8432,0.108882592739325,148.444105376648,66.63106,7799.33246,66.31418,7738.94498
3,1,1.75,12499,50,1,8432,0.112875038691665,159.139466183818,66.53468,7782.55732,66.31418,7738.94498
3,1.25,1.75,12499,50,1,8432,0.11408936348006,161.070441214634,66.23416,7724.10572,66.31418,7738.94498
3,1.5,1.75,12499,50,1,8432,0.11213973701354,150.432992941822,66.41964,7750.588,66.31418,7738.94498
3,1.75,1.75,12499,50,1,8432,0.111810731152435,154.676634488147,66.58336,7784.90988,66.31418,7738.94498
3,2,1.75,12499,50,1,8432,0.109377343825751,153.473191602468,66.47762,7766.32062,66.31418,7738.94498
3,0.5,2,12499,50,1,8432,0.11986717221932,168.710447251069,66.6235,7785.41334,66.31418,7738.94498
3,0.75,2,12499,50,1,8432,0.108341639588964,155.510552158704,67.03534,7863.1067,66.31418,7738.94498
3,1,2,12499,50,1,8432,0.112012868878215,159.239100146632,67.0757,7898.4703,66.31418,7738.94498
3,1.25,2,12499,50,1,8432,0.113098761027218,160.543288234458,66.58562,7808.61158,66.31418,7738.94498
3,1.5,2,12499,50,1,8432,0.11083685532994,149.934650634452,66.88942,7842.3641,66.31418,7738.94498
3,1.75,2,12499,50,1,8432,0.110718971127451,154.164157015891,66.79138,7836.74794,66.31418,7738.94498
3,2,2,12499,50,1,8432,0.108280274323818,152.980953894824,66.96628,7888.78444,66.31418,7738.94498
3,0.5,2.25,12499,50,1,8432,0.119082019447734,168.045555100759,66.57778,7785.00918,66.31418,7738.94498
3,0.75,2.25,12499,50,1,8432,0.107176090646106,155.193175550433,67.08596,7888.07228,66.31418,7738.94498
3,1,2.25,12499,50,1,8432,0.110642801319371,157.654743507101,66.5836,7786.468,66.31418,7738.94498
3,1.25,2.25,12499,50,1,8432,0.112265152940802,160.115984400662,66.71568,7842.477,66.31418,7738.94498
3,1.5,2.25,12499,50,1,8432,0.1097606717139,149.38965758726,66.3198,7721.55828,66.31418,7738.94498
3,1.75,2.25,12499,50,1,8432,0.109809844362014,153.635720806721,66.7548,7858.91944,66.31418,7738.94498
3,2,2.25,12499,50,1,8432,0.107286530314143,152.326338556369,66.4621,7776.96698,66.31418,7738.94498
3,0.5,2.5,12499,50,1,8432,0.118790582979522,167.498831279513,66.69448,7804.39236,66.31418,7738.94498
3,0.75,2.5,12499,50,1,8432,0.107109865110091,157.080046440567,65.99076,7664.97148,66.31418,7738.94498
3,1,2.5,12499,50,1,8432,0.109816531698113,156.970848340726,66.09126,7682.42346,66.31418,7738.94498
3,1.25,2.5,12499,50,1,8432,0.111554201915856,159.756868861053,66.19892,7699.48072,66.31418,7738.94498
3,1.5,2.5,12499,50,1,8432,0.111059801275192,160.415843146252,66.99762,7890.10714,66.31418,7738.94498
3,1.75,2.5,12499,50,1,8432,0.108936406503871,153.038945891384,66.62222,7770.0503,66.31418,7738.94498
3,2,2.5,12499,50,1,8432,0.106355844893991,151.575478451876,66.36786,7739.65966,66.31418,7738.94498
4,0.5,0.5,499,250,1,16987,0.0772283887690678,5.4016960559754,29.3934,1351.817784,27.798092,1210.390452
4,0.75,0.5,499,250,1,16987,0.0896847029063221,6.22120083788364,29.658496,1378.843904,27.798092,1210.390452
4,1,0.5,499,250,1,16987,0.103656805141144,6.94000346196498,30.113032,1422.799696,27.798092,1210.390452
4,1.25,0.5,499,250,1,16987,0.119794018359742,7.9235763959862,30.709148,1483.081748,27.798092,1210.390452
4,1.5,0.5,499,250,1,16987,0.131154278170891,8.62744418745363,31.035596,1516.855908,27.798092,1210.390452
4,1.75,0.5,499,250,1,16987,0.13930946998486,9.1139457530645,31.315892,1540.326204,27.798092,1210.390452
4,2,0.5,499,250,1,16987,0.145101567261568,9.46052929642392,31.482144,1560.880928,27.798092,1210.390452
4,0.5,0.75,499,250,1,16987,0.0976726613196819,6.49169608872644,29.937936,1405.776928,27.798092,1210.390452
4,0.75,0.75,499,250,1,16987,0.108613201717658,7.24799702139009,30.273964,1437.537444,27.798092,1210.390452
4,1,0.75,499,250,1,16987,0.121956827923497,7.99740101577419,30.697936,1480.244384,27.798092,1210.390452
4,1.25,0.75,499,250,1,16987,0.137386921329803,8.96597010793873,31.227676,1534.315012,27.798092,1210.390452
4,1.5,0.75,499,250,1,16987,0.147935298019288,9.63516051330594,31.57292,1567.859192,27.798092,1210.390452
4,1.75,0.75,499,250,1,16987,0.155358863969789,10.0910519397083,31.715532,1579.353396,27.798092,1210.390452
4,2,0.75,499,250,1,16987,0.160604194118952,10.4141919563152,31.999312,1608.748816,27.798092,1210.390452
4,0.5,1,499,250,1,16987,0.110287000807879,7.21117470929848,30.311456,1438.292584,27.798092,1210.390452
4,0.75,1,499,250,1,16987,0.12038950022686,7.92233812748628,30.654,1475.341704,27.798092,1210.390452
4,1,1,499,250,1,16987,0.132922835180457,8.65371597301048,31.011668,1510.935852,27.798092,1210.390452
4,1.25,1,499,250,1,16987,0.14768829734167,9.59768305001541,31.56096,1564.521456,27.798092,1210.390452
4,1.5,1,499,250,1,16987,0.15762213070583,10.2386098051428,31.81264,1592.92492,27.798092,1210.390452
4,1.75,1,499,250,1,16987,0.164562199122812,10.669321106017,31.993052,1608.506372,27.798092,1210.390452
4,2,1,499,250,1,16987,0.169444666438125,10.9759251416741,32.133924,1624.594788,27.798092,1210.390452
4,0.5,1.25,499,250,1,16987,0.118806286861547,7.71163664216248,30.546128,1465.64356,27.798092,1210.390452
4,0.75,1.25,499,250,1,16987,0.128287184574028,8.38891203354439,30.856532,1491.105796,27.798092,1210.390452
4,1,1.25,499,250,1,16987,0.140188875273717,9.10208038739055,31.188784,1526.635976,27.798092,1210.390452
4,1.25,1.25,499,250,1,16987,0.154371374418221,10.0160408504934,31.60188,1572.322872,27.798092,1210.390452
4,1.5,1.25,499,250,1,16987,0.163886877817811,10.6346503949627,31.951084,1603.899332,27.798092,1210.390452
4,1.75,1.25,499,250,1,16987,0.170492632634772,11.0507556578991,32.212812,1631.543812,27.798092,1210.390452
4,2,1.25,499,250,1,16987,0.175125928070242,11.3439021580098,32.332164,1643.915204,27.798092,1210.390452
4,0.5,1.5,499,250,1,16987,0.124878918565201,8.07828119300118,30.794848,1484.79852,27.798092,1210.390452
4,0.75,1.5,499,250,1,16987,0.133952340973431,8.72814694106752,30.97072,1507.762376,27.798092,1210.390452
4,1,1.5,499,250,1,16987,0.145250329480743,9.41735043214006,31.465268,1553.594596,27.798092,1210.390452
4,1.25,1.5,499,250,1,16987,0.159101436137933,10.3150414609482,31.875744,1595.394736,27.798092,1210.390452
4,1.5,1.5,499,250,1,16987,0.168283268166285,10.9164735912678,32.113416,1619.56252,27.798092,1210.390452
4,1.75,1.5,499,250,1,16987,0.17461714300396,11.3185810648609,32.185504,1629.2576,27.798092,1210.390452
4,2,1.5,499,250,1,16987,0.179078396567602,11.6019199315291,32.479596,1656.966084,27.798092,1210.390452
4,0.5,1.75,499,250,1,16987,0.129447229741309,8.35791927799085,30.821392,1489.521512,27.798092,1210.390452
4,0.75,1.75,499,250,1,16987,0.13820533169179,8.98667491155984,31.1069,1520.229084,27.798092,1210.390452
4,1,1.75,499,250,1,16987,0.149077737684839,9.65934202038204,31.50114,1560.254812,27.798092,1210.390452
4,1.25,1.75,499,250,1,16987,0.162596792209418,10.5386815400381,31.939896,1603.043456,27.798092,1210.390452
4,1.5,1.75,499,250,1,16987,0.171515953749098,11.1254387741907,32.320612,1640.913572,27.798092,1210.390452
4,1.75,1.75,499,250,1,16987,0.177649535472755,11.5168492509008,32.285696,1641.320544,27.798092,1210.390452
4,2,1.75,499,250,1,16987,0.18198355149482,11.7926453655333,32.503588,1663.470564,27.798092,1210.390452
4,0.5,2,499,250,1,16987,0.133001484803009,8.57673735450233,30.885768,1501.608232,27.798092,1210.390452
4,0.75,2,499,250,1,16987,0.141494845717311,9.18941361834775,31.152792,1525.866904,27.798092,1210.390452
4,1,2,499,250,1,16987,0.152042079314028,9.84861911424846,31.612504,1569.790736,27.798092,1210.390452
4,1.25,2,499,250,1,16987,0.165298377019607,10.7119772885293,32.058848,1618.056216,27.798092,1210.390452
4,1.5,2,499,250,1,16987,0.173988888612941,11.286155966079,32.239068,1635.520484,27.798092,1210.390452
4,1.75,2,499,250,1,16987,0.179963945844017,11.6697025711113,32.527956,1662.640436,27.798092,1210.390452
4,2,2,499,250,1,16987,0.184226289718582,11.9426258192536,32.603288,1671.532576,27.798092,1210.390452
4,0.5,2.25,499,250,1,16987,0.135838357348315,8.75441407160436,31.111728,1514.11932,27.798092,1210.390452
4,0.75,2.25,499,250,1,16987,0.144111808109068,9.35202731062419,31.317312,1539.718552,27.798092,1210.390452
4,1,2.25,499,250,1,16987,0.15441164206223,9.99913604324947,31.725428,1581.920892,27.798092,1210.390452
4,1.25,2.25,499,250,1,16987,0.167438277331052,10.8498296957889,32.101836,1620.026396,27.798092,1210.390452
4,1.5,2.25,499,250,1,16987,0.175944467962291,11.4142775973292,32.29094,1640.439316,27.798092,1210.390452
4,1.75,2.25,499,250,1,16987,0.181809820402286,11.7920714427274,32.599024,1670.446032,27.798092,1210.390452
4,2,2.25,499,250,1,16987,0.185993482340293,12.0606252624691,32.627792,1676.455696,27.798092,1210.390452
4,0.5,2.5,499,250,1,16987,0.138153250535432,8.90062510544877,31.082428,1518.153508,27.798092,1210.390452
4,0.75,2.5,499,250,1,16987,0.146261547006888,9.48684003454649,31.3802,1545.985592,27.798092,1210.390452
4,1,2.5,499,250,1,16987,0.1563419567744,10.1224351800323,31.746068,1586.522788,27.798092,1210.390452
4,1.25,2.5,499,250,1,16987,0.169173194710512,10.9622410021354,32.095904,1618.22952,27.798092,1210.390452
4,1.5,2.5,499,250,1,16987,0.177530167648331,11.5184680011621,32.396424,1651.019632,27.798092,1210.390452
4,1.75,2.5,499,250,1,16987,0.183307587348601,11.8915753889654,32.641588,1673.06114,27.798092,1210.390452
4,2,2.5,499,250,1,16987,0.187422655339953,12.1567801230541,32.65618,1675.038452,27.798092,1210.390452
5,0.5,0.5,2499,250,1,33263,0.0505207852405862,11.9856450310571,135.232664,28577.511376,132.674196,27468.138412
5,0.75,0.5,2499,250,1,33263,0.0592601003218628,13.8864313171112,136.67388,29215.516848,132.674196,27468.138412
5,1,0.5,2499,250,1,33263,0.0711569543713972,16.5733208899033,137.872112,29679.59916,132.674196,27468.138412
5,1.25,0.5,2499,250,1,33263,0.07875949722636,18.3375971390509,138.373732,29920.364036,132.674196,27468.138412
5,1.5,0.5,2499,250,1,33263,0.084562308470886,19.7031548974402,139.074424,30206.882592,132.674196,27468.138412
5,1.75,0.5,2499,250,1,33263,0.0887408501000207,20.5767419673512,139.572648,30447.006432,132.674196,27468.138412
5,2,0.5,2499,250,1,33263,0.0916765230228567,21.4670264500656,139.834132,30494.854404,132.674196,27468.138412
5,0.5,0.75,2499,250,1,33263,0.0509452815616523,12.3577828899553,135.59868,28773.474328,132.674196,27468.138412
5,0.75,0.75,2499,250,1,33263,0.0595117929568646,14.3399091151576,136.47752,29080.380112,132.674196,27468.138412
5,1,0.75,2499,250,1,33263,0.071771776189888,17.1628105313285,138.239612,29815.019532,132.674196,27468.138412
5,1.25,0.75,2499,250,1,33263,0.0794348294421946,19.0358290397843,138.766468,30017.769436,132.674196,27468.138412
5,1.5,0.75,2499,250,1,33263,0.0853427859565098,20.5007189679383,139.28502,30257.12522,132.674196,27468.138412
5,1.75,0.75,2499,250,1,33263,0.0896382069621007,21.4370490529256,139.720704,30419.035408,132.674196,27468.138412
5,2,0.75,2499,250,1,33263,0.0928353524970148,22.157630773315,139.820144,30465.278624,132.674196,27468.138412
5,0.5,1,2499,250,1,33263,0.0515172553748864,12.6905399018511,136.208232,28947.619624,132.674196,27468.138412
5,0.75,1,2499,250,1,33263,0.0599467965044144,14.6217221155466,137.0854,29308.064496,132.674196,27468.138412
5,1,1,2499,250,1,33263,0.0724529970009445,17.6110088565242,138.404416,29864.977888,132.674196,27468.138412
5,1.25,1,2499,250,1,33263,0.080185698741293,19.4976553430028,139.013548,30137.633652,132.674196,27468.138412
5,1.5,1,2499,250,1,33263,0.0861579652955701,21.0125347061695,139.5177,30375.530124,132.674196,27468.138412
5,1.75,1,2499,250,1,33263,0.0905164224111859,21.9931055584676,139.852108,30481.60994,132.674196,27468.138412
5,2,1,2499,250,1,33263,0.0937717799818866,22.7290084768489,140.40318,30680.324084,132.674196,27468.138412
5,0.5,1.25,2499,250,1,33263,0.0520466376419434,12.9382803304767,136.256012,28971.807148,132.674196,27468.138412
5,0.75,1.25,2499,250,1,33263,0.0604023500305594,14.8463264896195,136.985484,29302.9597,132.674196,27468.138412
5,1,1.25,2499,250,1,33263,0.0730209569214876,17.8910701958741,138.297568,29860.286672,132.674196,27468.138412
5,1.25,1.25,2499,250,1,33263,0.0807920286251175,19.818596780369,138.757576,30081.87104,132.674196,27468.138412
5,1.5,1.25,2499,250,1,33263,0.0867989641482061,21.3727408027966,139.422216,30341.744112,132.674196,27468.138412
5,1.75,1.25,2499,250,1,33263,0.0911857507619811,22.3816243240317,139.88892,30496.471184,132.674196,27468.138412
5,2,1.25,2499,250,1,33263,0.0945193507922308,23.1405456763842,140.21374,30681.738156,132.674196,27468.138412
5,0.5,1.5,2499,250,1,33263,0.0524731789389515,13.1146547386755,135.94888,28865.34392,132.674196,27468.138412
5,0.75,1.5,2499,250,1,33263,0.0607795371800533,15.0204725541981,136.950128,29318.809312,132.674196,27468.138412
5,1,1.5,2499,250,1,33263,0.0734725897087514,18.0957582871927,138.443652,29887.856412,132.674196,27468.138412
5,1.25,1.5,2499,250,1,33263,0.0812678159723993,20.0580550940868,138.801532,30097.287484,132.674196,27468.138412
5,1.5,1.5,2499,250,1,33263,0.0873302762154186,21.6265586022378,139.92884,30520.990944,132.674196,27468.138412
5,1.75,1.5,2499,250,1,33263,0.0917452700218795,22.6590018551654,139.790088,30456.200768,132.674196,27468.138412
5,2,1.5,2499,250,1,33263,0.0951278015163236,23.4476061650857,140.371364,30775.167892,132.674196,27468.138412
5,0.5,1.75,2499,250,1,33263,0.0528143176484926,13.2511698020959,136.271548,28974.817676,132.674196,27468.138412
5,0.75,1.75,2499,250,1,33263,0.0610870914931835,15.158588151199,137.050536,29356.975688,132.674196,27468.138412
5,1,1.75,2499,250,1,33263,0.0738317883726563,18.2501809693145,138.419072,29888.657816,132.674196,27468.138412
5,1.25,1.75,2499,250,1,33263,0.0816519157506272,20.2405693549934,138.99012,30135.063904,132.674196,27468.138412
5,1.5,1.75,2499,250,1,33263,0.0877415218310477,21.8238356938127,139.783512,30455.985008,132.674196,27468.138412
5,1.75,1.75,2499,250,1,33263,0.092201157769772,22.8714802783594,140.002008,30562.07152,132.674196,27468.138412
5,2,1.75,2499,250,1,33263,0.0955913677190975,23.6793142890477,140.462508,30687.251932,132.674196,27468.138412
5,0.5,2,2499,250,1,33263,0.0530926879702572,13.3595948195144,136.1732,28990.429456,132.674196,27468.138412
5,0.75,2,2499,250,1,33263,0.0613380386833121,15.2684690974481,137.094952,29320.415456,132.674196,27468.138412
5,1,2,2499,250,1,33263,0.074126263083342,18.3735233826377,138.39062,29856.416628,132.674196,27468.138412
5,1.25,2,2499,250,1,33263,0.0819880017741124,20.3864835712704,139.039608,30140.789776,132.674196,27468.138412
5,1.5,2,2499,250,1,33263,0.0880798951125559,21.976137760059,140.099836,30560.400204,132.674196,27468.138412
5,1.75,2,2499,250,1,33263,0.0925486852682467,23.0402477440269,140.269252,30652.295124,132.674196,27468.138412
5,2,2,2499,250,1,33263,0.095979187963824,23.8614027711151,140.552812,30756.240636,132.674196,27468.138412
5,0.5,2.25,2499,250,1,33263,0.053324572735339,13.4470845257017,135.983616,28878.259616,132.674196,27468.138412
5,0.75,2.25,2499,250,1,33263,0.0615469651263499,15.3563734218742,137.090236,29362.5953,132.674196,27468.138412
5,1,2.25,2499,250,1,33263,0.0743643511026018,18.493209824363,138.571368,29937.606752,132.674196,27468.138412
5,1.25,2.25,2499,250,1,33263,0.0822537566510033,20.5044653270322,139.114648,30192.726576,132.674196,27468.138412
5,1.5,2.25,2499,250,1,33263,0.0883523857433757,22.1057196725635,139.765708,30425.197724,132.674196,27468.138412
5,1.75,2.25,2499,250,1,33263,0.0928343834982788,23.1754997786457,140.146988,30605.035764,132.674196,27468.138412
5,2,2.25,2499,250,1,33263,0.0962778709401938,24.0110421473738,140.347284,30713.925644,132.674196,27468.138412
5,0.5,2.5,2499,250,1,33263,0.0534284045145037,13.4357866016091,136.361308,29043.340132,132.674196,27468.138412
5,0.75,2.5,2499,250,1,33263,0.0617243363567599,15.4292137906206,137.208188,29338.516836,132.674196,27468.138412
5,1,2.5,2499,250,1,33263,0.0745707149161774,18.5772602537838,138.408016,29905.449288,132.674196,27468.138412
5,1.25,2.5,2499,250,1,33263,0.0824715940488499,20.5998048741107,139.243964,30279.215388,132.674196,27468.138412
5,1.5,2.5,2499,250,1,33263,0.0885827087412829,22.2102715806604,139.795168,30429.11592,132.674196,27468.138412
5,1.75,2.5,2499,250,1,33263,0.0930871915013776,23.2890398335011,140.309676,30645.741692,132.674196,27468.138412
5,2,2.5,2499,250,1,33263,0.0965530784460707,24.1295173595561,140.630204,30789.869716,132.674196,27468.138412
6,0.5,0.5,12499,250,1,31868,0.042685950553593,35.5936177132705,194.350156,67183.151716,196.261252,68726.677572
6,0.75,0.5,12499,250,1,31868,0.0451283455141165,35.8042447383081,194.295716,67219.566004,196.261252,68726.677572
6,1,0.5,12499,250,1,31868,0.0456577212839977,35.0840997237219,194.448672,67340.445952,196.261252,68726.677572
6,1.25,0.5,12499,250,1,31868,0.0451349078407863,33.7338684399193,194.379212,67214.22798,196.261252,68726.677572
6,1.5,0.5,12499,250,1,31868,0.044032267100753,31.6982362378915,194.516624,67527.477168,196.261252,68726.677572
6,1.75,0.5,12499,250,1,31868,0.0428637641297205,30.346514324591,194.171912,67233.49016,196.261252,68726.677572
6,2,0.5,12499,250,1,31868,0.0418467112054977,29.5245922712962,194.978484,67886.961196,196.261252,68726.677572
6,0.5,0.75,12499,250,1,31868,0.0382679976833257,35.2406480260897,195.30296,67801.2178,196.261252,68726.677572
6,0.75,0.75,12499,250,1,31868,0.0403667633459347,34.2292835279186,194.993268,67597.299804,196.261252,68726.677572
6,1,0.75,12499,250,1,31868,0.0408992517491735,32.8474606799774,195.053356,67588.1287,196.261252,68726.677572
6,1.25,0.75,12499,250,1,31868,0.040515237960145,32.5067208115797,195.12668,68000.08268,196.261252,68726.677572
6,1.5,0.75,12499,250,1,31868,0.0396433118859826,30.7476237810713,195.13012,67810.895176,196.261252,68726.677572
6,1.75,0.75,12499,250,1,31868,0.0387961903884371,30.1437705861004,195.546008,68151.211304,196.261252,68726.677572
6,2,0.75,12499,250,1,31868,0.0382183186754734,29.5924756016096,195.256128,68087.59644,196.261252,68726.677572
6,0.5,1,12499,250,1,31868,0.0368361257179069,36.0245894485798,195.111748,67703.8619,196.261252,68726.677572
6,0.75,1,12499,250,1,31868,0.0374390065150398,34.0932141139121,195.544004,67964.144564,196.261252,68726.677572
6,1,1,12499,250,1,31868,0.0377965790215533,32.4194668533993,195.45488,68074.655304,196.261252,68726.677572
6,1.25,1,12499,250,1,31868,0.0374441193431528,32.0484803919622,195.789752,68197.26696,196.261252,68726.677572
6,1.5,1,12499,250,1,31868,0.036888692627384,31.2184230167506,195.674852,68225.67238,196.261252,68726.677572
6,1.75,1,12499,250,1,31868,0.0365117497796017,31.8652545337141,195.526216,68315.946416,196.261252,68726.677572
6,2,1,12499,250,1,31868,0.0369126973660129,32.4962860632991,195.98658,68596.868876,196.261252,68726.677572
6,0.5,1.25,12499,250,1,31868,0.0363959972983217,39.0306535017164,195.52062,68083.985964,196.261252,68726.677572
6,0.75,1.25,12499,250,1,31868,0.0356048634942971,34.2469248084895,195.40876,67931.85032,196.261252,68726.677572
6,1,1.25,12499,250,1,31868,0.0357429090485884,32.7431784994236,196.095244,68478.673028,196.261252,68726.677572
6,1.25,1.25,12499,250,1,31868,0.0354955128225226,32.5387492321154,195.422516,67903.22606,196.261252,68726.677572
6,1.5,1.25,12499,250,1,31868,0.0354724723340683,33.0421737249303,195.804064,68383.983704,196.261252,68726.677572
6,1.75,1.25,12499,250,1,31868,0.0362190065136679,34.4377938395671,195.997924,68551.638628,196.261252,68726.677572
6,2,1.25,12499,250,1,31868,0.0372577558921874,35.3817107097207,196.3909,68910.853612,196.261252,68726.677572
6,0.5,1.5,12499,250,1,31868,0.0361640585177438,44.5501362203315,195.897596,68322.351532,196.261252,68726.677572
6,0.75,1.5,12499,250,1,31868,0.0344073136394067,33.6951978192191,196.165848,68313.262872,196.261252,68726.677572
6,1,1.5,12499,250,1,31868,0.0344261182301313,33.4477135145706,195.819652,68301.600764,196.261252,68726.677572
6,1.25,1.5,12499,250,1,31868,0.0344541652217768,33.9564171411506,196.160324,68471.13742,196.261252,68726.677572
6,1.5,1.5,12499,250,1,31868,0.0354318182429223,34.9291553435018,196.323276,68665.250004,196.261252,68726.677572
6,1.75,1.5,12499,250,1,31868,0.0365906523865148,36.8125489730621,196.44648,68823.729832,196.261252,68726.677572
6,2,1.5,12499,250,1,31868,0.0378670162190632,37.9102974234968,196.757908,69158.902564,196.261252,68726.677572
6,0.5,1.75,12499,250,1,31868,0.0361427851759941,47.097651469238,196.037864,68343.887936,196.261252,68726.677572
6,0.75,1.75,12499,250,1,31868,0.0336623197930388,34.0592044094514,196.100828,68359.899156,196.261252,68726.677572
6,1,1.75,12499,250,1,31868,0.0336182454441055,34.5433893081594,196.49278,68713.418732,196.261252,68726.677572
6,1.25,1.75,12499,250,1,31868,0.0342830880636722,35.2524106135591,196.700088,68869.980272,196.261252,68726.677572
6,1.5,1.75,12499,250,1,31868,0.0357268633416585,36.8767597442442,196.197412,68654.66454,196.261252,68726.677572
6,1.75,1.75,12499,250,1,31868,0.0371231284698803,38.9753959627528,196.864932,69187.6563,196.261252,68726.677572
6,2,1.75,12499,250,1,31868,0.0386511619877229,40.2851682273456,196.914696,69103.82196,196.261252,68726.677572
6,0.5,2,12499,250,1,31868,0.0361956918582495,46.3893635366762,195.72962,68185.333972,196.261252,68726.677572
6,0.75,2,12499,250,1,31868,0.0332019764005329,34.5120239747397,196.51848,68814.949232,196.261252,68726.677572
6,1,2,12499,250,1,31868,0.0332313127833264,35.4226848454064,196.792304,69168.64212,196.261252,68726.677572
6,1.25,2,12499,250,1,31868,0.0344393457516857,36.4953545142609,196.918724,69100.047644,196.261252,68726.677572
6,1.5,2,12499,250,1,31868,0.03613366262488,38.5114259545419,197.000536,69201.594848,196.261252,68726.677572
6,1.75,2,12499,250,1,31868,0.0377799943442191,40.9275319775382,197.43252,69626.403752,196.261252,68726.677572
6,2,2,12499,250,1,31868,0.0395299001163895,42.3385007100695,197.396356,69504.77018,196.261252,68726.677572
6,0.5,2.25,12499,250,1,31868,0.0365193071829582,44.3220939431179,195.9701,68282.666892,196.261252,68726.677572
6,0.75,2.25,12499,250,1,31868,0.0328478669576762,35.001934023411,196.308584,68610.077016,196.261252,68726.677572
6,1,2.25,12499,250,1,31868,0.0332567917273332,36.1785177617665,196.372832,68733.421904,196.261252,68726.677572
6,1.25,2.25,12499,250,1,31868,0.034676918292475,37.7343082522678,196.86136,69241.414336,196.261252,68726.677572
6,1.5,2.25,12499,250,1,31868,0.0366338767317051,40.0975043431787,197.2722,69438.794584,196.261252,68726.677572
6,1.75,2.25,12499,250,1,31868,0.0385267282897097,42.6952883740521,197.740208,69849.5814,196.261252,68726.677572
6,2,2.25,12499,250,1,31868,0.040486270551467,44.3835697941229,197.463316,69784.288468,196.261252,68726.677572
6,0.5,2.5,12499,250,1,31868,0.0360801080629242,41.5721333739685,195.907452,68470.1567,196.261252,68726.677572
6,0.75,2.5,12499,250,1,31868,0.0327036058725859,35.4804392836378,196.486272,68862.944976,196.261252,68726.677572
6,1,2.5,12499,250,1,31868,0.0333393192325865,36.8535415441067,196.491796,68773.101812,196.261252,68726.677572
6,1.25,2.5,12499,250,1,31868,0.0349963018225952,39.3728154595284,197.226,69500.184784,196.261252,68726.677572
6,1.5,2.5,12499,250,1,31868,0.0371985478371094,41.5518058526634,197.237968,69419.398512,196.261252,68726.677572
6,1.75,2.5,12499,250,1,31868,0.0393222833900646,44.3496695335531,197.602356,69761.932812,196.261252,68726.677572
6,2,2.5,12499,250,1,31868,0.0415032233992942,46.2609440521455,198.422108,70348.769668,196.261252,68726.677572
7,0.5,0.5,499,1250,1,34407,0.208823377968306,12.0550057405073,34.2135456,1841.7352272,26.6516024,1118.5376792
7,0.75,0.5,499,1250,1,34407,0.213512709331253,12.3158130883469,34.420376,1861.8579424,26.6516024,1118.5376792
7,1,0.5,499,1250,1,34407,0.224882586837023,13.1808690697203,35.0912648,1936.46194,26.6516024,1118.5376792
7,1.25,0.5,499,1250,1,34407,0.235153216205364,13.9445610722161,35.5213024,1985.5702144,26.6516024,1118.5376792
7,1.5,0.5,499,1250,1,34407,0.2427216952801,14.4271040077754,35.8861496,2024.4832936,26.6516024,1118.5376792
7,1.75,0.5,499,1250,1,34407,0.250670384862695,15.0346547667675,36.3606464,2077.8271728,26.6516024,1118.5376792
7,2,0.5,499,1250,1,34407,0.259031008510852,15.624946033143,36.8004552,2128.538092,26.6516024,1118.5376792
7,0.5,0.75,499,1250,1,34407,0.221172089620265,12.8686318045242,34.7491432,1898.95809200001,26.6516024,1118.5376792
7,0.75,0.75,499,1250,1,34407,0.225686879147443,13.1345730418386,34.9547336,1919.8322744,26.6516024,1118.5376792
7,1,0.75,499,1250,1,34407,0.236425533576028,13.9616762799923,35.6013656,1993.4096008,26.6516024,1118.5376792
7,1.25,0.75,499,1250,1,34407,0.246087879956957,14.6997881813865,36.1719272,2056.258236,26.6516024,1118.5376792
7,1.5,0.75,499,1250,1,34407,0.253175885774649,15.1424680028897,36.4613888,2088.3853888,26.6516024,1118.5376792
7,1.75,0.75,499,1250,1,34407,0.260569525328642,15.7420293465488,36.8665952,2135.3906208,26.6516024,1118.5376792
7,2,0.75,499,1250,1,34407,0.268625147857914,16.3296851067947,37.3142544,2187.70117279999,26.6516024,1118.5376792
7,0.5,1,499,1250,1,34407,0.228172065883037,13.3402343103846,35.1480416,1940.8352304,26.6516024,1118.5376792
7,0.75,1,499,1250,1,34407,0.232532876508626,13.6082986014066,35.3936144,1969.7845072,26.6516024,1118.5376792
7,1,1,499,1250,1,34407,0.242857610943798,14.417077765823,35.9818136,2035.1821864,26.6516024,1118.5376792
7,1.25,1,499,1250,1,34407,0.252233488035437,15.1290876492417,36.4612344,2088.1103352,26.6516024,1118.5376792
7,1.5,1,499,1250,1,34407,0.25901903621153,15.560825330967,36.7249776,2119.6692224,26.6516024,1118.5376792
7,1.75,1,499,1250,1,34407,0.266082791132753,16.1416283062346,37.1804328,2170.3124072,26.6516024,1118.5376792
7,2,1,499,1250,1,34407,0.273959430045002,16.723897617623,37.6300224,2221.8805696,26.6516024,1118.5376792
7,0.5,1.25,499,1250,1,34407,0.232676828880184,13.6531994434646,35.3715,1968.0704184,26.6516024,1118.5376792
7,0.75,1.25,499,1250,1,34407,0.236915319327049,13.9167216194668,35.5618256,1987.5465424,26.6516024,1118.5376792
7,1,1.25,499,1250,1,34407,0.246987045644463,14.7109600644078,36.2027872,2060.2285424,26.6516024,1118.5376792
7,1.25,1.25,499,1250,1,34407,0.256100821612693,15.4047253341588,36.6368392,2109.00605519999,26.6516024,1118.5376792
7,1.5,1.25,499,1250,1,34407,0.262725013109384,15.8289355785763,36.9580672,2147.5599536,26.6516024,1118.5376792
7,1.75,1.25,499,1250,1,34407,0.26958744855829,16.399949365328,37.3559464,2191.0515528,26.6516024,1118.5376792
7,2,1.25,499,1250,1,34407,0.277333807459595,16.9773526891766,37.7982752,2243.2109904,26.6516024,1118.5376792
7,0.5,1.5,499,1250,1,34407,0.235835123062495,13.8716086308736,35.5450928,1984.7347152,26.6516024,1118.5376792
7,0.75,1.5,499,1250,1,34407,0.239974182825348,14.1332750309984,35.7755768,2010.91778319999,26.6516024,1118.5376792
7,1,1.5,499,1250,1,34407,0.249861258431205,14.917716972631,36.346128,2076.4748336,26.6516024,1118.5376792
7,1.25,1.5,499,1250,1,34407,0.258818350503561,15.5992064797979,36.7877368,2125.7943144,26.6516024,1118.5376792
7,1.5,1.5,499,1250,1,34407,0.265307058177957,16.0226162036872,37.087552,2159.4030672,26.6516024,1118.5376792
7,1.75,1.5,499,1250,1,34407,0.272042397752926,16.5855552321558,37.529748,2211.085428,26.6516024,1118.5376792
7,2,1.5,499,1250,1,34407,0.279670517640375,17.1560875762568,37.95458,2261.76060560001,26.6516024,1118.5376792
7,0.5,1.75,499,1250,1,34407,0.238164927004453,14.0326439555994,35.6637768,1998.0977608,26.6516024,1118.5376792
7,0.75,1.75,499,1250,1,34407,0.242227818831194,14.2941839949685,35.8427456,2018.2108112,26.6516024,1118.5376792
7,1,1.75,499,1250,1,34407,0.251969132216265,15.0681242969755,36.489104,2091.9044304,26.6516024,1118.5376792
7,1.25,1.75,499,1250,1,34407,0.260779197945304,15.7412031927758,36.9259048,2143.2255528,26.6516024,1118.5376792
7,1.5,1.75,499,1250,1,34407,0.267160342667052,16.1618177736135,37.2203544,2174.8446264,26.6516024,1118.5376792
7,1.75,1.75,499,1250,1,34407,0.273819722919933,16.7196278495139,37.646372,2224.37740240001,26.6516024,1118.5376792
7,2,1.75,499,1250,1,34407,0.281380735456498,17.286983825755,38.0491768,2270.89785520001,26.6516024,1118.5376792
7,0.5,2,499,1250,1,34407,0.239951082187612,14.1575420148916,35.77042,2010.03612560001,26.6516024,1118.5376792
7,0.75,2,499,1250,1,34407,0.243950788467002,14.4180662518271,35.9729752,2032.2903928,26.6516024,1118.5376792
7,1,2,499,1250,1,34407,0.25357864310512,15.1841900101246,36.5447824,2097.0035664,26.6516024,1118.5376792
7,1.25,2,499,1250,1,34407,0.262277761484867,15.8505718972909,36.9883992,2148.1869576,26.6516024,1118.5376792
7,1.5,2,499,1250,1,34407,0.268588130389289,16.2676959276145,37.30026,2182.66456079999,26.6516024,1118.5376792
7,1.75,2,499,1250,1,34407,0.275177582691527,16.8227770962978,37.737064,2233.87002560001,26.6516024,1118.5376792
7,2,2,499,1250,1,34407,0.282689271604035,17.3888229413336,38.146152,2281.7397152,26.6516024,1118.5376792
7,0.5,2.25,499,1250,1,34407,0.241362657024252,14.2578156820144,35.841708,2018.2568792,26.6516024,1118.5376792
7,0.75,2.25,499,1250,1,34407,0.245313032334128,14.516718364439,36.0099072,2036.567832,26.6516024,1118.5376792
7,1,2.25,499,1250,1,34407,0.254849387203372,15.2761931326446,36.6038,2105.59917280001,26.6516024,1118.5376792
7,1.25,2.25,499,1250,1,34407,0.263458115543022,15.9375368832658,37.0279944,2153.0321896,26.6516024,1118.5376792
7,1.5,2.25,499,1250,1,34407,0.269710652991233,16.349788793489,37.3920344,2193.8747848,26.6516024,1118.5376792
7,1.75,2.25,499,1250,1,34407,0.276246533114298,16.9047037429738,37.759892,2238.25542960001,26.6516024,1118.5376792
7,2,2.25,499,1250,1,34407,0.28372000213133,17.4687558322108,38.2390792,2294.07641520001,26.6516024,1118.5376792
7,0.5,2.5,499,1250,1,34407,0.242507288811992,14.3395304916076,35.8429856,2019.7624176,26.6516024,1118.5376792
7,0.75,2.5,499,1250,1,34407,0.246417996931909,14.5969990259238,36.1057656,2047.0138408,26.6516024,1118.5376792
7,1,2.5,499,1250,1,34407,0.255876503111057,15.3509201526955,36.660296,2112.1561536,26.6516024,1118.5376792
7,1.25,2.5,499,1250,1,34407,0.264415136366764,16.0076249490803,37.1404928,2164.15866400001,26.6516024,1118.5376792
7,1.5,2.5,499,1250,1,34407,0.270619014732318,16.4167155713844,37.3883512,2195.32336399999,26.6516024,1118.5376792
7,1.75,2.5,499,1250,1,34407,0.27711138640783,16.9705486129221,37.8322552,2245.9499032,26.6516024,1118.5376792
7,2,2.5,499,1250,1,34407,0.284554835024124,17.5335572853272,38.233844,2294.0855432,26.6516024,1118.5376792
8,0.5,0.5,2499,1250,1,40216,0.0278076910388303,8.6195169785539,106.4975144,17857.274052,106.5418648,17857.679836
8,0.75,0.5,2499,1250,1,40216,0.0325309986895778,12.5265245257916,106.7150744,17928.760196,106.5418648,17857.679836
8,1,0.5,2499,1250,1,40216,0.0338619126989224,11.9758582781493,106.7955304,17947.6598968,106.5418648,17857.679836
8,1.25,0.5,2499,1250,1,40216,0.0326043803947932,11.0112072715086,106.7535104,17949.1982128,106.5418648,17857.679836
8,1.5,0.5,2499,1250,1,40216,0.0324651153039285,9.98531507439693,106.8263968,17960.4821728,106.5418648,17857.679836
8,1.75,0.5,2499,1250,1,40216,0.0326716464723305,9.38311065000364,106.9554592,18005.2064896,106.5418648,17857.679836
8,2,0.5,2499,1250,1,40216,0.033409080411162,9.13912142281259,106.9880432,17999.3313616,106.5418648,17857.679836
8,0.5,0.75,2499,1250,1,40216,0.0266861653323606,10.0036628302515,106.4395704,17823.8685576,106.5418648,17857.679836
8,0.75,0.75,2499,1250,1,40216,0.0331266935545228,12.8585614114,106.8299736,17974.0817608,106.5418648,17857.679836
8,1,0.75,2499,1250,1,40216,0.0341463597456512,12.3038176242084,106.8906064,17985.9744384,106.5418648,17857.679836
8,1.25,0.75,2499,1250,1,40216,0.0330416862979338,11.2068594114903,106.8862744,17988.5200392,106.5418648,17857.679836
8,1.5,0.75,2499,1250,1,40216,0.0330375499394923,10.5798300669988,106.8419904,17981.8761008,106.5418648,17857.679836
8,1.75,0.75,2499,1250,1,40216,0.0331370325845064,9.9417279657897,106.8879424,17997.1860384,106.5418648,17857.679836
8,2,0.75,2499,1250,1,40216,0.0337740203355309,9.75177715530573,107.0473056,18031.1735392,106.5418648,17857.679836
8,0.5,1,2499,1250,1,40216,0.0261770528665523,10.6036015322643,106.5022424,17844.362036,106.5418648,17857.679836
8,0.75,1,2499,1250,1,40216,0.0330817908405571,12.9384773369951,106.9503504,18017.3987488,106.5418648,17857.679836
8,1,1,2499,1250,1,40216,0.0344876121231364,12.3819491942598,106.823888,17973.6198768,106.5418648,17857.679836
8,1.25,1,2499,1250,1,40216,0.033527872738621,11.3898850294828,106.9603416,18014.3213064,106.5418648,17857.679836
8,1.5,1,2499,1250,1,40216,0.0336404704350457,10.7740206163603,107.1075432,18052.3272696,106.5418648,17857.679836
8,1.75,1,2499,1250,1,40216,0.0338352878987466,10.137601277472,107.0514472,18041.9344648,106.5418648,17857.679836
8,2,1,2499,1250,1,40216,0.03451628398701,10.298335225183,107.082912,18058.899064,106.5418648,17857.679836
8,0.5,1.25,2499,1250,1,40216,0.0253007442825798,11.0796226292597,106.5176208,17860.9202112,106.5418648,17857.679836
8,0.75,1.25,2499,1250,1,40216,0.0330941628015273,12.993737683768,106.9157992,17993.5510152,106.5418648,17857.679836
8,1,1.25,2499,1250,1,40216,0.0347455593236084,12.48351888366,107.0650288,18034.839312,106.5418648,17857.679836
8,1.25,1.25,2499,1250,1,40216,0.033988153008336,11.5408835638675,107.1181024,18062.7610144,106.5418648,17857.679836
8,1.5,1.25,2499,1250,1,40216,0.0341473512864313,10.9286187558978,107.1483448,18067.2262312,106.5418648,17857.679836
8,1.75,1.25,2499,1250,1,40216,0.0344800598481306,10.3580860830183,107.1727208,18088.8650504,106.5418648,17857.679836
8,2,1.25,2499,1250,1,40216,0.0352388672394345,10.5638447095186,107.1882096,18067.71612,106.5418648,17857.679836
8,0.5,1.5,2499,1250,1,40216,0.0250866969298313,11.2247732673586,106.5825984,17852.1117776,106.5418648,17857.679836
8,0.75,1.5,2499,1250,1,40216,0.0331226532046857,13.0250355382813,107.0088288,18023.438224,106.5418648,17857.679836
8,1,1.5,2499,1250,1,40216,0.0349669112532679,12.5644878274088,107.2357784,18094.5360536,106.5418648,17857.679836
8,1.25,1.5,2499,1250,1,40216,0.0343296980042959,11.6932609179647,107.0690864,18047.4560256,106.5418648,17857.679836
8,1.5,1.5,2499,1250,1,40216,0.0345733386919025,10.9600719942878,107.1099528,18071.0054504,106.5418648,17857.679836
8,1.75,1.5,2499,1250,1,40216,0.0350108725468297,10.5768139254163,107.1880552,18070.7582024,106.5418648,17857.679836
8,2,1.5,2499,1250,1,40216,0.0357839389161867,10.7803854364455,107.10892,18065.8443312,106.5418648,17857.679836
8,0.5,1.75,2499,1250,1,40216,0.0249312379697294,11.3013824380436,106.71624,17903.4247632,106.5418648,17857.679836
8,0.75,1.75,2499,1250,1,40216,0.0331530545058295,13.0522510970201,107.0109056,18018.7225712,106.5418648,17857.679836
8,1,1.75,2499,1250,1,40216,0.0351476142124866,12.6347278437415,107.125216,18076.9697696,106.5418648,17857.679836
8,1.25,1.75,2499,1250,1,40216,0.0346309813005054,11.8010035024189,107.0218472,18028.9221976,106.5418648,17857.679836
8,1.5,1.75,2499,1250,1,40216,0.0349358422619546,10.9940691147043,107.234304,18095.0395872,106.5418648,17857.679836
8,1.75,1.75,2499,1250,1,40216,0.0355734811991378,10.7659108843295,107.0746,18060.0636816,106.5418648,17857.679836
8,2,1.75,2499,1250,1,40216,0.0362390003799627,10.9485479804491,107.2016328,18093.3218072,106.5418648,17857.679836
8,0.5,2,2499,1250,1,40216,0.0248177617488533,11.3450268937325,106.483064,17838.4358,106.5418648,17857.679836
8,0.75,2,2499,1250,1,40216,0.0331818824543576,13.0717596062764,106.966472,18018.6633232,106.5418648,17857.679836
8,1,2,2499,1250,1,40216,0.0353035434220597,12.6905072392938,107.1383712,18077.2353504,106.5418648,17857.679836
8,1.25,2,2499,1250,1,40216,0.0348700932898375,11.8744640911002,107.061868,18044.911972,106.5418648,17857.679836
8,1.5,2,2499,1250,1,40216,0.0352412485204153,11.0456366672975,107.2639704,18113.277812,106.5418648,17857.679836
8,1.75,2,2499,1250,1,40216,0.0359508766111137,10.9389111115268,107.1264072,18065.1105464,106.5418648,17857.679836
8,2,2,2499,1250,1,40216,0.0366165611687592,11.066900590315,107.3346896,18131.741504,106.5418648,17857.679836
8,0.5,2.25,2499,1250,1,40216,0.0247284803491324,11.361405451004,106.562568,17864.6755632,106.5418648,17857.679836
8,0.75,2.25,2499,1250,1,40216,0.0332086504873524,13.0871770429507,106.9536016,18007.5244832,106.5418648,17857.679836
8,1,2.25,2499,1250,1,40216,0.0354056710971899,12.6542182427599,107.1534144,18069.9558864,106.5418648,17857.679836
8,1.25,2.25,2499,1250,1,40216,0.0350707077553641,11.9295837100448,107.029716,18043.9831496,106.5418648,17857.679836
8,1.5,2.25,2499,1250,1,40216,0.0354939384611994,11.1263823138839,107.105084,18061.846308,106.5418648,17857.679836
8,1.75,2.25,2499,1250,1,40216,0.0363513242346123,11.0513046371774,107.2605128,18119.0653416,106.5418648,17857.679836
8,2,2.25,2499,1250,1,40216,0.0369517501848355,11.1272481822428,107.3569496,18152.181412,106.5418648,17857.679836
8,0.5,2.5,2499,1250,1,40216,0.0246570009581041,11.3745952010822,106.4661768,17838.0479928,106.5418648,17857.679836
8,0.75,2.5,2499,1250,1,40216,0.0332326060841012,13.1011576323643,107.0500408,18028.4863048,106.5418648,17857.679836
8,1,2.5,2499,1250,1,40216,0.0355146266979444,12.6911914554315,107.2706744,18114.1602296,106.5418648,17857.679836
8,1.25,2.5,2499,1250,1,40216,0.035240977827704,11.9816909205389,107.0844512,18051.33652,106.5418648,17857.679836
8,1.5,2.5,2499,1250,1,40216,0.0357171831868325,11.2020941938033,107.2950096,18120.7554288,106.5418648,17857.679836
8,1.75,2.5,2499,1250,1,40216,0.0365866776299703,11.1453826821511,107.2504432,18115.153104,106.5418648,17857.679836
8,2,2.5,2499,1250,1,40216,0.0372525327639384,11.2329190641762,107.3336936,18134.942972,106.5418648,17857.679836
9,0.5,0.5,12499,1250,1,32851,0.0424370197654917,53.4453771101913,145.9783624,34858.3072039999,145.9610136,34868.8836776
9,0.75,0.5,12499,1250,1,32851,0.0377633601128322,75.051647262818,145.8249824,34764.9903568,145.9610136,34868.8836776
9,1,0.5,12499,1250,1,32851,0.0311840737747367,41.3224885387472,145.5976688,34695.9795247999,145.9610136,34868.8836776
9,1.25,0.5,12499,1250,1,32851,0.0291128212356129,34.1633508946286,145.9965784,34875.6035639999,145.9610136,34868.8836776
9,1.5,0.5,12499,1250,1,32851,0.0294287279021567,50.1288358724915,145.9422096,34852.6822272001,145.9610136,34868.8836776
9,1.75,0.5,12499,1250,1,32851,0.0279842054012308,36.9733064438285,145.7072784,34725.5428704,145.9610136,34868.8836776
9,2,0.5,12499,1250,1,32851,0.0286682921502394,41.5769166728268,145.770528,34757.0547824001,145.9610136,34868.8836776
9,0.5,0.75,12499,1250,1,32851,0.041077012586445,54.0459521405356,145.7658848,34750.9137104,145.9610136,34868.8836776
9,0.75,0.75,12499,1250,1,32851,0.0309744635339807,53.0343022471404,145.8584408,34812.3274184,145.9610136,34868.8836776
9,1,0.75,12499,1250,1,32851,0.0277782595315721,44.0385217359916,145.9556096,34824.9857615999,145.9610136,34868.8836776
9,1.25,0.75,12499,1250,1,32851,0.0247063311346671,31.1741931061034,145.807868,34776.0245288,145.9610136,34868.8836776
9,1.5,0.75,12499,1250,1,32851,0.0261093963056446,44.7260363729747,145.9367264,34838.0008175999,145.9610136,34868.8836776
9,1.75,0.75,12499,1250,1,32851,0.0252908344046416,35.8498850770657,145.9164616,34845.1173128,145.9610136,34868.8836776
9,2,0.75,12499,1250,1,32851,0.0252607128287096,37.3484861573836,145.7813008,34788.1960816,145.9610136,34868.8836776
9,0.5,1,12499,1250,1,32851,0.0408548741453777,54.8933246050001,145.8622048,34817.5872288,145.9610136,34868.8836776
9,0.75,1,12499,1250,1,32851,0.0288453952740718,53.7214968292377,145.8726816,34825.3522928,145.9610136,34868.8836776
9,1,1,12499,1250,1,32851,0.02543466254637,43.5024008979042,145.86906,34812.7617031999,145.9610136,34868.8836776
9,1.25,1,12499,1250,1,32851,0.0239905195650521,34.113841959742,145.8742224,34833.7923648,145.9610136,34868.8836776
9,1.5,1,12499,1250,1,32851,0.0249229902654968,42.3553566467741,145.9106432,34844.8904912,145.9610136,34868.8836776
9,1.75,1,12499,1250,1,32851,0.0240385053540388,35.8266082367026,145.8369288,34801.529316,145.9610136,34868.8836776
9,2,1,12499,1250,1,32851,0.0249440268940199,38.5467172133459,146.106024,34890.499776,145.9610136,34868.8836776
9,0.5,1.25,12499,1250,1,32851,0.0424226635799197,57.4735589781797,145.6763648,34729.2162272,145.9610136,34868.8836776
9,0.75,1.25,12499,1250,1,32851,0.0321156456070095,61.0001114099818,145.858632,34782.8607952,145.9610136,34868.8836776
9,1,1.25,12499,1250,1,32851,0.0246052948831714,43.6879581758639,145.8155536,34797.8317279999,145.9610136,34868.8836776
9,1.25,1.25,12499,1250,1,32851,0.0233690491700995,34.2986405414832,145.8473968,34791.6953600001,145.9610136,34868.8836776
9,1.5,1.25,12499,1250,1,32851,0.02510858233129,43.4629752533585,145.9555504,34855.3238879999,145.9610136,34868.8836776
9,1.75,1.25,12499,1250,1,32851,0.0239461117805319,36.7298898339205,145.8266744,34806.2526328,145.9610136,34868.8836776
9,2,1.25,12499,1250,1,32851,0.0245618789441308,38.2917938229992,145.7896496,34785.8320544001,145.9610136,34868.8836776
9,0.5,1.5,12499,1250,1,32851,0.0345277358181791,45.4665456257616,146.0176072,34915.3736344,145.9610136,34868.8836776
9,0.75,1.5,12499,1250,1,32851,0.0309036881802574,59.3406381233505,145.833048,34786.3763552,145.9610136,34868.8836776
9,1,1.5,12499,1250,1,32851,0.0240717757597714,43.2511578004464,145.8891192,34805.0381192,145.9610136,34868.8836776
9,1.25,1.5,12499,1250,1,32851,0.0241411495888552,37.325736880889,145.9856888,34849.0127463999,145.9610136,34868.8836776
9,1.5,1.5,12499,1250,1,32851,0.0247937381606707,42.6079615809436,146.1000776,34931.3901656,145.9610136,34868.8836776
9,1.75,1.5,12499,1250,1,32851,0.0234989246044495,37.4242070891164,145.9887832,34885.6408552,145.9610136,34868.8836776
9,2,1.5,12499,1250,1,32851,0.0245542601378724,38.7393880161947,145.9374808,34840.6519256,145.9610136,34868.8836776
9,0.5,1.75,12499,1250,1,32851,0.0290806415419351,41.8701340642565,145.8991192,34838.4267704001,145.9610136,34868.8836776
9,0.75,1.75,12499,1250,1,32851,0.0290597857552645,56.7946085437575,146.0578208,34878.7211392,145.9610136,34868.8836776
9,1,1.75,12499,1250,1,32851,0.0237185896123871,42.913844334658,146.0474472,34893.5103336,145.9610136,34868.8836776
9,1.25,1.75,12499,1250,1,32851,0.0233347090355358,37.5568218340812,145.8726616,34833.1591256,145.9610136,34868.8836776
9,1.5,1.75,12499,1250,1,32851,0.0247007484089849,42.3560601301834,145.9157592,34835.3124312,145.9610136,34868.8836776
9,1.75,1.75,12499,1250,1,32851,0.0236273077943333,37.9170056490982,145.8231344,34781.5361392,145.9610136,34868.8836776
9,2,1.75,12499,1250,1,32851,0.0244178325974834,39.0641508952109,145.9143888,34835.7335664,145.9610136,34868.8836776
9,0.5,2,12499,1250,1,32851,0.031250485374088,46.4737006841511,146.0163864,34856.5137271999,145.9610136,34868.8836776
9,0.75,2,12499,1250,1,32851,0.0315655690806391,65.2751348904207,145.852748,34822.1200008,145.9610136,34868.8836776
9,1,2,12499,1250,1,32851,0.0235008554999996,42.5412365104555,145.7099816,34763.8591768,145.9610136,34868.8836776
9,1.25,2,12499,1250,1,32851,0.0225051643951508,37.6529978812869,145.6581344,34749.5286688001,145.9610136,34868.8836776
9,1.5,2,12499,1250,1,32851,0.0246286655317742,42.0065319190336,145.9005192,34815.5413336,145.9610136,34868.8836776
9,1.75,2,12499,1250,1,32851,0.0235872744446952,38.3899221508428,145.9701632,34850.7690112,145.9610136,34868.8836776
9,2,2,12499,1250,1,32851,0.0243855503690123,39.1358587370847,145.9349016,34863.1386984,145.9610136,34868.8836776
9,0.5,2.25,12499,1250,1,32851,0.0385530739205937,53.9142586292349,145.9004888,34862.1901447999,145.9610136,34868.8836776
9,0.75,2.25,12499,1250,1,32851,0.0233312519756991,39.4939574313216,146.1181368,34897.0754696,145.9610136,34868.8836776
9,1,2.25,12499,1250,1,32851,0.0233671929084671,42.1769502953692,145.9101272,34833.1818152,145.9610136,34868.8836776
9,1.25,2.25,12499,1250,1,32851,0.0243043308255562,39.2759484087612,145.8330512,34805.1046448,145.9610136,34868.8836776
9,1.5,2.25,12499,1250,1,32851,0.0246022924863416,41.7485691731258,145.89936,34819.1697824,145.9610136,34868.8836776
9,1.75,2.25,12499,1250,1,32851,0.0236667658142431,38.4535204215423,145.9104736,34850.6545487999,145.9610136,34868.8836776
9,2,2.25,12499,1250,1,32851,0.024504699689535,39.3541093878233,145.8248664,34795.6802327999,145.9610136,34868.8836776
9,0.5,2.5,12499,1250,1,32851,0.0354602187614322,50.9883301974414,145.8019232,34793.1837888,145.9610136,34868.8836776
9,0.75,2.5,12499,1250,1,32851,0.0232664308504731,38.2893275631479,145.7563824,34791.0196912,145.9610136,34868.8836776
9,1,2.5,12499,1250,1,32851,0.0232792562506638,41.7313668577416,145.8134832,34816.9889648001,145.9610136,34868.8836776
9,1.25,2.5,12499,1250,1,32851,0.0233352927094355,40.4050374413893,145.9553416,34881.2294088,145.9610136,34868.8836776
9,1.5,2.5,12499,1250,1,32851,0.0246064419010232,41.5672082157902,145.8306808,34796.1252152001,145.9610136,34868.8836776
9,1.75,2.5,12499,1250,1,32851,0.0236671546744863,38.8429268418277,146.0346136,34907.9304904,145.9610136,34868.8836776
9,2,2.5,12499,1250,1,32851,0.0240148945190612,38.3710291888311,145.996224,34859.0675439999,145.9610136,34868.8836776
10,0.5,0.5,499,50,3,39958,0.388340502446568,60.5761595343147,143.24964,31928.93056,122.26226,26348.57618
10,0.75,0.5,499,50,3,39958,0.38215518591982,62.9312623593496,144.46618,32352.0843,122.26226,26348.57618
10,1,0.5,499,50,3,39958,0.388365459514366,64.4547538248998,145.38304,32583.4374,122.26226,26348.57618
10,1.25,0.5,499,50,3,39958,0.404398279901673,68.1121631211366,146.2244,32616.98096,122.26226,26348.57618
10,1.5,0.5,499,50,3,39958,0.406831180739465,68.5489357801283,145.90356,32531.59824,122.26226,26348.57618
10,1.75,0.5,499,50,3,39958,0.405716014420354,68.3127562330713,146.33642,32679.1759,122.26226,26348.57618
10,2,0.5,499,50,3,39958,0.406725355080302,68.3211103573643,146.58576,32809.6244,122.26226,26348.57618
10,0.5,0.75,499,50,3,39958,0.388366016377745,60.5752511183755,143.91918,32129.63858,122.26226,26348.57618
10,0.75,0.75,499,50,3,39958,0.382157247827983,62.9319065382942,145.12452,32544.83324,122.26226,26348.57618
10,1,0.75,499,50,3,39958,0.38836445383878,64.4542593456544,146.43846,32888.71614,122.26226,26348.57618
10,1.25,0.75,499,50,3,39958,0.404398385501284,68.111988712358,145.85832,32573.66852,122.26226,26348.57618
10,1.5,0.75,499,50,3,39958,0.406828899261092,68.5485717360655,147.24886,33069.8569,122.26226,26348.57618
10,1.75,0.75,499,50,3,39958,0.405711313187671,68.3135175719229,146.42536,32753.6146,122.26226,26348.57618
10,2,0.75,499,50,3,39958,0.406721493547697,68.3205851908218,146.23564,32694.54536,122.26226,26348.57618
10,0.5,1,499,50,3,39958,0.388379157644863,60.5750233707159,142.59914,31607.0669,122.26226,26348.57618
10,0.75,1,499,50,3,39958,0.382159564940359,62.9323705983252,145.34928,32619.4768,122.26226,26348.57618
10,1,1,499,50,3,39958,0.388364159122479,64.4540221126417,145.53088,32618.63128,122.26226,26348.57618
10,1.25,1,499,50,3,39958,0.404397322054595,68.1117947823744,146.14456,32685.04864,122.26226,26348.57618
10,1.5,1,499,50,3,39958,0.406828315936656,68.5484587320109,146.43468,32779.95836,122.26226,26348.57618
10,1.75,1,499,50,3,39958,0.405709765227688,68.3133162673342,147.16434,32918.59966,122.26226,26348.57618
10,2,1,499,50,3,39958,0.4067196831512,68.3203107273596,145.92932,32560.08008,122.26226,26348.57618
10,0.5,1.25,499,50,3,39958,0.388387105566267,60.5747866944667,142.96928,31783.35508,122.26226,26348.57618
10,0.75,1.25,499,50,3,39958,0.382160308532313,62.9325779838027,145.38294,32694.1289,122.26226,26348.57618
10,1,1.25,499,50,3,39958,0.38836427255102,64.4540255013753,145.17546,32506.1637,122.26226,26348.57618
10,1.25,1.25,499,50,3,39958,0.404397733502722,68.1117645037824,145.90228,32622.22924,122.26226,26348.57618
10,1.5,1.25,499,50,3,39958,0.406827558178412,68.5483110014769,146.58518,32813.1835,122.26226,26348.57618
10,1.75,1.25,499,50,3,39958,0.405708562228132,68.3131404065655,146.23866,32658.98062,122.26226,26348.57618
10,2,1.25,499,50,3,39958,0.406718852604276,68.3201795514699,145.42716,32356.35508,122.26226,26348.57618
10,0.5,1.5,499,50,3,39958,0.388391446926449,60.5745987115161,143.50112,31919.674,122.26226,26348.57618
10,0.75,1.5,499,50,3,39958,0.382160945189518,62.9327297896297,145.8273,32762.7405,122.26226,26348.57618
10,1,1.5,499,50,3,39958,0.388363949905956,64.4538826742473,145.69104,32626.58352,122.26226,26348.57618
10,1.25,1.5,499,50,3,39958,0.404397458067708,68.1117094534723,146.5277,32867.34014,122.26226,26348.57618
10,1.5,1.5,499,50,3,39958,0.406827161551411,68.5482192894354,146.65874,32860.54206,122.26226,26348.57618
10,1.75,1.5,499,50,3,39958,0.405710709861627,68.3120254879844,145.69786,32464.5721,122.26226,26348.57618
10,2,1.5,499,50,3,39958,0.406718071399259,68.3200367221519,145.28616,32299.5374,122.26226,26348.57618
10,0.5,1.75,499,50,3,39958,0.388395564885628,60.5747291654198,143.3309,31871.27454,122.26226,26348.57618
10,0.75,1.75,499,50,3,39958,0.382162464795094,62.9329512855465,144.19754,32226.8601,122.26226,26348.57618
10,1,1.75,499,50,3,39958,0.388363486503853,64.4537411357496,144.52598,32164.79282,122.26226,26348.57618
10,1.25,1.75,499,50,3,39958,0.40439729101536,68.1116067517153,146.03196,32658.93256,122.26226,26348.57618
10,1.5,1.75,499,50,3,39958,0.406826754279683,68.5481767629402,146.73166,32791.10778,122.26226,26348.57618
10,1.75,1.75,499,50,3,39958,0.405710318938977,68.3120009056232,146.3632,32702.28116,122.26226,26348.57618
10,2,1.75,499,50,3,39958,0.40671788516021,68.3200017459251,145.71776,32413.1406,122.26226,26348.57618
10,0.5,2,499,50,3,39958,0.388397495182631,60.5743018816657,143.05642,31784.79514,122.26226,26348.57618
10,0.75,2,499,50,3,39958,0.382162673476834,62.9330191156396,144.7542,32437.51464,122.26226,26348.57618
10,1,2,499,50,3,39958,0.388363621658404,64.453764279181,145.1777,32473.99954,122.26226,26348.57618
10,1.25,2,499,50,3,39958,0.40439752586872,68.111677236296,146.3295,32714.61378,122.26226,26348.57618
10,1.5,2,499,50,3,39958,0.406826693721888,68.5481699009118,145.87584,32466.52064,122.26226,26348.57618
10,1.75,2,499,50,3,39958,0.405710247994752,68.3119773431111,146.16518,32659.16266,122.26226,26348.57618
10,2,2,499,50,3,39958,0.406717313339063,68.3199310074136,145.92538,32552.0185,122.26226,26348.57618
10,0.5,2.25,499,50,3,39958,0.388399909476334,60.5743286182197,142.30708,31581.5956,122.26226,26348.57618
10,0.75,2.25,499,50,3,39958,0.382162516156078,62.9329818239048,144.46802,32354.62014,122.26226,26348.57618
10,1,2.25,499,50,3,39958,0.388363282624245,64.4536815669098,145.29358,32519.89626,122.26226,26348.57618
10,1.25,2.25,499,50,3,39958,0.404397883012737,68.1117011631807,145.8669,32627.39162,122.26226,26348.57618
10,1.5,2.25,499,50,3,39958,0.406826507915759,68.5481371807849,146.47838,32730.95734,122.26226,26348.57618
10,1.75,2.25,499,50,3,39958,0.405709613182002,68.3118334154217,145.86614,32540.3055,122.26226,26348.57618
10,2,2.25,499,50,3,39958,0.406717394618785,68.3199388562364,145.51654,32454.26062,122.26226,26348.57618
10,0.5,2.5,499,50,3,39958,0.388402052580546,60.5745055507951,143.76464,32003.60916,122.26226,26348.57618
10,0.75,2.5,499,50,3,39958,0.382163002459257,62.9330386307474,144.3643,32390.19026,122.26226,26348.57618
10,1,2.5,499,50,3,39958,0.388363401604342,64.4536703619351,144.86214,32339.29562,122.26226,26348.57618
10,1.25,2.5,499,50,3,39958,0.404397859649637,68.1116982432007,146.45796,32791.53204,122.26226,26348.57618
10,1.5,2.5,499,50,3,39958,0.406826328003155,68.5481030776876,146.6172,32801.33228,122.26226,26348.57618
10,1.75,2.5,499,50,3,39958,0.405707251824528,68.3129082387471,146.81666,32869.86942,122.26226,26348.57618
10,2,2.5,499,50,3,39958,0.406717093961665,68.3199054274385,144.97268,32179.67184,122.26226,26348.57618
11,0.5,0.5,2499,50,3,11272,0.151564496378184,107.960609520308,46.37642,4017.9959,48.437,4493.91096
11,0.75,0.5,2499,50,3,11272,0.151232908831053,120.8234687876,46.18836,3918.9746,48.437,4493.91096
11,1,0.5,2499,50,3,11272,0.138560215052794,89.9688310241429,46.00662,3875.5703,48.437,4493.91096
11,1.25,0.5,2499,50,3,11272,0.134216108930939,96.8885244704381,46.71508,4035.75628,48.437,4493.91096
11,1.5,0.5,2499,50,3,11272,0.127285537009807,85.9677306389465,46.66938,4055.82994,48.437,4493.91096
11,1.75,0.5,2499,50,3,11272,0.124383181874713,84.1398507638897,46.59214,4051.46626,48.437,4493.91096
11,2,0.5,2499,50,3,11272,0.121772890575731,82.8230701189963,46.61836,4025.45124,48.437,4493.91096
11,0.5,0.75,2499,50,3,11272,0.141162133972024,104.899123640027,46.43144,4022.26216,48.437,4493.91096
11,0.75,0.75,2499,50,3,11272,0.141139959397038,119.198693959627,46.06588,3881.9496,48.437,4493.91096
11,1,0.75,2499,50,3,11272,0.126706201548709,89.4009131391334,46.12684,3924.9194,48.437,4493.91096
11,1.25,0.75,2499,50,3,11272,0.128432226345981,104.445494199363,45.96646,3868.36678,48.437,4493.91096
11,1.5,0.75,2499,50,3,11272,0.114518427018298,84.3715192894632,46.75556,4084.56304,48.437,4493.91096
11,1.75,0.75,2499,50,3,11272,0.112354539449596,84.3308526153987,46.76068,4068.7454,48.437,4493.91096
11,2,0.75,2499,50,3,11272,0.109784648235407,82.8294030310305,46.9176,4119.25736,48.437,4493.91096
11,0.5,1,2499,50,3,11272,0.141536572374026,112.857814104535,46.85502,4089.46322,48.437,4493.91096
11,0.75,1,2499,50,3,11272,0.13370982239719,118.260701186954,46.4956,3976.8328,48.437,4493.91096
11,1,1,2499,50,3,11272,0.119124277169024,89.387875720473,46.31564,3946.87304,48.437,4493.91096
11,1.25,1,2499,50,3,11272,0.122068387776827,106.640462884166,45.88662,3859.2973,48.437,4493.91096
11,1.5,1,2499,50,3,11272,0.107417646251256,84.5880475265844,47.14648,4151.98064,48.437,4493.91096
11,1.75,1,2499,50,3,11272,0.105492838539059,84.5131215733701,46.83576,4111.71444,48.437,4493.91096
11,2,1,2499,50,3,11272,0.103218471704312,83.1557435774202,46.72468,4069.04076,48.437,4493.91096
11,0.5,1.25,2499,50,3,11272,0.132325779292963,103.055707877175,46.79864,4083.45116,48.437,4493.91096
11,0.75,1.25,2499,50,3,11272,0.127958027791274,117.507666573048,46.21882,3941.56362,48.437,4493.91096
11,1,1.25,2499,50,3,11272,0.114340513369894,89.341961576657,46.27208,3957.4422,48.437,4493.91096
11,1.25,1.25,2499,50,3,11272,0.11813055017257,106.760627678357,46.27254,3948.66658,48.437,4493.91096
11,1.5,1.25,2499,50,3,11272,0.103568028927208,84.7504018388346,47.10606,4139.5621,48.437,4493.91096
11,1.75,1.25,2499,50,3,11272,0.102015081399123,84.6615613246581,46.91424,4123.24392,48.437,4493.91096
11,2,1.25,2499,50,3,11272,0.100031510479644,83.10517909148,47.1427,4135.26774,48.437,4493.91096
11,0.5,1.5,2499,50,3,11272,0.129917639642341,105.381791711438,46.6399,4080.66898,48.437,4493.91096
11,0.75,1.5,2499,50,3,11272,0.123609253649623,116.966766467031,46.18144,3922.687,48.437,4493.91096
11,1,1.5,2499,50,3,11272,0.111506383715565,89.3127694066737,46.41298,3955.2451,48.437,4493.91096
11,1.25,1.5,2499,50,3,11272,0.11638026496966,107.600118842886,46.42286,3949.17542,48.437,4493.91096
11,1.5,1.5,2499,50,3,11272,0.101578972887665,84.8505208491928,46.8146,4108.32936,48.437,4493.91096
11,1.75,1.5,2499,50,3,11272,0.100091214416824,84.1760745440949,47.14132,4140.24732,48.437,4493.91096
11,2,1.5,2499,50,3,11272,0.0985927725689919,83.0319379682132,46.84558,4110.76178,48.437,4493.91096
11,0.5,1.75,2499,50,3,11272,0.126741833207395,106.088081411594,46.75856,4097.13396,48.437,4493.91096
11,0.75,1.75,2499,50,3,11272,0.120353877058381,116.588731764602,46.54886,4002.74886,48.437,4493.91096
11,1,1.75,2499,50,3,11272,0.109746015301819,89.2937790528579,46.32384,3968.0392,48.437,4493.91096
11,1.25,1.75,2499,50,3,11272,0.11534274583631,107.635699761453,46.05514,3924.51278,48.437,4493.91096
11,1.5,1.75,2499,50,3,11272,0.10052288739698,84.9205238528548,46.97806,4126.53946,48.437,4493.91096
11,1.75,1.75,2499,50,3,11272,0.0993276152993335,84.2515698916724,46.99564,4139.2594,48.437,4493.91096
11,2,1.75,2499,50,3,11272,0.0980503168006421,83.1046027884493,47.0106,4146.83112,48.437,4493.91096
11,0.5,2,2499,50,3,11272,0.123968799777788,106.699873829398,46.60434,4074.99702,48.437,4493.91096
11,0.75,2,2499,50,3,11272,0.117993656185177,116.268125650487,46.33288,3970.54524,48.437,4493.91096
11,1,2,2499,50,3,11272,0.108563660751145,89.2742885643204,46.27806,3932.35782,48.437,4493.91096
11,1.25,2,2499,50,3,11272,0.114769516595114,107.656890516309,46.2634,3897.7398,48.437,4493.91096
11,1.5,2,2499,50,3,11272,0.0999686657994757,85.0014971359411,47.01438,4146.64774,48.437,4493.91096
11,1.75,2,2499,50,3,11272,0.0989809584794695,84.3057164051752,47.09714,4115.78134,48.437,4493.91096
11,2,2,2499,50,3,11272,0.0978958041514253,83.1668938048376,47.20638,4169.5645,48.437,4493.91096
11,0.5,2.25,2499,50,3,11272,0.121396879409392,106.160090542371,46.60734,4062.17866,48.437,4493.91096
11,0.75,2.25,2499,50,3,11272,0.116216978753223,115.92825616346,46.5239,3981.07222,48.437,4493.91096
11,1,2.25,2499,50,3,11272,0.107730482596448,89.2631000537788,46.81988,4033.0586,48.437,4493.91096
11,1.25,2.25,2499,50,3,11272,0.114457494236947,107.669589039867,46.03886,3887.32626,48.437,4493.91096
11,1.5,2.25,2499,50,3,11272,0.0996486685068329,85.0411662673544,47.07848,4128.86996,48.437,4493.91096
11,1.75,2.25,2499,50,3,11272,0.0988551509938113,84.3461605153992,47.25932,4166.43896,48.437,4493.91096
11,2,2.25,2499,50,3,11272,0.097927803675535,83.2126270364902,47.23422,4167.26862,48.437,4493.91096
11,0.5,2.5,2499,50,3,11272,0.119210383425423,105.832949316841,47.04156,4135.67456,48.437,4493.91096
11,0.75,2.5,2499,50,3,11272,0.115064592999309,115.481709350354,46.24798,3953.51606,48.437,4493.91096
11,1,2.5,2499,50,3,11272,0.107117644066557,89.2461399055361,46.56344,3990.92588,48.437,4493.91096
11,1.25,2.5,2499,50,3,11272,0.114319557384311,107.679164719405,46.3265,3946.64318,48.437,4493.91096
11,1.5,2.5,2499,50,3,11272,0.0994936563039956,85.0706767139091,46.83504,4094.49364,48.437,4493.91096
11,1.75,2.5,2499,50,3,11272,0.0988662179013478,84.3795017880854,47.1553,4185.82614,48.437,4493.91096
11,2,2.5,2499,50,3,11272,0.098085655921412,83.2633710873031,47.20636,4149.97032,48.437,4493.91096
12,0.5,0.5,12499,50,3,32001,0.0983982597740444,230.576855031701,116.1597,22604.85414,116.68538,22725.45066
12,0.75,0.5,12499,50,3,32001,0.125902207151047,397.194608895109,116.10054,22568.94742,116.68538,22725.45066
12,1,0.5,12499,50,3,32001,0.103089435216553,280.923434832478,116.34724,22592.74628,116.68538,22725.45066
12,1.25,0.5,12499,50,3,32001,0.0999098344058814,205.894598892767,115.93594,22506.22058,116.68538,22725.45066
12,1.5,0.5,12499,50,3,32001,0.097016664408999,217.800320439459,117.01368,22868.31388,116.68538,22725.45066
12,1.75,0.5,12499,50,3,32001,0.092061254098257,162.947414198069,116.36242,22721.95094,116.68538,22725.45066
12,2,0.5,12499,50,3,32001,0.0906020530740375,146.040328127036,116.33238,22638.12894,116.68538,22725.45066
12,0.5,0.75,12499,50,3,32001,0.0986231602351883,431.111879064446,116.49648,22737.3124,116.68538,22725.45066
12,0.75,0.75,12499,50,3,32001,0.0947221725718575,360.660999056069,116.71462,22705.8139,116.68538,22725.45066
12,1,0.75,12499,50,3,32001,0.0981523153725106,337.48517448612,116.79374,22790.90698,116.68538,22725.45066
12,1.25,0.75,12499,50,3,32001,0.0819309869998822,195.533800179051,116.3872,22638.5896,116.68538,22725.45066
12,1.5,0.75,12499,50,3,32001,0.0783130275180205,212.037330674932,116.758,22901.17068,116.68538,22725.45066
12,1.75,0.75,12499,50,3,32001,0.0736732103693796,161.427779350943,116.2064,22557.62984,116.68538,22725.45066
12,2,0.75,12499,50,3,32001,0.0721606873057253,141.995775580944,116.29442,22599.27502,116.68538,22725.45066
12,0.5,1,12499,50,3,32001,0.0837777389643484,322.393345241758,116.50862,22802.52254,116.68538,22725.45066
12,0.75,1,12499,50,3,32001,0.0865483834000528,270.851364204246,117.05282,23008.6925,116.68538,22725.45066
12,1,1,12499,50,3,32001,0.117514710224437,449.871894709646,116.72444,22769.50192,116.68538,22725.45066
12,1.25,1,12499,50,3,32001,0.0726964835437013,193.052537753989,116.77772,22882.7592,116.68538,22725.45066
12,1.5,1,12499,50,3,32001,0.0691435933849442,207.576409085209,117.47074,23072.34942,116.68538,22725.45066
12,1.75,1,12499,50,3,32001,0.0652237088690334,158.604937772316,116.26926,22543.84394,116.68538,22725.45066
12,2,1,12499,50,3,32001,0.0639026412599984,141.708610296479,117.02248,22977.675,116.68538,22725.45066
12,0.5,1.25,12499,50,3,32001,0.0663673569173901,172.062339499178,116.8956,22778.22944,116.68538,22725.45066
12,0.75,1.25,12499,50,3,32001,0.0764986538913176,321.014262958394,117.07596,23030.55492,116.68538,22725.45066
12,1,1.25,12499,50,3,32001,0.0700015884366367,164.745101026933,116.95208,22884.10128,116.68538,22725.45066
12,1.25,1.25,12499,50,3,32001,0.0673786433053351,190.041086827156,116.76876,22787.61088,116.68538,22725.45066
12,1.5,1.25,12499,50,3,32001,0.0646322250996558,205.987944739135,117.37468,23016.49348,116.68538,22725.45066
12,1.75,1.25,12499,50,3,32001,0.0610372826742428,158.162998242831,116.71388,22837.18044,116.68538,22725.45066
12,2,1.25,12499,50,3,32001,0.0598453576478384,141.342327315524,116.84934,22812.58882,116.68538,22725.45066
12,0.5,1.5,12499,50,3,32001,0.0648103066160261,181.274649733778,117.39262,23085.59286,116.68538,22725.45066
12,0.75,1.5,12499,50,3,32001,0.188162686243434,976.26023529481,116.79632,22811.80776,116.68538,22725.45066
12,1,1.5,12499,50,3,32001,0.0718176667080494,272.05190327705,117.616,23137.13836,116.68538,22725.45066
12,1.25,1.5,12499,50,3,32001,0.0647329099243867,190.520724693887,117.22756,23021.92216,116.68538,22725.45066
12,1.5,1.5,12499,50,3,32001,0.062013912863887,205.281672438743,117.17446,23031.56446,116.68538,22725.45066
12,1.75,1.5,12499,50,3,32001,0.058632432852308,157.219462671623,116.7822,22843.59372,116.68538,22725.45066
12,2,1.5,12499,50,3,32001,0.0575751413472869,141.59631058277,117.16128,22989.61184,116.68538,22725.45066
12,0.5,1.75,12499,50,3,32001,0.0623075991218118,193.560521414578,116.72918,22880.13618,116.68538,22725.45066
12,0.75,1.75,12499,50,3,32001,0.0753810871108045,349.433159635951,117.51966,23165.09722,116.68538,22725.45066
12,1,1.75,12499,50,3,32001,0.063581731385013,153.790293519574,116.67564,22617.04696,116.68538,22725.45066
12,1.25,1.75,12499,50,3,32001,0.0628473288526165,189.893533323307,116.83784,22856.9706,116.68538,22725.45066
12,1.5,1.75,12499,50,3,32001,0.0602746803327588,204.53108571548,118.21654,23285.68354,116.68538,22725.45066
12,1.75,1.75,12499,50,3,32001,0.0570812749465855,156.758273687276,116.5976,22815.47548,116.68538,22725.45066
12,2,1.75,12499,50,3,32001,0.0562019872651889,140.672565795695,117.23882,23046.1103,116.68538,22725.45066
12,0.5,2,12499,50,3,32001,0.0604974643366193,190.187365734731,117.68008,23132.89412,116.68538,22725.45066
12,0.75,2,12499,50,3,32001,0.0775731908021479,267.743592361709,117.16612,22964.72804,116.68538,22725.45066
12,1,2,12499,50,3,32001,0.121768310777852,484.204996254717,116.72852,22936.383,116.68538,22725.45066
12,1.25,2,12499,50,3,32001,0.0612790641081287,188.674162593299,116.54294,22667.04498,116.68538,22725.45066
12,1.5,2,12499,50,3,32001,0.0598613844614666,207.837606647456,117.10974,23011.8953,116.68538,22725.45066
12,1.75,2,12499,50,3,32001,0.0559771575381237,156.292036887515,117.6087,23154.38994,116.68538,22725.45066
12,2,2,12499,50,3,32001,0.0552569443924633,140.41735667243,117.37428,23111.07156,116.68538,22725.45066
12,0.5,2.25,12499,50,3,32001,0.0599253168501305,179.997413342748,117.979,23295.42472,116.68538,22725.45066
12,0.75,2.25,12499,50,3,32001,0.10569540402836,595.224760877213,116.28374,22683.19246,116.68538,22725.45066
12,1,2.25,12499,50,3,32001,0.113579712659283,447.943242956974,117.38308,22963.70632,116.68538,22725.45066
12,1.25,2.25,12499,50,3,32001,0.0603504190020758,188.763750972349,117.09262,23060.72054,116.68538,22725.45066
12,1.5,2.25,12499,50,3,32001,0.0590879397247872,208.836516062447,117.86048,23177.89724,116.68538,22725.45066
12,1.75,2.25,12499,50,3,32001,0.0552482267872478,158.015880110015,117.29832,22977.17376,116.68538,22725.45066
12,2,2.25,12499,50,3,32001,0.0546227434808603,140.36361538533,117.14554,22993.12722,116.68538,22725.45066
12,0.5,2.5,12499,50,3,32001,0.065283436873192,204.330624221103,117.53806,23244.83958,116.68538,22725.45066
12,0.75,2.5,12499,50,3,32001,0.101092466557718,567.016489632144,116.93618,22865.69198,116.68538,22725.45066
12,1,2.5,12499,50,3,32001,0.0605791582070028,175.536184275498,117.22572,22977.92384,116.68538,22725.45066
12,1.25,2.5,12499,50,3,32001,0.0595147498070972,188.094388464361,116.9748,22904.21812,116.68538,22725.45066
12,1.5,2.5,12499,50,3,32001,0.0584514321985743,208.811528764992,117.1706,23013.00444,116.68538,22725.45066
12,1.75,2.5,12499,50,3,32001,0.0545173447139391,155.582841059837,117.4803,23143.96718,116.68538,22725.45066
12,2,2.5,12499,50,3,32001,0.0541557289311193,140.173257973507,116.85576,22793.73284,116.68538,22725.45066
13,0.5,0.5,499,250,3,21847,0.102025390273975,18.8094967613575,38.284544,2776.229552,36.48594,2616.878412
13,0.75,0.5,499,250,3,21847,0.103165804810166,19.6736033062463,37.897244,2705.20198,36.48594,2616.878412
13,1,0.5,499,250,3,21847,0.110319819262997,19.3167737616506,38.044264,2707.062864,36.48594,2616.878412
13,1.25,0.5,499,250,3,21847,0.10327477452935,19.1452632355487,37.824424,2684.239488,36.48594,2616.878412
13,1.5,0.5,499,250,3,21847,0.103568858987902,18.55355096426,38.020604,2724.702132,36.48594,2616.878412
13,1.75,0.5,499,250,3,21847,0.104087638156895,18.1843175876697,37.989836,2712.281364,36.48594,2616.878412
13,2,0.5,499,250,3,21847,0.104749168815635,17.984401835649,37.90712,2712.980496,36.48594,2616.878412
13,0.5,0.75,499,250,3,21847,0.103997334515972,18.9415235727694,38.21554,2759.139524,36.48594,2616.878412
13,0.75,0.75,499,250,3,21847,0.105233489913625,19.749600963344,38.022952,2723.81016,36.48594,2616.878412
13,1,0.75,499,250,3,21847,0.112467653591077,19.3566247056994,38.078124,2706.48938,36.48594,2616.878412
13,1.25,0.75,499,250,3,21847,0.105264004016512,19.2155096698905,37.811588,2684.370524,36.48594,2616.878412
13,1.5,0.75,499,250,3,21847,0.105559334072444,18.6243937495884,37.902552,2704.683192,36.48594,2616.878412
13,1.75,0.75,499,250,3,21847,0.106118434290783,18.2631684941406,38.09666,2729.810868,36.48594,2616.878412
13,2,0.75,499,250,3,21847,0.106785704047791,18.0592608217951,37.934164,2693.402636,36.48594,2616.878412
13,0.5,1,499,250,3,21847,0.105062285165695,19.007300700204,38.33218,2769.860116,36.48594,2616.878412
13,0.75,1,499,250,3,21847,0.106313758285504,19.7907345923226,38.041124,2726.899556,36.48594,2616.878412
13,1,1,499,250,3,21847,0.113588534598978,19.3794949392186,38.210628,2720.201708,36.48594,2616.878412
13,1.25,1,499,250,3,21847,0.106289663821791,19.249213570645,37.746676,2666.69214,36.48594,2616.878412
13,1.5,1,499,250,3,21847,0.106601405047011,18.6622906704498,37.880332,2695.18478,36.48594,2616.878412
13,1.75,1,499,250,3,21847,0.107178210796519,18.3058452061906,37.944432,2702.66244,36.48594,2616.878412
13,2,1,499,250,3,21847,0.107848087503043,18.0987431418585,38.018156,2717.320828,36.48594,2616.878412
13,0.5,1.25,499,250,3,21847,0.105712689947177,19.0453377809837,38.308176,2780.728216,36.48594,2616.878412
13,0.75,1.25,499,250,3,21847,0.106970324853573,19.8161519106719,37.94442,2705.972732,36.48594,2616.878412
13,1,1.25,499,250,3,21847,0.114275323788849,19.3947297862003,38.096676,2713.891996,36.48594,2616.878412
13,1.25,1.25,499,250,3,21847,0.106939260662972,19.269792602772,37.932492,2705.858964,36.48594,2616.878412
13,1.5,1.25,499,250,3,21847,0.107242687765851,18.6858141118235,37.982356,2705.264444,36.48594,2616.878412
13,1.75,1.25,499,250,3,21847,0.10783845583046,18.3460924823541,37.946228,2697.877476,36.48594,2616.878412
13,2,1.25,499,250,3,21847,0.108494405575845,18.1236313377709,37.89852,2692.70452,36.48594,2616.878412
13,0.5,1.5,499,250,3,21847,0.106296034857722,19.0939026393439,38.286388,2774.853372,36.48594,2616.878412
13,0.75,1.5,499,250,3,21847,0.107416520358175,19.8330231898502,38.032408,2723.842816,36.48594,2616.878412
13,1,1.5,499,250,3,21847,0.11473931199335,19.4056061348536,38.108744,2705.697104,36.48594,2616.878412
13,1.25,1.5,499,250,3,21847,0.107360808743312,19.2879848457412,37.991628,2698.697484,36.48594,2616.878412
13,1.5,1.5,499,250,3,21847,0.107681596375645,18.7003586570332,38.06464,2713.814288,36.48594,2616.878412
13,1.75,1.5,499,250,3,21847,0.108273329743496,18.3636932179477,37.942024,2698.81404,36.48594,2616.878412
13,2,1.5,499,250,3,21847,0.108938494485562,18.1399714070629,38.016368,2718.708704,36.48594,2616.878412
13,0.5,1.75,499,250,3,21847,0.106616059453289,19.1151543112811,38.400388,2784.828964,36.48594,2616.878412
13,0.75,1.75,499,250,3,21847,0.107740089902155,19.8448055283264,38.058412,2725.28374,36.48594,2616.878412
13,1,1.75,499,250,3,21847,0.115074079357856,19.4130683891654,38.18462,2723.13538,36.48594,2616.878412
13,1.25,1.75,499,250,3,21847,0.107670571211844,19.2990710653787,38.019144,2712.644088,36.48594,2616.878412
13,1.5,1.75,499,250,3,21847,0.107995699138432,18.7116377764229,37.963916,2706.687116,36.48594,2616.878412
13,1.75,1.75,499,250,3,21847,0.108588092564336,18.3762486744861,38.019272,2712.754256,36.48594,2616.878412
13,2,1.75,499,250,3,21847,0.109255392034617,18.1522581425685,38.053796,2716.239684,36.48594,2616.878412
13,0.5,2,499,250,3,21847,0.106859647168957,19.1315434148711,38.287584,2775.411744,36.48594,2616.878412
13,0.75,2,499,250,3,21847,0.107982707400016,19.8540455774604,38.05154,2717.832524,36.48594,2616.878412
13,1,2,499,250,3,21847,0.115328359195319,19.419183025062,38.163472,2717.76328,36.48594,2616.878412
13,1.25,2,499,250,3,21847,0.107904305129256,19.3079275759475,37.943416,2699.13204,36.48594,2616.878412
13,1.5,2,499,250,3,21847,0.108243872901327,18.7200682140131,38.097644,2714.4947,36.48594,2616.878412
13,1.75,2,499,250,3,21847,0.108826164975464,18.3853848744297,37.949868,2696.20018,36.48594,2616.878412
13,2,2,499,250,3,21847,0.109498481480193,18.1611181157947,37.985868,2700.463924,36.48594,2616.878412
13,0.5,2.25,499,250,3,21847,0.107051434136619,19.1444105266092,38.323496,2772.085776,36.48594,2616.878412
13,0.75,2.25,499,250,3,21847,0.108172874949606,19.8611091972674,38.13814,2733.082716,36.48594,2616.878412
13,1,2.25,499,250,3,21847,0.115525355514893,19.4234644746157,38.284884,2736.99014,36.48594,2616.878412
13,1.25,2.25,499,250,3,21847,0.108086542845473,19.3144308821604,37.897904,2687.85992,36.48594,2616.878412
13,1.5,2.25,499,250,3,21847,0.108428842554091,18.7270098475012,37.943232,2706.618504,36.48594,2616.878412
13,1.75,2.25,499,250,3,21847,0.109013944992322,18.3924911971157,38.101788,2717.554492,36.48594,2616.878412
13,2,2.25,499,250,3,21847,0.109684630492927,18.1684178971352,38.094412,2709.67946,36.48594,2616.878412
13,0.5,2.5,499,250,3,21847,0.107205981376236,19.1547923161726,38.356544,2777.210496,36.48594,2616.878412
13,0.75,2.5,499,250,3,21847,0.108325180958213,19.8667345165198,38.14428,2724.692224,36.48594,2616.878412
13,1,2.5,499,250,3,21847,0.115684289577603,19.4265631642357,38.138428,2714.704844,36.48594,2616.878412
13,1.25,2.5,499,250,3,21847,0.108234862619974,19.3197318981212,37.928792,2693.976936,36.48594,2616.878412
13,1.5,2.5,499,250,3,21847,0.10856579337498,18.7338479495913,38.073828,2712.77242,36.48594,2616.878412
13,1.75,2.5,499,250,3,21847,0.109163841360707,18.3981764749373,38.040736,2711.991312,36.48594,2616.878412
13,2,2.5,499,250,3,21847,0.109833785481248,18.1741822260244,37.956884,2707.54142,36.48594,2616.878412
14,0.5,0.5,2499,250,3,31281,0.117714212363998,85.1078679771866,172.871112,63851.10972,169.698536,63084.530368
14,0.75,0.5,2499,250,3,31281,0.268180413267024,106.359478160605,175.023216,60991.632056,169.698536,63084.530368
14,1,0.5,2499,250,3,31281,0.251292505479265,109.309767292128,173.854396,60262.306036,169.698536,63084.530368
14,1.25,0.5,2499,250,3,31281,0.255516765957958,113.842936818147,174.040288,60294.449224,169.698536,63084.530368
14,1.5,0.5,2499,250,3,31281,0.258935174071096,115.891882138819,174.359524,60592.430932,169.698536,63084.530368
14,1.75,0.5,2499,250,3,31281,0.259631758937541,113.85015067793,174.17598,60446.85282,169.698536,63084.530368
14,2,0.5,2499,250,3,31281,0.259042315160799,112.971845429876,174.280456,60452.80936,169.698536,63084.530368
14,0.5,0.75,2499,250,3,31281,0.114743475867306,85.0437735888236,171.936468,63503.868684,169.698536,63084.530368
14,0.75,0.75,2499,250,3,31281,0.266893469237885,106.40442256813,174.80816,60725.928288,169.698536,63084.530368
14,1,0.75,2499,250,3,31281,0.249700904999031,109.258497956554,174.188284,60472.567548,169.698536,63084.530368
14,1.25,0.75,2499,250,3,31281,0.254124735488392,113.707929614118,174.036264,60330.576656,169.698536,63084.530368
14,1.5,0.75,2499,250,3,31281,0.257680719852682,115.828523088705,174.496196,60787.914484,169.698536,63084.530368
14,1.75,0.75,2499,250,3,31281,0.257991388362289,113.709270258717,174.394992,60584.13476,169.698536,63084.530368
14,2,0.75,2499,250,3,31281,0.257960289448783,113.253371578523,174.168144,60463.940128,169.698536,63084.530368
14,0.5,1,2499,250,3,31281,0.113257992032371,84.9888833477416,172.521996,63775.650372,169.698536,63084.530368
14,0.75,1,2499,250,3,31281,0.266151865872415,106.377512637478,174.514092,60627.082756,169.698536,63084.530368
14,1,1,2499,250,3,31281,0.248902105136019,109.235178790612,173.616652,60065.68922,169.698536,63084.530368
14,1.25,1,2499,250,3,31281,0.253433709344949,113.656953080409,174.21788,60435.787072,169.698536,63084.530368
14,1.5,1,2499,250,3,31281,0.257283449182725,115.722060141975,174.4948,60626.82964,169.698536,63084.530368
14,1.75,1,2499,250,3,31281,0.257398044095681,113.678788429288,174.084172,60318.736796,169.698536,63084.530368
14,2,1,2499,250,3,31281,0.257386377570819,113.231454322617,174.063704,60409.50232,169.698536,63084.530368
14,0.5,1.25,2499,250,3,31281,0.112369973902636,84.9573508121427,172.494592,63984.728104,169.698536,63084.530368
14,0.75,1.25,2499,250,3,31281,0.263578454291804,103.06159475571,175.083676,61090.014476,169.698536,63084.530368
14,1,1.25,2499,250,3,31281,0.248650346763417,109.376506750394,173.7116,60163.565216,169.698536,63084.530368
14,1.25,1.25,2499,250,3,31281,0.253022056802967,113.624806094813,174.229808,60532.585296,169.698536,63084.530368
14,1.5,1.25,2499,250,3,31281,0.256909757427012,115.693999692913,174.116932,60410.979308,169.698536,63084.530368
14,1.75,1.25,2499,250,3,31281,0.257009460954565,113.650399586175,174.0922,60384.649968,169.698536,63084.530368
14,2,1.25,2499,250,3,31281,0.257040797094927,113.221154008375,173.999048,60268.052008,169.698536,63084.530368
14,0.5,1.5,2499,250,3,31281,0.111750831192206,85.0432351452714,172.048872,63615.692584,169.698536,63084.530368
14,0.75,1.5,2499,250,3,31281,0.262619646940637,102.72098337989,174.975572,60911.773644,169.698536,63084.530368
14,1,1.5,2499,250,3,31281,0.248333510977003,109.36410493039,174.367068,60589.843044,169.698536,63084.530368
14,1.25,1.5,2499,250,3,31281,0.252749659783509,113.604201720917,174.052344,60231.7122,169.698536,63084.530368
14,1.5,1.5,2499,250,3,31281,0.256660464289932,115.675765061546,174.354796,60660.049964,169.698536,63084.530368
14,1.75,1.5,2499,250,3,31281,0.256761363671606,113.629284972512,174.050408,60299.799616,169.698536,63084.530368
14,2,1.5,2499,250,3,31281,0.25680959371531,113.215018346692,173.967848,60203.726104,169.698536,63084.530368
14,0.5,1.75,2499,250,3,31281,0.111338358194101,85.0303110669587,171.922896,63408.189864,169.698536,63084.530368
14,0.75,1.75,2499,250,3,31281,0.262383859661255,102.691851596683,175.098988,61146.737812,169.698536,63084.530368
14,1,1.75,2499,250,3,31281,0.248109213391006,109.356022063369,173.94104,60391.33496,169.698536,63084.530368
14,1.25,1.75,2499,250,3,31281,0.252555869418543,113.590222646452,174.156476,60484.843764,169.698536,63084.530368
14,1.5,1.75,2499,250,3,31281,0.256483129184067,115.661980991502,174.361548,60708.830588,169.698536,63084.530368
14,1.75,1.75,2499,250,3,31281,0.256593003620325,113.622389183736,174.2901,60571.970916,169.698536,63084.530368
14,2,1.75,2499,250,3,31281,0.256644497164281,113.209758688547,173.701564,60266.164628,169.698536,63084.530368
14,0.5,2,2499,250,3,31281,0.111031295113146,85.0195860811094,172.35042,63729.647484,169.698536,63084.530368
14,0.75,2,2499,250,3,31281,0.262207756597422,102.673566246273,175.113396,61107.818676,169.698536,63084.530368
14,1,2,2499,250,3,31281,0.247940605348527,109.350342222565,173.6655,60248.945996,169.698536,63084.530368
14,1.25,2,2499,250,3,31281,0.252410062102222,113.5798120298,174.038692,60595.715732,169.698536,63084.530368
14,1.5,2,2499,250,3,31281,0.256350277334201,115.652090230739,174.360348,60623.886572,169.698536,63084.530368
14,1.75,2,2499,250,3,31281,0.256466779145417,113.617509629899,174.328244,60480.521548,169.698536,63084.530368
14,2,2,2499,250,3,31281,0.256521040280644,113.206094353685,174.179096,60455.228768,169.698536,63084.530368
14,0.5,2.25,2499,250,3,31281,0.110794725031366,85.0084349772123,172.413952,63704.205992,169.698536,63084.530368
14,0.75,2.25,2499,250,3,31281,0.26207184362569,102.658906209174,174.852676,60875.279948,169.698536,63084.530368
14,1,2.25,2499,250,3,31281,0.247810159110145,109.347427300607,173.97584,60397.38832,169.698536,63084.530368
14,1.25,2.25,2499,250,3,31281,0.251776934373023,112.501053473171,174.116868,60354.487348,169.698536,63084.530368
14,1.5,2.25,2499,250,3,31281,0.256246697980979,115.644319468546,173.944788,60258.116164,169.698536,63084.530368
14,1.75,2.25,2499,250,3,31281,0.256368750244648,113.614020671189,173.883176,60378.56828,169.698536,63084.530368
14,2,2.25,2499,250,3,31281,0.256424507173228,113.203816829196,174.125404,60507.151332,169.698536,63084.530368
14,0.5,2.5,2499,250,3,31281,0.110605757870545,85.0036632539657,171.735692,63424.112732,169.698536,63084.530368
14,0.75,2.5,2499,250,3,31281,0.261964279116693,102.645761613938,174.706932,60895.546052,169.698536,63084.530368
14,1,2.5,2499,250,3,31281,0.24770645736226,109.34469297945,173.665704,60153.15084,169.698536,63084.530368
14,1.25,2.5,2499,250,3,31281,0.251686389542941,112.489695122985,174.095296,60341.615328,169.698536,63084.530368
14,1.5,2.5,2499,250,3,31281,0.256164083912367,115.637835672766,174.319244,60457.609732,169.698536,63084.530368
14,1.75,2.5,2499,250,3,31281,0.256290199131525,113.611388733358,174.234608,60365.450576,169.698536,63084.530368
14,2,2.5,2499,250,3,31281,0.256347208059454,113.201660275261,174.036228,60290.031068,169.698536,63084.530368
15,0.5,0.5,12499,250,3,9604,0.0855270187939749,231.461089079546,91.590452,14470.213836,91.513232,14439.352936
15,0.75,0.5,12499,250,3,9604,0.0852571602367388,190.706976413383,91.264292,14403.153404,91.513232,14439.352936
15,1,0.5,12499,250,3,9604,0.0792723984626541,179.201880856321,91.26006,14402.73342,91.513232,14439.352936
15,1.25,0.5,12499,250,3,9604,0.0797107837698602,188.745204569624,91.285704,14380.64888,91.513232,14439.352936
15,1.5,0.5,12499,250,3,9604,0.0796712982771706,192.643738050978,91.600328,14497.965816,91.513232,14439.352936
15,1.75,0.5,12499,250,3,9604,0.0835175542588025,195.017015815417,91.387304,14428.642392,91.513232,14439.352936
15,2,0.5,12499,250,3,9604,0.0831335292771529,206.536690222016,91.309544,14412.889472,91.513232,14439.352936
15,0.5,0.75,12499,250,3,9604,0.0836881741786225,133.264010106477,91.364236,14419.66974,91.513232,14439.352936
15,0.75,0.75,12499,250,3,9604,0.0843217440557314,199.065101534981,91.433608,14441.33504,91.513232,14439.352936
15,1,0.75,12499,250,3,9604,0.0820529225630772,203.615033812235,91.446056,14423.194776,91.513232,14439.352936
15,1.25,0.75,12499,250,3,9604,0.0813027449010891,211.443770998136,91.290944,14404.073128,91.513232,14439.352936
15,1.5,0.75,12499,250,3,9604,0.0807624552761079,216.61835010699,91.427476,14455.30778,91.513232,14439.352936
15,1.75,0.75,12499,250,3,9604,0.0837696907327613,208.525439033753,91.261376,14397.7496,91.513232,14439.352936
15,2,0.75,12499,250,3,9604,0.081339654245489,204.820404741745,91.191344,14355.225928,91.513232,14439.352936
15,0.5,1,12499,250,3,9604,0.0865081076803577,156.629231676373,91.394012,14455.48314,91.513232,14439.352936
15,0.75,1,12499,250,3,9604,0.0821572959451615,194.630175431449,91.34904,14404.816056,91.513232,14439.352936
15,1,1,12499,250,3,9604,0.0805469183254046,206.870478530013,91.313824,14407.418584,91.513232,14439.352936
15,1.25,1,12499,250,3,9604,0.0812984821484077,215.717231214546,91.162604,14369.961796,91.513232,14439.352936
15,1.5,1,12499,250,3,9604,0.0807797579993836,221.674375197845,91.724368,14514.371648,91.513232,14439.352936
15,1.75,1,12499,250,3,9604,0.0828462019056461,215.278497054349,91.515328,14462.723872,91.513232,14439.352936
15,2,1,12499,250,3,9604,0.082889234448214,219.234833817521,91.425572,14440.121796,91.513232,14439.352936
15,0.5,1.25,12499,250,3,9604,0.084715075859223,127.838662899039,91.373216,14388.45604,91.513232,14439.352936
15,0.75,1.25,12499,250,3,9604,0.0819108050878772,170.54107692167,91.617244,14491.808556,91.513232,14439.352936
15,1,1.25,12499,250,3,9604,0.0790733319287437,208.432508981476,91.346896,14404.23504,91.513232,14439.352936
15,1.25,1.25,12499,250,3,9604,0.0794510959947391,216.358376249027,91.274776,14392.584984,91.513232,14439.352936
15,1.5,1.25,12499,250,3,9604,0.0804758177625238,222.992522956608,91.119308,14341.25766,91.513232,14439.352936
15,1.75,1.25,12499,250,3,9604,0.082139741731441,225.754346770784,91.234944,14386.740056,91.513232,14439.352936
15,2,1.25,12499,250,3,9604,0.082189941761533,228.696812142944,91.43696,14421.916952,91.513232,14439.352936
15,0.5,1.5,12499,250,3,9604,0.0846235425815905,138.121977523267,91.474936,14469.633144,91.513232,14439.352936
15,0.75,1.5,12499,250,3,9604,0.0804697197747972,193.207829835952,91.440468,14415.228284,91.513232,14439.352936
15,1,1.5,12499,250,3,9604,0.0783545863190751,200.441016777256,91.18624,14378.82108,91.513232,14439.352936
15,1.25,1.5,12499,250,3,9604,0.0791158472847084,216.988571910654,91.211548,14355.596124,91.513232,14439.352936
15,1.5,1.5,12499,250,3,9604,0.0788715256582264,222.382984060966,91.6199,14480.859436,91.513232,14439.352936
15,1.75,1.5,12499,250,3,9604,0.0818530024196234,227.356596962929,91.1455,14388.082596,91.513232,14439.352936
15,2,1.5,12499,250,3,9604,0.0818766232321509,230.28933642188,91.31116,14389.572488,91.513232,14439.352936
15,0.5,1.75,12499,250,3,9604,0.0835239466795982,177.757382212391,91.222148,14375.093932,91.513232,14439.352936
15,0.75,1.75,12499,250,3,9604,0.079683527222443,199.46227913044,91.563808,14484.064688,91.513232,14439.352936
15,1,1.75,12499,250,3,9604,0.0780805289943187,199.794240638797,91.40476,14396.267368,91.513232,14439.352936
15,1.25,1.75,12499,250,3,9604,0.0788695418103282,217.132551891031,91.398768,14409.574264,91.513232,14439.352936
15,1.5,1.75,12499,250,3,9604,0.0790086992895336,223.170618563103,91.443224,14435.751704,91.513232,14439.352936
15,1.75,1.75,12499,250,3,9604,0.0814574147922948,230.70159726705,91.240608,14401.008112,91.513232,14439.352936
15,2,1.75,12499,250,3,9604,0.0817280071548873,232.803220119181,91.595976,14486.609784,91.513232,14439.352936
15,0.5,2,12499,250,3,9604,0.0786950117445892,189.610495066398,91.365204,14435.025364,91.513232,14439.352936
15,0.75,2,12499,250,3,9604,0.0795061419166709,202.028610791412,91.536236,14450.155404,91.513232,14439.352936
15,1,2,12499,250,3,9604,0.0775946039487721,192.128113802049,91.345252,14379.736452,91.513232,14439.352936
15,1.25,2,12499,250,3,9604,0.0781635037759951,216.859160700405,91.414164,14419.942052,91.513232,14439.352936
15,1.5,2,12499,250,3,9604,0.0789740161475839,223.608862200486,91.433784,14423.859072,91.513232,14439.352936
15,1.75,2,12499,250,3,9604,0.0814440908123153,231.210468336011,91.284152,14419.466832,91.513232,14439.352936
15,2,2,12499,250,3,9604,0.0815477550166395,234.251964924366,91.45812,14427.620496,91.513232,14439.352936
15,0.5,2.25,12499,250,3,9604,0.0805668862406147,208.771848342156,91.462832,14452.039152,91.513232,14439.352936
15,0.75,2.25,12499,250,3,9604,0.0788481421124304,207.270464606227,91.243068,14423.266468,91.513232,14439.352936
15,1,2.25,12499,250,3,9604,0.0761649621881829,203.73875331634,91.366704,14422.198128,91.513232,14439.352936
15,1.25,2.25,12499,250,3,9604,0.0780192686504634,217.645917451733,91.499584,14467.333256,91.513232,14439.352936
15,1.5,2.25,12499,250,3,9604,0.0788646584718305,223.375215304952,91.255032,14375.32392,91.513232,14439.352936
15,1.75,2.25,12499,250,3,9604,0.0805872542248607,230.631494319486,91.218668,14379.86082,91.513232,14439.352936
15,2,2.25,12499,250,3,9604,0.0817298041268244,235.484923268248,91.38102,14409.932772,91.513232,14439.352936
15,0.5,2.5,12499,250,3,9604,0.0802488638390116,186.705699330254,91.367168,14396.481576,91.513232,14439.352936
15,0.75,2.5,12499,250,3,9604,0.0786636562370733,208.79339059347,91.292508,14392.164252,91.513232,14439.352936
15,1,2.5,12499,250,3,9604,0.0758331311978433,208.487516062175,91.404856,14437.44256,91.513232,14439.352936
15,1.25,2.5,12499,250,3,9604,0.0777505615003764,217.049590695589,91.31456,14416.487952,91.513232,14439.352936
15,1.5,2.5,12499,250,3,9604,0.0782324181760773,222.928654151049,91.3845,14426.369564,91.513232,14439.352936
15,1.75,2.5,12499,250,3,9604,0.0806642616871781,231.589058377706,91.289636,14411.830324,91.513232,14439.352936
15,2,2.5,12499,250,3,9604,0.0817968458155702,236.391487304263,91.663012,14531.348148,91.513232,14439.352936
16,0.5,0.5,499,1250,3,29399,0.150070318565712,14.3002044446253,77.2849024,10148.4493728,74.1667208,9280.1666008
16,0.75,0.5,499,1250,3,29399,0.126869452028145,12.5637733195652,75.6182448,9775.51652000002,74.1667208,9280.1666008
16,1,0.5,499,1250,3,29399,0.135367593471539,14.508859073057,78.2313824,10336.5292288,74.1667208,9280.1666008
16,1.25,0.5,499,1250,3,29399,0.139837325506624,13.8439061649433,78.3423928,10362.2956408,74.1667208,9280.1666008
16,1.5,0.5,499,1250,3,29399,0.138881460745868,13.5099809048094,78.490068,10402.1079128,74.1667208,9280.1666008
16,1.75,0.5,499,1250,3,29399,0.137539919939662,13.3666306293866,78.6971184,10435.913416,74.1667208,9280.1666008
16,2,0.5,499,1250,3,29399,0.137918710106795,13.061973179285,78.6762776,10425.8199928,74.1667208,9280.1666008
16,0.5,0.75,499,1250,3,29399,0.150052212487526,14.3056231486085,77.3292096,10157.9792896,74.1667208,9280.1666008
16,0.75,0.75,499,1250,3,29399,0.126879079414402,12.5724123554004,75.6661824,9776.08429119999,74.1667208,9280.1666008
16,1,0.75,499,1250,3,29399,0.135442389467904,14.5302895639756,78.1812632,10322.662956,74.1667208,9280.1666008
16,1.25,0.75,499,1250,3,29399,0.139913428705464,13.861657015078,78.3675872,10379.0790368,74.1667208,9280.1666008
16,1.5,0.75,499,1250,3,29399,0.138966537780383,13.5292039007142,78.593712,10421.5980192,74.1667208,9280.1666008
16,1.75,0.75,499,1250,3,29399,0.137643500213052,13.3920453678414,78.704144,10428.5362928,74.1667208,9280.1666008
16,2,0.75,499,1250,3,29399,0.13802261518348,13.0889461093412,78.6601,10426.5472248,74.1667208,9280.1666008
16,0.5,1,499,1250,3,29399,0.150028525354218,14.2996074943108,77.428472,10175.9003472,74.1667208,9280.1666008
16,0.75,1,499,1250,3,29399,0.126882815299631,12.5762613213654,75.6452088,9771.03686319999,74.1667208,9280.1666008
16,1,1,499,1250,3,29399,0.135485110238484,14.54039043293,78.1803904,10324.5042192,74.1667208,9280.1666008
16,1.25,1,499,1250,3,29399,0.139951851261424,13.8704677056476,78.3174512,10352.5430464,74.1667208,9280.1666008
16,1.5,1,499,1250,3,29399,0.139009203438312,13.5389401884183,78.5288528,10405.8925536,74.1667208,9280.1666008
16,1.75,1,499,1250,3,29399,0.137691584590392,13.4030213844502,78.686968,10444.4021616,74.1667208,9280.1666008
16,2,1,499,1250,3,29399,0.138071720249435,13.1004846614925,78.707684,10431.9138264,74.1667208,9280.1666008
16,0.5,1.25,499,1250,3,29399,0.150021029833669,14.3010007818016,77.347588,10148.6558168,74.1667208,9280.1666008
16,0.75,1.25,499,1250,3,29399,0.126882903815294,12.5785163906511,75.7232064,9801.94411360002,74.1667208,9280.1666008
16,1,1.25,499,1250,3,29399,0.135510565248047,14.5464529612759,78.1734488,10322.462292,74.1667208,9280.1666008
16,1.25,1.25,499,1250,3,29399,0.139975839934516,13.8757858289018,78.413516,10376.7550584,74.1667208,9280.1666008
16,1.5,1.25,499,1250,3,29399,0.13903447346211,13.5446357508878,78.5606016,10407.5048096,74.1667208,9280.1666008
16,1.75,1.25,499,1250,3,29399,0.137721236788856,13.4097383879702,78.6670512,10423.312832,74.1667208,9280.1666008
16,2,1.25,499,1250,3,29399,0.138101004382668,13.1072918993342,78.7222376,10449.7748328,74.1667208,9280.1666008
16,0.5,1.5,499,1250,3,29399,0.150015147938165,14.3014422950214,77.4199672,10167.6204712,74.1667208,9280.1666008
16,0.75,1.5,499,1250,3,29399,0.126884062677754,12.5799984991767,75.5450216,9755.63239440002,74.1667208,9280.1666008
16,1,1.5,499,1250,3,29399,0.135526891124506,14.5503107368054,78.3684304,10367.6384608,74.1667208,9280.1666008
16,1.25,1.5,499,1250,3,29399,0.139991499444216,13.8791538145897,78.4030504,10371.6674408,74.1667208,9280.1666008
16,1.5,1.5,499,1250,3,29399,0.139051770364181,13.5484862952668,78.3666176,10370.7184752,74.1667208,9280.1666008
16,1.75,1.5,499,1250,3,29399,0.137740835460171,13.4139731190966,78.6450488,10427.0991912,74.1667208,9280.1666008
16,2,1.5,499,1250,3,29399,0.138120745383538,13.1117019331451,78.5495768,10413.642668,74.1667208,9280.1666008
16,0.5,1.75,499,1250,3,29399,0.150011557756033,14.3020635030794,77.4094792,10167.0912856,74.1667208,9280.1666008
16,0.75,1.75,499,1250,3,29399,0.126883852503987,12.5811149061791,75.6308752,9773.97591680002,74.1667208,9280.1666008
16,1,1.75,499,1250,3,29399,0.135539195949356,14.5530555420277,78.1414272,10311.9631504,74.1667208,9280.1666008
16,1.25,1.75,499,1250,3,29399,0.140001430689802,13.8816670589085,78.3946448,10372.164592,74.1667208,9280.1666008
16,1.5,1.75,499,1250,3,29399,0.139063924261988,13.5511547171588,78.531452,10390.8315464,74.1667208,9280.1666008
16,1.75,1.75,499,1250,3,29399,0.137753756892415,13.4171339585513,78.7689208,10450.5892552,74.1667208,9280.1666008
16,2,1.75,499,1250,3,29399,0.138134896141572,13.115032830212,78.6523128,10429.5083544,74.1667208,9280.1666008
16,0.5,2,499,1250,3,29399,0.150008076756921,14.3023747545572,77.414268,10176.2738616,74.1667208,9280.1666008
16,0.75,2,499,1250,3,29399,0.126883735469072,12.581935895177,75.6042672,9773.39563360002,74.1667208,9280.1666008
16,1,2,499,1250,3,29399,0.135548450009743,14.5553207635453,78.1950296,10318.0000776,74.1667208,9280.1666008
16,1.25,2,499,1250,3,29399,0.140010973565688,13.8839740993053,78.4093952,10370.8902112,74.1667208,9280.1666008
16,1.5,2,499,1250,3,29399,0.139072957024124,13.553244270033,78.5114896,10386.4267664,74.1667208,9280.1666008
16,1.75,2,499,1250,3,29399,0.137764605635346,13.4194705118129,78.8202048,10471.6572736,74.1667208,9280.1666008
16,2,2,499,1250,3,29399,0.138145014150076,13.1173249696677,78.5234952,10392.1456424,74.1667208,9280.1666008
16,0.5,2.25,499,1250,3,29399,0.150007485871856,14.3025940741577,77.361728,10162.6738112,74.1667208,9280.1666008
16,0.75,2.25,499,1250,3,29399,0.12688377005943,12.5824947213131,75.5789016,9768.01739760001,74.1667208,9280.1666008
16,1,2.25,499,1250,3,29399,0.135555200916975,14.5570260603176,78.1588704,10321.0376608,74.1667208,9280.1666008
16,1.25,2.25,499,1250,3,29399,0.140017703179831,13.8854724165713,78.3931344,10374.7921904,74.1667208,9280.1666008
16,1.5,2.25,499,1250,3,29399,0.139079941217657,13.5547501500493,78.5416408,10417.4928472,74.1667208,9280.1666008
16,1.75,2.25,499,1250,3,29399,0.137772469574919,13.4213897114345,78.7055808,10438.1422592,74.1667208,9280.1666008
16,2,2.25,499,1250,3,29399,0.138153135170149,13.1191682715508,78.6518936,10425.0364616,74.1667208,9280.1666008
16,0.5,2.5,499,1250,3,29399,0.150005653783909,14.3026915446613,77.4068872,10167.307948,74.1667208,9280.1666008
16,0.75,2.5,499,1250,3,29399,0.126883806550858,12.58306201838,75.6709184,9793.78996959999,74.1667208,9280.1666008
16,1,2.5,499,1250,3,29399,0.135561173583234,14.5584257969344,78.2274288,10327.8288896,74.1667208,9280.1666008
16,1.25,2.5,499,1250,3,29399,0.140023091533942,13.8866482248313,78.562516,10421.8437576,74.1667208,9280.1666008
16,1.5,2.5,499,1250,3,29399,0.139085893887765,13.5559994795382,78.4882984,10387.4956584,74.1667208,9280.1666008
16,1.75,2.5,499,1250,3,29399,0.137778979805297,13.4227700472305,78.6690456,10424.9679784,74.1667208,9280.1666008
16,2,2.5,499,1250,3,29399,0.138159887064183,13.1207799922159,78.6594104,10426.5312136,74.1667208,9280.1666008
17,0.5,0.5,2499,1250,3,39247,0.0653330470478975,36.0282598788506,108.6368984,19907.8922232,104.0881264,18018.8886752
17,0.75,0.5,2499,1250,3,39247,0.0376083281897718,12.7395304608695,107.9294464,19623.6381152,104.0881264,18018.8886752
17,1,0.5,2499,1250,3,39247,0.0915792374288209,43.6648959998509,108.0801576,19299.2741720001,104.0881264,18018.8886752
17,1.25,0.5,2499,1250,3,39247,0.0824968202106628,44.9237917020143,106.910772,18930.5005304,104.0881264,18018.8886752
17,1.5,0.5,2499,1250,3,39247,0.0659287261452366,29.4923868678157,107.2447936,18973.6809184,104.0881264,18018.8886752
17,1.75,0.5,2499,1250,3,39247,0.0710577943911765,28.7735541901235,107.2281304,18971.6475672,104.0881264,18018.8886752
17,2,0.5,2499,1250,3,39247,0.0493426111210789,17.0135587302917,106.7862624,18889.1644192,104.0881264,18018.8886752
17,0.5,0.75,2499,1250,3,39247,0.114159875058339,58.2388825196547,115.6382952,22963.2829704,104.0881264,18018.8886752
17,0.75,0.75,2499,1250,3,39247,0.0642659113967761,22.4854049901463,107.5355184,19115.5262096,104.0881264,18018.8886752
17,1,0.75,2499,1250,3,39247,0.0682368195802142,28.825578890804,107.386848,19030.337024,104.0881264,18018.8886752
17,1.25,0.75,2499,1250,3,39247,0.0621136428264306,24.6281597463774,106.9144912,18889.5316927999,104.0881264,18018.8886752
17,1.5,0.75,2499,1250,3,39247,0.0682551133911378,31.862495284816,107.7310896,19148.3225872,104.0881264,18018.8886752
17,1.75,0.75,2499,1250,3,39247,0.0754185144577737,30.1686969870787,107.6511064,19123.4276488,104.0881264,18018.8886752
17,2,0.75,2499,1250,3,39247,0.0549774639881231,18.1414603354154,107.193836,19023.2762824001,104.0881264,18018.8886752
17,0.5,1,2499,1250,3,39247,0.0626109161836958,36.0365875598729,109.6700368,20364.0837792,104.0881264,18018.8886752
17,0.75,1,2499,1250,3,39247,0.0382400701884888,11.9652889342543,107.7283344,19528.5241536,104.0881264,18018.8886752
17,1,1,2499,1250,3,39247,0.107697318917039,62.0553983027977,107.3058824,19003.1617079999,104.0881264,18018.8886752
17,1.25,1,2499,1250,3,39247,0.0576096743802694,24.8238311264421,107.2870784,19029.5269504,104.0881264,18018.8886752
17,1.5,1,2499,1250,3,39247,0.0717719377629908,31.8006668867734,107.9762856,19242.0217304,104.0881264,18018.8886752
17,1.75,1,2499,1250,3,39247,0.0781194164306199,30.668293116454,107.7737896,19149.9235304,104.0881264,18018.8886752
17,2,1,2499,1250,3,39247,0.0587798395882355,18.9106973886234,107.4192256,19094.7337536,104.0881264,18018.8886752
17,0.5,1.25,2499,1250,3,39247,0.122329301680966,67.6734079377188,108.8610384,19887.7444768,104.0881264,18018.8886752
17,0.75,1.25,2499,1250,3,39247,0.0432044823316675,15.3141678463191,108.1000344,19635.2779192,104.0881264,18018.8886752
17,1,1.25,2499,1250,3,39247,0.0895658099997111,26.444206976968,113.5981904,21654.5179696,104.0881264,18018.8886752
17,1.25,1.25,2499,1250,3,39247,0.0622470467316206,31.7083318564008,107.4832584,19078.3392264,104.0881264,18018.8886752
17,1.5,1.25,2499,1250,3,39247,0.0721599143816401,30.4863193047714,108.0058,19256.5428288,104.0881264,18018.8886752
17,1.75,1.25,2499,1250,3,39247,0.0799969695913283,31.0316897712781,107.8143696,19163.065568,104.0881264,18018.8886752
17,2,1.25,2499,1250,3,39247,0.0609460596281222,20.9182811495113,107.4439984,19092.4866527999,104.0881264,18018.8886752
17,0.5,1.5,2499,1250,3,39247,0.0989638728044309,42.827855003697,113.3448664,21780.4555016,104.0881264,18018.8886752
17,0.75,1.5,2499,1250,3,39247,0.0449292478236565,15.5613784156893,108.2528872,19691.070412,104.0881264,18018.8886752
17,1,1.5,2499,1250,3,39247,0.0701068213458813,26.3300093943975,107.0117024,18882.0589552,104.0881264,18018.8886752
17,1.25,1.5,2499,1250,3,39247,0.0642680827223557,30.7524722708047,107.7116152,19171.0304664,104.0881264,18018.8886752
17,1.5,1.5,2499,1250,3,39247,0.121325342317012,67.8702994226493,108.1639584,19268.520528,104.0881264,18018.8886752
17,1.75,1.5,2499,1250,3,39247,0.0816113758015987,31.2666010268008,108.0229424,19221.811472,104.0881264,18018.8886752
17,2,1.5,2499,1250,3,39247,0.0629651142857485,21.3445624139964,107.7230248,19209.80182,104.0881264,18018.8886752
17,0.5,1.75,2499,1250,3,39247,0.0594326028190862,31.366402101204,106.9029624,18917.6653992,104.0881264,18018.8886752
17,0.75,1.75,2499,1250,3,39247,0.0406399637190092,12.8516776070922,107.732724,19468.8220855999,104.0881264,18018.8886752
17,1,1.75,2499,1250,3,39247,0.0686162528352947,18.5984867445656,108.0110952,19253.3529848,104.0881264,18018.8886752
17,1.25,1.75,2499,1250,3,39247,0.0647859209460497,31.5207072250698,107.7224032,19159.6175344,104.0881264,18018.8886752
17,1.5,1.75,2499,1250,3,39247,0.11412480599749,60.734687023966,108.1228904,19254.6729656,104.0881264,18018.8886752
17,1.75,1.75,2499,1250,3,39247,0.0828313294803306,31.5545867455324,108.082516,19262.3087224,104.0881264,18018.8886752
17,2,1.75,2499,1250,3,39247,0.065145241210741,20.1598011152595,107.8619976,19257.0532696,104.0881264,18018.8886752
17,0.5,2,2499,1250,3,39247,0.074911996669044,25.8455391018147,111.5147888,20970.9531776,104.0881264,18018.8886752
17,0.75,2,2499,1250,3,39247,0.0465611005998261,19.8391031960086,108.363704,19730.189408,104.0881264,18018.8886752
17,1,2,2499,1250,3,39247,0.11963848108999,66.1099057780256,108.2190456,19289.1698392,104.0881264,18018.8886752
17,1.25,2,2499,1250,3,39247,0.0664660224710993,32.1756870377177,107.8702976,19208.1950912,104.0881264,18018.8886752
17,1.5,2,2499,1250,3,39247,0.108505758282563,53.5750032345444,108.1723264,19274.7546352,104.0881264,18018.8886752
17,1.75,2,2499,1250,3,39247,0.0838202939290352,31.7613644104121,108.2137248,19295.0890848,104.0881264,18018.8886752
17,2,2,2499,1250,3,39247,0.0663754975957612,20.4185628322156,107.943584,19270.291912,104.0881264,18018.8886752
17,0.5,2.25,2499,1250,3,39247,0.0719796326384786,19.4415105619513,107.6978288,19165.8793216,104.0881264,18018.8886752
17,0.75,2.25,2499,1250,3,39247,0.0483817610195777,15.5479488320013,108.7197048,19909.3603704,104.0881264,18018.8886752
17,1,2.25,2499,1250,3,39247,0.0697992910634503,23.7331326371686,107.921652,19217.7950184,104.0881264,18018.8886752
17,1.25,2.25,2499,1250,3,39247,0.0670098797052446,31.5610689171545,107.7994632,19202.211388,104.0881264,18018.8886752
17,1.5,2.25,2499,1250,3,39247,0.103065894132414,46.8535608145706,108.1365096,19251.460524,104.0881264,18018.8886752
17,1.75,2.25,2499,1250,3,39247,0.0846290111377604,31.9104017256218,108.218004,19306.2005656,104.0881264,18018.8886752
17,2,2.25,2499,1250,3,39247,0.0673720657847983,20.6302786626762,107.9397464,19266.9489592,104.0881264,18018.8886752
17,0.5,2.5,2499,1250,3,39247,0.0530701362850782,24.3185172038487,106.153148,18677.5417048,104.0881264,18018.8886752
17,0.75,2.5,2499,1250,3,39247,0.044508395480254,13.5283247901069,107.7707592,19490.0938504,104.0881264,18018.8886752
17,1,2.5,2499,1250,3,39247,0.0691129214628571,20.4133292400511,108.4489424,19463.5307056,104.0881264,18018.8886752
17,1.25,2.5,2499,1250,3,39247,0.0658787194841179,29.7152279022433,107.5881712,19106.0628768,104.0881264,18018.8886752
17,1.5,2.5,2499,1250,3,39247,0.10138883916337,44.4449737372883,108.2503424,19301.7948976,104.0881264,18018.8886752
17,1.75,2.5,2499,1250,3,39247,0.0853031958518356,32.0335057926013,108.2768704,19299.2230768001,104.0881264,18018.8886752
17,2,2.5,2499,1250,3,39247,0.0681974380243791,20.8093939555253,108.134764,19332.919468,104.0881264,18018.8886752
18,0.5,0.5,12499,1250,3,26382,0.0466394557272599,55.8764932136528,137.1970936,34054.8354328,136.875988,33894.0021576
18,0.75,0.5,12499,1250,3,26382,0.0331726934464171,97.9663243121196,136.8515344,33870.4328815999,136.875988,33894.0021576
18,1,0.5,12499,1250,3,26382,0.0355090317231822,82.5945782528711,136.950068,33896.4467336,136.875988,33894.0021576
18,1.25,0.5,12499,1250,3,26382,0.0363864617760167,84.4357309403184,136.7215192,33758.5508343999,136.875988,33894.0021576
18,1.5,0.5,12499,1250,3,26382,0.0350265400503281,66.859158654225,136.7682528,33814.4869136,136.875988,33894.0021576
18,1.75,0.5,12499,1250,3,26382,0.0358670561341901,38.3798519166384,136.7808872,33786.6836168001,136.875988,33894.0021576
18,2,0.5,12499,1250,3,26382,0.0353930445207684,40.1103737504192,136.717224,33827.4054368,136.875988,33894.0021576
18,0.5,0.75,12499,1250,3,26382,0.0424645437342244,51.6078574464661,137.076216,34017.5465968,136.875988,33894.0021576
18,0.75,0.75,12499,1250,3,26382,0.0353604430873112,49.9249675334033,136.8786304,33882.7555951999,136.875988,33894.0021576
18,1,0.75,12499,1250,3,26382,0.0319312513786508,87.9800728446721,136.985024,33918.3845264001,136.875988,33894.0021576
18,1.25,0.75,12499,1250,3,26382,0.0326076015660868,75.666833775291,136.6991872,33774.6611616,136.875988,33894.0021576
18,1.5,0.75,12499,1250,3,26382,0.0321445374152084,69.9274017813413,136.87208,33856.4793983999,136.875988,33894.0021576
18,1.75,0.75,12499,1250,3,26382,0.0314847499163316,40.1226742675033,136.8339408,33833.9261728001,136.875988,33894.0021576
18,2,0.75,12499,1250,3,26382,0.0319489603331062,59.2577366836228,136.9599648,33910.1455376001,136.875988,33894.0021576
18,0.5,1,12499,1250,3,26382,0.0431306855372272,49.5559229634787,137.3509176,34160.9569767999,136.875988,33894.0021576
18,0.75,1,12499,1250,3,26382,0.032317839007048,103.02838093302,136.954932,33924.9767928001,136.875988,33894.0021576
18,1,1,12499,1250,3,26382,0.0311336451757109,92.3644564363851,136.9733624,33943.532044,136.875988,33894.0021576
18,1.25,1,12499,1250,3,26382,0.0293592862552885,68.4385291960309,136.6390568,33757.0094088,136.875988,33894.0021576
18,1.5,1,12499,1250,3,26382,0.0297633826118531,65.9403530599478,136.9207864,33925.8858312,136.875988,33894.0021576
18,1.75,1,12499,1250,3,26382,0.0294547720093211,43.5402346846494,136.7720608,33835.8803520001,136.875988,33894.0021576
18,2,1,12499,1250,3,26382,0.0300754499136047,61.6621577607977,136.8107056,33825.4803888,136.875988,33894.0021576
18,0.5,1.25,12499,1250,3,26382,0.0369341395615244,82.8745893348592,137.1946968,34061.7178136,136.875988,33894.0021576
18,0.75,1.25,12499,1250,3,26382,0.0290122573736628,53.6621089532525,137.0334816,33947.5318352001,136.875988,33894.0021576
18,1,1.25,12499,1250,3,26382,0.0300911986194186,87.9558369152585,136.8431224,33859.6487784001,136.875988,33894.0021576
18,1.25,1.25,12499,1250,3,26382,0.0292417617274066,76.0295371517213,136.9365152,33890.0047359999,136.875988,33894.0021576
18,1.5,1.25,12499,1250,3,26382,0.0285611238267832,67.3574178707108,136.9676056,33944.7418424,136.875988,33894.0021576
18,1.75,1.25,12499,1250,3,26382,0.0274828568860631,40.0591151598921,136.8751864,33865.5537864001,136.875988,33894.0021576
18,2,1.25,12499,1250,3,26382,0.0283916733138039,49.3575786760808,136.9462264,33923.1535895999,136.875988,33894.0021576
18,0.5,1.5,12499,1250,3,26382,0.0367228687872063,85.182647348759,137.2570064,34106.5750432,136.875988,33894.0021576
18,0.75,1.5,12499,1250,3,26382,0.0285556095102029,62.0268288912546,137.0765808,34003.7497872001,136.875988,33894.0021576
18,1,1.5,12499,1250,3,26382,0.0292935409100751,86.2007615315053,137.1361464,34042.8652952,136.875988,33894.0021576
18,1.25,1.5,12499,1250,3,26382,0.0279799852896697,79.1939025027574,137.0919984,33980.8387936,136.875988,33894.0021576
18,1.5,1.5,12499,1250,3,26382,0.0277136670792274,68.1891222110154,136.8555312,33878.4712880001,136.875988,33894.0021576
18,1.75,1.5,12499,1250,3,26382,0.0272235862420251,43.3975975584233,137.0906808,34004.1666872,136.875988,33894.0021576
18,2,1.5,12499,1250,3,26382,0.0267711218728335,55.051614242828,136.9469744,33857.457888,136.875988,33894.0021576
18,0.5,1.75,12499,1250,3,26382,0.0258981128739033,34.8652836750738,136.9510352,33941.4235328,136.875988,33894.0021576
18,0.75,1.75,12499,1250,3,26382,0.0283128923106511,66.3746257852636,137.1877848,34073.1617528,136.875988,33894.0021576
18,1,1.75,12499,1250,3,26382,0.0288941985759383,84.4164761478423,136.9975952,33965.2481424,136.875988,33894.0021576
18,1.25,1.75,12499,1250,3,26382,0.0274383733782965,77.1946950254178,137.04758,33979.2416359999,136.875988,33894.0021576
18,1.5,1.75,12499,1250,3,26382,0.0269050192048085,65.6462741421303,136.8699648,33882.8988015999,136.875988,33894.0021576
18,1.75,1.75,12499,1250,3,26382,0.0267843372615374,45.1085292116071,137.0059376,33986.336656,136.875988,33894.0021576
18,2,1.75,12499,1250,3,26382,0.026188824188718,43.0593714444032,136.8210832,33862.0115792,136.875988,33894.0021576
18,0.5,2,12499,1250,3,26382,0.0709509217185195,139.794613798084,137.318316,34170.6399304,136.875988,33894.0021576
18,0.75,2,12499,1250,3,26382,0.028389890438124,66.0743673077613,136.9671864,33939.8798264,136.875988,33894.0021576
18,1,2,12499,1250,3,26382,0.0272540554701534,71.5748295627293,137.0597624,33976.551348,136.875988,33894.0021576
18,1.25,2,12499,1250,3,26382,0.0272082137443442,79.2378375397003,136.9359496,33925.825628,136.875988,33894.0021576
18,1.5,2,12499,1250,3,26382,0.0257088027009442,55.6538115399264,136.933456,33956.0644896001,136.875988,33894.0021576
18,1.75,2,12499,1250,3,26382,0.0259365814250897,39.910114188065,137.0426968,33968.2684472,136.875988,33894.0021576
18,2,2,12499,1250,3,26382,0.0262123457219132,43.9148105620287,137.0043104,33922.9610464,136.875988,33894.0021576
18,0.5,2.25,12499,1250,3,26382,0.0239750672808781,36.1610208510113,137.0305072,34005.4029664,136.875988,33894.0021576
18,0.75,2.25,12499,1250,3,26382,0.0270490833817209,48.529133953809,137.04506,34019.2094376,136.875988,33894.0021576
18,1,2.25,12499,1250,3,26382,0.0271733248513615,72.7703532716033,136.9841104,33994.6984496,136.875988,33894.0021576
18,1.25,2.25,12499,1250,3,26382,0.0267185423853359,79.2278600149552,137.0831112,33977.669052,136.875988,33894.0021576
18,1.5,2.25,12499,1250,3,26382,0.0253039281897352,54.8709327194402,136.9215768,33943.3895336,136.875988,33894.0021576
18,1.75,2.25,12499,1250,3,26382,0.0254986994437989,39.0347863765688,137.0457344,33994.3834592,136.875988,33894.0021576
18,2,2.25,12499,1250,3,26382,0.0253992207634093,45.6330676280781,136.9712536,33909.7051239999,136.875988,33894.0021576
18,0.5,2.5,12499,1250,3,26382,0.0241131012325498,34.1677968044079,136.9604568,33938.7353351999,136.875988,33894.0021576
18,0.75,2.5,12499,1250,3,26382,0.0219510473662536,49.2246798325675,136.9728192,33958.8338928001,136.875988,33894.0021576
18,1,2.5,12499,1250,3,26382,0.0266624338479424,70.0227395956872,136.92476,33925.3800112,136.875988,33894.0021576
18,1.25,2.5,12499,1250,3,26382,0.0265608142917476,79.7568202676938,136.9948728,33987.05194,136.875988,33894.0021576
18,1.5,2.5,12499,1250,3,26382,0.0250480635399681,54.2912884519042,136.9037328,33938.8801264001,136.875988,33894.0021576
18,1.75,2.5,12499,1250,3,26382,0.024932534683401,45.0560452594562,136.8902176,33921.5264256,136.875988,33894.0021576
18,2,2.5,12499,1250,3,26382,0.0249705968261726,49.2541784823395,136.7673984,33803.5092416,136.875988,33894.0021576
19,0.5,0.5,499,50,9,30427,0.534423738812494,105.60459650858,154.26662,35313.63354,106.273,19025.51036
19,0.75,0.5,499,50,9,30427,0.508843746745788,96.1917269398059,149.60758,33751.90162,106.273,19025.51036
19,1,0.5,499,50,9,30427,0.478606114196916,89.1492956064116,146.1486,32571.00836,106.273,19025.51036
19,1.25,0.5,499,50,9,30427,0.458246527487356,82.6384854946118,142.52938,31327.40142,106.273,19025.51036
19,1.5,0.5,499,50,9,30427,0.433745567201426,77.3138870682891,139.89906,30399.3429,106.273,19025.51036
19,1.75,0.5,499,50,9,30427,0.427788812440957,75.9982820527155,138.94058,30162.70354,106.273,19025.51036
19,2,0.5,499,50,9,30427,0.421119793455411,74.355521268674,138.99614,30228.09434,106.273,19025.51036
19,0.5,0.75,499,50,9,30427,0.533711229348225,105.576202912835,154.73976,35521.1288,106.273,19025.51036
19,0.75,0.75,499,50,9,30427,0.508503526200093,96.0931285078715,149.94798,33875.27338,106.273,19025.51036
19,1,0.75,499,50,9,30427,0.475734372261758,88.559984587016,145.8474,32552.16396,106.273,19025.51036
19,1.25,0.75,499,50,9,30427,0.457893902947328,82.5837040840779,142.35412,31274.96996,106.273,19025.51036
19,1.5,0.75,499,50,9,30427,0.433403176233784,77.2480151358599,139.84618,30462.35586,106.273,19025.51036
19,1.75,0.75,499,50,9,30427,0.427459423631552,75.9344906449121,138.95384,30180.29764,106.273,19025.51036
19,2,0.75,499,50,9,30427,0.420821950412439,74.3004174528621,138.08128,29923.55844,106.273,19025.51036
19,0.5,1,499,50,9,30427,0.53334291365945,105.564244464475,154.65972,35393.66836,106.273,19025.51036
19,0.75,1,499,50,9,30427,0.508288661028109,96.0690905644643,149.605,33770.39964,106.273,19025.51036
19,1,1,499,50,9,30427,0.475514656966442,88.5345738917853,145.55858,32390.9069,106.273,19025.51036
19,1.25,1,499,50,9,30427,0.457723804118326,82.5548666048944,143.73418,31679.16634,106.273,19025.51036
19,1.5,1,499,50,9,30427,0.433233320231099,77.215137674319,140.09816,30578.86636,106.273,19025.51036
19,1.75,1,499,50,9,30427,0.427293911099985,75.9024765009569,139.5977,30321.83946,106.273,19025.51036
19,2,1,499,50,9,30427,0.420673325934197,74.2734694473154,138.47192,30002.98628,106.273,19025.51036
19,0.5,1.25,499,50,9,30427,0.533118829741394,105.557031470249,154.89698,35547.62422,106.273,19025.51036
19,0.75,1.25,499,50,9,30427,0.508159922488721,96.0546959259647,150.1234,33963.41964,106.273,19025.51036
19,1,1.25,499,50,9,30427,0.475383686894492,88.5193060804808,145.27556,32305.75524,106.273,19025.51036
19,1.25,1.25,499,50,9,30427,0.457622850433803,82.5378892662138,142.8198,31368.05376,106.273,19025.51036
19,1.5,1.25,499,50,9,30427,0.433130228898423,77.1949560074176,140.11538,30546.3891,106.273,19025.51036
19,1.75,1.25,499,50,9,30427,0.427193498090053,75.8830075298272,138.69648,30150.20296,106.273,19025.51036
19,2,1.25,499,50,9,30427,0.420582933726884,74.2565476784009,138.97224,30209.34156,106.273,19025.51036
19,0.5,1.5,499,50,9,30427,0.532970111811207,105.552416791168,154.94092,35556.20644,106.273,19025.51036
19,0.75,1.5,499,50,9,30427,0.508073814653562,96.045003232017,149.7176,33713.69968,106.273,19025.51036
19,1,1.5,499,50,9,30427,0.475295825437133,88.5087224992053,145.8116,32493.90772,106.273,19025.51036
19,1.25,1.5,499,50,9,30427,0.457555316444053,82.5265720475308,141.30696,30943.88024,106.273,19025.51036
19,1.5,1.5,499,50,9,30427,0.433062168827834,77.1819262046978,139.59602,30406.9847,106.273,19025.51036
19,1.75,1.5,499,50,9,30427,0.427127806368224,75.8705314692186,139.44298,30345.40206,106.273,19025.51036
19,2,1.5,499,50,9,30427,0.420522806198144,74.2454054803991,138.57386,30065.94806,106.273,19025.51036
19,0.5,1.75,499,50,9,30427,0.532863857997651,105.548640127302,154.06388,35264.99928,106.273,19025.51036
19,0.75,1.75,499,50,9,30427,0.508011123077358,96.0379058142772,150.30102,33980.1405,106.273,19025.51036
19,1,1.75,499,50,9,30427,0.475233396073708,88.5014173512131,145.5237,32355.91454,106.273,19025.51036
19,1.25,1.75,499,50,9,30427,0.457507475503884,82.5181505628315,142.02526,31098.84974,106.273,19025.51036
19,1.5,1.75,499,50,9,30427,0.43301340525804,77.172663364949,140.63124,30670.70272,106.273,19025.51036
19,1.75,1.75,499,50,9,30427,0.427080122463229,75.8612357278241,139.38272,30306.52908,106.273,19025.51036
19,2,1.75,499,50,9,30427,0.420480973019814,74.2374610486193,138.8925,30084.8437,106.273,19025.51036
19,0.5,2,499,50,9,30427,0.532785938493359,105.546132665812,153.82694,35148.01782,106.273,19025.51036
19,0.75,2,499,50,9,30427,0.507965564786991,96.033088530403,149.813,33830.47368,106.273,19025.51036
19,1,2,499,50,9,30427,0.475184094421383,88.494903678727,145.8148,32491.64712,106.273,19025.51036
19,1.25,2,499,50,9,30427,0.457470480911037,82.5117839754548,142.08584,31200.4914,106.273,19025.51036
19,1.5,2,499,50,9,30427,0.432977778294204,77.165969581078,140.05664,30545.26596,106.273,19025.51036
19,1.75,2,499,50,9,30427,0.427044346252222,75.8541279039007,139.21508,30280.32592,106.273,19025.51036
19,2,2,499,50,9,30427,0.4204507814055,74.2324621406758,137.76268,29739.27792,106.273,19025.51036
19,0.5,2.25,499,50,9,30427,0.532724098378364,105.543673271342,154.65112,35389.79588,106.273,19025.51036
19,0.75,2.25,499,50,9,30427,0.507929989650711,96.0289685222416,149.37202,33660.60162,106.273,19025.51036
19,1,2.25,499,50,9,30427,0.47514913217903,88.4911455881497,145.5709,32401.34026,106.273,19025.51036
19,1.25,2.25,499,50,9,30427,0.457442686847538,82.5069044925567,142.5952,31405.80936,106.273,19025.51036
19,1.5,2.25,499,50,9,30427,0.432948092237072,77.1600837949594,139.47554,30361.91138,106.273,19025.51036
19,1.75,2.25,499,50,9,30427,0.427017675346468,75.8492849486636,139.12472,30201.3458,106.273,19025.51036
19,2,2.25,499,50,9,30427,0.420425300793661,74.2277983434967,138.01496,29838.81532,106.273,19025.51036
19,0.5,2.5,499,50,9,30427,0.532674418639996,105.541776304519,155.04588,35610.09776,106.273,19025.51036
19,0.75,2.5,499,50,9,30427,0.507900839956255,96.0256124505596,149.51876,33708.96036,106.273,19025.51036
19,1,2.5,499,50,9,30427,0.475120691272895,88.4879429508669,144.8997,32206.59514,106.273,19025.51036
19,1.25,2.5,499,50,9,30427,0.457419454017294,82.5026632781409,142.2263,31231.58754,106.273,19025.51036
19,1.5,2.5,499,50,9,30427,0.432925570142376,77.1556912892087,140.0265,30534.48922,106.273,19025.51036
19,1.75,2.5,499,50,9,30427,0.426995536645625,75.8447188109155,139.01184,30233.646,106.273,19025.51036
19,2,2.5,499,50,9,30427,0.420405154821176,74.2239183662284,138.83984,30057.54076,106.273,19025.51036
20,0.5,0.5,2499,50,9,10374,0.197841781262227,61.907247349557,68.1279,8982.4977,70.43082,9724.37054
20,0.75,0.5,2499,50,9,10374,0.192126958884827,59.2379379057417,67.81916,8906.45896,70.43082,9724.37054
20,1,0.5,2499,50,9,10374,0.203819925956173,78.6936337351886,68.04716,8948.1418,70.43082,9724.37054
20,1.25,0.5,2499,50,9,10374,0.191471828620858,63.6939047018663,67.78372,8918.9248,70.43082,9724.37054
20,1.5,0.5,2499,50,9,10374,0.199047405469023,75.9298854033788,68.31642,9017.90002,70.43082,9724.37054
20,1.75,0.5,2499,50,9,10374,0.198335459160626,75.422989608501,68.08404,8996.275,70.43082,9724.37054
20,2,0.5,2499,50,9,10374,0.199269317003342,74.3250206141297,67.9132,8932.5032,70.43082,9724.37054
20,0.5,0.75,2499,50,9,10374,0.185788082888057,49.0502115353562,68.28032,8976.81832,70.43082,9724.37054
20,0.75,0.75,2499,50,9,10374,0.193614034208066,75.1170040194085,67.91606,8936.20494,70.43082,9724.37054
20,1,0.75,2499,50,9,10374,0.199990156092996,78.8168135703642,68.41928,9151.56228,70.43082,9724.37054
20,1.25,0.75,2499,50,9,10374,0.188046777039465,63.2648498560058,68.26078,8991.09494,70.43082,9724.37054
20,1.5,0.75,2499,50,9,10374,0.195604298010742,75.5023391520039,68.14962,9012.49758,70.43082,9724.37054
20,1.75,0.75,2499,50,9,10374,0.194969260718468,75.0427386048171,68.35526,9093.43962,70.43082,9724.37054
20,2,0.75,2499,50,9,10374,0.195375324349608,73.995873858022,68.38906,9061.77222,70.43082,9724.37054
20,0.5,1,2499,50,9,10374,0.185991133314875,54.2913863926837,68.7152,9097.3884,70.43082,9724.37054
20,0.75,1,2499,50,9,10374,0.200672146764324,96.0666409807311,68.04046,8932.63286,70.43082,9724.37054
20,1,1,2499,50,9,10374,0.198706578573219,78.223583776408,68.42774,9136.19518,70.43082,9724.37054
20,1.25,1,2499,50,9,10374,0.186301281500697,63.0677988599845,68.3983,9026.89266,70.43082,9724.37054
20,1.5,1,2499,50,9,10374,0.193847436867757,75.3180046076859,68.3229,9073.3937,70.43082,9724.37054
20,1.75,1,2499,50,9,10374,0.193195871213595,74.8939894042064,68.6914,9135.724,70.43082,9724.37054
20,2,1,2499,50,9,10374,0.194084186293356,74.7146900131372,68.4568,9074.87516,70.43082,9724.37054
20,0.5,1.25,2499,50,9,10374,0.186500103472952,85.5350132397737,68.14578,9071.78542,70.43082,9724.37054
20,0.75,1.25,2499,50,9,10374,0.184422926631611,55.1188430032545,67.94312,8919.821,70.43082,9724.37054
20,1,1.25,2499,50,9,10374,0.196703487067909,78.5327364276501,68.7241,9203.05838,70.43082,9724.37054
20,1.25,1.25,2499,50,9,10374,0.185245105400926,62.953124945637,68.39542,9031.23306,70.43082,9724.37054
20,1.5,1.25,2499,50,9,10374,0.192775577214088,75.2128386663861,68.29622,9058.30438,70.43082,9724.37054
20,1.75,1.25,2499,50,9,10374,0.192128211736857,74.7735885762926,68.32996,9064.1708,70.43082,9724.37054
20,2,1.25,2499,50,9,10374,0.19282163443156,74.6171209894938,68.60948,9144.94972,70.43082,9724.37054
20,0.5,1.5,2499,50,9,10374,0.199785054550204,72.8310314974563,68.22476,9014.83708,70.43082,9724.37054
20,0.75,1.5,2499,50,9,10374,0.18376564036571,55.0118280193104,68.1709,9003.10294,70.43082,9724.37054
20,1,1.5,2499,50,9,10374,0.196758808192784,78.0665478115942,68.50374,9124.0259,70.43082,9724.37054
20,1.25,1.5,2499,50,9,10374,0.184534143679172,62.8744920362045,68.34928,9030.73128,70.43082,9724.37054
20,1.5,1.5,2499,50,9,10374,0.192054973842658,75.1417241806542,68.55924,9083.63948,70.43082,9724.37054
20,1.75,1.5,2499,50,9,10374,0.191420213710812,74.7028359984362,68.43436,9078.6632,70.43082,9724.37054
20,2,1.5,2499,50,9,10374,0.191970521345751,74.5522974389971,68.6821,9166.7813,70.43082,9724.37054
20,0.5,1.75,2499,50,9,10374,0.184305049071579,63.9580315017913,68.30462,9044.36862,70.43082,9724.37054
20,0.75,1.75,2499,50,9,10374,0.183383197177573,54.8551820150676,68.66916,9179.92472,70.43082,9724.37054
20,1,1.75,2499,50,9,10374,0.196214587362161,77.9806593556812,68.69328,9195.92056,70.43082,9724.37054
20,1.25,1.75,2499,50,9,10374,0.184028072938446,62.8218785248029,68.1971,8989.85914,70.43082,9724.37054
20,1.5,1.75,2499,50,9,10374,0.191537159520106,75.0907444101657,68.34336,9066.77388,70.43082,9724.37054
20,1.75,1.75,2499,50,9,10374,0.190912287620681,74.6559263001029,68.78824,9217.22284,70.43082,9724.37054
20,2,1.75,2499,50,9,10374,0.191355704826351,74.5023516688922,68.81058,9213.43034,70.43082,9724.37054
20,0.5,2,2499,50,9,10374,0.182209974418506,59.6154858063995,68.68778,9127.2555,70.43082,9724.37054
20,0.75,2,2499,50,9,10374,0.183031314845509,54.7996020745533,68.66098,9097.14554,70.43082,9724.37054
20,1,2,2499,50,9,10374,0.195806677838644,77.8880761172288,68.51556,9157.6654,70.43082,9724.37054
20,1.25,2,2499,50,9,10374,0.183760707442441,62.8672256990577,67.81528,8899.79372,70.43082,9724.37054
20,1.5,2,2499,50,9,10374,0.191147552480865,75.0539229408172,68.15064,9044.6578,70.43082,9724.37054
20,1.75,2,2499,50,9,10374,0.190530226436906,74.6214731987576,68.6039,9134.0051,70.43082,9724.37054
20,2,2,2499,50,9,10374,0.190892778710446,74.4654260752468,68.58602,9105.82198,70.43082,9724.37054
20,0.5,2.25,2499,50,9,10374,0.197212200551774,52.4997665640055,68.50048,9023.3778,70.43082,9724.37054
20,0.75,2.25,2499,50,9,10374,0.182756296885765,54.7568024886488,67.98358,8987.55202,70.43082,9724.37054
20,1,2.25,2499,50,9,10374,0.195484924060293,77.8372391124975,69.0484,9270.23708,70.43082,9724.37054
20,1.25,2.25,2499,50,9,10374,0.183460001904357,62.8319067495019,68.15988,9055.91228,70.43082,9724.37054
20,1.5,2.25,2499,50,9,10374,0.190761911808443,74.9388350786239,68.72068,9181.48128,70.43082,9724.37054
20,1.75,2.25,2499,50,9,10374,0.190232092965131,74.5964484506465,68.60258,9126.36202,70.43082,9724.37054
20,2,2.25,2499,50,9,10374,0.190530410640314,74.4384364319661,68.60396,9186.3316,70.43082,9724.37054
20,0.5,2.5,2499,50,9,10374,0.199067419732772,101.387845838017,68.6082,9090.7282,70.43082,9724.37054
20,0.75,2.5,2499,50,9,10374,0.182535111019664,54.7220676175736,68.35486,9078.76238,70.43082,9724.37054
20,1,2.5,2499,50,9,10374,0.195259505374544,77.796034181115,68.62446,9160.94006,70.43082,9724.37054
20,1.25,2.5,2499,50,9,10374,0.183220602844994,62.8045250305812,68.55302,9044.49834,70.43082,9724.37054
20,1.5,2.5,2499,50,9,10374,0.190515396328044,74.9155475145903,68.84592,9187.46792,70.43082,9724.37054
20,1.75,2.5,2499,50,9,10374,0.189993503928703,74.5770444268635,68.01584,9002.92344,70.43082,9724.37054
20,2,2.5,2499,50,9,10374,0.190238865003922,74.417002365739,68.36524,9069.7814,70.43082,9724.37054
21,0.5,0.5,12499,50,9,36152,0.157349876405333,375.123703652311,211.51858,83548.54606,209.70678,82047.7191
21,0.75,0.5,12499,50,9,36152,0.153254942248854,267.722448353032,210.5566,82510.31968,209.70678,82047.7191
21,1,0.5,12499,50,9,36152,0.167106778247208,354.13317691084,212.02618,84562.43678,209.70678,82047.7191
21,1.25,0.5,12499,50,9,36152,0.167237753461165,386.950572800954,209.76084,81607.91972,209.70678,82047.7191
21,1.5,0.5,12499,50,9,36152,0.167120967473361,350.634790024688,211.65656,83281.87256,209.70678,82047.7191
21,1.75,0.5,12499,50,9,36152,0.16443701687246,356.485345903749,209.52088,81328.3398,209.70678,82047.7191
21,2,0.5,12499,50,9,36152,0.165343973148354,359.394297662105,208.47414,80937.4301,209.70678,82047.7191
21,0.5,0.75,12499,50,9,36152,0.147987842326181,396.51504656876,214.11352,85144.71056,209.70678,82047.7191
21,0.75,0.75,12499,50,9,36152,0.143424694226232,283.825356346444,211.53006,83353.06314,209.70678,82047.7191
21,1,0.75,12499,50,9,36152,0.153628539803913,374.657311851809,212.4859,84224.35858,209.70678,82047.7191
21,1.25,0.75,12499,50,9,36152,0.150268880604363,395.115371657962,210.78244,82940.22032,209.70678,82047.7191
21,1.5,0.75,12499,50,9,36152,0.150586235604542,357.693224577755,212.31222,83989.82894,209.70678,82047.7191
21,1.75,0.75,12499,50,9,36152,0.145644597057715,360.762021064116,209.35934,81333.84642,209.70678,82047.7191
21,2,0.75,12499,50,9,36152,0.145294483189273,358.439538030507,210.9249,82450.92374,209.70678,82047.7191
21,0.5,1,12499,50,9,36152,0.138236842675577,356.482337548622,211.80444,83337.08056,209.70678,82047.7191
21,0.75,1,12499,50,9,36152,0.129174112713303,242.282191652535,211.6858,82917.69036,209.70678,82047.7191
21,1,1,12499,50,9,36152,0.146425958202648,389.73170138106,211.60268,84290.95516,209.70678,82047.7191
21,1.25,1,12499,50,9,36152,0.143857243927138,376.682620065085,212.23972,83398.4194,209.70678,82047.7191
21,1.5,1,12499,50,9,36152,0.14067572928009,357.678736144167,212.06878,83888.0721,209.70678,82047.7191
21,1.75,1,12499,50,9,36152,0.135826379869809,364.733457184606,209.53696,81625.35288,209.70678,82047.7191
21,2,1,12499,50,9,36152,0.135315433297116,359.582489190761,210.55512,82511.49216,209.70678,82047.7191
21,0.5,1.25,12499,50,9,36152,0.131820484403642,328.46272431806,212.83028,83812.22416,209.70678,82047.7191
21,0.75,1.25,12499,50,9,36152,0.126390448637695,249.445000997078,211.33966,83202.57366,209.70678,82047.7191
21,1,1.25,12499,50,9,36152,0.141925827425063,388.034764947924,211.28484,83618.97128,209.70678,82047.7191
21,1.25,1.25,12499,50,9,36152,0.140373482535525,377.220754567793,212.41242,83349.8869,209.70678,82047.7191
21,1.5,1.25,12499,50,9,36152,0.135454072131761,356.298497171768,213.12004,84876.32224,209.70678,82047.7191
21,1.75,1.25,12499,50,9,36152,0.130280492520817,362.0476078868,210.81644,82738.88924,209.70678,82047.7191
21,2,1.25,12499,50,9,36152,0.130437263025139,360.25467451205,210.59478,82618.55962,209.70678,82047.7191
21,0.5,1.5,12499,50,9,36152,0.126856356962529,340.432283106804,212.58378,83954.15154,209.70678,82047.7191
21,0.75,1.5,12499,50,9,36152,0.127243900282526,252.756220083939,210.87352,82575.55888,209.70678,82047.7191
21,1,1.5,12499,50,9,36152,0.138871618709565,387.652720384539,213.54908,85626.8412,209.70678,82047.7191
21,1.25,1.5,12499,50,9,36152,0.138387775479951,381.482985682026,212.19348,84007.15844,209.70678,82047.7191
21,1.5,1.5,12499,50,9,36152,0.132617586212698,356.161191462665,211.1246,83170.59608,209.70678,82047.7191
21,1.75,1.5,12499,50,9,36152,0.127417984789558,363.467706933404,210.24082,82080.62094,209.70678,82047.7191
21,2,1.5,12499,50,9,36152,0.127456030491802,360.33940934345,211.0033,82870.91962,209.70678,82047.7191
21,0.5,1.75,12499,50,9,36152,0.13701023775293,344.170502162017,212.7148,84307.33704,209.70678,82047.7191
21,0.75,1.75,12499,50,9,36152,0.124766613749934,251.312352407021,211.07288,82701.03152,209.70678,82047.7191
21,1,1.75,12499,50,9,36152,0.13730797700736,388.373340099439,212.78362,84320.4397,209.70678,82047.7191
21,1.25,1.75,12499,50,9,36152,0.136608671050843,380.529645466025,212.84884,84280.30056,209.70678,82047.7191
21,1.5,1.75,12499,50,9,36152,0.13073048693781,355.936101531752,212.42418,84323.0227,209.70678,82047.7191
21,1.75,1.75,12499,50,9,36152,0.125097802776626,361.817734773942,209.84948,82226.64204,209.70678,82047.7191
21,2,1.75,12499,50,9,36152,0.125301663285346,360.295684809789,210.57786,82288.87518,209.70678,82047.7191
21,0.5,2,12499,50,9,36152,0.13728638944043,344.473363157275,213.00406,84293.99054,209.70678,82047.7191
21,0.75,2,12499,50,9,36152,0.123380336955761,252.540789883434,211.394,83181.08856,209.70678,82047.7191
21,1,2,12499,50,9,36152,0.136693866183973,382.985355476314,211.66786,83448.42162,209.70678,82047.7191
21,1.25,2,12499,50,9,36152,0.134307521677333,376.272023938614,213.56728,84848.55416,209.70678,82047.7191
21,1.5,2,12499,50,9,36152,0.1290415441991,353.698756564784,211.39826,83462.1247,209.70678,82047.7191
21,1.75,2,12499,50,9,36152,0.124235045937749,366.836111595725,211.555,83175.47832,209.70678,82047.7191
21,2,2,12499,50,9,36152,0.124155651459438,363.850746928505,211.71674,83270.1035,209.70678,82047.7191
21,0.5,2.25,12499,50,9,36152,0.130765107886568,435.976119337467,212.5819,84197.1701,209.70678,82047.7191
21,0.75,2.25,12499,50,9,36152,0.123105538636433,249.216594973493,210.37788,82469.08404,209.70678,82047.7191
21,1,2.25,12499,50,9,36152,0.136034058352724,382.385410162596,211.90872,83827.14076,209.70678,82047.7191
21,1.25,2.25,12499,50,9,36152,0.132705392898394,372.993076087191,211.22024,83812.41952,209.70678,82047.7191
21,1.5,2.25,12499,50,9,36152,0.128421841695,353.758806310534,211.2993,83258.3737,209.70678,82047.7191
21,1.75,2.25,12499,50,9,36152,0.123141023163056,367.017496819198,210.51286,82308.87422,209.70678,82047.7191
21,2,2.25,12499,50,9,36152,0.133251691167626,393.291767068132,210.62866,82781.25998,209.70678,82047.7191
21,0.5,2.5,12499,50,9,36152,0.124478610587166,329.346918089284,211.83548,83470.0704,209.70678,82047.7191
21,0.75,2.5,12499,50,9,36152,0.122683315729184,250.033279107387,211.42758,83179.46502,209.70678,82047.7191
21,1,2.5,12499,50,9,36152,0.135890640431998,379.602006681843,212.26488,83654.61984,209.70678,82047.7191
21,1.25,2.5,12499,50,9,36152,0.132152312577246,371.154970884219,211.04562,83347.33774,209.70678,82047.7191
21,1.5,2.5,12499,50,9,36152,0.129180959884611,353.92898158629,211.405,83650.4182,209.70678,82047.7191
21,1.75,2.5,12499,50,9,36152,0.124511892466806,376.184862788214,210.57942,82542.72362,209.70678,82047.7191
21,2,2.5,12499,50,9,36152,0.132725267468278,392.417624293638,210.36568,82459.98372,209.70678,82047.7191
22,0.5,0.5,499,250,9,15344,0.205236795433801,16.1307815266555,60.773596,6063.688564,62.524348,6563.304428
22,0.75,0.5,499,250,9,15344,0.190232300398824,15.1021256677016,61.110424,6130.013976,62.524348,6563.304428
22,1,0.5,499,250,9,15344,0.168287876391768,14.4979274830837,61.13038,6162.518972,62.524348,6563.304428
22,1.25,0.5,499,250,9,15344,0.166327113530059,14.6032873310922,60.888232,6126.36064,62.524348,6563.304428
22,1.5,0.5,499,250,9,15344,0.168434342963144,14.8625118442061,61.203328,6179.985136,62.524348,6563.304428
22,1.75,0.5,499,250,9,15344,0.169085983233236,15.0485057414088,61.172512,6173.1496,62.524348,6563.304428
22,2,0.5,499,250,9,15344,0.165773435000831,14.9686387495945,61.136264,6169.949488,62.524348,6563.304428
22,0.5,0.75,499,250,9,15344,0.206211938468692,16.1693773792993,60.944076,6103.439124,62.524348,6563.304428
22,0.75,0.75,499,250,9,15344,0.191212910680937,15.1621017253431,61.216056,6154.956832,62.524348,6563.304428
22,1,0.75,499,250,9,15344,0.168136290822512,14.4908061461954,60.99274,6147.788252,62.524348,6563.304428
22,1.25,0.75,499,250,9,15344,0.166170295287628,14.594094589809,60.968832,6130.558408,62.524348,6563.304428
22,1.5,0.75,499,250,9,15344,0.168304683230223,14.8538064115902,60.984728,6149.900432,62.524348,6563.304428
22,1.75,0.75,499,250,9,15344,0.168961103206021,15.039304595254,60.972128,6130.683312,62.524348,6563.304428
22,2,0.75,499,250,9,15344,0.165647328911393,14.9587333416762,61.075648,6148.860392,62.524348,6563.304428
22,0.5,1,499,250,9,15344,0.206603930335961,16.1996036107947,60.883384,6092.208672,62.524348,6563.304428
22,0.75,1,499,250,9,15344,0.191714259578208,15.1922100668656,61.258592,6157.604216,62.524348,6563.304428
22,1,1,499,250,9,15344,0.168061046950965,14.4871577940574,61.079392,6160.382168,62.524348,6563.304428
22,1.25,1,499,250,9,15344,0.166028851837581,14.5773250415912,60.93934,6120.60562,62.524348,6563.304428
22,1.5,1,499,250,9,15344,0.168238805379394,14.849447690359,61.03784,6144.3586,62.524348,6563.304428
22,1.75,1,499,250,9,15344,0.168898282816264,15.0346366118291,61.191404,6168.535932,62.524348,6563.304428
22,2,1,499,250,9,15344,0.165583420970609,14.9536488561876,61.143364,6167.452844,62.524348,6563.304428
22,0.5,1.25,499,250,9,15344,0.206845431500016,16.2179030555169,60.812176,6075.292056,62.524348,6563.304428
22,0.75,1.25,499,250,9,15344,0.192018009473673,15.2103375397556,61.20808,6147.341256,62.524348,6563.304428
22,1,1.25,499,250,9,15344,0.168015885005656,14.4849324240547,60.805232,6115.991664,62.524348,6563.304428
22,1.25,1.25,499,250,9,15344,0.165982208626446,14.574873397263,60.827308,6111.302644,62.524348,6563.304428
22,1.5,1.25,499,250,9,15344,0.168199767636713,14.846878397014,61.05552,6160.129624,62.524348,6563.304428
22,1.75,1.25,499,250,9,15344,0.168860593807841,15.0318612773652,61.07586,6152.089596,62.524348,6563.304428
22,2,1.25,499,250,9,15344,0.165545096084418,14.9506492169581,61.120308,6149.529972,62.524348,6563.304428
22,0.5,1.5,499,250,9,15344,0.207008603548831,16.2302528814451,60.88662,6085.990716,62.524348,6563.304428
22,0.75,1.5,499,250,9,15344,0.19222085600241,15.2224834156096,61.133268,6134.904748,62.524348,6563.304428
22,1,1.5,499,250,9,15344,0.167986155223657,14.4835261544356,61.020868,6147.381876,62.524348,6563.304428
22,1.25,1.5,499,250,9,15344,0.165951255450268,14.5732092218093,60.977452,6130.408532,62.524348,6563.304428
22,1.5,1.5,499,250,9,15344,0.168173412261046,14.8451225486962,60.941852,6131.214052,62.524348,6563.304428
22,1.75,1.5,499,250,9,15344,0.168835348959766,15.0299352367864,61.0515,6152.643332,62.524348,6563.304428
22,2,1.5,499,250,9,15344,0.165519568918273,14.9485874624675,61.1865,6169.532404,62.524348,6563.304428
22,0.5,1.75,499,250,9,15344,0.207124984876929,16.2391657725455,60.868548,6082.05158,62.524348,6563.304428
22,0.75,1.75,499,250,9,15344,0.192366234813749,15.2311165739621,61.147988,6138.62086,62.524348,6563.304428
22,1,1.75,499,250,9,15344,0.16796502963261,14.4824847933212,60.880548,6132.594116,62.524348,6563.304428
22,1.25,1.75,499,250,9,15344,0.16592973830538,14.5720098503605,61.205972,6168.98854,62.524348,6563.304428
22,1.5,1.75,499,250,9,15344,0.168154651064276,14.8438469831573,61.126956,6168.255772,62.524348,6563.304428
22,1.75,1.75,499,250,9,15344,0.16889965311737,14.9936256561484,61.09458,6159.490188,62.524348,6563.304428
22,2,1.75,499,250,9,15344,0.165501188257724,14.9471291149289,61.106844,6156.047836,62.524348,6563.304428
22,0.5,2,499,250,9,15344,0.207213242840327,16.2458410395819,60.739908,6064.230908,62.524348,6563.304428
22,0.75,2,499,250,9,15344,0.192475679719069,15.237702045868,61.233744,6140.1866,62.524348,6563.304428
22,1,2,499,250,9,15344,0.167948920066733,14.4816807880577,60.885144,6124.232176,62.524348,6563.304428
22,1.25,2,499,250,9,15344,0.165913899162292,14.5711471592038,60.8778,6123.472368,62.524348,6563.304428
22,1.5,2,499,250,9,15344,0.168140604714415,14.8428669818287,60.952564,6143.082524,62.524348,6563.304428
22,1.75,2,499,250,9,15344,0.168885929962818,14.9926171465575,60.901908,6127.569852,62.524348,6563.304428
22,2,2,499,250,9,15344,0.16548712107043,14.9460187559649,61.070504,6151.820208,62.524348,6563.304428
22,0.5,2.25,499,250,9,15344,0.207282759366182,16.2511493240107,60.897936,6085.372096,62.524348,6563.304428
22,0.75,2.25,499,250,9,15344,0.192560559763211,15.242728243098,61.20812,6146.3668,62.524348,6563.304428
22,1,2.25,499,250,9,15344,0.167936234903022,14.4810659777993,60.931068,6124.959244,62.524348,6563.304428
22,1.25,2.25,499,250,9,15344,0.165901170955835,14.5704729261304,61.130116,6165.563676,62.524348,6563.304428
22,1.5,2.25,499,250,9,15344,0.168129441735607,14.8421331493802,60.980924,6143.595484,62.524348,6563.304428
22,1.75,2.25,499,250,9,15344,0.168875469182131,14.9918409132931,60.989928,6133.46816,62.524348,6563.304428
22,2,2.25,499,250,9,15344,0.165476354108353,14.9451524429437,61.186172,6170.203236,62.524348,6563.304428
22,0.5,2.5,499,250,9,15344,0.207337433943041,16.2553055521956,60.929228,6095.93162,62.524348,6563.304428
22,0.75,2.5,499,250,9,15344,0.192628715449433,15.246820991203,61.231796,6153.003804,62.524348,6563.304428
22,1,2.5,499,250,9,15344,0.167926314573192,14.4805561062365,60.780932,6100.240636,62.524348,6563.304428
22,1.25,2.5,499,250,9,15344,0.165890679949911,14.56988208278,60.882776,6118.272928,62.524348,6563.304428
22,1.5,2.5,499,250,9,15344,0.168120407161757,14.8415187681741,60.893588,6136.697972,62.524348,6563.304428
22,1.75,2.5,499,250,9,15344,0.16886701943975,14.9912360775904,61.04568,6148.507352,62.524348,6563.304428
22,2,2.5,499,250,9,15344,0.165467679586175,14.9444627643548,61.185144,6165.908584,62.524348,6563.304428
23,0.5,0.5,2499,250,9,4364,0.0867974221834557,35.6073219943879,61.574492,6806.681908,61.96988,6890.792088
23,0.75,0.5,2499,250,9,4364,0.0761079841442305,39.9676007469609,61.490388,6821.709988,61.96988,6890.792088
23,1,0.5,2499,250,9,4364,0.073438630891191,42.6942916491565,61.498548,6842.731796,61.96988,6890.792088
23,1.25,0.5,2499,250,9,4364,0.0681451551301539,33.7977184111281,61.701156,6830.160036,61.96988,6890.792088
23,1.5,0.5,2499,250,9,4364,0.0714345979559876,33.5386616140266,61.399764,6758.955124,61.96988,6890.792088
23,1.75,0.5,2499,250,9,4364,0.0669187578164513,31.0257006954841,61.365264,6772.27924,61.96988,6890.792088
23,2,0.5,2499,250,9,4364,0.0739927835814658,42.2470053990769,61.341496,6778.214128,61.96988,6890.792088
23,0.5,0.75,2499,250,9,4364,0.0871933032726481,23.4825211815476,61.57666,6796.49082,61.96988,6890.792088
23,0.75,0.75,2499,250,9,4364,0.0725378662438221,34.9360105216489,61.394628,6762.498604,61.96988,6890.792088
23,1,0.75,2499,250,9,4364,0.0708662371593867,36.396331466135,61.447108,6766.0091,61.96988,6890.792088
23,1.25,0.75,2499,250,9,4364,0.0686423735900483,34.5016851985108,61.62234,6820.018404,61.96988,6890.792088
23,1.5,0.75,2499,250,9,4364,0.0708595939268047,33.2384156755986,61.49236,6780.978536,61.96988,6890.792088
23,1.75,0.75,2499,250,9,4364,0.0671935335839402,32.2475676056098,61.389344,6799.24964,61.96988,6890.792088
23,2,0.75,2499,250,9,4364,0.0741689991934474,42.5851846294458,61.298428,6791.37794,61.96988,6890.792088
23,0.5,1,2499,250,9,4364,0.0837691047340402,23.4324259825112,61.523236,6804.873724,61.96988,6890.792088
23,0.75,1,2499,250,9,4364,0.0724134924787583,33.5802253140633,61.681704,6808.061264,61.96988,6890.792088
23,1,1,2499,250,9,4364,0.073854282237544,42.1770455239821,61.463924,6826.30534,61.96988,6890.792088
23,1.25,1,2499,250,9,4364,0.0688613236027844,34.5512195126554,61.4627,6781.777852,61.96988,6890.792088
23,1.5,1,2499,250,9,4364,0.0706005663126936,33.1304180830727,61.57422,6779.171828,61.96988,6890.792088
23,1.75,1,2499,250,9,4364,0.0669499421881615,32.3907963076197,61.20826,6751.182316,61.96988,6890.792088
23,2,1,2499,250,9,4364,0.0744567450032874,43.0759830782336,61.500492,6816.024988,61.96988,6890.792088
23,0.5,1.25,2499,250,9,4364,0.0918435937952006,21.6659031628183,61.705968,6826.04104,61.96988,6890.792088
23,0.75,1.25,2499,250,9,4364,0.0850030356704505,47.7728537346132,61.68898,6805.53958,61.96988,6890.792088
23,1,1.25,2499,250,9,4364,0.0740395493832936,42.1326451773151,61.441888,6823.000848,61.96988,6890.792088
23,1.25,1.25,2499,250,9,4364,0.0689064824685041,34.5324094677438,61.220704,6751.746904,61.96988,6890.792088
23,1.5,1.25,2499,250,9,4364,0.0699490210462185,33.2723833643089,61.485056,6777.890064,61.96988,6890.792088
23,1.75,1.25,2499,250,9,4364,0.0670610042204138,32.3259364478323,61.481388,6793.88074,61.96988,6890.792088
23,2,1.25,2499,250,9,4364,0.0746024104810738,43.1517068172533,61.514508,6805.07814,61.96988,6890.792088
23,0.5,1.5,2499,250,9,4364,0.0867975539341865,22.2993850146677,61.75868,6850.101384,61.96988,6890.792088
23,0.75,1.5,2499,250,9,4364,0.0758643367223274,34.3613148541575,61.69516,6824.029072,61.96988,6890.792088
23,1,1.5,2499,250,9,4364,0.0741807098322985,42.1109488717452,61.548152,6846.839264,61.96988,6890.792088
23,1.25,1.5,2499,250,9,4364,0.0689410560387073,34.5165055838718,61.387748,6795.417228,61.96988,6890.792088
23,1.5,1.5,2499,250,9,4364,0.0699357598303308,33.2371497381466,61.582268,6803.62606,61.96988,6890.792088
23,1.75,1.5,2499,250,9,4364,0.0671322692741057,32.2857534906539,61.455856,6783.28668,61.96988,6890.792088
23,2,1.5,2499,250,9,4364,0.0752062115533696,44.3527382916515,61.37212,6786.976256,61.96988,6890.792088
23,0.5,1.75,2499,250,9,4364,0.0930940945905932,22.745573460218,61.459124,6779.080228,61.96988,6890.792088
23,0.75,1.75,2499,250,9,4364,0.078166774419452,39.300859579009,61.696264,6814.21504,61.96988,6890.792088
23,1,1.75,2499,250,9,4364,0.0742883350703733,42.09805347143,61.580632,6847.331888,61.96988,6890.792088
23,1.25,1.75,2499,250,9,4364,0.0689855310339432,34.5784387684871,61.447416,6773.48808,61.96988,6890.792088
23,1.5,1.75,2499,250,9,4364,0.0698657343758959,33.1868945240385,61.447636,6772.320892,61.96988,6890.792088
23,1.75,1.75,2499,250,9,4364,0.0672361428002377,32.1103731358826,61.508656,6809.90172,61.96988,6890.792088
23,2,1.75,2499,250,9,4364,0.0752587001310387,44.3946416983599,61.73788,6860.508,61.96988,6890.792088
23,0.5,2,2499,250,9,4364,0.108073105462584,32.5793739923356,61.850228,6910.758892,61.96988,6890.792088
23,0.75,2,2499,250,9,4364,0.0770281412584939,38.7069152241964,61.565892,6782.908764,61.96988,6890.792088
23,1,2,2499,250,9,4364,0.0743747517705123,42.0882461590953,61.39758,6824.196124,61.96988,6890.792088
23,1.25,2,2499,250,9,4364,0.0692026616466342,34.3584965375759,61.380224,6777.288144,61.96988,6890.792088
23,1.5,2,2499,250,9,4364,0.0698667026091708,33.1677909883617,61.51174,6774.315196,61.96988,6890.792088
23,1.75,2,2499,250,9,4364,0.0672853510652798,32.0865854180293,61.4655,6813.712796,61.96988,6890.792088
23,2,2,2499,250,9,4364,0.0753011395820301,44.4185217399863,61.38562,6794.094484,61.96988,6890.792088
23,0.5,2.25,2499,250,9,4364,0.100015862702853,30.9636205974114,61.648104,6864.376056,61.96988,6890.792088
23,0.75,2.25,2499,250,9,4364,0.085265393694705,49.8081469745876,61.651268,6788.769996,61.96988,6890.792088
23,1,2.25,2499,250,9,4364,0.0744453252330235,42.0807779921373,61.633184,6848.956328,61.96988,6890.792088
23,1.25,2.25,2499,250,9,4364,0.0691895024993987,34.3530486641194,61.523408,6791.200832,61.96988,6890.792088
23,1.5,2.25,2499,250,9,4364,0.0698692285459146,33.1528358984394,61.456784,6780.8332,61.96988,6890.792088
23,1.75,2.25,2499,250,9,4364,0.0673596141246802,32.1224129181915,61.24756,6747.695504,61.96988,6890.792088
23,2,2.25,2499,250,9,4364,0.0753247418523189,44.4287102504733,61.457952,6801.514016,61.96988,6890.792088
23,0.5,2.5,2499,250,9,4364,0.096624150664055,28.7698493336108,61.624876,6858.649396,61.96988,6890.792088
23,0.75,2.5,2499,250,9,4364,0.0739231509017753,33.5933405281339,61.563044,6782.055524,61.96988,6890.792088
23,1,2.5,2499,250,9,4364,0.0745029827877665,42.0758227454238,61.421488,6831.512864,61.96988,6890.792088
23,1.25,2.5,2499,250,9,4364,0.069211926733891,34.3459441804426,61.581624,6805.31596,61.96988,6890.792088
23,1.5,2.5,2499,250,9,4364,0.070157116078481,33.2477604840414,61.437976,6763.550528,61.96988,6890.792088
23,1.75,2.5,2499,250,9,4364,0.0673928701565237,32.1079797473626,61.48328,6812.52396,61.96988,6890.792088
23,2,2.5,2499,250,9,4364,0.0753518585574689,44.4409932621294,61.525092,6814.333508,61.96988,6890.792088
24,0.5,0.5,12499,250,9,17667,0.114325280197132,397.493743948908,98.241284,17565.597836,98.346612,17605.50246
24,0.75,0.5,12499,250,9,17667,0.102275470901663,345.143890051868,98.592812,17668.75562,98.346612,17605.50246
24,1,0.5,12499,250,9,17667,0.10020651231583,367.839675058113,98.12112,17598.687992,98.346612,17605.50246
24,1.25,0.5,12499,250,9,17667,0.0914792759253861,260.698554456325,98.14226,17579.004332,98.346612,17605.50246
24,1.5,0.5,12499,250,9,17667,0.0941582779402044,312.48831432815,98.1267,17621.88322,98.346612,17605.50246
24,1.75,0.5,12499,250,9,17667,0.0932317607738371,277.041052084615,98.38982,17667.99514,98.346612,17605.50246
24,2,0.5,12499,250,9,17667,0.0921001439511317,267.692625620394,98.236948,17614.548396,98.346612,17605.50246
24,0.5,0.75,12499,250,9,17667,0.102594422369856,382.826344502268,97.963856,17396.26344,98.346612,17605.50246
24,0.75,0.75,12499,250,9,17667,0.0971626456626234,345.64285199124,98.652144,17720.18608,98.346612,17605.50246
24,1,0.75,12499,250,9,17667,0.0965216656345672,327.840741819841,98.26538,17621.414188,98.346612,17605.50246
24,1.25,0.75,12499,250,9,17667,0.0934730605717107,303.24323708532,98.144644,17553.759628,98.346612,17605.50246
24,1.5,0.75,12499,250,9,17667,0.0916140404198899,288.755003666839,98.475976,17654.153992,98.346612,17605.50246
24,1.75,0.75,12499,250,9,17667,0.0885258585177317,270.44498405862,98.478576,17643.800424,98.346612,17605.50246
24,2,0.75,12499,250,9,17667,0.0881732087330337,258.585641347822,98.598752,17670.348904,98.346612,17605.50246
24,0.5,1,12499,250,9,17667,0.094555194922524,388.34531617931,98.222632,17541.461208,98.346612,17605.50246
24,0.75,1,12499,250,9,17667,0.0924797124982149,400.259263300502,98.428532,17613.856908,98.346612,17605.50246
24,1,1,12499,250,9,17667,0.0944318903996712,367.347163154944,98.464188,17659.148748,98.346612,17605.50246
24,1.25,1,12499,250,9,17667,0.0869682311758522,265.41388418191,98.665652,17698.545324,98.346612,17605.50246
24,1.5,1,12499,250,9,17667,0.088090276888322,270.572522722041,98.312172,17615.9287,98.346612,17605.50246
24,1.75,1,12499,250,9,17667,0.085723853010305,259.074749240174,98.217492,17542.422236,98.346612,17605.50246
24,2,1,12499,250,9,17667,0.0856746286498212,258.545725358701,98.268868,17542.652324,98.346612,17605.50246
24,0.5,1.25,12499,250,9,17667,0.0998402780537973,323.937956332126,97.906612,17437.595564,98.346612,17605.50246
24,0.75,1.25,12499,250,9,17667,0.0900138168920177,345.877018836224,98.262012,17592.230572,98.346612,17605.50246
24,1,1.25,12499,250,9,17667,0.0878953282433184,271.638943076666,98.27682,17620.362076,98.346612,17605.50246
24,1.25,1.25,12499,250,9,17667,0.0855728341344685,266.389988061661,98.23664,17576.941528,98.346612,17605.50246
24,1.5,1.25,12499,250,9,17667,0.0873817992208805,280.544438482874,98.259916,17602.740548,98.346612,17605.50246
24,1.75,1.25,12499,250,9,17667,0.0845104347614351,258.928448786219,98.402072,17583.903568,98.346612,17605.50246
24,2,1.25,12499,250,9,17667,0.0844110689531796,257.059516572569,98.18638,17555.8785,98.346612,17605.50246
24,0.5,1.5,12499,250,9,17667,0.094096605625454,391.961268416086,97.91586,17473.391172,98.346612,17605.50246
24,0.75,1.5,12499,250,9,17667,0.0858270988090492,271.362262416355,98.178464,17577.606832,98.346612,17605.50246
24,1,1.5,12499,250,9,17667,0.0846347300506659,282.199945783386,98.43316,17608.992864,98.346612,17605.50246
24,1.25,1.5,12499,250,9,17667,0.0848637071068816,267.586386278946,98.241164,17571.2617,98.346612,17605.50246
24,1.5,1.5,12499,250,9,17667,0.087784256203405,291.814086318848,98.455864,17612.104368,98.346612,17605.50246
24,1.75,1.5,12499,250,9,17667,0.0841307265147837,260.378489310889,98.294024,17573.300064,98.346612,17605.50246
24,2,1.5,12499,250,9,17667,0.0841254702672212,257.414812647496,98.3798,17611.21236,98.346612,17605.50246
24,0.5,1.75,12499,250,9,17667,0.0893620485896165,360.952942984946,98.402792,17581.338928,98.346612,17605.50246
24,0.75,1.75,12499,250,9,17667,0.0887392085488708,362.382775590342,98.301032,17542.585184,98.346612,17605.50246
24,1,1.75,12499,250,9,17667,0.0887926583805892,255.02908235667,98.57894,17640.187476,98.346612,17605.50246
24,1.25,1.75,12499,250,9,17667,0.0842346329527828,270.826495256001,98.359576,17608.468984,98.346612,17605.50246
24,1.5,1.75,12499,250,9,17667,0.0874258427687204,323.346178373457,98.690404,17704.7133,98.346612,17605.50246
24,1.75,1.75,12499,250,9,17667,0.0838285393404441,261.80230026331,98.38374,17581.0151,98.346612,17605.50246
24,2,1.75,12499,250,9,17667,0.0837914818978398,255.762547358535,98.21544,17528.341608,98.346612,17605.50246
24,0.5,2,12499,250,9,17667,0.102404328867005,300.339308681772,98.249064,17514.635704,98.346612,17605.50246
24,0.75,2,12499,250,9,17667,0.083126027456301,258.545704713294,98.116904,17534.531944,98.346612,17605.50246
24,1,2,12499,250,9,17667,0.0900292700856785,262.931737197455,98.365748,17558.10786,98.346612,17605.50246
24,1.25,2,12499,250,9,17667,0.0845025643745943,265.961298660632,98.32798,17525.062316,98.346612,17605.50246
24,1.5,2,12499,250,9,17667,0.0872001067940793,319.953753943621,98.216388,17573.231684,98.346612,17605.50246
24,1.75,2,12499,250,9,17667,0.0839001179167448,261.087497421375,98.549016,17637.163128,98.346612,17605.50246
24,2,2,12499,250,9,17667,0.08342820158758,256.491110379648,98.198624,17517.073968,98.346612,17605.50246
24,0.5,2.25,12499,250,9,17667,0.101087470952895,348.236868913747,98.22192,17560.617808,98.346612,17605.50246
24,0.75,2.25,12499,250,9,17667,0.0840353427472135,251.395610180082,98.290968,17596.563352,98.346612,17605.50246
24,1,2.25,12499,250,9,17667,0.08773225241511,269.317756805682,98.008668,17497.000484,98.346612,17605.50246
24,1.25,2.25,12499,250,9,17667,0.0841200316730169,266.350415646575,98.3409,17564.646452,98.346612,17605.50246
24,1.5,2.25,12499,250,9,17667,0.0871253998210484,283.407012651952,98.471024,17612.649704,98.346612,17605.50246
24,1.75,2.25,12499,250,9,17667,0.0837285731944201,261.649987926076,98.14234,17513.08234,98.346612,17605.50246
24,2,2.25,12499,250,9,17667,0.0831813124335928,256.673115229693,98.317068,17597.567372,98.346612,17605.50246
24,0.5,2.5,12499,250,9,17667,0.103697663213283,481.391393086055,98.54132,17641.653944,98.346612,17605.50246
24,0.75,2.5,12499,250,9,17667,0.0891264260898208,340.353453756601,98.246236,17548.57714,98.346612,17605.50246
24,1,2.5,12499,250,9,17667,0.0902141787555003,268.983188462975,98.462336,17650.182944,98.346612,17605.50246
24,1.25,2.5,12499,250,9,17667,0.0839183018468346,272.204922646795,98.333548,17599.666812,98.346612,17605.50246
24,1.5,2.5,12499,250,9,17667,0.0874292815907972,307.843066508343,98.403556,17610.047172,98.346612,17605.50246
24,1.75,2.5,12499,250,9,17667,0.083587130648069,261.962588919749,98.23442,17594.46902,98.346612,17605.50246
24,2,2.5,12499,250,9,17667,0.0829130648776395,257.0245313795,98.386764,17595.033572,98.346612,17605.50246
25,0.5,0.5,499,1250,9,38422,0.485281353427158,46.4865706960686,154.7772536,34805.9404248001,141.340708,31326.3047784
25,0.75,0.5,499,1250,9,38422,0.523002333274802,49.5204986045396,155.1755552,34838.5342128,141.340708,31326.3047784
25,1,0.5,499,1250,9,38422,0.508571867666815,49.3138905790583,156.0127144,35247.4881944,141.340708,31326.3047784
25,1.25,0.5,499,1250,9,38422,0.509577993566375,50.870472265794,157.0204232,35720.4288664,141.340708,31326.3047784
25,1.5,0.5,499,1250,9,38422,0.505621322645534,51.5348196654697,157.9148696,36126.3727544001,141.340708,31326.3047784
25,1.75,0.5,499,1250,9,38422,0.50051851088198,52.5903733895024,158.67646,36479.9942152,141.340708,31326.3047784
25,2,0.5,499,1250,9,38422,0.49847835200828,52.638001257093,158.570608,36476.4491311999,141.340708,31326.3047784
25,0.5,0.75,499,1250,9,38422,0.485229898353314,46.4829874531701,154.5865664,34754.6513391999,141.340708,31326.3047784
25,0.75,0.75,499,1250,9,38422,0.522973462718822,49.5187505858016,155.276532,34879.6102455999,141.340708,31326.3047784
25,1,0.75,499,1250,9,38422,0.508559575449381,49.3122680235428,155.9674768,35251.2932128,141.340708,31326.3047784
25,1.25,0.75,499,1250,9,38422,0.509558756765722,50.8696101313408,156.766936,35612.2721776,141.340708,31326.3047784
25,1.5,0.75,499,1250,9,38422,0.505606123826733,51.5343104958367,157.8417608,36077.2869736,141.340708,31326.3047784
25,1.75,0.75,499,1250,9,38422,0.50050524047389,52.5901181448165,158.7255144,36503.6517720001,141.340708,31326.3047784
25,2,0.75,499,1250,9,38422,0.498465802409302,52.6377075537325,158.5414544,36428.2065216,141.340708,31326.3047784
25,0.5,1,499,1250,9,38422,0.485204231337807,46.4811832093387,154.6443232,34753.8546528001,141.340708,31326.3047784
25,0.75,1,499,1250,9,38422,0.522959239323994,49.5179451833214,155.1700136,34842.1314872,141.340708,31326.3047784
25,1,1,499,1250,9,38422,0.508549096422412,49.3118331438709,156.0172784,35270.3444688001,141.340708,31326.3047784
25,1.25,1,499,1250,9,38422,0.509549025567133,50.86918958767,156.7853136,35614.7272768,141.340708,31326.3047784
25,1.5,1,499,1250,9,38422,0.50559875616113,51.5341027643473,157.9694768,36145.9870832001,141.340708,31326.3047784
25,1.75,1,499,1250,9,38422,0.500498368817594,52.5899493039536,158.8069768,36536.1327096,141.340708,31326.3047784
25,2,1,499,1250,9,38422,0.498459283320446,52.6375836102902,158.7209928,36504.6109224001,141.340708,31326.3047784
25,0.5,1.25,499,1250,9,38422,0.485188269713067,46.4800724509973,154.8362488,34824.0404088001,141.340708,31326.3047784
25,0.75,1.25,499,1250,9,38422,0.522950255888303,49.5173991174784,155.11056,34815.0065712,141.340708,31326.3047784
25,1,1.25,499,1250,9,38422,0.508541938488106,49.3114269584439,156.0210024,35249.2367496,141.340708,31326.3047784
25,1.25,1.25,499,1250,9,38422,0.509542955057435,50.868920912516,156.7799192,35620.7672744,141.340708,31326.3047784
25,1.5,1.25,499,1250,9,38422,0.505593526937669,51.5339291995035,157.9003824,36128.2304624,141.340708,31326.3047784
25,1.75,1.25,499,1250,9,38422,0.500494146395672,52.589864569239,158.5718344,36456.56454,141.340708,31326.3047784
25,2,1.25,499,1250,9,38422,0.498455455724726,52.6374861642448,158.582048,36448.8553344,141.340708,31326.3047784
25,0.5,1.5,499,1250,9,38422,0.485178028207915,46.4793633045469,154.5945512,34764.9407304,141.340708,31326.3047784
25,0.75,1.5,499,1250,9,38422,0.522944317739187,49.5170264760641,155.0362168,34807.6631447999,141.340708,31326.3047784
25,1,1.5,499,1250,9,38422,0.50853802835938,49.3112699108132,155.9513608,35227.9346136001,141.340708,31326.3047784
25,1.25,1.5,499,1250,9,38422,0.509539322952145,50.868751651401,156.8733104,35664.6050576,141.340708,31326.3047784
25,1.5,1.5,499,1250,9,38422,0.50559097812788,51.5338400365937,157.9710536,36141.9339512,141.340708,31326.3047784
25,1.75,1.5,499,1250,9,38422,0.500492031254785,52.5898352326034,158.7543696,36498.5874384001,141.340708,31326.3047784
25,2,1.5,499,1250,9,38422,0.498453097357671,52.6374364594644,158.6809008,36483.7773424,141.340708,31326.3047784
25,0.5,1.75,499,1250,9,38422,0.485170251336999,46.4788247630735,154.7765608,34818.8045623999,141.340708,31326.3047784
25,0.75,1.75,499,1250,9,38422,0.522940239102921,49.5167784116097,155.120776,34822.2889536,141.340708,31326.3047784
25,1,1.75,499,1250,9,38422,0.508534986488867,49.3111374265827,156.0608848,35287.1785072,141.340708,31326.3047784
25,1.25,1.75,499,1250,9,38422,0.509536362774264,50.8685965296254,156.7345304,35612.2166824,141.340708,31326.3047784
25,1.5,1.75,499,1250,9,38422,0.505589370870662,51.5338086037438,157.935416,36134.7361935999,141.340708,31326.3047784
25,1.75,1.75,499,1250,9,38422,0.500489988393261,52.589794665669,158.7555656,36504.6193688,141.340708,31326.3047784
25,2,1.75,499,1250,9,38422,0.49845082042859,52.6373519301901,158.6591328,36486.9087728001,141.340708,31326.3047784
25,0.5,2,499,1250,9,38422,0.485165101961716,46.4784554451603,154.6880056,34770.8326360001,141.340708,31326.3047784
25,0.75,2,499,1250,9,38422,0.522936814789885,49.5165564420354,155.1578008,34831.8024472,141.340708,31326.3047784
25,1,2,499,1250,9,38422,0.50853278772358,49.3110495096734,156.1899368,35323.9349143999,141.340708,31326.3047784
25,1.25,2,499,1250,9,38422,0.509534361711297,50.868545110593,156.7393736,35600.848052,141.340708,31326.3047784
25,1.5,2,499,1250,9,38422,0.50558742732414,51.5337414867346,157.739484,36042.0575688,141.340708,31326.3047784
25,1.75,2,499,1250,9,38422,0.50048855924239,52.5897451161503,158.7017872,36509.2261536,141.340708,31326.3047784
25,2,2,499,1250,9,38422,0.498449549591643,52.6373468588003,158.6122792,36477.3265048,141.340708,31326.3047784
25,0.5,2.25,499,1250,9,38422,0.485160623564329,46.4781188984366,154.8344864,34832.1804783999,141.340708,31326.3047784
25,0.75,2.25,499,1250,9,38422,0.522934163620106,49.516387305634,155.1138664,34813.7855048,141.340708,31326.3047784
25,1,2.25,499,1250,9,38422,0.508530988051843,49.3109645017575,155.9496416,35226.825192,141.340708,31326.3047784
25,1.25,2.25,499,1250,9,38422,0.50953259089419,50.8684596195426,156.8698864,35669.0879424,141.340708,31326.3047784
25,1.5,2.25,499,1250,9,38422,0.505586412404451,51.5337181890492,157.9343776,36131.796384,141.340708,31326.3047784
25,1.75,2.25,499,1250,9,38422,0.500487434950506,52.589725975958,158.784212,36518.7959352,141.340708,31326.3047784
25,2,2.25,499,1250,9,38422,0.498448703857977,52.6373584730622,158.5935088,36460.921024,141.340708,31326.3047784
25,0.5,2.5,499,1250,9,38422,0.485157908045981,46.4779358483269,154.7604656,34813.3264271999,141.340708,31326.3047784
25,0.75,2.5,499,1250,9,38422,0.522932149042047,49.516275046863,155.2009344,34862.3753648,141.340708,31326.3047784
25,1,2.5,499,1250,9,38422,0.508529838261366,49.3109161895736,156.1154904,35277.5896568,141.340708,31326.3047784
25,1.25,2.5,499,1250,9,38422,0.509531638933362,50.8684299510615,156.813728,35637.747544,141.340708,31326.3047784
25,1.5,2.5,499,1250,9,38422,0.505585237966666,51.5336809720713,157.9906336,36152.243816,141.340708,31326.3047784
25,1.75,2.5,499,1250,9,38422,0.500486665996382,52.5897303027481,158.7202624,36510.2799791999,141.340708,31326.3047784
25,2,2.5,499,1250,9,38422,0.498447669122217,52.6373262245665,158.558276,36446.068196,141.340708,31326.3047784
26,0.5,0.5,2499,1250,9,2760,0.0829448086589211,39.6969680087007,58.8869368,6105.33400240001,59.2067752,6186.09182960001
26,0.75,0.5,2499,1250,9,2760,0.0834304496832727,28.1743785496388,59.0695496,6118.09399599999,59.2067752,6186.09182960001
26,1,0.5,2499,1250,9,2760,0.0656723739405023,37.1188549837817,58.8533992,6097.81669199999,59.2067752,6186.09182960001
26,1.25,0.5,2499,1250,9,2760,0.0591798628374315,36.6328244272548,59.0246472,6148.20557199999,59.2067752,6186.09182960001
26,1.5,0.5,2499,1250,9,2760,0.0585742897868412,14.6319740442764,59.063252,6157.75642319999,59.2067752,6186.09182960001
26,1.75,0.5,2499,1250,9,2760,0.059275598458891,22.8083795778039,59.078256,6170.15767680001,59.2067752,6186.09182960001
26,2,0.5,2499,1250,9,2760,0.0578563303293487,22.351964398728,59.0738424,6176.82652400001,59.2067752,6186.09182960001
26,0.5,0.75,2499,1250,9,2760,0.0852678838258357,28.7323912880967,58.9036232,6098.31579599999,59.2067752,6186.09182960001
26,0.75,0.75,2499,1250,9,2760,0.0718841914695023,24.778179631715,59.0636192,6130.96510080001,59.2067752,6186.09182960001
26,1,0.75,2499,1250,9,2760,0.0665338060015887,37.7738669483746,58.8868176,6101.14199040001,59.2067752,6186.09182960001
26,1.25,0.75,2499,1250,9,2760,0.0588576666761763,36.1635458155153,59.0244808,6149.42312560001,59.2067752,6186.09182960001
26,1.5,0.75,2499,1250,9,2760,0.0570204676919233,14.8091020807511,59.0243272,6158.65649039999,59.2067752,6186.09182960001
26,1.75,0.75,2499,1250,9,2760,0.0579523062424917,22.7403646470798,59.0486384,6165.33795839999,59.2067752,6186.09182960001
26,2,0.75,2499,1250,9,2760,0.0568325407327407,23.0510434663884,59.1595064,6179.66569359999,59.2067752,6186.09182960001
26,0.5,1,2499,1250,9,2760,0.0857432508389197,27.3313971794806,58.9493936,6110.99356160001,59.2067752,6186.09182960001
26,0.75,1,2499,1250,9,2760,0.0715674860578938,23.1362795773279,59.1578944,6148.93261440001,59.2067752,6186.09182960001
26,1,1,2499,1250,9,2760,0.0673219504742657,38.0484749158922,58.9342496,6110.83637599999,59.2067752,6186.09182960001
26,1.25,1,2499,1250,9,2760,0.0591447521193434,36.7804986940839,58.9982736,6135.72367040001,59.2067752,6186.09182960001
26,1.5,1,2499,1250,9,2760,0.0563126345955382,14.7508332739802,58.9759864,6146.05904880002,59.2067752,6186.09182960001
26,1.75,1,2499,1250,9,2760,0.0573232995183955,22.6289776938441,59.119444,6179.09005999999,59.2067752,6186.09182960001
26,2,1,2499,1250,9,2760,0.0561968126109179,22.891153212644,59.0461688,6159.98061200001,59.2067752,6186.09182960001
26,0.5,1.25,2499,1250,9,2760,0.193197562211102,141.324967848725,59.0290192,6109.36798399999,59.2067752,6186.09182960001
26,0.75,1.25,2499,1250,9,2760,0.0706054249150483,22.5313066265537,59.0973768,6147.46713999999,59.2067752,6186.09182960001
26,1,1.25,2499,1250,9,2760,0.0679323031353258,38.359057847756,58.868536,6089.75569280001,59.2067752,6186.09182960001
26,1.25,1.25,2499,1250,9,2760,0.059249103058796,36.8732182142869,58.997028,6135.70362479999,59.2067752,6186.09182960001
26,1.5,1.25,2499,1250,9,2760,0.0563713147977431,14.7305247136765,59.0749272,6165.00783759999,59.2067752,6186.09182960001
26,1.75,1.25,2499,1250,9,2760,0.0568814466872547,22.0925899113284,59.061744,6157.35285599999,59.2067752,6186.09182960001
26,2,1.25,2499,1250,9,2760,0.0559296721337987,23.0696172563817,59.0881424,6165.45071520001,59.2067752,6186.09182960001
26,0.5,1.5,2499,1250,9,2760,0.0930146242722228,48.2596689001189,58.986132,6117.35461359999,59.2067752,6186.09182960001
26,0.75,1.5,2499,1250,9,2760,0.0703064211648864,22.3316717304672,59.1569672,6158.68506800001,59.2067752,6186.09182960001
26,1,1.5,2499,1250,9,2760,0.0683773661712288,38.6270708859526,58.9924168,6117.99578959999,59.2067752,6186.09182960001
26,1.25,1.5,2499,1250,9,2760,0.0593939014626244,36.9404096516837,59.0214568,6142.99424880001,59.2067752,6186.09182960001
26,1.5,1.5,2499,1250,9,2760,0.0562880406748442,14.7952665796748,59.0005688,6153.39223440001,59.2067752,6186.09182960001
26,1.75,1.5,2499,1250,9,2760,0.0571657207335214,22.7097968290536,59.06542,6158.71614000001,59.2067752,6186.09182960001
26,2,1.5,2499,1250,9,2760,0.0557160727188434,22.9808705976095,59.1092008,6164.24594640001,59.2067752,6186.09182960001
26,0.5,1.75,2499,1250,9,2760,0.0876278096812554,31.4036105138709,58.9895936,6120.14917760001,59.2067752,6186.09182960001
26,0.75,1.75,2499,1250,9,2760,0.06931653768482,20.4327049984236,59.14038,6152.37460880001,59.2067752,6186.09182960001
26,1,1.75,2499,1250,9,2760,0.0687152768897318,38.8166688998363,58.8786016,6097.62630079999,59.2067752,6186.09182960001
26,1.25,1.75,2499,1250,9,2760,0.0594818913771522,36.9909804699046,59.0521984,6155.2281296,59.2067752,6186.09182960001
26,1.5,1.75,2499,1250,9,2760,0.0561069603079744,14.7661764998906,59.0229104,6151.8209168,59.2067752,6186.09182960001
26,1.75,1.75,2499,1250,9,2760,0.0570273517336259,22.4897062804742,59.077996,6167.74779919999,59.2067752,6186.09182960001
26,2,1.75,2499,1250,9,2760,0.0555456517807321,23.1480664003765,59.0941288,6168.30539439998,59.2067752,6186.09182960001
26,0.5,2,2499,1250,9,2760,0.0885669472509235,30.0133732761766,58.9854224,6119.94219679999,59.2067752,6186.09182960001
26,0.75,2,2499,1250,9,2760,0.0691798290355631,20.2769521930879,59.1268792,6148.3077304,59.2067752,6186.09182960001
26,1,2,2499,1250,9,2760,0.0686648733394015,39.8521958478351,58.9327816,6112.88712719999,59.2067752,6186.09182960001
26,1.25,2,2499,1250,9,2760,0.059556619051836,37.0200697372451,59.1261008,6155.63020480001,59.2067752,6186.09182960001
26,1.5,2,2499,1250,9,2760,0.0559861043689463,14.7083519757742,59.0530296,6153.71809840001,59.2067752,6186.09182960001
26,1.75,2,2499,1250,9,2760,0.0569415367803151,22.4971360587481,59.0445072,6159.849568,59.2067752,6186.09182960001
26,2,2,2499,1250,9,2760,0.0554362705630673,23.0939503398266,59.1362376,6175.9516568,59.2067752,6186.09182960001
26,0.5,2.25,2499,1250,9,2760,0.0889248846494085,30.044809048874,58.9639096,6112.63721360001,59.2067752,6186.09182960001
26,0.75,2.25,2499,1250,9,2760,0.0691554099937421,20.1777421061035,59.14736,6149.57498880001,59.2067752,6186.09182960001
26,1,2.25,2499,1250,9,2760,0.0689506479251007,39.943190272766,58.9401528,6113.5589144,59.2067752,6186.09182960001
26,1.25,2.25,2499,1250,9,2760,0.0596104364208949,37.0353729601588,59.0277968,6144.74031360001,59.2067752,6186.09182960001
26,1.5,2.25,2499,1250,9,2760,0.0558621506793954,14.7417362523032,59.000316,6149.95177519999,59.2067752,6186.09182960001
26,1.75,2.25,2499,1250,9,2760,0.0568734495407267,22.5194181253055,59.0272512,6145.78932640002,59.2067752,6186.09182960001
26,2,2.25,2499,1250,9,2760,0.0553548810897828,23.054998254236,59.0942776,6169.16529200001,59.2067752,6186.09182960001
26,0.5,2.5,2499,1250,9,2760,0.0892357638690269,30.0797714277092,59.0181296,6118.65865119999,59.2067752,6186.09182960001
26,0.75,2.5,2499,1250,9,2760,0.069120186481396,20.0833875196457,59.12998,6150.80266319999,59.2067752,6186.09182960001
26,1,2.5,2499,1250,9,2760,0.0690973989070145,40.0268960306542,59.0527144,6120.80941040001,59.2067752,6186.09182960001
26,1.25,2.5,2499,1250,9,2760,0.0596526621111593,37.0518774195111,58.9794752,6138.15766080001,59.2067752,6186.09182960001
26,1.5,2.5,2499,1250,9,2760,0.0557835146633574,14.7272443422616,59.0673272,6159.74218159999,59.2067752,6186.09182960001
26,1.75,2.5,2499,1250,9,2760,0.0568204313887393,22.539207432272,59.075216,6157.52325920001,59.2067752,6186.09182960001
26,2,2.5,2499,1250,9,2760,0.0552540211056493,23.0691036031325,59.0328752,6155.77079519999,59.2067752,6186.09182960001
27,0.5,0.5,12499,1250,9,10135,0.0823255691362265,393.029150695512,86.9513552,13925.0136624,86.9889544,13935.7613432
27,0.75,0.5,12499,1250,9,10135,0.040658199405721,73.0261887405478,86.905376,13909.1146272,86.9889544,13935.7613432
27,1,0.5,12499,1250,9,10135,0.0416531266410975,114.169562737832,86.936304,13918.4789312,86.9889544,13935.7613432
27,1.25,0.5,12499,1250,9,10135,0.0411369181551401,93.675604203308,87.0694872,13943.8229192,86.9889544,13935.7613432
27,1.5,0.5,12499,1250,9,10135,0.0371427698051487,132.199566315408,87.0333672,13957.4936568,86.9889544,13935.7613432
27,1.75,0.5,12499,1250,9,10135,0.0383634948606652,90.0401233499358,87.0349832,13940.2099688,86.9889544,13935.7613432
27,2,0.5,12499,1250,9,10135,0.036519874587826,66.3568315638663,87.0382056,13930.4091608,86.9889544,13935.7613432
27,0.5,0.75,12499,1250,9,10135,0.139391318544538,879.911457871471,87.0591688,13949.7284168,86.9889544,13935.7613432
27,0.75,0.75,12499,1250,9,10135,0.041149390787786,90.6628057086748,87.0470392,13933.1945896,86.9889544,13935.7613432
27,1,0.75,12499,1250,9,10135,0.0364636747828633,118.6929998246,87.003108,13934.0581448,86.9889544,13935.7613432
27,1.25,0.75,12499,1250,9,10135,0.0319129047649584,90.0830425283119,86.96842,13918.9731896,86.9889544,13935.7613432
27,1.5,0.75,12499,1250,9,10135,0.0352110771167939,80.7901935388578,87.0894704,13955.3935072,86.9889544,13935.7613432
27,1.75,0.75,12499,1250,9,10135,0.0383300615078288,109.480196443077,86.9883208,13934.309804,86.9889544,13935.7613432
27,2,0.75,12499,1250,9,10135,0.0350188456058063,63.1453517639151,87.0095408,13944.6155632,86.9889544,13935.7613432
27,0.5,1,12499,1250,9,10135,0.127992010131696,845.859798344423,87.0859512,13948.72026,86.9889544,13935.7613432
27,0.75,1,12499,1250,9,10135,0.0423862044597178,90.3226351910863,87.046052,13951.78162,86.9889544,13935.7613432
27,1,1,12499,1250,9,10135,0.0392782360761242,119.338170217779,86.8669784,13912.8052488,86.9889544,13935.7613432
27,1.25,1,12499,1250,9,10135,0.0312858777227595,73.4999728293624,87.028728,13950.2141424,86.9889544,13935.7613432
27,1.5,1,12499,1250,9,10135,0.0320318458468072,96.9039633107715,86.9410096,13904.827056,86.9889544,13935.7613432
27,1.75,1,12499,1250,9,10135,0.0373449046881787,109.859841098936,86.9615472,13918.814744,86.9889544,13935.7613432
27,2,1,12499,1250,9,10135,0.033082986435842,65.9837293090998,86.9602464,13913.1556624,86.9889544,13935.7613432
27,0.5,1.25,12499,1250,9,10135,0.0453392999374317,96.0300612599445,87.0007872,13933.6635408,86.9889544,13935.7613432
27,0.75,1.25,12499,1250,9,10135,0.0672375589371448,306.889471789659,86.918452,13897.0164952,86.9889544,13935.7613432
27,1,1.25,12499,1250,9,10135,0.0329232620363683,123.209079587409,86.8971864,13901.1192408,86.9889544,13935.7613432
27,1.25,1.25,12499,1250,9,10135,0.0305771145114442,86.9711974274082,86.982468,13918.870324,86.9889544,13935.7613432
27,1.5,1.25,12499,1250,9,10135,0.0340343401356729,111.783225930348,86.974748,13929.7150696,86.9889544,13935.7613432
27,1.75,1.25,12499,1250,9,10135,0.0361506593129448,109.641721969013,86.9593872,13924.4095232,86.9889544,13935.7613432
27,2,1.25,12499,1250,9,10135,0.0321162282722395,66.6061611625006,87.003888,13931.71224,86.9889544,13935.7613432
27,0.5,1.5,12499,1250,9,10135,0.169492554538839,980.776020039638,87.1023208,13955.3615016,86.9889544,13935.7613432
27,0.75,1.5,12499,1250,9,10135,0.034754754492266,88.7459547067372,86.910612,13904.0433368,86.9889544,13935.7613432
27,1,1.5,12499,1250,9,10135,0.0335999929921709,109.876079050974,86.9470952,13935.64534,86.9889544,13935.7613432
27,1.25,1.5,12499,1250,9,10135,0.0335994343217287,115.121737361707,86.9201088,13912.949688,86.9889544,13935.7613432
27,1.5,1.5,12499,1250,9,10135,0.0309794414510817,97.2587090305161,87.0288952,13947.7016104,86.9889544,13935.7613432
27,1.75,1.5,12499,1250,9,10135,0.0331334009565978,94.208608082293,86.9956472,13928.4603608,86.9889544,13935.7613432
27,2,1.5,12499,1250,9,10135,0.0294345523642725,72.3948204498241,86.98628,13941.6304752,86.9889544,13935.7613432
27,0.5,1.75,12499,1250,9,10135,0.0443353845779209,99.701387821969,87.0443352,13941.8533432,86.9889544,13935.7613432
27,0.75,1.75,12499,1250,9,10135,0.0454047372806682,124.467826167819,86.9363392,13903.2597456,86.9889544,13935.7613432
27,1,1.75,12499,1250,9,10135,0.0304764180198043,96.9330640175134,87.0325216,13942.62124,86.9889544,13935.7613432
27,1.25,1.75,12499,1250,9,10135,0.0316078203892418,89.8115156600194,86.9541944,13929.4285928,86.9889544,13935.7613432
27,1.5,1.75,12499,1250,9,10135,0.0337720215820612,125.210871738255,86.9572144,13923.3806736,86.9889544,13935.7613432
27,1.75,1.75,12499,1250,9,10135,0.0336276697033933,99.4273539500865,86.9344736,13918.730808,86.9889544,13935.7613432
27,2,1.75,12499,1250,9,10135,0.0300015840977542,65.2140713635488,87.0074264,13934.770772,86.9889544,13935.7613432
27,0.5,2,12499,1250,9,10135,0.151323567510326,983.840242248161,87.0918096,13972.246872,86.9889544,13935.7613432
27,0.75,2,12499,1250,9,10135,0.0639996605490798,284.232347026852,86.8949736,13896.8788968,86.9889544,13935.7613432
27,1,2,12499,1250,9,10135,0.0350562256428966,121.135248269464,86.9949488,13946.2478704,86.9889544,13935.7613432
27,1.25,2,12499,1250,9,10135,0.0295236898196444,81.4248663839703,87.029792,13936.4168352,86.9889544,13935.7613432
27,1.5,2,12499,1250,9,10135,0.0330242171508619,117.150839795199,86.9287224,13918.6131864,86.9889544,13935.7613432
27,1.75,2,12499,1250,9,10135,0.0333707181700933,103.672720755356,86.9947464,13922.2717112,86.9889544,13935.7613432
27,2,2,12499,1250,9,10135,0.0290287580268881,76.2279556314313,87.0091624,13935.6426536,86.9889544,13935.7613432
27,0.5,2.25,12499,1250,9,10135,0.0424738379794674,111.103216181876,86.9333664,13917.8225888,86.9889544,13935.7613432
27,0.75,2.25,12499,1250,9,10135,0.0467687947784723,134.23511502969,86.9963864,13936.1187816,86.9889544,13935.7613432
27,1,2.25,12499,1250,9,10135,0.0372578262959014,105.130831342753,87.0382568,13940.8024136,86.9889544,13935.7613432
27,1.25,2.25,12499,1250,9,10135,0.0346723907449845,97.2930970471926,87.0371224,13950.81054,86.9889544,13935.7613432
27,1.5,2.25,12499,1250,9,10135,0.0337060319612356,124.782964368563,86.9857656,13940.0155592,86.9889544,13935.7613432
27,1.75,2.25,12499,1250,9,10135,0.0339119058407869,106.043342122376,87.078912,13954.476288,86.9889544,13935.7613432
27,2,2.25,12499,1250,9,10135,0.0298816150242484,71.9963243960172,86.9681352,13933.2047304,86.9889544,13935.7613432
27,0.5,2.5,12499,1250,9,10135,0.0525909078905742,140.9369215518,87.0134664,13934.862612,86.9889544,13935.7613432
27,0.75,2.5,12499,1250,9,10135,0.0416640394034931,162.671672402834,86.9182016,13907.6599312,86.9889544,13935.7613432
27,1,2.5,12499,1250,9,10135,0.0383918162977969,134.77100910276,87.041308,13944.2550568,86.9889544,13935.7613432
27,1.25,2.5,12499,1250,9,10135,0.0325722967765709,93.0983027182087,87.070472,13963.3741792,86.9889544,13935.7613432
27,1.5,2.5,12499,1250,9,10135,0.0343079968253237,117.81294038673,86.9582232,13914.0745688,86.9889544,13935.7613432
27,1.75,2.5,12499,1250,9,10135,0.0332847606706911,108.353957120478,87.025048,13940.2120672,86.9889544,13935.7613432
27,2,2.5,12499,1250,9,10135,0.0294748881624622,69.0746424149769,86.9231128,13909.9530104,86.9889544,13935.7613432
